latency_ms,ok,allowed
3.5302,true,false
3.3026,true,true
2.1152,true,true
2.9408,true,true
4.2926,true,false
3.6947,true,true
4.5736,true,true
2.4848,true,true
2.4344,true,true
5.8219,true,true
5.1551,true,false
6.4462,true,true
2.8156,true,true
3.8342,true,true
4.8622,true,true
3.9994,true,true
3.9560,true,true
5.9257,true,true
2.5845,true,true
2.8283,true,true
2.9329,true,true
7.5528,true,false
3.7611,true,true
3.9896,true,true
3.3776,true,false
3.1242,true,true
3.6721,true,true
2.8896,true,true
4.8879,true,true
3.5053,true,true
2.4538,true,true
2.6793,true,true
2.6598,true,true
3.9347,true,true
3.1815,true,true
3.2035,true,true
8.1026,true,false
3.8535,true,true
2.7021,true,true
6.3003,true,true
3.1636,true,false
2.2313,true,true
2.8062,true,false
9.0390,true,true
4.4315,true,true
2.7934,true,true
9.0447,true,false
2.8276,true,true
6.5129,true,false
3.8982,true,true
17.1865,true,true
2.6833,true,true
4.1692,true,true
5.4684,true,true
3.9555,true,true
2.7598,true,true
3.2085,true,true
2.4131,true,true
3.5998,true,false
5.9775,true,false
8.9897,true,true
6.8431,true,true
5.8965,true,true
2.6871,true,true
4.0793,true,true
3.5855,true,false
4.3329,true,true
3.5375,true,true
9.8545,true,true
4.3204,true,true
5.3013,true,true
2.0784,true,true
3.6126,true,true
2.3904,true,true
8.2211,true,true
6.8065,true,true
2.9697,true,true
5.0518,true,false
3.7325,true,true
2.7956,true,true
4.1099,true,true
4.5479,true,true
4.1735,true,false
8.0179,true,true
3.2830,true,true
24.0192,true,true
1.7878,true,true
3.1928,true,true
6.4598,true,false
3.7686,true,false
2.8523,true,true
6.7043,true,true
4.0405,true,true
4.0962,true,true
7.1373,true,true
3.0357,true,true
6.5469,true,false
4.0363,true,true
8.6037,true,true
3.2392,true,true
2.3780,true,true
3.6358,true,true
2.4861,true,true
3.4211,true,false
4.8553,true,false
3.8955,true,true
4.3205,true,true
2.1211,true,true
6.6870,true,true
4.6137,true,false
2.4672,true,true
4.0410,true,false
4.5470,true,true
3.7998,true,true
7.9950,true,true
2.7560,true,true
3.8045,true,true
8.1138,true,true
7.1986,true,false
4.6765,true,true
5.6197,true,true
2.4332,true,true
4.8454,true,true
3.2427,true,true
2.2016,true,true
2.3058,true,true
4.2990,true,true
7.6989,true,true
3.0094,true,true
3.0065,true,true
5.2495,true,false
2.0233,true,true
3.8122,true,true
3.1261,true,true
4.2105,true,true
2.3018,true,true
3.0124,true,true
3.8769,true,true
3.0466,true,true
3.2099,true,true
2.8363,true,true
9.7433,true,true
3.5638,true,true
2.5294,true,true
3.1081,true,true
2.9014,true,true
3.8524,true,true
7.4878,true,false
2.7895,true,true
2.6767,true,true
2.5980,true,true
5.9490,true,true
4.8852,true,true
4.2922,true,true
5.4002,true,false
7.2161,true,true
2.3467,true,true
2.4872,true,true
2.3785,true,true
2.4226,true,true
5.8758,true,true
3.7045,true,false
11.0093,true,false
4.7465,true,false
2.8395,true,true
3.0746,true,true
5.6701,true,true
5.5373,true,true
4.1742,true,true
3.3009,true,true
13.1209,true,true
2.1578,true,true
4.9641,true,true
3.8407,true,true
3.4392,true,true
3.1788,true,true
6.8475,true,false
7.3444,true,false
4.3243,true,true
7.7960,true,true
3.2022,true,true
5.5015,true,true
3.1139,true,true
3.2830,true,true
2.8758,true,true
9.0126,true,false
5.0026,true,true
2.8574,true,true
5.1363,true,true
6.4022,true,true
1.9558,true,true
5.5777,true,false
2.4869,true,true
3.4213,true,true
7.3786,true,true
6.2370,true,true
4.5072,true,false
3.5273,true,false
2.6441,true,true
6.1373,true,true
9.5096,true,true
5.0652,true,true
6.6421,true,true
4.2509,true,true
2.3546,true,true
2.3388,true,true
16.3022,true,true
10.0504,true,false
5.4504,true,true
5.6557,true,true
2.3277,true,true
2.5101,true,true
3.7152,true,false
13.7034,true,true
3.9632,true,true
3.3481,true,true
5.7237,true,true
4.1897,true,true
3.5295,true,true
2.3569,true,true
2.5392,true,true
2.5236,true,true
3.4569,true,false
8.1497,true,true
4.1929,true,true
4.3540,true,true
6.1574,true,true
3.0480,true,true
3.2299,true,true
3.6322,true,true
2.4963,true,true
4.2125,true,false
2.3291,true,true
7.4448,true,true
4.8734,true,true
6.9513,true,true
4.5076,true,true
4.7374,true,true
4.6025,true,true
2.7737,true,true
2.9270,true,true
3.1564,true,true
5.6922,true,false
2.6216,true,true
5.4361,true,true
2.0963,true,true
3.0246,true,true
3.0442,true,true
5.2701,true,true
2.1232,true,true
2.3153,true,true
5.9599,true,true
3.6872,true,true
8.0347,true,true
6.4433,true,true
3.5967,true,false
5.3988,true,true
2.8468,true,true
3.9052,true,true
10.6328,true,true
3.6877,true,true
2.7253,true,true
3.0590,true,true
2.9368,true,true
3.0765,true,true
6.5075,true,false
2.3589,true,true
8.8655,true,true
5.8970,true,false
2.8089,true,true
2.9279,true,true
4.7527,true,true
6.6952,true,true
5.3493,true,true
3.4445,true,false
2.4174,true,true
7.1247,true,true
6.5117,true,true
3.8126,true,true
4.1552,true,false
3.9259,true,true
5.6042,true,true
2.5403,true,true
2.4656,true,true
2.6143,true,true
3.4990,true,true
15.4068,true,true
6.5373,true,true
1.9904,true,true
2.9099,true,true
7.1329,true,true
2.8660,true,true
3.4683,true,true
10.8329,true,true
3.5296,true,false
3.8158,true,false
2.6755,true,true
2.7225,true,true
2.8578,true,true
2.6836,true,true
2.6649,true,true
4.2908,true,false
3.4149,true,true
5.0564,true,true
9.8536,true,true
3.8339,true,true
6.9337,true,true
4.1452,true,true
7.2074,true,true
5.9289,true,true
4.6264,true,false
3.0780,true,true
9.6909,true,false
6.7302,true,true
2.0581,true,true
4.7145,true,true
5.9520,true,false
2.5608,true,true
3.5155,true,true
3.1412,true,true
4.0243,true,true
6.1108,true,true
6.2929,true,true
4.3391,true,false
5.0966,true,true
3.0120,true,true
3.9663,true,true
2.8621,true,true
5.3980,true,true
2.8406,true,false
10.0683,true,true
3.0253,true,true
2.9854,true,true
3.5813,true,true
2.4632,true,true
2.9622,true,true
4.2688,true,true
4.5803,true,false
4.7936,true,true
3.5509,true,true
6.2641,true,false
2.1537,true,true
5.9230,true,true
2.8469,true,true
3.0264,true,true
2.7559,true,true
4.0527,true,true
10.4459,true,false
11.3029,true,true
6.2443,true,true
5.2676,true,true
3.4211,true,true
12.2789,true,true
7.3782,true,true
5.8468,true,true
4.2440,true,true
5.9966,true,true
2.9326,true,true
3.1673,true,true
7.3242,true,true
3.6483,true,true
3.1020,true,true
2.4773,true,false
3.2494,true,true
4.4983,true,true
2.5292,true,true
4.1549,true,true
6.5661,true,true
4.6011,true,true
3.5238,true,true
5.8100,true,true
2.8025,true,true
6.8186,true,true
6.6547,true,true
7.8315,true,false
3.5938,true,true
5.6876,true,true
3.7702,true,false
3.7646,true,true
2.9415,true,true
4.7171,true,false
3.6936,true,true
6.8610,true,true
3.5978,true,false
3.4278,true,true
2.6788,true,true
2.5662,true,true
2.6267,true,true
3.0611,true,false
3.2901,true,true
4.5165,true,false
2.7130,true,true
2.8209,true,true
6.0451,true,false
13.2617,true,true
3.1582,true,true
2.1121,true,true
7.4430,true,true
7.8035,true,true
2.0133,true,true
4.4025,true,true
4.5659,true,true
5.2857,true,false
2.2876,true,true
5.5426,true,true
2.4137,true,true
4.8383,true,false
3.5178,true,true
2.6813,true,true
2.7662,true,true
5.8443,true,true
7.3304,true,true
5.3527,true,false
12.2718,true,true
3.2915,true,false
2.4664,true,true
2.6898,true,true
3.5859,true,true
2.4600,true,true
6.6555,true,true
6.8711,true,true
15.9639,true,true
6.2006,true,true
4.0408,true,true
11.1541,true,true
5.4796,true,true
5.6351,true,false
3.3483,true,true
3.7152,true,true
4.0793,true,false
6.2847,true,true
2.1616,true,true
4.9515,true,true
2.8104,true,true
2.6194,true,true
2.2938,true,true
2.1922,true,true
3.8408,true,false
5.4645,true,true
4.7994,true,true
2.7388,true,true
4.9068,true,true
2.8106,true,true
2.8407,true,true
7.0811,true,false
2.7236,true,true
4.2686,true,true
2.1219,true,true
11.5608,true,true
2.2250,true,true
2.1430,true,true
5.4005,true,true
3.4652,true,true
5.9702,true,false
6.4883,true,true
2.8066,true,false
3.0032,true,true
3.6216,true,false
6.0643,true,true
2.8774,true,true
4.8720,true,true
4.4251,true,true
2.3908,true,true
8.7132,true,true
3.2513,true,false
16.3261,true,true
5.8575,true,true
2.8360,true,true
3.4559,true,true
5.7055,true,true
3.2091,true,true
2.0876,true,true
3.6447,true,true
6.5959,true,true
4.3339,true,true
2.2559,true,true
4.9034,true,false
4.1605,true,true
6.2332,true,true
6.1459,true,true
2.9065,true,true
4.6893,true,false
4.9493,true,true
7.5310,true,true
2.6450,true,true
7.1483,true,true
3.9774,true,true
3.4627,true,false
3.0455,true,false
5.7410,true,true
2.3926,true,true
3.0378,true,true
3.0324,true,true
3.0778,true,true
3.1410,true,true
6.2285,true,true
2.9780,true,true
4.0093,true,true
17.0808,true,true
6.4242,true,true
2.3728,true,true
3.8817,true,true
6.0994,true,true
2.9450,true,true
3.7892,true,true
7.6050,true,true
3.8767,true,true
3.6470,true,true
2.6319,true,true
4.0726,true,false
12.7287,true,true
7.4051,true,true
2.3085,true,true
8.6427,true,false
6.5199,true,true
3.6148,true,true
5.4187,true,true
3.3268,true,true
2.1371,true,true
2.8861,true,true
5.1034,true,true
3.1832,true,true
2.2072,true,true
4.4312,true,false
5.7305,true,true
6.4381,true,true
2.4186,true,true
3.6161,true,true
6.6131,true,false
2.3026,true,true
4.8328,true,true
3.3790,true,true
5.2047,true,false
4.0655,true,false
6.6043,true,true
4.8798,true,false
2.9202,true,true
2.8430,true,true
3.7027,true,true
3.2030,true,true
2.1977,true,true
2.4910,true,true
2.5452,true,true
3.1989,true,false
6.0731,true,false
3.0377,true,true
3.0762,true,true
2.2567,true,true
2.5439,true,true
4.3137,true,true
4.5581,true,false
4.8096,true,true
2.9951,true,true
6.0678,true,true
6.7924,true,true
5.0507,true,true
6.5865,true,true
2.3809,true,true
2.4000,true,true
2.3632,true,true
8.2311,true,true
2.6639,true,true
2.4726,true,true
4.7235,true,true
2.6335,true,true
5.2020,true,true
14.8168,true,true
3.4256,true,true
6.5233,true,false
6.3872,true,false
2.2929,true,true
4.1258,true,false
5.1048,true,true
3.0061,true,true
4.6932,true,false
5.7551,true,false
2.4406,true,true
4.9393,true,true
3.0638,true,true
3.4388,true,true
3.6887,true,true
4.7013,true,true
3.4976,true,true
5.6803,true,true
2.4559,true,true
4.3041,true,true
2.2144,true,true
2.3348,true,true
2.7253,true,true
3.7625,true,false
5.1732,true,true
3.3342,true,true
3.5189,true,false
3.1205,true,false
2.9991,true,true
3.3222,true,true
2.4168,true,true
7.7982,true,false
5.0607,true,false
3.7379,true,true
4.0778,true,true
7.4049,true,true
6.6224,true,true
3.9082,true,true
5.2681,true,true
6.2361,true,false
1.9831,true,true
7.3226,true,true
2.6677,true,true
2.6916,true,true
8.0057,true,true
6.5819,true,true
2.6786,true,true
2.7954,true,true
2.7714,true,true
8.8281,true,true
3.0382,true,true
2.9592,true,true
2.9759,true,true
2.7772,true,true
3.0879,true,true
7.1784,true,true
2.8542,true,true
2.5655,true,true
7.3806,true,true
9.7500,true,true
4.6202,true,true
2.5606,true,true
5.0961,true,true
9.8873,true,true
9.0391,true,true
3.4545,true,true
3.8925,true,true
5.1783,true,true
2.9939,true,true
3.3504,true,true
2.6158,true,true
2.5990,true,true
6.1911,true,true
2.6934,true,false
6.1853,true,true
3.5371,true,true
4.5641,true,false
2.6573,true,true
2.9156,true,true
3.0642,true,true
3.2680,true,true
2.3020,true,true
5.8634,true,true
2.6051,true,true
3.1147,true,true
2.6097,true,true
6.4882,true,true
2.1497,true,true
5.6354,true,true
2.4290,true,true
3.1890,true,true
2.4534,true,true
3.7966,true,true
3.0005,true,true
6.4771,true,true
2.1028,true,true
6.6906,true,true
2.9178,true,true
4.6675,true,false
2.7288,true,true
2.5702,true,true
4.5702,true,true
5.2282,true,true
4.8288,true,true
3.9486,true,true
2.9773,true,true
3.5149,true,true
2.5535,true,true
3.3210,true,true
3.9131,true,true
7.1354,true,true
2.7625,true,true
3.8082,true,true
2.7263,true,true
2.9549,true,true
5.7993,true,true
8.9654,true,true
6.5449,true,true
6.9059,true,true
5.6669,true,false
3.4567,true,false
2.7103,true,true
2.6592,true,true
5.2137,true,true
3.6879,true,true
2.6578,true,true
2.6203,true,true
3.4999,true,true
5.1110,true,true
7.0177,true,true
7.0729,true,true
3.4994,true,true
2.4012,true,true
4.7770,true,true
2.9758,true,true
6.6504,true,true
5.3404,true,true
5.1756,true,true
2.0546,true,true
4.2154,true,true
7.8208,true,true
3.0663,true,true
9.9221,true,true
22.4438,true,true
3.8899,true,false
3.5674,true,false
6.3126,true,true
5.8914,true,true
3.0331,true,true
4.0493,true,false
3.1052,true,true
5.1729,true,true
3.0839,true,true
8.5428,true,true
3.5136,true,true
2.6567,true,true
2.6712,true,true
6.6256,true,true
2.6615,true,true
2.8129,true,true
5.0369,true,false
5.3174,true,true
8.2762,true,true
2.6442,true,true
5.4923,true,false
2.0937,true,true
3.3708,true,true
3.7870,true,true
5.1320,true,true
3.2131,true,true
7.0491,true,true
14.0111,true,true
3.8436,true,true
4.3466,true,true
5.0921,true,false
2.8387,true,true
4.0123,true,true
2.8442,true,true
3.1028,true,true
3.2581,true,true
3.6295,true,true
6.3573,true,true
6.9152,true,true
2.6932,true,true
2.7147,true,true
5.8640,true,true
2.7556,true,true
2.8234,true,true
2.6636,true,true
2.5634,true,true
2.7509,true,true
4.9078,true,true
3.0454,true,true
5.6593,true,true
6.5953,true,true
2.7113,true,true
2.8769,true,true
2.7458,true,true
2.6617,true,true
2.7171,true,true
4.0469,true,true
3.4853,true,true
2.3330,true,true
2.3727,true,true
2.6619,true,true
3.4743,true,true
2.3013,true,true
1.8541,true,true
9.8690,true,true
2.6450,true,true
2.6360,true,true
5.0826,true,false
2.9454,true,true
3.0895,true,true
5.1147,true,true
5.4279,true,true
2.3038,true,true
6.7976,true,true
3.8709,true,false
2.9145,true,true
4.3334,true,false
3.5746,true,true
2.6073,true,true
3.4249,true,true
4.4774,true,true
3.9040,true,false
4.9184,true,false
3.1045,true,true
2.9416,true,true
9.2706,true,true
3.2887,true,true
3.3180,true,false
5.3291,true,true
3.5811,true,true
2.2874,true,true
6.2803,true,true
3.0713,true,false
10.3927,true,true
5.4547,true,false
2.2049,true,true
2.9468,true,true
2.8480,true,true
3.5701,true,false
3.6213,true,false
2.5533,true,true
2.8996,true,true
3.7352,true,true
6.1973,true,true
3.2866,true,true
2.2794,true,true
3.5462,true,false
3.1972,true,true
6.5351,true,true
3.6788,true,true
2.7934,true,true
2.8051,true,true
2.5932,true,true
2.5910,true,true
2.6891,true,true
2.6953,true,true
4.3254,true,true
2.8173,true,true
7.1850,true,true
6.5795,true,true
5.1700,true,true
1.9245,true,true
7.3085,true,true
4.0354,true,false
3.4213,true,true
2.8695,true,true
4.0835,true,true
7.1939,true,true
4.8084,true,true
2.9700,true,true
3.8734,true,false
10.8008,true,true
2.3823,true,true
3.1717,true,true
3.1027,true,true
8.5208,true,true
7.6760,true,true
2.9743,true,true
3.0530,true,true
2.9131,true,true
2.7207,true,true
6.2789,true,true
3.2328,true,false
4.5912,true,true
6.2382,true,false
7.0500,true,false
5.3794,true,false
1.2711,true,true
3.9973,true,true
3.1461,true,true
3.1784,true,true
4.0220,true,true
4.6438,true,true
4.9404,true,false
2.9864,true,true
3.2506,true,true
3.1824,true,true
9.7735,true,true
7.5004,true,true
15.2578,true,true
22.8512,true,true
6.9483,true,true
2.5484,true,true
4.4933,true,true
5.1221,true,true
3.5991,true,false
9.0795,true,true
4.2942,true,true
2.0465,true,true
3.7514,true,false
4.3190,true,true
4.0322,true,true
3.4089,true,true
3.6755,true,true
3.2055,true,true
1.9173,true,true
7.1078,true,true
3.6366,true,false
2.6227,true,true
4.0437,true,true
8.9034,true,true
5.4169,true,false
2.6188,true,true
5.2837,true,true
7.4646,true,true
6.1158,true,true
3.6026,true,true
4.0625,true,true
6.1614,true,true
4.8663,true,true
6.3216,true,true
2.1269,true,true
3.2215,true,true
3.3859,true,true
6.9657,true,false
2.3240,true,true
2.3451,true,true
6.2774,true,true
5.3761,true,true
3.8700,true,true
5.3152,true,false
2.1960,true,true
5.1497,true,true
1.9214,true,true
3.0996,true,true
2.3499,true,true
4.1865,true,true
1.8928,true,true
7.8481,true,true
3.4914,true,true
2.4090,true,true
2.6481,true,true
2.4964,true,true
2.3127,true,true
4.1486,true,false
3.1641,true,true
6.3718,true,true
2.1855,true,true
5.1706,true,true
2.1078,true,true
3.1427,true,true
9.2260,true,true
3.4917,true,false
6.0512,true,false
6.5666,true,true
6.9688,true,false
2.2704,true,true
2.0841,true,true
7.0677,true,true
4.9687,true,true
2.9405,true,true
4.3906,true,true
2.2549,true,true
2.4636,true,true
3.9175,true,true
2.8966,true,true
3.4943,true,false
4.2627,true,false
12.5989,true,true
6.6734,true,false
6.0411,true,true
5.4587,true,true
1.9532,true,true
3.0919,true,true
3.9265,true,true
2.8754,true,true
6.2234,true,false
2.8060,true,true
2.7395,true,true
5.1820,true,false
3.0784,true,true
3.0772,true,true
16.5894,true,true
4.3443,true,true
5.9769,true,false
3.0766,true,true
7.3171,true,true
23.2841,true,true
6.7560,true,false
2.6261,true,true
13.0605,true,true
6.8426,true,true
2.9505,true,true
8.5916,true,true
4.6516,true,false
5.8682,true,true
3.6840,true,true
6.0093,true,false
3.5629,true,true
5.9676,true,true
3.9119,true,false
5.2533,true,false
3.8097,true,true
2.8279,true,true
2.6877,true,true
8.1686,true,true
3.1019,true,true
8.7231,true,true
3.0532,true,true
2.8573,true,true
8.0946,true,true
3.6375,true,true
3.7345,true,true
3.0262,true,true
5.7980,true,true
2.7227,true,true
3.1310,true,true
3.9915,true,true
3.0198,true,true
6.1887,true,true
2.9261,true,true
3.8418,true,true
4.0982,true,true
5.3038,true,true
2.1665,true,true
5.1595,true,false
3.3104,true,true
4.2197,true,true
2.1584,true,true
4.2425,true,false
2.3265,true,true
4.5646,true,false
6.6405,true,true
3.1640,true,true
2.6478,true,true
8.6654,true,true
2.8245,true,true
5.8297,true,true
4.2181,true,true
4.9172,true,false
3.8526,true,true
7.4496,true,true
6.5814,true,true
5.4826,true,false
6.1834,true,false
8.3378,true,false
6.9718,true,true
4.5155,true,true
7.9812,true,true
2.4848,true,true
2.2262,true,true
5.7657,true,true
10.6282,true,false
6.6523,true,true
4.4835,true,false
5.5794,true,true
2.3302,true,true
3.6134,true,true
4.3024,true,true
5.0014,true,true
8.0733,true,true
3.3059,true,true
3.7815,true,true
2.8796,true,true
4.7476,true,true
12.2672,true,true
5.6188,true,true
2.3923,true,true
3.0914,true,true
3.3463,true,true
5.6488,true,true
2.4224,true,true
2.4297,true,true
2.5026,true,true
6.4933,true,true
4.9090,true,false
3.3493,true,true
4.1077,true,true
2.9062,true,true
3.9362,true,true
3.0755,true,true
4.5591,true,true
2.6225,true,true
2.8412,true,true
5.8123,true,true
6.4339,true,true
3.8495,true,true
3.0983,true,true
4.5538,true,true
2.6800,true,true
2.8546,true,true
2.9682,true,true
4.8646,true,true
4.5831,true,true
5.5449,true,true
2.4582,true,true
2.8075,true,true
3.7056,true,true
4.7078,true,false
4.0320,true,false
4.6568,true,true
2.7391,true,true
2.9539,true,true
5.5708,true,true
2.3201,true,true
2.6562,true,true
8.4140,true,true
3.6631,true,true
7.2204,true,true
6.4341,true,true
2.1002,true,true
3.5108,true,true
4.3668,true,true
5.2169,true,true
8.9229,true,false
4.2815,true,false
5.1893,true,true
1.8576,true,true
6.3944,true,true
2.1689,true,true
6.6213,true,true
2.2486,true,true
1.9003,true,true
2.8544,true,true
3.3048,true,true
3.0928,true,true
3.1993,true,true
4.9814,true,false
6.5212,true,true
2.1285,true,true
8.7240,true,true
2.9389,true,true
2.7604,true,true
2.6798,true,true
3.6187,true,true
5.8146,true,false
3.5032,true,false
2.4769,true,true
2.4894,true,true
2.7225,true,true
2.7767,true,true
2.8098,true,true
2.9308,true,true
3.6136,true,false
4.0063,true,true
3.2127,true,true
2.0474,true,true
6.4607,true,true
2.1376,true,true
3.0701,true,true
5.0717,true,true
4.2325,true,true
4.7923,true,true
2.7335,true,true
4.1177,true,true
5.0930,true,false
3.3621,true,true
3.4986,true,true
8.3773,true,false
2.6888,true,true
6.7628,true,true
2.1716,true,true
3.6834,true,true
3.1311,true,true
3.1235,true,true
3.0453,true,true
5.9018,true,true
3.3420,true,true
3.4993,true,false
2.7913,true,true
5.3129,true,true
2.1741,true,true
3.8596,true,true
8.6732,true,true
3.5503,true,true
3.7267,true,true
2.9110,true,true
7.9161,true,true
3.7362,true,true
6.3047,true,true
7.4475,true,true
5.0461,true,true
4.0913,true,true
3.2075,true,true
2.0523,true,true
7.1754,true,false
16.0300,true,true
3.8213,true,true
14.8519,true,true
9.0798,true,true
6.6909,true,true
2.5316,true,true
5.0790,true,true
4.9675,true,true
5.3224,true,true
5.3830,true,false
2.4607,true,true
4.1226,true,false
3.0982,true,true
4.1924,true,true
2.2341,true,true
6.7901,true,true
2.7118,true,true
5.2005,true,false
2.0275,true,true
5.7321,true,true
4.1876,true,true
2.6330,true,false
4.0877,true,true
5.7508,true,false
5.2259,true,true
6.3973,true,true
6.1200,true,true
6.1707,true,false
3.9381,true,true
5.1629,true,true
3.7102,true,true
2.8849,true,true
5.6355,true,false
3.2858,true,true
6.0943,true,false
14.5786,true,true
6.9496,true,true
2.7959,true,true
5.1944,true,true
4.4699,true,false
2.3703,true,true
8.7923,true,true
2.8705,true,true
2.8986,true,true
2.9066,true,true
2.9595,true,true
3.7415,true,true
3.1875,true,true
18.2188,true,true
3.4607,true,true
2.4131,true,true
2.7835,true,true
2.9630,true,true
4.4134,true,true
2.9756,true,false
2.9605,true,true
4.9012,true,true
4.5810,true,true
2.8474,true,true
2.8406,true,true
6.3345,true,true
5.7440,true,true
6.6906,true,true
6.1086,true,true
3.0218,true,true
5.9515,true,true
22.4570,true,true
18.2616,true,true
7.8109,true,true
2.5892,true,true
4.0681,true,true
5.8682,true,true
2.8449,true,true
8.5496,true,false
3.1937,true,true
1.9589,true,true
4.8144,true,true
2.9154,true,true
9.1830,true,false
3.7321,true,true
7.0574,true,true
13.5340,true,true
3.1522,true,true
13.2830,true,true
2.2204,true,true
2.3095,true,true
4.0499,true,true
5.6626,true,true
5.7056,true,true
3.1531,true,true
6.2667,true,true
3.7686,true,true
3.5277,true,true
2.3857,true,true
5.0297,true,false
5.5508,true,true
2.2590,true,true
7.0438,true,false
6.8069,true,true
2.3810,true,true
4.7973,true,true
3.9191,true,true
2.8222,true,true
5.9719,true,true
3.8214,true,true
7.4169,true,false
3.3780,true,true
2.5688,true,true
2.1990,true,true
2.7800,true,true
4.1979,true,true
3.3312,true,false
2.0524,true,true
6.0267,true,true
2.6760,true,true
2.8664,true,true
2.7952,true,true
8.0864,true,false
2.9758,true,true
3.6501,true,false
3.7019,true,true
3.6900,true,true
3.3196,true,true
2.3218,true,true
2.2750,true,true
2.2222,true,true
2.3808,true,true
5.8274,true,true
4.4145,true,true
7.9369,true,false
3.4085,true,true
3.1693,true,true
5.5181,true,true
2.4340,true,true
2.5355,true,true
3.8919,true,true
3.0271,true,true
3.1820,true,true
3.7267,true,false
2.5871,true,true
4.7723,true,true
2.9335,true,true
5.1046,true,false
3.7988,true,true
3.8180,true,true
6.2264,true,false
3.2730,true,true
4.8177,true,false
3.1929,true,true
5.4738,true,true
4.7082,true,true
5.2915,true,false
5.1853,true,true
6.1687,true,false
3.1844,true,true
2.1447,true,true
3.2434,true,false
6.6773,true,true
2.6646,true,true
5.3349,true,true
2.0913,true,true
4.5554,true,true
2.6002,true,true
7.1510,true,true
3.2523,true,false
4.3812,true,false
2.9191,true,true
3.1620,true,true
3.4182,true,true
2.3901,true,true
6.1920,true,true
2.0856,true,true
4.4213,true,true
5.5701,true,true
2.4475,true,true
2.8214,true,true
2.7631,true,true
3.1904,true,true
5.0074,true,true
3.5405,true,true
3.7238,true,true
4.0109,true,true
2.8668,true,true
6.8888,true,false
2.5436,true,true
7.5270,true,true
3.3203,true,true
4.0195,true,false
7.7962,true,true
6.6764,true,false
2.5308,true,true
5.3334,true,true
4.6949,true,false
3.9051,true,true
2.9821,true,true
6.5506,true,true
3.7218,true,true
2.7685,true,true
6.4060,true,true
3.0305,true,true
3.0773,true,true
11.7418,true,false
7.8282,true,true
2.8903,true,true
5.6365,true,false
2.5199,true,true
5.3867,true,false
6.2153,true,false
2.9216,true,true
10.1288,true,true
10.1868,true,true
5.3116,true,false
4.7986,true,false
3.5796,true,false
6.4520,true,true
2.0497,true,true
11.7294,true,true
6.6209,true,false
2.5318,true,true
4.0531,true,true
3.7189,true,true
2.6955,true,true
5.6754,true,true
2.4457,true,true
2.3629,true,true
2.4423,true,true
5.2138,true,true
2.0739,true,true
7.8162,true,true
6.0079,true,true
8.1610,true,true
2.7795,true,true
8.6153,true,true
5.2578,true,true
2.1864,true,true
3.7002,true,false
2.9126,true,true
7.7499,true,true
3.5209,true,true
5.4909,true,true
2.3632,true,true
15.8781,true,true
4.6510,true,true
13.0593,true,false
3.9539,true,true
8.8652,true,true
2.9644,true,true
3.1031,true,true
3.2308,true,true
4.5433,true,false
5.4906,true,true
4.5770,true,true
2.9170,true,true
2.9345,true,true
2.7910,true,true
9.7109,true,true
2.3196,true,true
7.3331,true,true
3.6593,true,true
5.3434,true,true
2.3115,true,true
6.2611,true,true
2.2243,true,true
3.3364,true,true
5.8661,true,true
5.1884,true,false
4.4284,true,true
6.3828,true,true
3.7604,true,true
2.7822,true,true
15.7521,true,true
12.7435,true,true
2.8112,true,true
9.1641,true,true
3.0653,true,true
4.1793,true,true
6.7174,true,true
2.3924,true,true
5.3263,true,true
2.1666,true,true
8.1470,true,false
4.1529,true,true
3.2848,true,true
4.9542,true,true
4.5344,true,false
7.8720,true,true
2.3554,true,true
3.5741,true,false
8.3975,true,true
3.0963,true,true
4.2890,true,false
3.1985,true,true
3.2934,true,true
2.3174,true,true
3.3826,true,true
2.4154,true,true
3.3795,true,true
3.7496,true,true
4.6338,true,false
6.3185,true,false
4.8659,true,true
3.1468,true,true
4.0760,true,true
5.8496,true,true
4.9587,true,true
2.7034,true,true
6.1104,true,true
7.0705,true,true
6.3598,true,true
5.3776,true,false
2.0380,true,true
7.0878,true,true
2.7962,true,true
4.9369,true,false
3.0397,true,true
19.0945,true,true
4.7844,true,false
4.9788,true,true
11.4329,true,true
1.9438,true,true
2.9000,true,true
2.9856,true,true
4.5520,true,true
2.5037,true,true
3.7984,true,true
4.5331,true,false
2.8284,true,true
2.8793,true,true
9.2869,true,true
4.7706,true,true
5.4912,true,true
4.1155,true,true
2.3515,true,true
4.0827,true,true
3.1680,true,true
3.2850,true,true
4.9823,true,true
5.6507,true,false
3.0416,true,false
8.9110,true,true
3.0023,true,true
3.3404,true,true
2.5191,true,true
4.2147,true,true
2.1371,true,true
8.1598,true,true
3.3003,true,true
3.8504,true,true
5.9344,true,true
4.7439,true,true
9.7629,true,false
5.0445,true,false
7.2482,true,true
2.6774,true,true
5.1516,true,true
5.5736,true,false
2.5770,true,true
2.6758,true,true
6.3683,true,true
7.3511,true,true
3.2846,true,true
16.7598,true,true
2.4082,true,true
3.7488,true,true
10.1680,true,true
16.5159,true,true
3.2703,true,true
4.9084,true,false
5.6487,true,true
3.6319,true,true
4.7248,true,false
2.9460,true,true
4.5361,true,false
2.6471,true,true
3.9471,true,true
3.1114,true,true
4.8918,true,true
7.5718,true,true
3.5638,true,true
2.5034,true,true
2.7193,true,true
2.7844,true,true
4.9215,true,true
5.4685,true,false
2.4331,true,true
4.1559,true,false
6.6918,true,true
2.3249,true,true
8.2168,true,true
2.7783,true,true
8.1244,true,true
8.3208,true,true
4.6045,true,true
3.2956,true,true
3.0443,true,false
3.0873,true,true
3.1621,true,true
3.6268,true,false
2.5326,true,true
3.4867,true,true
3.3335,true,true
3.8619,true,true
2.9623,true,true
3.1594,true,true
5.7825,true,false
7.7967,true,true
2.9042,true,true
2.9565,true,true
5.8335,true,true
6.7979,true,true
2.7551,true,true
10.8182,true,true
5.4218,true,false
5.7613,true,false
5.7144,true,true
3.5020,true,true
9.7815,true,true
5.9875,true,true
5.2133,true,true
4.1985,true,true
2.4703,true,true
4.3495,true,true
2.5357,true,true
2.9908,true,true
2.8962,true,true
9.1478,true,true
4.9874,true,true
6.9571,true,true
5.0992,true,true
2.8235,true,true
3.5988,true,true
4.8674,true,true
2.6571,true,true
10.1933,true,true
9.2009,true,true
5.7470,true,true
2.4794,true,true
2.4419,true,true
4.3685,true,true
4.1960,true,true
2.2270,true,true
5.6004,true,true
2.4551,true,true
2.4675,true,true
4.4768,true,true
2.2933,true,true
4.7429,true,false
2.7201,true,true
2.4480,true,true
12.9215,true,true
6.6551,true,true
4.5607,true,false
2.6067,true,true
2.4713,true,true
9.0018,true,true
6.1867,true,true
3.2808,true,false
2.3104,true,true
8.4567,true,true
9.8878,true,false
5.6036,true,true
2.2247,true,true
3.8664,true,true
4.1080,true,true
4.5948,true,true
5.7834,true,true
2.6544,true,true
3.1841,true,true
6.6618,true,false
3.1478,true,true
3.9817,true,false
7.1947,true,true
3.6064,true,true
3.9331,true,true
3.0094,true,true
6.7944,true,false
6.8250,true,true
3.5889,true,false
4.7193,true,true
4.9655,true,false
9.9622,true,false
3.7492,true,true
3.2860,true,true
4.9668,true,true
2.9385,true,true
5.1749,true,true
6.1302,true,true
3.1701,true,true
7.9550,true,true
5.0408,true,true
5.9791,true,false
3.1118,true,true
2.2507,true,true
4.7020,true,false
2.6565,true,true
5.5825,true,true
7.9755,true,false
3.5657,true,true
3.2962,true,true
2.8891,true,true
3.5092,true,false
8.1758,true,false
6.8113,true,true
4.4096,true,true
2.5012,true,true
10.3547,true,true
6.3165,true,true
1.8334,true,true
6.8958,true,true
7.0966,true,true
7.6353,true,false
3.5157,true,true
24.4347,true,true
12.4604,true,false
8.1181,true,true
4.6851,true,true
2.6378,true,true
9.8024,true,true
6.1877,true,false
5.9697,true,true
6.0330,true,false
5.6979,true,true
6.3161,true,true
6.2886,true,true
3.1443,true,true
6.2474,true,false
3.1072,true,true
10.2075,true,true
3.4504,true,true
10.5537,true,true
2.1029,true,true
3.0821,true,true
5.2006,true,true
2.2247,true,true
2.2753,true,true
2.9204,true,false
6.3937,true,true
5.5086,true,false
4.1905,true,true
5.1112,true,true
3.1120,true,true
6.4227,true,true
2.7781,true,false
2.6557,true,true
8.3525,true,true
4.7243,true,true
7.5658,true,true
4.5031,true,true
4.9596,true,false
4.1523,true,false
5.5070,true,true
2.3546,true,true
2.9946,true,true
10.5590,true,true
7.5432,true,false
4.3992,true,true
4.0643,true,false
2.9617,true,true
6.3113,true,true
3.5109,true,true
11.5187,true,true
7.1977,true,false
9.3501,true,true
3.7246,true,true
6.1423,true,true
6.7963,true,true
7.5346,true,true
5.1924,true,false
9.6510,true,true
5.1783,true,true
6.0037,true,false
5.5201,true,true
4.4279,true,false
2.5723,true,true
2.6955,true,true
6.6786,true,true
6.5454,true,true
3.3732,true,true
4.8054,true,true
2.8206,true,true
10.0545,true,true
5.5821,true,false
6.4615,true,true
2.7972,true,true
6.3134,true,true
1.8920,true,true
3.4570,true,true
5.6641,true,true
2.5843,true,true
5.1765,true,true
6.0995,true,false
3.7879,true,true
3.0789,true,false
4.0961,true,true
4.9011,true,true
3.4057,true,true
5.7182,true,true
3.1726,true,false
2.7948,true,true
2.8324,true,true
2.6054,true,true
6.2558,true,false
6.7736,true,true
4.9117,true,false
2.4936,true,true
2.3245,true,true
2.2683,true,true
2.5385,true,true
6.3596,true,true
7.7407,true,true
7.2671,true,true
3.4954,true,true
6.0447,true,true
3.0771,true,true
12.4616,true,true
4.0777,true,false
3.8710,true,true
2.8616,true,true
9.5903,true,true
4.2989,true,true
5.5508,true,true
3.4558,true,true
3.4167,true,true
5.5799,true,true
4.3954,true,true
2.3470,true,true
6.1068,true,true
8.7760,true,false
3.8995,true,true
3.2333,true,true
2.8134,true,true
2.7926,true,true
2.8414,true,true
3.7821,true,false
7.6777,true,true
2.8961,true,true
7.6873,true,true
4.3150,true,true
2.4901,true,true
2.7913,true,true
2.6407,true,true
9.0284,true,true
2.9081,true,true
4.1694,true,true
3.0040,true,true
3.0056,true,true
4.9773,true,true
6.4708,true,false
7.9505,true,true
13.1175,true,true
2.7252,true,true
9.1608,true,false
4.5727,true,false
3.5358,true,true
5.8235,true,false
8.2984,true,true
2.8208,true,true
3.5924,true,true
2.4819,true,true
6.1432,true,true
3.1194,true,true
4.9159,true,false
3.5096,true,true
5.9000,true,false
3.7565,true,true
2.7320,true,true
6.0301,true,true
6.2141,true,false
2.9512,true,true
4.3190,true,true
5.5945,true,true
4.0261,true,true
4.1024,true,true
3.2448,true,true
2.1130,true,true
3.2524,true,true
2.1353,true,true
4.1259,true,true
3.9927,true,true
4.5924,true,false
11.1766,true,true
5.6407,true,true
2.3882,true,true
5.4704,true,true
2.2631,true,true
3.5556,true,true
2.8818,true,true
4.2620,true,false
3.6377,true,true
9.5510,true,true
5.4115,true,false
3.1380,true,true
3.1705,true,true
2.2642,true,true
7.4287,true,true
2.3086,true,true
3.6503,true,false
8.0444,true,true
3.1594,true,true
5.8415,true,true
2.7340,true,true
2.8186,true,true
6.3665,true,true
2.0982,true,true
2.8598,true,true
5.6916,true,false
19.3659,true,true
2.5350,true,true
4.1308,true,true
5.1682,true,true
3.9923,true,true
3.1605,true,true
4.1707,true,true
4.1503,true,true
2.2352,true,true
2.1895,true,true
2.1858,true,true
2.0841,true,true
7.6992,true,true
5.5745,true,false
2.5606,true,true
18.1825,true,true
2.6017,true,true
3.9147,true,true
7.1452,true,false
5.3554,true,true
2.1544,true,true
3.3768,true,true
7.1331,true,true
5.6789,true,false
3.0369,true,true
3.3529,true,true
6.4567,true,true
4.9985,true,true
3.1104,true,true
4.4894,true,false
17.6637,true,true
3.2174,true,true
5.6310,true,false
2.4714,true,true
7.7909,true,true
2.4276,true,true
2.2170,true,true
2.4222,true,true
3.5425,true,true
2.3584,true,true
4.8816,true,true
2.7265,true,true
7.1695,true,false
8.2556,true,true
3.9955,true,false
3.1642,true,true
3.1272,true,true
3.0964,true,true
3.0747,true,true
2.8274,true,true
3.0573,true,true
4.9808,true,true
4.1491,true,true
7.7900,true,true
6.0689,true,true
6.1699,true,true
4.8039,true,true
5.7193,true,true
6.0530,true,true
2.9410,true,true
4.6022,true,false
6.3074,true,true
4.1377,true,false
3.9943,true,false
5.3176,true,false
10.2459,true,true
16.5332,true,true
5.2104,true,true
4.5528,true,false
3.1133,true,true
3.2063,true,true
1.8606,true,true
2.9146,true,true
5.5313,true,true
2.5020,true,false
4.9118,true,false
4.7471,true,true
8.6379,true,true
2.8068,true,true
2.8287,true,true
3.6398,true,true
4.6158,true,false
2.6040,true,true
2.4572,true,true
6.3304,true,true
5.4253,true,false
2.5965,true,true
2.5277,true,true
2.6152,true,true
5.4302,true,true
5.7061,true,true
6.2033,true,true
6.1598,true,false
4.1435,true,true
2.1596,true,true
6.6556,true,true
6.0379,true,true
5.7312,true,false
8.5742,true,true
4.0903,true,true
4.1993,true,true
4.8851,true,true
5.4696,true,true
2.4307,true,true
7.8674,true,true
2.5932,true,true
6.5269,true,true
5.4383,true,true
2.2934,true,true
2.4501,true,true
4.9844,true,true
6.4053,true,false
6.5245,true,true
3.9599,true,true
3.0566,true,true
4.7024,true,true
4.9580,true,true
4.5278,true,true
5.4574,true,true
2.4323,true,true
2.5802,true,true
7.4104,true,true
3.7624,true,true
3.9367,true,true
3.4805,true,true
5.7089,true,false
18.9956,true,true
5.4299,true,false
4.3778,true,true
3.0889,true,true
3.8410,true,false
6.9249,true,true
3.7675,true,false
13.0042,true,true
4.9874,true,true
5.3158,true,true
3.0325,true,true
3.7926,true,true
4.2445,true,true
2.4504,true,true
2.6857,true,true
4.1918,true,true
13.2096,true,true
2.9855,true,true
6.0119,true,true
8.0389,true,true
4.6567,true,true
2.6936,true,true
5.8102,true,true
5.7366,true,false
3.2687,true,true
2.4361,true,true
2.2991,true,true
2.9139,true,true
3.7820,true,true
11.9584,true,true
3.3165,true,true
6.1356,true,true
7.1206,true,true
5.8769,true,true
5.5450,true,true
3.8044,true,true
5.2359,true,false
5.2674,true,true
4.4371,true,false
3.3090,true,true
2.5289,true,true
2.6593,true,true
2.7782,true,true
6.5608,true,true
5.8111,true,true
5.0822,true,true
3.1901,true,true
2.2960,true,true
2.1312,true,true
3.8363,true,true
5.6234,true,false
5.0453,true,false
5.8831,true,false
2.7361,true,true
3.8252,true,false
5.1362,true,false
2.9746,true,true
3.6522,true,true
4.0452,true,false
6.2511,true,true
2.1974,true,true
2.7362,true,true
4.6089,true,true
3.0729,true,true
2.8680,true,true
9.8329,true,true
2.6164,true,true
6.0914,true,true
2.9780,true,true
3.4851,true,true
2.5905,true,true
2.4292,true,true
6.1516,true,true
2.8388,true,true
2.6603,true,true
5.8851,true,true
3.4204,true,false
2.4069,true,true
3.1959,true,true
1.9553,true,true
7.4564,true,false
3.1924,true,true
4.4268,true,true
2.7203,true,true
3.5934,true,true
2.6445,true,true
2.4484,true,true
2.6271,true,true
7.6703,true,true
2.4209,true,true
3.4741,true,true
8.9039,true,false
4.4754,true,true
5.2386,true,false
1.7861,true,true
3.7720,true,true
5.7275,true,false
12.6594,true,true
1.9997,true,true
3.8214,true,true
8.4625,true,true
4.6608,true,true
4.6370,true,true
2.5798,true,true
2.6103,true,true
4.7058,true,false
6.9930,true,true
2.6559,true,true
2.5218,true,true
2.4276,true,true
5.9034,true,true
2.5994,true,true
4.2451,true,true
3.4319,true,true
2.5784,true,true
2.6517,true,true
2.4279,true,true
3.5466,true,false
6.6857,true,true
2.4319,true,true
3.4206,true,true
3.2693,true,true
8.3276,true,true
4.4489,true,false
2.4326,true,true
3.3172,true,true
2.2917,true,true
2.3086,true,true
7.4178,true,true
3.6953,true,true
5.2660,true,true
3.1872,true,false
6.7071,true,true
4.1947,true,false
2.0733,true,true
3.2420,true,true
2.0967,true,true
11.7546,true,true
5.7137,true,true
2.6404,true,true
12.2591,true,true
3.3845,true,true
5.0162,true,true
7.6109,true,true
9.5999,true,true
4.6364,true,true
6.6875,true,true
2.3744,true,true
4.9511,true,false
7.7378,true,true
3.6066,true,true
2.3287,true,true
3.4108,true,false
2.6660,true,true
2.9898,true,true
5.2560,true,false
3.4221,true,true
7.6899,true,true
3.7109,true,true
5.1467,true,true
4.7974,true,true
6.0084,true,true
4.7147,true,false
2.6496,true,true
2.5645,true,true
4.0393,true,false
4.0934,true,true
3.1892,true,true
2.1485,true,true
4.0437,true,true
3.3232,true,true
6.9168,true,true
2.9124,true,true
3.5307,true,true
2.4682,true,true
2.7857,true,true
2.7770,true,true
2.6808,true,true
4.5085,true,false
2.4126,true,true
2.3775,true,true
8.7427,true,true
5.8427,true,false
2.5718,true,true
2.3704,true,true
4.2324,true,true
2.0997,true,true
3.1443,true,true
2.5663,true,false
2.3997,true,true
2.7756,true,true
5.5927,true,true
5.9266,true,false
7.2202,true,true
2.8247,true,true
4.2455,true,true
3.1963,true,true
3.1548,true,true
2.3439,true,true
2.5883,true,true
5.0768,true,false
5.6117,true,false
2.4333,true,true
2.4380,true,true
2.4766,true,true
4.6622,true,true
2.9180,true,true
6.6914,true,false
3.5228,true,true
3.6523,true,true
5.9880,true,true
3.4191,true,true
6.9088,true,true
3.3185,true,false
15.2077,true,true
3.1968,true,true
6.2272,true,false
6.0230,true,true
3.5385,true,true
8.7907,true,true
5.8263,true,true
2.6203,true,true
11.3820,true,true
7.0403,true,true
3.9496,true,true
5.7802,true,true
2.5782,true,true
3.9487,true,true
9.6492,true,true
8.9121,true,true
8.4897,true,true
6.3703,true,false
2.6216,true,false
2.6217,true,true
6.0767,true,true
2.8437,true,true
7.4856,true,true
2.6205,true,true
8.6889,true,true
4.7227,true,false
2.7921,true,true
2.7308,true,true
3.2953,true,true
2.8048,true,false
2.6871,true,true
6.2038,true,true
6.3047,true,false
2.6275,true,true
3.0210,true,true
3.5806,true,false
2.8489,true,true
3.6278,true,true
6.4576,true,true
2.2945,true,true
17.6159,true,true
7.6909,true,true
4.2983,true,true
2.4160,true,true
4.7822,true,false
5.4798,true,false
2.4978,true,true
2.8970,true,true
3.8259,true,true
16.1531,true,true
5.8911,true,true
2.6461,true,true
5.7924,true,false
4.2322,true,false
6.1275,true,true
3.1648,true,true
4.2266,true,true
5.4713,true,true
3.6608,true,true
5.5706,true,true
6.8311,true,true
4.7986,true,false
6.0644,true,false
6.2048,true,true
2.0861,true,true
9.4649,true,true
5.7869,true,false
7.4478,true,true
3.0190,true,true
6.6959,true,true
6.5434,true,false
2.4457,true,true
15.6773,true,true
4.5121,true,true
2.4202,true,true
2.4577,true,true
2.6416,true,true
2.5722,true,true
2.6547,true,true
2.6261,true,true
3.4551,true,false
4.5316,true,false
4.3287,true,true
2.9558,true,true
16.8024,true,true
6.0270,true,true
4.4841,true,true
6.0684,true,true
4.0818,true,true
5.1536,true,true
3.5918,true,true
3.0043,true,true
12.9408,true,true
6.1492,true,true
3.0737,true,true
19.9755,true,true
5.7749,true,true
2.3222,true,true
3.2469,true,true
2.1580,true,true
8.2889,true,true
3.1577,true,true
4.7796,true,false
4.5284,true,true
6.4635,true,true
2.2683,true,true
2.2218,true,true
3.1583,true,true
4.7794,true,false
2.9226,true,true
7.4448,true,true
2.7292,true,true
3.0400,true,true
10.1280,true,true
3.8986,true,true
17.3933,true,true
5.3715,true,false
1.3976,true,true
2.5327,true,true
4.2993,true,true
3.7993,true,true
4.1171,true,true
2.8577,true,true
3.2701,true,false
2.4095,true,true
4.8526,true,false
4.8040,true,true
3.5257,true,true
10.3606,true,true
8.8401,true,true
3.6839,true,true
3.5735,true,true
5.2086,true,false
3.1752,true,true
3.4163,true,true
3.0229,true,true
8.2208,true,false
2.9190,true,true
4.6192,true,true
3.3211,true,true
3.9549,true,true
4.9424,true,false
10.4864,true,true
10.2796,true,true
7.8606,true,true
6.1601,true,false
2.8784,true,true
4.5801,true,true
4.4341,true,true
2.8670,true,true
9.5157,true,true
1.2739,true,true
2.6384,true,true
5.3278,true,false
2.9265,true,true
4.8315,true,false
2.9666,true,true
3.1737,true,true
4.3694,true,true
2.3919,true,true
2.4241,true,true
4.8008,true,true
7.8169,true,false
3.1094,true,true
3.1935,true,true
2.2364,true,true
5.0372,true,true
3.2010,true,true
3.2094,true,false
2.2459,true,true
2.0035,true,true
4.1991,true,true
2.5790,true,true
2.7772,true,true
3.0671,true,true
8.6241,true,true
4.6937,true,true
7.3917,true,true
3.1957,true,false
4.5605,true,true
2.9815,true,false
5.4387,true,true
8.3421,true,true
15.1734,true,false
5.5643,true,false
2.7024,true,true
2.8084,true,true
3.6286,true,true
4.6765,true,true
4.5785,true,true
2.3873,true,true
4.0634,true,true
6.6617,true,false
3.7340,true,true
4.3428,true,true
5.2165,true,true
2.2070,true,true
2.0542,true,true
3.4158,true,true
2.7568,true,true
4.8363,true,true
3.0040,true,true
2.9750,true,true
2.8950,true,true
6.7302,true,true
2.3631,true,true
2.0991,true,true
3.3787,true,true
6.4391,true,true
4.1915,true,true
1.9675,true,true
7.0852,true,true
2.7243,true,true
6.6508,true,true
7.6984,true,true
21.1859,true,true
2.4932,true,true
5.3324,true,true
3.3434,true,true
4.2452,true,true
2.3910,true,true
2.4674,true,true
2.5537,true,true
3.4218,true,true
5.3384,true,false
4.1270,true,true
3.5507,true,true
5.8692,true,true
2.7598,true,true
2.8902,true,true
5.1516,true,true
3.1016,true,true
3.0309,true,true
3.1332,true,true
3.8200,true,true
3.4523,true,true
2.5425,true,true
2.7088,true,true
4.6565,true,true
2.4610,true,true
8.3569,true,true
4.9526,true,false
5.7857,true,true
2.6050,true,true
3.4592,true,false
2.6072,true,true
2.5627,true,true
6.3274,true,true
1.8980,true,true
4.2909,true,true
6.3516,true,true
2.6101,true,true
5.6453,true,true
2.3392,true,true
3.0970,true,true
7.2559,true,true
2.9759,true,true
12.7983,true,true
10.8878,true,true
6.4822,true,true
2.2068,true,true
2.0176,true,true
7.1521,true,true
6.5562,true,true
4.0552,true,true
3.2205,true,true
3.0197,true,true
3.2205,true,true
2.1172,true,true
3.8711,true,true
7.3524,true,true
8.1096,true,true
23.7712,true,true
3.7855,true,false
13.3613,true,true
6.8610,true,true
5.4477,true,false
7.2582,true,true
3.2491,true,false
6.4778,true,true
2.9918,true,true
6.7422,true,true
5.6402,true,false
3.1225,true,true
2.9143,true,true
7.4984,true,false
9.6141,true,true
4.6734,true,false
4.9199,true,true
6.2377,true,true
3.8759,true,true
8.9044,true,true
3.2726,true,true
2.7653,true,true
22.8988,true,true
7.5687,true,true
3.0304,true,true
5.9752,true,true
6.2408,true,false
3.1259,true,true
3.5805,true,false
4.3876,true,true
2.3261,true,true
2.4711,true,true
9.5915,true,true
2.7046,true,true
4.1722,true,false
3.1533,true,true
6.6861,true,true
4.1506,true,true
2.0626,true,true
3.2773,true,true
5.9309,true,true
2.9067,true,true
2.8864,true,true
3.6345,true,false
2.8223,true,true
3.5362,true,true
12.6596,true,true
2.2835,true,true
7.9109,true,true
2.3401,true,true
2.5894,true,true
2.8129,true,true
4.7265,true,false
3.5879,true,true
2.8334,true,true
7.9206,true,true
6.7237,true,false
5.2068,true,true
2.1381,true,true
7.5950,true,true
3.0008,true,true
2.9750,true,true
2.8713,true,true
5.4871,true,true
4.8165,true,true
3.4039,true,true
3.1143,true,true
4.1366,true,true
2.2659,true,true
2.1285,true,true
6.0669,true,true
4.1869,true,true
4.0360,true,false
7.6475,true,false
3.9637,true,false
2.8419,true,true
3.8847,true,true
4.0516,true,true
6.0046,true,false
7.3915,true,true
4.4300,true,true
2.3628,true,true
6.1140,true,true
3.4558,true,true
4.9594,true,true
2.9172,true,true
6.0767,true,true
2.8499,true,true
3.0522,true,false
12.6032,true,true
3.4427,true,true
2.6618,true,true
5.6889,true,false
5.6932,true,true
5.0350,true,true
4.6924,true,true
3.6471,true,true
10.2918,true,true
6.4723,true,true
2.6675,true,false
2.4831,true,true
6.7200,true,true
7.6022,true,true
6.0693,true,false
2.8530,true,true
4.4092,true,true
2.2482,true,true
3.4910,true,true
6.2151,true,true
1.7663,true,true
5.4728,true,true
3.2590,true,true
2.6289,true,false
3.1336,true,true
3.5026,true,true
2.6270,true,true
2.6628,true,true
6.4236,true,true
2.0755,true,true
3.1750,true,true
5.8270,true,false
3.6827,true,true
10.4732,true,false
2.2532,true,true
4.9034,true,true
3.8873,true,true
3.5221,true,true
2.3561,true,true
6.5319,true,true
5.6404,true,true
2.4797,true,true
5.2880,true,true
3.6572,true,true
5.4140,true,true
2.4313,true,true
2.4548,true,true
17.0809,true,true
4.9195,true,true
7.1726,true,false
6.8629,true,true
8.9770,true,true
3.8683,true,false
6.5912,true,false
2.5021,true,true
8.9983,true,true
3.2398,true,true
5.0659,true,true
4.3222,true,true
2.1761,true,true
3.4185,true,true
2.4394,true,true
6.3049,true,false
12.6066,true,true
1.9556,true,true
4.2115,true,false
2.9592,true,true
3.0472,true,true
5.5465,true,false
2.5380,true,true
5.6516,true,true
3.3084,true,true
4.5269,true,false
4.3481,true,true
2.2859,true,true
6.3601,true,true
2.2289,true,true
3.6608,true,true
2.8174,true,true
7.0854,true,false
3.2666,true,true
4.3615,true,false
11.1787,true,true
3.8427,true,true
5.9788,true,true
3.0087,true,true
3.3431,true,true
2.6875,true,true
10.5409,true,true
2.0715,true,true
7.1701,true,true
5.3161,true,false
2.1176,true,true
6.6030,true,false
4.2159,true,true
2.0018,true,true
3.1444,true,true
3.4288,true,true
2.9192,true,true
9.7737,true,true
2.7684,true,true
6.3638,true,true
5.9219,true,false
2.9430,true,true
2.7135,true,true
2.6967,true,true
3.1050,true,true
2.1724,true,true
4.7443,true,false
2.9989,true,true
5.2804,true,false
4.1916,true,true
2.1332,true,true
4.2876,true,true
2.9174,true,true
9.2982,true,true
3.0736,true,true
6.9311,true,true
5.0213,true,false
4.1028,true,true
3.1189,true,true
2.9382,true,true
2.9121,true,true
3.2878,true,true
6.8620,true,false
19.5435,true,true
3.6363,true,false
2.7033,true,true
4.1470,true,true
2.0524,true,true
4.5349,true,true
8.4509,true,false
4.3043,true,true
4.5601,true,false
2.5459,true,true
3.2069,true,true
1.9283,true,true
4.8515,true,true
5.3450,true,false
1.9743,true,true
2.9033,true,true
8.8082,true,true
3.5391,true,true
2.4047,true,true
9.2809,true,true
13.3101,true,true
7.1621,true,true
6.9056,true,true
3.7328,true,true
2.5248,true,true
3.8441,true,true
7.0534,true,true
3.6204,true,true
2.4821,true,true
2.4716,true,true
2.4086,true,true
6.7723,true,true
4.5907,true,false
2.5234,true,true
2.3943,true,true
6.9642,true,true
2.2342,true,true
3.6693,true,true
5.8593,true,true
2.7903,true,true
6.9234,true,true
3.0888,true,true
5.4478,true,true
2.1146,true,true
4.1790,true,true
3.2106,true,true
4.3071,true,true
8.6892,true,true
6.6607,true,false
13.4800,true,true
2.2742,true,true
2.9512,true,true
2.8971,true,true
6.2385,true,true
3.0597,true,true
5.3865,true,false
7.3705,true,false
3.1584,true,false
6.4774,true,false
6.2393,true,true
3.0136,true,true
4.6273,true,false
5.4617,true,false
6.0238,true,false
2.9933,true,true
6.6934,true,false
3.9893,true,false
5.4708,true,false
2.9979,true,true
4.2365,true,false
4.8662,true,false
5.1298,true,false
6.3816,true,false
4.4330,true,false
2.3329,true,true
4.1813,true,false
2.8969,true,false
5.3188,true,false
2.3788,true,true
5.9444,true,true
4.7905,true,false
2.8842,true,true
5.9193,true,true
12.9667,true,true
7.2878,true,true
3.5550,true,true
3.3637,true,true
5.2554,true,true
6.8844,true,true
8.6200,true,true
23.3818,true,true
7.8038,true,true
2.6992,true,true
3.5781,true,true
2.7646,true,true
4.8226,true,false
4.6446,true,true
5.1794,true,false
4.8641,true,true
6.0317,true,false
8.3641,true,false
3.1446,true,true
6.8534,true,true
2.7833,true,true
2.7858,true,true
7.1772,true,true
6.6156,true,true
3.3734,true,true
6.2025,true,true
2.2219,true,true
19.9415,true,true
3.9369,true,true
9.3356,true,false
5.4812,true,false
4.7446,true,true
3.6405,true,true
2.5122,true,true
3.9891,true,true
3.2076,true,true
4.3935,true,false
2.2281,true,true
6.9440,true,false
2.4507,true,true
5.1558,true,true
1.8693,true,true
2.8079,true,true
4.5130,true,false
2.9108,true,false
5.4189,true,true
2.1618,true,true
3.6846,true,true
13.2303,true,true
3.1480,true,false
4.5706,true,true
6.0051,true,true
3.5506,true,true
6.1374,true,true
5.0371,true,true
9.9915,true,true
4.0596,true,true
4.3958,true,true
5.8416,true,true
2.5410,true,true
6.4044,true,true
6.1849,true,true
3.5774,true,true
3.6936,true,true
3.3733,true,false
5.0863,true,false
4.3711,true,true
3.3381,true,true
2.5923,true,true
2.7247,true,true
6.6846,true,false
5.6289,true,false
2.4392,true,true
4.0087,true,true
4.5371,true,true
6.3117,true,true
3.1852,true,true
2.3834,true,true
2.7239,true,true
3.1117,true,true
9.4608,true,true
2.4247,true,true
3.5649,true,true
2.6139,true,true
4.4102,true,true
5.5084,true,true
2.3106,true,true
3.1504,true,true
2.8954,true,true
5.8863,true,true
7.2702,true,false
2.5703,true,true
2.4489,true,true
3.7941,true,false
2.9921,true,true
3.0012,true,true
3.0939,true,true
3.2636,true,true
2.0679,true,true
3.8061,true,true
3.4393,true,true
10.5245,true,true
6.9549,true,false
2.9931,true,true
2.9228,true,true
11.9585,true,true
6.1020,true,true
3.8583,true,true
2.7443,true,true
2.6886,true,true
2.5772,true,true
8.6226,true,false
4.9761,true,true
2.8254,true,true
2.9939,true,true
3.0696,true,true
7.1675,true,true
7.1325,true,true
5.5151,true,false
2.7816,true,true
3.2772,true,true
2.3566,true,true
7.0157,true,true
3.6127,true,true
2.3649,true,true
6.0715,true,true
6.6835,true,true
5.9819,true,true
6.1973,true,true
5.0470,true,true
5.2865,true,false
3.2730,true,true
2.4906,true,true
4.5312,true,false
3.5413,true,true
2.7255,true,true
5.8564,true,false
3.5774,true,true
2.4578,true,true
2.5985,true,true
2.6839,true,true
2.7048,true,true
4.6312,true,true
4.5207,true,false
4.5714,true,true
2.6029,true,true
5.6786,true,true
2.4255,true,true
4.2894,true,false
3.5176,true,true
2.8321,true,true
4.5327,true,false
2.6677,true,true
7.2150,true,false
4.2753,true,true
2.3561,true,true
6.0462,true,true
8.4508,true,true
3.5209,true,true
4.4903,true,true
9.0464,true,true
2.8750,true,true
3.1796,true,true
3.3029,true,true
2.1909,true,true
2.2606,true,true
4.8537,true,false
6.6058,true,true
2.1292,true,true
3.0940,true,true
3.3208,true,true
2.4398,true,true
2.3871,true,true
3.7791,true,true
3.4249,true,true
2.6636,true,true
2.6202,true,true
3.1467,true,false
5.3306,true,false
5.8323,true,true
2.8733,true,true
2.9460,true,true
5.3378,true,true
3.0641,true,true
6.3649,true,false
2.6741,true,false
2.7511,true,true
2.8840,true,true
3.8214,true,false
2.9785,true,true
9.2334,true,true
3.9038,true,true
3.8722,true,true
2.9644,true,true
3.3385,true,true
2.1416,true,true
3.0788,true,true
11.1286,true,true
6.9155,true,true
3.7857,true,true
2.5897,true,true
5.9295,true,true
2.6817,true,true
3.4718,true,true
5.5796,true,true
4.4026,true,true
3.5429,true,true
3.7427,true,true
4.4630,true,true
2.1491,true,true
4.7645,true,false
4.1093,true,true
3.8857,true,true
2.9668,true,true
2.8207,true,true
2.8289,true,true
3.1436,true,true
7.0895,true,false
5.6373,true,true
2.9668,true,true
3.1020,true,true
4.6068,true,true
2.8962,true,true
2.8736,true,true
6.7408,true,true
2.7060,true,true
7.1041,true,false
6.2337,true,false
1.7586,true,true
2.6277,true,true
2.7847,true,true
6.0385,true,false
7.1495,true,true
4.6888,true,true
6.3864,true,true
7.7429,true,true
3.1300,true,true
4.1593,true,true
5.1609,true,true
4.4629,true,false
2.3340,true,true
8.9207,true,true
5.5321,true,false
12.6153,true,true
5.5823,true,true
2.5054,true,true
3.7612,true,false
3.6684,true,true
19.7281,true,true
5.6361,true,false
2.2898,true,true
2.0481,true,true
4.7829,true,true
2.8581,true,true
3.4662,true,true
6.6238,true,true
2.9678,true,true
3.9493,true,true
8.1918,true,true
2.6084,true,true
2.5261,true,true
2.3618,true,true
3.2274,true,true
6.7686,true,true
2.2725,true,true
2.2686,true,true
3.3080,true,true
3.5315,true,true
2.4964,true,true
9.5813,true,true
3.5650,true,true
5.1795,true,false
2.1497,true,true
3.1564,true,true
4.7276,true,true
4.7475,true,false
3.3990,true,true
4.9370,true,false
2.9474,true,true
2.6928,true,true
2.4710,true,true
7.3743,true,true
2.5183,true,true
5.3108,true,true
2.8239,true,true
3.5783,true,true
5.0002,true,false
3.0254,true,true
3.6701,true,true
7.3957,true,true
3.1254,true,true
6.1097,true,true
4.6520,true,true
3.2855,true,true
5.5647,true,false
2.9392,true,true
2.9319,true,true
6.5313,true,false
2.1408,true,true
3.9936,true,true
2.8636,true,true
7.2461,true,true
3.2771,true,true
2.8369,true,true
2.9492,true,true
5.3749,true,true
4.4406,true,true
2.0897,true,true
3.0602,true,true
5.6273,true,true
5.6821,true,true
6.5010,true,true
6.1781,true,true
2.9424,true,true
6.8569,true,true
5.2094,true,true
2.1228,true,true
3.1482,true,true
2.8646,true,true
6.3701,true,true
2.5398,true,true
3.9263,true,true
5.8924,true,true
2.8029,true,true
3.3684,true,true
3.8378,true,false
5.6766,true,true
4.5198,true,true
9.5865,true,true
5.1691,true,false
10.5750,true,true
6.5630,true,true
3.4448,true,true
4.1603,true,true
2.2267,true,true
4.1211,true,true
4.5496,true,true
2.2838,true,true
6.0380,true,true
6.7226,true,true
3.6838,true,true
3.3765,true,true
2.5269,true,true
18.2922,true,true
2.5553,true,true
3.4902,true,true
4.5547,true,false
3.4895,true,true
2.7174,true,true
3.0509,true,true
15.2334,true,false
2.8541,true,true
18.4819,true,true
7.3531,true,true
7.0960,true,true
3.9501,true,true
3.7051,true,true
2.7775,true,true
6.4069,true,false
4.3705,true,false
2.4053,true,true
3.0336,true,true
6.7144,true,true
3.6280,true,true
2.8395,true,true
2.6426,true,true
2.6887,true,true
5.8454,true,true
2.5109,true,true
2.7885,true,true
10.5610,true,true
2.2863,true,true
2.4614,true,true
6.0892,true,false
3.0084,true,true
3.0462,true,true
6.5949,true,false
2.9967,true,true
4.5601,true,true
2.4638,true,true
4.6032,true,true
4.2701,true,true
3.9507,true,true
5.0475,true,true
4.0227,true,false
4.6346,true,true
2.8580,true,true
2.5475,true,true
3.9715,true,true
3.7893,true,true
5.4390,true,true
2.5188,true,true
2.5970,true,true
18.5014,true,true
4.4873,true,true
2.4073,true,true
4.2151,true,false
4.5569,true,true
4.4049,true,true
7.7697,true,true
3.9180,true,true
7.5022,true,true
2.8665,true,true
8.4704,true,true
2.7614,true,true
4.8222,true,true
2.8667,true,true
3.6610,true,false
9.0778,true,true
4.1014,true,true
6.4308,true,false
2.0412,true,true
5.3687,true,false
3.3639,true,true
4.7392,true,false
4.1900,true,true
6.6851,true,true
3.9040,true,true
6.7972,true,true
3.1447,true,false
4.9510,true,true
4.9438,true,false
3.9562,true,true
5.0949,true,true
6.2179,true,true
4.4133,true,true
4.2090,true,false
2.1848,true,true
2.1443,true,true
5.5230,true,true
3.8863,true,true
4.0521,true,true
3.9909,true,true
5.8671,true,true
5.1060,true,false
2.9734,true,true
2.9190,true,true
2.9150,true,true
2.6324,true,true
2.5107,true,true
2.6034,true,true
2.4801,true,true
2.4558,true,true
3.1959,true,true
16.4629,true,true
6.7853,true,true
7.3118,true,true
5.6396,true,false
3.5399,true,false
2.4814,true,true
2.6261,true,true
2.6597,true,true
4.1117,true,true
3.2640,true,true
4.9089,true,false
3.0425,true,true
6.5506,true,true
3.3224,true,true
2.9762,true,true
3.1112,true,true
4.9208,true,false
2.9286,true,true
5.4546,true,true
3.1248,true,true
2.9305,true,true
11.7606,true,true
5.6935,true,false
2.2920,true,true
2.8777,true,true
3.1251,true,true
3.5600,true,true
2.7087,true,true
6.3146,true,false
2.5211,true,true
2.6512,true,true
2.6495,true,true
2.7624,true,true
6.0160,true,true
6.3258,true,false
3.1591,true,true
6.0716,true,false
9.5694,true,true
4.0503,true,true
4.3057,true,true
5.3933,true,true
2.2786,true,true
5.7038,true,true
4.3656,true,true
3.7951,true,true
6.2457,true,true
3.2343,true,true
2.4329,true,true
3.0353,true,true
3.2620,true,true
2.1699,true,true
3.8860,true,true
6.4564,true,true
2.0842,true,true
8.1807,true,true
3.6705,true,true
6.9495,true,true
2.7721,true,true
2.8871,true,true
6.3922,true,false
5.4381,true,true
2.2159,true,true
2.8834,true,true
7.3833,true,true
6.4044,true,false
2.4130,true,true
6.3720,true,true
2.2186,true,true
2.2877,true,true
3.9553,true,true
5.0600,true,true
4.2731,true,true
2.2394,true,true
8.7313,true,true
3.0618,true,true
18.4727,true,true
2.9255,true,true
2.9483,true,true
4.3858,true,true
2.3054,true,true
3.0716,true,true
7.8614,true,true
3.5197,true,true
2.6976,true,true
3.1656,true,true
2.2208,true,true
2.2085,true,true
6.3543,true,false
2.0852,true,true
6.5885,true,true
2.8307,true,false
2.8894,true,true
3.3146,true,true
6.8772,true,true
3.4199,true,true
4.6706,true,false
6.9689,true,true
2.6036,true,true
7.8244,true,true
2.6705,true,true
2.8499,true,true
3.0018,true,true
3.2138,true,true
14.9222,true,true
5.4620,true,true
2.3633,true,true
3.7364,true,true
5.2105,true,false
1.8216,true,true
2.8264,true,true
6.2733,true,true
2.5765,true,true
5.0497,true,true
12.1410,true,true
7.2000,true,true
2.4365,true,true
2.4795,true,true
10.1134,true,true
4.0812,true,true
4.2269,true,true
4.0242,true,true
6.1118,true,true
2.9836,true,true
5.4685,true,true
5.0163,true,false
4.2180,true,false
4.1990,true,true
1.9356,true,true
9.0434,true,true
3.3856,true,true
7.2644,true,true
13.9789,true,true
6.7557,true,false
3.3921,true,true
3.2939,true,true
2.4802,true,true
15.8951,true,true
2.3809,true,true
2.6667,true,true
2.9000,true,true
8.0652,true,true
3.8410,true,true
5.0270,true,false
2.9076,true,true
5.5151,true,false
4.7742,true,false
2.6790,true,true
2.8254,true,true
3.8857,true,true
5.4683,true,false
3.7547,true,true
3.6503,true,true
6.0782,true,true
3.0391,true,true
3.1368,true,true
7.2876,true,true
2.9396,true,true
7.6142,true,false
3.6395,true,true
2.6684,true,true
4.9376,true,true
2.9150,true,true
8.3127,true,true
3.1495,true,true
6.2566,true,true
1.7981,true,true
6.2972,true,false
3.3221,true,false
5.4522,true,true
3.5074,true,true
5.0310,true,true
2.9419,true,true
5.8293,true,true
3.3965,true,true
10.2067,true,true
3.1562,true,true
3.9237,true,false
3.0690,true,true
4.9967,true,true
3.8094,true,true
3.9620,true,true
3.8006,true,true
7.3733,true,true
6.5836,true,true
2.2357,true,true
1.9875,true,true
3.2887,true,true
2.4124,true,true
2.5050,true,true
2.5078,true,true
3.5425,true,true
2.6328,true,true
4.9701,true,true
4.8871,true,false
7.8988,true,true
6.1495,true,true
3.9290,true,true
5.9176,true,true
8.2148,true,true
2.9714,true,true
3.4994,true,true
6.3121,true,true
2.0658,true,true
4.0972,true,true
3.7336,true,false
6.6972,true,true
7.4152,true,true
6.9139,true,true
8.0401,true,true
3.8094,true,true
3.4457,true,true
2.5005,true,true
6.0665,true,true
8.4483,true,true
2.9550,true,true
2.9864,true,true
7.4313,true,true
7.0486,true,true
2.5618,true,true
2.6243,true,true
4.2171,true,true
3.1431,true,true
3.1303,true,true
5.5799,true,true
2.5216,true,true
2.4701,true,true
2.6535,true,true
6.0553,true,true
4.4390,true,true
6.1444,true,true
5.4706,true,false
3.9971,true,true
6.0547,true,true
2.9273,true,true
3.8062,true,true
12.6405,true,true
2.7417,true,true
5.4180,true,false
2.4305,true,true
6.0724,true,true
6.5352,true,true
6.3120,true,true
6.4584,true,true
4.1825,true,false
2.2067,true,true
2.3082,true,true
2.3068,true,true
4.3421,true,true
5.1990,true,false
6.2171,true,true
8.3299,true,true
7.1060,true,true
5.9410,true,true
4.2578,true,true
3.5851,true,true
4.0271,true,false
3.2696,true,true
2.2893,true,true
2.2340,true,true
2.8980,true,true
7.9641,true,true
3.0879,true,true
6.2717,true,true
2.1509,true,true
2.2491,true,true
6.0807,true,true
5.9581,true,false
7.5702,true,false
3.7434,true,true
6.5128,true,true
2.1894,true,true
3.9472,true,true
5.8427,true,true
5.3758,true,true
5.1551,true,true
4.9473,true,true
3.0575,true,true
2.8675,true,true
2.8100,true,true
8.8380,true,true
2.7630,true,true
2.6902,true,true
2.4146,true,true
2.2266,true,true
5.9026,true,true
7.0850,true,true
4.0497,true,true
3.9373,true,true
5.9394,true,true
2.4929,true,true
2.9710,true,false
3.0955,true,true
7.2794,true,true
3.9930,true,false
3.3874,true,false
3.6049,true,true
7.8355,true,true
5.1172,true,false
3.7548,true,false
2.8164,true,true
3.7536,true,true
2.6771,true,true
6.0930,true,true
2.9820,true,true
7.4667,true,true
14.1717,true,true
2.8800,true,true
3.7215,true,true
5.2473,true,false
4.1403,true,true
4.7867,true,true
6.2759,true,true
3.3066,true,false
5.1001,true,true
4.7252,true,true
4.9053,true,true
5.4274,true,false
5.4815,true,true
8.4174,true,true
3.3948,true,true
3.0536,true,true
6.3807,true,true
2.7925,true,true
2.9600,true,true
5.2144,true,false
1.8597,true,true
4.6057,true,false
2.5122,true,true
9.1103,true,true
7.0787,true,true
2.6865,true,true
2.7305,true,true
5.1451,true,false
4.2075,true,true
4.3984,true,true
9.0555,true,true
2.8648,true,true
5.7789,true,false
2.8597,true,true
4.0789,true,true
6.0717,true,true
4.7298,true,true
4.3947,true,true
2.9627,true,true
4.3716,true,true
2.3622,true,true
6.5405,true,true
5.6687,true,true
4.9698,true,false
2.7014,true,true
2.7611,true,true
3.3984,true,true
2.5620,true,true
3.1815,true,true
4.4642,true,true
3.9979,true,true
7.0524,true,true
3.7991,true,false
6.1923,true,true
4.0600,true,true
11.8047,true,true
5.0559,true,true
6.8613,true,true
6.6105,true,false
5.8782,true,true
6.3864,true,false
8.3566,true,true
2.6274,true,true
5.0785,true,true
12.2875,true,true
20.3628,true,true
3.1174,true,true
5.1827,true,true
2.4193,true,true
2.8036,true,true
3.0427,true,true
2.9703,true,true
3.0320,true,true
3.1650,true,true
2.0682,true,true
4.2793,true,true
4.2435,true,true
3.4810,true,true
2.5347,true,true
3.0949,true,false
4.1794,true,true
6.8118,true,false
5.8895,true,false
2.7274,true,true
3.4132,true,false
2.4251,true,true
3.8448,true,false
4.5906,true,true
5.0908,true,false
8.5407,true,true
3.1982,true,true
5.2217,true,true
2.2034,true,true
2.1146,true,true
4.2090,true,true
4.9828,true,true
4.5047,true,false
2.5704,true,true
2.5747,true,true
2.7117,true,true
3.9433,true,true
5.9588,true,true
4.1774,true,true
3.7384,true,false
7.0392,true,true
6.3480,true,true
4.6175,true,false
2.4270,true,true
2.3271,true,true
5.4202,true,false
2.3338,true,true
2.4041,true,true
4.0534,true,true
7.3353,true,true
2.9078,true,true
7.1345,true,false
10.2799,true,true
5.2942,true,true
2.0549,true,true
3.0874,true,true
4.9990,true,false
11.9234,true,true
3.8717,true,true
5.6116,true,false
3.6332,true,true
5.4215,true,true
4.0982,true,true
2.4053,true,true
6.5474,true,true
4.5637,true,false
3.0454,true,true
7.1609,true,true
3.1066,true,true
3.3636,true,true
2.3207,true,true
3.3365,true,true
2.8912,true,true
2.8669,true,true
3.9535,true,true
3.0552,true,true
23.3167,true,true
2.3056,true,true
2.4561,true,true
4.2675,true,false
3.2545,true,false
3.1218,true,true
4.9545,true,false
2.7920,true,true
5.1965,true,true
2.5526,true,true
5.6474,true,true
2.3402,true,true
2.5145,true,true
5.0035,true,true
5.6297,true,false
5.0081,true,false
6.3444,true,true
4.1439,true,true
3.4177,true,true
2.2870,true,true
2.4759,true,true
2.5318,true,true
2.5335,true,true
3.2430,true,true
3.8810,true,false
2.8708,true,true
2.9926,true,true
5.8602,true,true
5.3090,true,true
4.8920,true,true
7.5247,true,true
2.1837,true,true
13.9640,true,true
5.5543,true,true
2.6411,true,true
5.9031,true,false
14.6459,true,true
3.6084,true,true
2.4022,true,true
6.0365,true,true
2.8849,true,true
4.6181,true,false
6.4846,true,true
3.3263,true,true
2.2934,true,true
2.9298,true,false
5.0623,true,true
5.0823,true,true
3.0552,true,true
3.1343,true,true
3.9848,true,true
3.2069,true,true
4.7650,true,true
3.7993,true,true
3.0973,true,true
3.0999,true,true
2.9961,true,true
5.9942,true,true
5.4196,true,true
5.2752,true,true
19.1261,true,true
6.6266,true,true
5.2685,true,true
2.1984,true,true
7.7214,true,false
7.9993,true,true
4.5721,true,true
5.9297,true,true
7.0579,true,true
4.8523,true,false
2.9263,true,true
7.6320,true,true
9.2636,true,false
4.8111,true,true
4.7359,true,true
4.9455,true,true
3.5374,true,true
6.7953,true,true
4.7721,true,false
2.4730,true,true
3.7069,true,true
7.1450,true,true
4.6193,true,true
2.8313,true,true
12.1388,true,true
6.0834,true,true
3.5000,true,true
5.8785,true,false
2.4871,true,true
7.8115,true,true
2.5357,true,true
3.8426,true,true
3.4359,true,true
4.5265,true,true
3.2984,true,true
5.0578,true,false
6.5889,true,true
4.8392,true,true
2.9613,true,true
3.1837,true,true
3.0595,true,true
3.1534,true,true
6.8630,true,true
6.3491,true,false
5.5564,true,true
6.6223,true,true
2.9577,true,true
7.4941,true,false
3.9284,true,true
7.0662,true,true
3.7671,true,true
4.2628,true,true
6.2391,true,true
3.7240,true,true
2.9514,true,true
3.5562,true,true
3.2028,true,true
4.7614,true,true
2.8862,true,true
3.3987,true,false
2.2844,true,true
2.3076,true,true
2.6387,true,true
4.0786,true,true
6.1772,true,true
3.9543,true,true
3.0460,true,true
7.0173,true,true
2.8708,true,true
2.8986,true,true
5.9649,true,false
3.1823,true,false
3.7234,true,true
3.6281,true,true
2.6957,true,true
2.7425,true,true
4.0998,true,true
6.8311,true,true
3.6589,true,true
3.5714,true,true
3.6796,true,true
2.5544,true,true
3.1898,true,true
6.5044,true,true
5.5513,true,true
6.6345,true,true
2.3607,true,true
3.3855,true,true
4.9566,true,true
4.1205,true,true
6.9424,true,true
2.8401,true,true
4.3100,true,false
5.7899,true,true
6.0918,true,true
6.0482,true,true
6.0590,true,true
2.7765,true,true
2.8940,true,true
6.6413,true,true
2.6029,true,true
5.2712,true,true
1.8043,true,true
3.6045,true,true
2.3828,true,true
3.6441,true,true
6.1963,true,false
6.4185,true,true
1.9856,true,true
5.9992,true,true
2.9135,true,true
2.8975,true,true
3.4292,true,true
3.5131,true,true
4.2226,true,true
2.1295,true,true
3.1494,true,true
12.8463,true,true
1.9171,true,true
3.0764,true,true
7.4493,true,true
2.1085,true,true
5.8226,true,true
2.6845,true,true
4.6582,true,true
2.9093,true,true
2.8809,true,true
2.8766,true,true
4.4913,true,false
2.5687,true,true
3.3242,true,true
3.2643,true,true
3.4737,true,false
2.5269,true,true
2.6600,true,true
4.8079,true,false
6.1135,true,true
3.1504,true,true
5.6018,true,true
4.5633,true,true
2.5133,true,true
2.3317,true,true
2.5147,true,true
2.5471,true,true
3.4780,true,false
2.6440,true,true
7.9642,true,false
3.7899,true,true
5.4222,true,true
4.1832,true,false
3.2844,true,true
2.3719,true,true
2.7023,true,true
2.8533,true,true
4.3034,true,true
5.9114,true,true
2.7239,true,true
6.9563,true,true
4.1875,true,true
3.3290,true,true
5.5544,true,true
2.6994,true,true
2.6973,true,true
2.7007,true,true
3.0131,true,false
2.9985,true,true
3.4487,true,true
9.4645,true,true
6.9739,true,false
3.7832,true,true
5.3917,true,false
2.8784,true,true
5.6456,true,true
4.1902,true,false
5.7783,true,false
3.6351,true,true
8.4839,true,true
5.9105,true,false
5.9884,true,true
3.7382,true,true
4.0832,true,true
8.9981,true,true
6.2733,true,true
1.0556,true,true
4.2420,true,false
3.2712,true,true
4.6472,true,false
5.5497,true,true
2.5413,true,true
2.3816,true,true
5.6041,true,false
2.6019,true,true
6.1324,true,true
3.0682,true,true
2.1830,true,true
6.5775,true,false
2.4173,true,true
2.6351,true,true
2.7172,true,true
5.1829,true,false
8.2711,true,true
3.8093,true,true
3.4632,true,false
5.1581,true,true
7.3891,true,true
4.6823,true,false
19.3992,true,true
3.3129,true,true
2.6771,true,true
2.6543,true,true
3.0340,true,true
3.1029,true,true
3.2269,true,true
4.3359,true,true
2.2595,true,true
6.0750,true,false
4.4066,true,true
2.5861,true,true
2.9056,true,true
6.7125,true,true
4.3356,true,true
2.1790,true,true
2.0745,true,true
3.2569,true,true
2.0487,true,true
9.7997,true,true
5.2058,true,true
5.4921,true,true
2.4736,true,true
7.4760,true,false
5.1879,true,true
5.4410,true,true
5.9090,true,true
6.4359,true,true
5.5287,true,false
6.1341,true,true
5.8125,true,false
2.7486,true,true
3.0310,true,true
7.0224,true,true
2.5382,true,true
2.4761,true,true
5.2683,true,true
2.2544,true,true
4.1907,true,false
7.0641,true,false
6.3483,true,false
4.2879,true,true
7.6686,true,true
3.3422,true,true
6.1419,true,true
3.3883,true,true
3.4865,true,true
6.3754,true,true
3.3155,true,true
4.9773,true,true
2.8919,true,true
8.0563,true,true
2.5913,true,true
3.8322,true,false
3.2878,true,true
4.9945,true,true
5.3612,true,false
2.3527,true,true
2.1932,true,true
4.0480,true,true
5.8784,true,true
6.7241,true,false
3.1743,true,true
8.5513,true,true
3.1577,true,true
6.4335,true,false
1.9340,true,true
3.0770,true,true
7.0539,true,true
3.6533,true,true
8.0743,true,false
3.3886,true,true
5.1421,true,true
5.6273,true,true
4.9199,true,false
6.4539,true,true
6.2037,true,true
8.1651,true,false
5.6672,true,true
4.7679,true,true
3.0220,true,true
2.7967,true,true
3.3377,true,true
3.6101,true,true
6.2282,true,true
7.2918,true,true
5.8074,true,true
2.6243,true,true
4.5575,true,false
6.4140,true,true
2.2694,true,true
2.2796,true,true
4.6887,true,false
5.5570,true,true
2.2912,true,true
7.2857,true,false
2.8122,true,true
5.1011,true,true
8.9738,true,true
3.1815,true,true
3.0519,true,true
3.7173,true,true
6.1567,true,true
2.9324,true,true
6.4274,true,true
5.4479,true,true
7.4879,true,true
2.3922,true,true
6.2802,true,true
1.8554,true,true
2.9471,true,true
3.1228,true,true
3.9218,true,true
3.6907,true,false
2.7238,true,true
3.0080,true,true
5.8568,true,false
2.6082,true,true
4.2666,true,true
3.3507,true,false
2.2150,true,true
2.1642,true,true
4.9258,true,false
8.6429,true,true
4.3266,true,false
2.1636,true,true
8.8234,true,true
3.5228,true,true
4.6911,true,true
2.3349,true,true
7.3199,true,true
5.6790,true,true
6.7914,true,true
2.5061,true,true
5.8501,true,true
6.3754,true,true
2.9358,true,true
7.8983,true,true
3.1483,true,true
3.4305,true,true
5.0651,true,false
2.9230,true,true
4.4327,true,true
2.5366,true,true
5.0065,true,false
6.9201,true,true
3.2830,true,true
2.9243,true,true
7.8744,true,true
4.4458,true,true
3.4132,true,false
2.4284,true,true
3.7372,true,false
3.6005,true,true
9.6516,true,true
5.5621,true,true
2.2958,true,true
6.0443,true,true
5.0057,true,true
4.8509,true,false
6.2945,true,true
5.2524,true,false
3.9946,true,true
3.7413,true,false
3.6340,true,true
3.8888,true,true
2.8712,true,true
3.0626,true,true
7.7225,true,true
4.5829,true,true
4.4801,true,true
3.1289,true,true
2.2883,true,true
7.1515,true,true
4.4304,true,true
3.6024,true,false
2.6186,true,true
3.5267,true,true
2.8935,true,true
6.0760,true,false
8.2305,true,false
8.0036,true,false
17.6082,true,true
8.6416,true,true
3.4391,true,true
5.3945,true,true
2.8944,true,true
5.7596,true,true
4.7084,true,true
4.7070,true,false
5.1102,true,false
7.5547,true,true
5.9119,true,true
3.5011,true,true
7.8176,true,true
3.9575,true,false
4.1401,true,true
3.3829,true,true
2.2005,true,true
2.1303,true,true
2.9940,true,true
4.6055,true,false
3.7732,true,true
3.9978,true,false
4.3338,true,true
2.2481,true,true
4.0121,true,true
5.2544,true,true
2.2725,true,true
2.2140,true,true
3.8093,true,false
12.3988,true,true
6.1472,true,true
8.2702,true,true
3.2482,true,true
2.0999,true,true
3.7574,true,true
2.7170,true,true
3.8072,true,true
4.2373,true,true
7.5567,true,true
6.3001,true,false
1.9224,true,true
3.0413,true,true
3.7956,true,true
6.5068,true,true
3.9023,true,true
5.0915,true,true
4.3137,true,true
2.1048,true,true
5.9953,true,false
3.7069,true,true
5.9781,true,true
3.5648,true,true
8.7097,true,true
3.1832,true,true
5.7786,true,true
6.8949,true,true
3.2955,true,true
5.4040,true,false
2.8831,true,true
2.8982,true,true
2.5746,true,true
3.5236,true,true
2.4065,true,true
2.4483,true,true
4.8225,true,false
6.4772,true,true
5.2837,true,true
5.7254,true,true
3.4247,true,true
2.3318,true,true
2.5508,true,true
4.2439,true,false
2.3735,true,true
2.4049,true,true
8.3448,true,true
4.6662,true,true
3.6339,true,true
15.2105,true,true
3.8211,true,true
3.0199,true,true
4.4557,true,true
2.6921,true,true
3.5717,true,true
3.3430,true,true
4.8077,true,true
2.8720,true,true
2.9916,true,true
3.8764,true,true
5.8207,true,true
2.7124,true,true
5.3658,true,true
7.4568,true,false
3.8520,true,false
6.6352,true,true
2.3559,true,true
5.7690,true,true
2.5783,true,true
4.1628,true,true
7.0180,true,true
2.7951,true,true
3.4439,true,true
16.8191,true,true
6.1511,true,true
6.2830,true,true
3.8504,true,false
5.6483,true,true
4.6551,true,true
7.9264,true,true
3.8078,true,false
5.5159,true,true
7.2055,true,true
3.1750,true,true
2.0609,true,true
6.5165,true,true
6.1407,true,true
6.2491,true,false
2.1151,true,true
8.4271,true,true
5.2877,true,false
3.8107,true,true
4.7403,true,false
6.9178,true,true
8.2941,true,true
2.6376,true,true
6.3447,true,true
2.0775,true,true
3.6318,true,false
2.9250,true,true
3.9099,true,true
4.0272,true,false
5.3082,true,true
3.1269,true,true
4.9702,true,true
5.3547,true,false
2.7095,true,false
3.6940,true,true
2.6138,true,true
5.1927,true,true
4.2767,true,false
3.3052,true,true
4.7646,true,true
2.5447,true,true
5.7443,true,true
5.5583,true,false
2.2350,true,true
2.4470,true,true
4.2405,true,true
6.6261,true,true
8.3823,true,true
4.6822,true,true
2.9431,true,true
6.7478,true,true
3.0975,true,false
6.4549,true,true
6.2350,true,true
5.3865,true,true
4.0795,true,true
6.0300,true,true
3.1196,true,true
5.9409,true,true
7.1735,true,true
8.8431,true,true
2.9160,true,true
4.3322,true,true
6.5247,true,true
2.0201,true,true
2.9670,true,true
4.4398,true,true
7.8266,true,true
3.3039,true,true
2.1976,true,true
3.0591,true,true
3.1488,true,true
4.5935,true,true
3.4677,true,true
2.4113,true,true
6.7797,true,true
2.3244,true,true
6.4059,true,true
3.2643,true,true
5.7411,true,true
3.5874,true,true
2.5873,true,true
2.8541,true,true
4.5267,true,true
2.6197,true,true
2.7761,true,true
5.8619,true,true
4.1778,true,false
3.2129,true,true
6.6624,true,true
20.1526,true,true
2.4154,true,true
5.3371,true,true
5.5355,true,true
2.3436,true,true
10.0834,true,false
9.1918,true,false
6.8330,true,true
6.0870,true,true
2.8739,true,true
4.1202,true,false
1.9358,true,true
6.1959,true,true
3.3032,true,true
4.5423,true,true
2.5931,true,true
2.7537,true,true
3.6082,true,true
6.5416,true,true
4.7845,true,true
4.0494,true,true
13.8520,true,true
3.5337,true,true
2.6232,true,true
3.9135,true,true
6.6538,true,true
6.7634,true,true
4.2670,true,true
2.2900,true,true
2.6418,true,true
12.2661,true,true
3.4788,true,true
2.5747,true,true
4.6524,true,true
6.8987,true,true
3.3276,true,true
2.2154,true,true
2.6844,true,false
3.7367,true,true
6.1138,true,true
4.4240,true,true
3.3202,true,false
4.0632,true,false
4.2313,true,true
6.2683,true,true
5.6857,true,true
2.4819,true,true
6.3753,true,true
4.4711,true,true
5.0233,true,true
2.9780,true,true
3.5033,true,true
2.8564,true,true
2.9501,true,true
4.9788,true,true
3.0513,true,true
2.8332,true,true
5.5038,true,true
3.2600,true,true
2.1741,true,true
8.3118,true,false
6.9859,true,true
3.6065,true,true
6.3068,true,false
2.1507,true,true
5.7924,true,false
2.5131,true,true
5.0450,true,false
4.1498,true,true
10.7238,true,true
3.4166,true,true
2.4580,true,true
2.4869,true,true
2.4582,true,true
2.2525,true,true
3.3328,true,true
12.6628,true,true
8.4050,true,true
10.3599,true,true
6.9990,true,true
2.7440,true,true
6.5102,true,true
3.9511,true,true
4.5361,true,true
4.9148,true,false
7.9986,true,true
9.7722,true,true
5.6358,true,false
8.2318,true,true
6.2625,true,true
5.6591,true,true
6.7910,true,true
6.4744,true,true
3.0406,true,true
7.4255,true,true
3.1444,true,true
3.2552,true,true
8.6745,true,true
4.4451,true,false
2.4999,true,true
3.1159,true,true
2.9665,true,true
6.6558,true,false
5.3369,true,true
4.6199,true,false
2.6387,true,true
3.2245,true,true
2.3930,true,true
7.0343,true,true
2.9878,true,true
6.6999,true,false
5.3365,true,true
2.9176,true,true
3.1951,true,true
5.1129,true,false
5.8519,true,true
2.9452,true,true
4.6469,true,true
3.5559,true,true
5.1183,true,false
3.2692,true,true
7.7968,true,true
2.9593,true,true
3.7646,true,true
6.5249,true,true
2.2654,true,true
4.0562,true,false
3.1126,true,true
3.2341,true,true
4.0197,true,true
3.2504,true,true
4.2221,true,true
3.9350,true,true
3.7320,true,true
5.1994,true,true
4.7045,true,true
4.8853,true,true
5.9402,true,true
2.7689,true,true
5.7686,true,true
6.8183,true,true
3.0930,true,false
6.0790,true,true
3.1455,true,true
2.3503,true,true
4.1890,true,true
2.2853,true,true
2.7828,true,true
2.9214,true,true
3.0110,true,true
3.8987,true,true
5.1512,true,false
4.4496,true,false
2.2620,true,true
5.2685,true,true
1.9711,true,true
2.7956,true,true
2.6053,true,true
3.9345,true,true
14.0415,true,true
11.9295,true,false
4.0539,true,true
2.9744,true,true
18.8073,true,true
1.9514,true,true
6.0414,true,true
2.6403,true,true
2.9558,true,true
2.9702,true,true
2.9493,true,true
11.8498,true,true
2.3745,true,true
2.4666,true,true
2.4098,true,true
4.7077,true,true
4.3235,true,true
4.9289,true,true
2.8535,true,true
3.8924,true,true
3.2090,true,true
2.3302,true,true
3.3142,true,true
4.3369,true,true
4.0472,true,false
10.9341,true,true
8.0342,true,true
2.8335,true,true
2.8031,true,true
5.5220,true,true
3.5216,true,true
5.8604,true,true
5.2614,true,false
2.3652,true,true
2.9702,true,true
3.7076,true,true
2.5204,true,true
5.1808,true,false
5.4120,true,true
2.1757,true,true
3.2853,true,true
2.2827,true,true
3.9711,true,false
5.0317,true,false
9.5183,true,false
3.6130,true,true
2.7032,true,true
4.1350,true,false
11.6241,true,true
2.3575,true,true
11.8606,true,true
2.8286,true,true
3.1659,true,true
2.1892,true,true
2.1485,true,true
3.6215,true,true
8.6676,true,true
2.4790,true,true
3.8637,true,true
5.0101,true,true
9.2845,true,false
3.3452,true,true
7.0498,true,true
4.5470,true,true
2.4888,true,true
4.0630,true,false
3.0266,true,true
3.1799,true,true
5.6690,true,true
2.7912,true,true
2.7948,true,true
7.9546,true,true
2.8389,true,true
2.9146,true,true
9.5113,true,true
6.8478,true,true
3.2885,true,true
2.3261,true,true
5.6977,true,true
2.5371,true,true
2.4096,true,true
3.0336,true,true
6.6273,true,true
2.4710,true,true
4.3316,true,false
2.2808,true,true
5.6056,true,false
3.5390,true,true
2.6029,true,true
5.3454,true,true
2.1541,true,true
2.1857,true,true
2.5832,true,true
3.1859,true,false
3.2811,true,false
3.3957,true,true
3.1224,true,false
3.3336,true,true
3.8257,true,true
5.3788,true,false
8.2283,true,true
3.5264,true,false
2.6315,true,true
2.7005,true,true
6.5659,true,false
6.3858,true,true
3.1520,true,true
3.2481,true,true
3.4451,true,true
2.2386,true,true
2.2339,true,true
2.4359,true,true
2.4863,true,true
5.3557,true,true
2.6659,true,true
3.0147,true,true
16.8640,true,true
2.1805,true,true
3.2923,true,true
11.5934,true,true
2.1505,true,true
3.0300,true,true
3.0825,true,true
3.0284,true,true
2.2032,true,true
2.7249,true,true
4.5633,true,true
2.8066,true,true
3.2783,true,true
9.9189,true,true
2.6593,true,true
3.6202,true,true
3.4093,true,true
2.5586,true,true
2.6111,true,true
2.8180,true,true
3.9884,true,true
4.0975,true,true
3.3067,true,true
3.4045,true,true
3.5154,true,true
5.4993,true,false
4.4076,true,false
5.8934,true,false
3.4199,true,true
2.6648,true,true
7.8050,true,true
4.2463,true,true
2.1320,true,true
5.9392,true,false
6.9773,true,true
3.9385,true,false
3.1366,true,true
3.7057,true,true
2.5991,true,true
2.7295,true,true
9.1154,true,true
3.9605,true,true
6.8315,true,true
5.5745,true,true
2.4989,true,true
6.7978,true,true
3.9146,true,false
4.1765,true,true
3.4442,true,true
2.0784,true,true
3.1209,true,true
6.4007,true,true
2.3308,true,true
2.2781,true,true
3.6754,true,true
2.4682,true,true
4.7819,true,true
3.0714,true,true
3.0926,true,true
5.5289,true,false
4.4917,true,false
2.1484,true,true
5.6084,true,true
3.4765,true,true
3.1078,true,true
7.4733,true,true
4.2894,true,true
2.1982,true,true
2.8737,true,true
2.5619,true,true
2.4039,true,true
3.4736,true,false
6.9227,true,true
2.8783,true,false
2.7869,true,true
2.9044,true,true
2.9823,true,true
2.9888,true,true
4.2742,true,true
5.8144,true,false
12.5896,true,true
1.9584,true,true
4.5341,true,true
3.2409,true,true
3.7541,true,false
3.2390,true,true
5.4093,true,true
4.1075,true,true
3.0631,true,false
3.5354,true,true
5.2117,true,false
1.9813,true,true
3.1184,true,true
2.9144,true,true
4.2793,true,false
3.5468,true,true
2.6275,true,true
3.0719,true,true
6.4425,true,false
4.6676,true,false
3.2617,true,false
2.1674,true,true
5.2455,true,true
4.0831,true,false
3.1058,true,true
4.7338,true,false
2.7906,true,true
6.0827,true,true
2.8323,true,true
3.4648,true,true
5.8433,true,false
7.5397,true,true
6.5603,true,false
6.7960,true,true
2.2541,true,true
5.0881,true,true
5.4728,true,false
4.0517,true,true
8.6328,true,false
3.7114,true,true
2.6753,true,true
4.7070,true,true
3.5613,true,true
6.7021,true,true
2.5169,true,true
3.2250,true,true
3.1331,true,false
5.8340,true,false
4.8513,true,true
7.9122,true,true
8.8428,true,true
7.2657,true,true
2.6758,true,true
5.1034,true,true
2.8804,true,true
5.8649,true,false
2.5163,true,true
5.6570,true,true
6.4746,true,true
2.1760,true,true
3.0587,true,true
7.7266,true,true
3.4883,true,true
9.1853,true,true
3.9565,true,true
3.9171,true,true
3.0741,true,true
5.7473,true,false
4.4373,true,false
4.4572,true,true
2.3591,true,true
2.1677,true,true
3.0244,true,true
4.3833,true,true
11.3904,true,true
5.9561,true,false
5.6527,true,true
2.3551,true,true
2.5015,true,true
2.4759,true,true
2.8213,true,true
11.3832,true,true
3.5391,true,false
6.8371,true,true
7.7992,true,true
1.7839,true,true
2.8142,true,true
5.7793,true,true
8.7613,true,true
6.6116,true,false
2.5618,true,true
9.3013,true,false
7.6781,true,true
2.9568,true,true
6.0906,true,true
12.8316,true,true
2.4363,true,true
3.6043,true,true
4.6926,true,false
2.9516,true,true
6.9670,true,true
5.3772,true,true
2.1794,true,true
4.5297,true,true
4.7457,true,true
3.3598,true,true
6.8105,true,true
2.1003,true,true
4.6924,true,false
5.7165,true,true
2.3999,true,true
11.4124,true,true
6.3530,true,true
2.1297,true,true
3.1492,true,true
7.3472,true,true
5.0593,true,true
3.1112,true,true
6.9395,true,true
3.3327,true,true
4.4811,true,false
2.5139,true,true
5.9499,true,false
5.5811,true,false
7.9295,true,true
2.3269,true,true
8.7073,true,true
6.6129,true,false
2.3572,true,true
2.1622,true,true
5.0147,true,true
4.2120,true,true
6.0294,true,true
5.2642,true,false
5.8158,true,true
5.9814,true,true
5.6099,true,true
2.5290,true,true
2.7669,true,true
7.6303,true,false
2.5425,true,true
3.2635,true,true
2.3353,true,true
6.7250,true,false
3.4535,true,true
4.8027,true,true
2.6989,true,true
3.0228,true,true
3.1962,true,true
2.3289,true,true
1.2948,true,true
3.4425,true,true
10.9223,true,true
2.6646,true,true
4.2407,true,false
2.1823,true,true
6.9924,true,true
5.8663,true,true
6.1407,true,true
2.6739,true,true
2.6556,true,true
3.2395,true,true
2.2154,true,true
6.1245,true,true
4.8213,true,true
5.9115,true,true
5.3515,true,true
5.7276,true,true
2.2984,true,true
2.3665,true,true
10.3110,true,true
5.8117,true,true
3.6759,true,false
2.6675,true,true
5.0305,true,true
3.2772,true,false
2.2992,true,true
6.0706,true,false
4.0429,true,true
7.0212,true,true
4.0244,true,false
4.2875,true,true
2.1349,true,true
4.3150,true,true
2.1551,true,true
2.0675,true,true
4.9604,true,false
2.9860,true,true
4.7200,true,true
4.4297,true,true
3.8985,true,true
2.8803,true,true
4.7399,true,false
5.1907,true,true
4.5698,true,true
2.4732,true,true
6.8027,true,true
4.6419,true,true
3.3200,true,true
3.9279,true,true
4.2126,true,false
7.1393,true,true
2.7847,true,true
4.1215,true,true
3.1334,true,true
3.1409,true,true
10.4587,true,true
5.9179,true,false
5.6920,true,true
2.6293,true,true
7.8093,true,true
3.4507,true,false
6.5275,true,false
2.2964,true,true
4.9468,true,false
2.9906,true,true
5.8215,true,true
5.7996,true,true
4.1708,true,true
2.0772,true,true
3.1111,true,true
2.2313,true,true
2.1540,true,true
4.5581,true,true
4.2796,true,true
5.4473,true,true
2.3344,true,true
3.2115,true,true
2.1013,true,true
7.4102,true,true
8.5476,true,true
3.7877,true,true
5.5381,true,true
3.1295,true,true
3.0835,true,true
9.3742,true,true
4.4274,true,true
2.4095,true,true
5.6293,true,false
4.5757,true,true
5.5710,true,true
2.3161,true,true
2.9766,true,true
4.5775,true,true
2.7120,true,true
5.8104,true,true
5.3307,true,false
8.4288,true,true
2.2891,true,true
11.5851,true,true
4.2724,true,true
3.5648,true,true
5.0534,true,true
5.3255,true,true
3.3655,true,true
7.7223,true,true
6.2040,true,false
6.2615,true,true
6.2471,true,true
8.8318,true,true
12.6141,true,true
10.5178,true,true
7.0060,true,true
4.7933,true,true
5.1840,true,true
1.8865,true,true
3.4978,true,true
3.2538,true,true
4.0187,true,false
2.7124,true,true
4.9596,true,true
3.2624,true,true
2.4460,true,true
2.5495,true,true
3.5169,true,true
9.7995,true,true
5.9640,true,false
3.4060,true,true
5.5000,true,true
5.9860,true,true
2.7462,true,true
6.0318,true,true
12.6523,true,true
4.9436,true,false
4.0149,true,true
5.4883,true,true
2.4670,true,true
3.4453,true,false
3.1583,true,true
3.0501,true,true
5.8321,true,true
7.3358,true,true
4.2256,true,true
9.7007,true,true
5.4825,true,true
3.5657,true,true
2.5190,true,true
11.2724,true,true
5.8914,true,false
3.3082,true,true
2.4072,true,true
4.8829,true,true
2.9775,true,true
2.8065,true,true
4.4232,true,false
2.1254,true,true
3.5483,true,true
7.5626,true,false
5.8153,true,false
2.4495,true,true
5.6867,true,true
6.4579,true,true
2.0587,true,true
3.1271,true,true
2.0895,true,true
2.9992,true,true
5.7355,true,false
14.3935,true,true
3.7792,true,false
3.8998,true,true
2.6964,true,true
2.7959,true,true
8.5840,true,true
5.4170,true,true
3.4365,true,false
9.8820,true,true
3.6864,true,true
2.6677,true,true
2.9416,true,true
4.5897,true,true
2.2949,true,true
3.8830,true,true
3.1033,true,true
5.1105,true,false
7.2845,true,true
17.4311,true,true
6.0118,true,true
3.0211,true,true
9.9297,true,true
3.6834,true,true
1.7129,true,true
3.6519,true,true
2.3464,true,true
2.9076,true,true
5.5813,true,true
3.9342,true,false
8.7686,true,true
10.7751,true,true
7.2944,true,true
8.3876,true,true
9.2804,true,true
4.5782,true,false
2.6836,true,true
9.1128,true,true
3.1832,true,true
6.0692,true,false
3.1211,true,true
3.8755,true,false
2.8621,true,true
2.8195,true,true
2.6891,true,true
2.6237,true,true
2.5166,true,true
2.4309,true,true
2.2831,true,true
2.2564,true,true
2.0500,true,true
2.9692,true,true
3.1396,true,true
5.8673,true,true
6.0687,true,true
6.4122,true,false
2.7374,true,true
4.6666,true,true
6.0197,true,true
5.6220,true,true
7.5651,true,true
7.9586,true,true
4.4205,true,true
3.9472,true,false
5.6084,true,false
2.9108,true,true
2.9791,true,true
2.9985,true,true
4.6606,true,false
8.5753,true,true
3.9836,true,false
5.2519,true,true
3.2076,true,true
3.2337,true,true
4.8033,true,true
3.4358,true,true
2.4907,true,true
5.2002,true,false
1.8082,true,true
4.4311,true,true
7.4822,true,true
2.1949,true,true
1.9546,true,true
3.5972,true,true
2.8097,true,true
7.2168,true,false
2.6273,true,true
5.8092,true,false
3.3064,true,true
4.7799,true,false
6.6657,true,true
3.6271,true,true
2.7368,true,true
3.6580,true,true
3.0644,true,true
3.9845,true,true
3.2827,true,true
2.3550,true,true
4.8900,true,false
7.8119,true,true
4.4142,true,true
5.2526,true,true
4.5806,true,true
5.9441,true,false
2.7974,true,true
3.3592,true,true
3.3691,true,true
3.2900,true,true
2.3632,true,true
2.4164,true,true
2.2674,true,true
4.5874,true,true
5.2302,true,true
2.3922,true,true
2.4478,true,true
4.9556,true,true
4.4723,true,false
3.1620,true,true
3.0124,true,true
3.0063,true,true
3.4048,true,true
3.3427,true,true
4.7343,true,false
4.5605,true,true
2.2384,true,true
9.2563,true,true
6.4542,true,true
2.1604,true,true
5.5399,true,true
2.4914,true,true
7.1448,true,true
3.6107,true,true
3.8970,true,true
7.2123,true,true
4.0624,true,true
3.1378,true,true
2.1319,true,true
7.2602,true,true
12.2609,true,true
7.2999,true,false
27.8819,true,true
4.0986,true,true
3.1016,true,true
3.1735,true,true
4.5395,true,false
2.6883,true,true
2.8860,true,true
5.9217,true,true
2.5868,true,true
2.4386,true,true
10.0451,true,true
3.8001,true,true
12.5663,true,true
4.1996,true,true
2.0191,true,true
6.1780,true,true
5.8513,true,true
10.7417,true,true
6.2426,true,true
4.2515,true,true
2.9973,true,false
4.7848,true,true
3.4520,true,true
3.4647,true,false
14.4448,true,true
8.8770,true,false
6.0125,true,true
2.9148,true,true
3.0384,true,true
6.3129,true,false
1.9194,true,true
3.9138,true,true
9.5938,true,true
4.9759,true,true
3.2242,true,true
2.5881,true,true
2.8691,true,true
4.9548,true,true
2.9853,true,true
5.9710,true,true
2.8153,true,true
4.0164,true,true
3.4198,true,false
6.1856,true,true
2.4723,true,true
2.8443,true,true
2.8362,true,true
3.9420,true,true
3.4563,true,true
7.4069,true,true
1.3726,true,true
2.3788,true,true
2.4089,true,true
2.7623,true,true
2.9923,true,true
3.2066,true,true
1.9734,true,true
3.8825,true,true
3.0535,true,true
3.1645,true,true
5.4943,true,false
3.6443,true,true
5.8189,true,true
3.8566,true,true
3.5239,true,true
3.9094,true,true
7.9604,true,true
2.9688,true,true
6.3590,true,true
2.6341,true,true
3.2105,true,false
2.6954,true,false
5.9043,true,true
2.7547,true,true
2.5899,true,true
2.4771,true,true
2.5106,true,true
10.8566,true,true
5.8058,true,true
8.2994,true,true
5.1306,true,true
2.9894,true,true
5.1543,true,true
5.6120,true,false
2.4440,true,true
7.3061,true,true
2.6427,true,true
2.5192,true,true
2.5198,true,true
10.6951,true,true
2.4724,true,true
6.1437,true,true
6.3578,true,false
2.9407,true,true
3.0698,true,true
3.7564,true,false
3.7615,true,true
12.7901,true,false
6.5129,true,true
7.3725,true,true
3.6469,true,true
6.1252,true,false
3.0027,true,true
3.1524,true,true
2.8624,true,true
8.2927,true,true
7.7265,true,true
3.6018,true,true
2.9176,true,true
5.1545,true,true
2.9792,true,true
5.5847,true,true
4.0190,true,true
7.3429,true,true
2.9190,true,true
7.5489,true,false
4.3820,true,false
3.4427,true,true
3.9640,true,true
3.7216,true,true
5.1757,true,true
3.2501,true,true
2.8550,true,true
5.0450,true,true
6.8872,true,true
3.0434,true,true
3.0481,true,true
8.0610,true,true
5.0146,true,true
4.0700,true,true
5.6787,true,true
2.4876,true,true
7.4952,true,true
6.0454,true,true
2.9946,true,true
3.8735,true,true
2.6847,true,true
2.8659,true,true
2.9188,true,true
4.0160,true,true
10.5870,true,true
3.8515,true,true
4.4844,true,false
2.4558,true,true
2.9724,true,true
4.8955,true,false
2.9529,true,true
3.1419,true,true
8.7054,true,true
4.9036,true,true
4.1439,true,false
3.1754,true,true
2.9672,true,true
3.9589,true,true
5.9761,true,true
4.8675,true,true
6.6011,true,true
5.5176,true,true
3.3176,true,false
6.3480,true,true
2.0789,true,true
3.2500,true,true
4.0947,true,true
7.9990,true,true
5.5743,true,true
6.5407,true,true
2.4148,true,true
3.9753,true,true
3.6084,true,false
3.1027,true,false
3.1076,true,true
3.0310,true,true
2.9773,true,true
6.4016,true,true
1.9547,true,true
7.3072,true,false
2.5839,true,true
3.4517,true,true
10.9255,true,true
2.6798,true,true
5.8910,true,true
7.8482,true,false
2.5127,true,true
6.2695,true,true
3.4304,true,true
2.5742,true,true
4.9264,true,true
2.9619,true,true
2.9091,true,true
5.2289,true,true
3.3380,true,true
3.5778,true,true
8.1117,true,true
8.2608,true,true
4.6899,true,false
2.5345,true,true
3.6622,true,true
6.5725,true,true
5.0471,true,true
2.8661,true,true
8.3472,true,true
3.3417,true,true
5.5937,true,true
5.9614,true,true
4.0385,true,true
5.4076,true,true
2.0879,true,true
2.7826,true,true
7.5977,true,true
6.9462,true,true
2.8191,true,false
3.1259,true,true
3.3975,true,true
2.5876,true,true
5.6382,true,true
5.0078,true,true
7.2192,true,true
4.4038,true,true
8.9750,true,true
3.5177,true,false
2.6251,true,true
2.6101,true,true
6.5312,true,true
2.1776,true,true
3.1473,true,true
5.5928,true,true
5.8449,true,true
5.2164,true,true
2.1096,true,true
7.5187,true,true
3.0953,true,true
3.5258,true,false
8.4091,true,true
4.3046,true,true
4.6371,true,false
5.9058,true,true
5.3247,true,true
2.0896,true,true
3.5952,true,true
5.0803,true,false
6.1236,true,true
6.1587,true,true
5.0056,true,true
4.5723,true,true
5.7457,true,true
2.4908,true,true
2.4732,true,true
2.3012,true,true
4.3092,true,true
2.3686,true,true
2.3733,true,true
4.2640,true,true
10.6308,true,true
5.0602,true,false
6.0843,true,true
3.0628,true,true
6.6616,true,false
2.3391,true,true
2.2810,true,true
5.0224,true,true
3.2969,true,true
6.4331,true,true
3.6086,true,false
7.5120,true,true
2.4255,true,true
4.8694,true,false
8.7820,true,true
4.3026,true,true
2.4525,true,true
2.6293,true,true
6.4567,true,true
3.7577,true,false
2.8303,true,true
2.8839,true,true
3.1548,true,true
3.1861,true,true
2.2095,true,true
3.2153,true,true
4.4777,true,true
6.8592,true,true
2.5587,true,true
2.3811,true,true
3.7382,true,true
2.6719,true,true
7.2916,true,true
7.4551,true,true
5.8176,true,true
2.5178,true,true
2.7131,true,true
7.3136,true,true
2.7815,true,true
7.8207,true,true
4.4715,true,true
5.4504,true,false
2.7412,true,false
2.5500,true,true
2.8417,true,true
5.7701,true,true
3.7938,true,true
3.0307,true,true
3.0054,true,true
6.1432,true,true
5.6825,true,true
2.4168,true,true
2.6134,true,true
3.5622,true,false
2.6487,true,true
3.9410,true,true
4.0356,true,true
3.8903,true,true
2.9275,true,true
9.3402,true,true
7.3817,true,true
7.1402,true,true
2.8068,true,true
2.8363,true,true
11.0448,true,true
17.5594,true,true
6.0986,true,false
8.6499,true,true
5.2321,true,true
5.3217,true,true
2.2375,true,true
2.0724,true,true
3.0795,true,true
8.0056,true,true
16.0887,true,true
5.0383,true,false
2.9814,true,true
3.8655,true,true
2.9808,true,true
4.2494,true,false
3.6775,true,true
2.4383,true,true
2.5053,true,true
5.7344,true,false
2.8061,true,true
3.2287,true,true
6.2337,true,true
1.9651,true,true
5.1003,true,true
4.2189,true,true
2.9014,true,true
2.9153,true,true
6.8562,true,true
3.3750,true,true
2.8781,true,false
10.7888,true,true
2.4710,true,true
5.0662,true,false
5.5159,true,true
3.5265,true,true
2.5512,true,true
3.6710,true,true
5.0524,true,false
4.6599,true,true
4.8224,true,true
3.8505,true,true
3.3064,true,true
6.6444,true,true
4.6964,true,true
2.7245,true,true
5.7953,true,true
2.7103,true,true
2.5896,true,true
2.9536,true,true
5.5535,true,true
2.3874,true,true
5.4459,true,true
2.1606,true,true
5.0558,true,true
6.1881,true,false
5.3804,true,false
3.5840,true,true
7.5739,true,true
3.5598,true,true
5.0454,true,true
3.1145,true,true
6.7011,true,true
2.5628,true,true
3.7709,true,false
6.9895,true,true
4.0402,true,true
2.8881,true,true
14.4709,true,false
8.9134,true,true
3.4500,true,true
2.9819,true,true
7.1041,true,true
6.5022,true,true
2.7349,true,true
3.7707,true,true
23.4287,true,true
9.8994,true,true
7.4244,true,true
10.2710,true,true
4.0379,true,true
5.8192,true,true
12.0890,true,true
8.0860,true,true
2.5700,true,true
2.5374,true,true
10.1133,true,false
5.7418,true,true
5.7895,true,false
9.9749,true,true
4.3617,true,true
3.6311,true,true
2.7111,true,true
6.2214,true,true
4.0972,true,true
2.6333,true,true
3.7590,true,true
4.0427,true,true
3.1698,true,true
2.4006,true,true
3.5832,true,true
3.7249,true,true
3.2346,true,false
2.7748,true,false
4.2971,true,true
2.2714,true,true
2.8060,true,true
3.6978,true,true
6.6358,true,true
2.7345,true,true
2.6380,true,true
3.9012,true,false
3.1339,true,true
3.7927,true,false
7.8128,true,true
7.0718,true,true
2.4232,true,true
2.4777,true,true
3.1948,true,true
2.3427,true,true
3.0766,true,true
3.1132,true,true
6.5918,true,false
3.7589,true,false
2.7614,true,true
2.9892,true,true
8.5223,true,true
3.2641,true,true
7.6125,true,true
2.2847,true,true
4.9047,true,false
3.0697,true,true
5.8039,true,true
5.1685,true,false
3.4012,true,true
2.7687,true,true
9.0724,true,true
2.9708,true,true
5.7919,true,true
4.6096,true,true
5.3037,true,true
6.4328,true,false
6.3001,true,true
2.0121,true,true
7.3645,true,true
2.8342,true,true
7.2420,true,true
2.8055,true,true
9.4052,true,true
7.8301,true,true
5.4902,true,false
6.2712,true,true
5.0925,true,false
7.0719,true,true
6.2279,true,true
17.8780,true,true
7.6767,true,true
4.4864,true,true
2.3876,true,true
4.4778,true,true
6.7699,true,true
6.6604,true,true
3.3420,true,true
3.5370,true,true
6.4161,true,true
3.0680,true,true
3.2050,true,true
4.4319,true,true
3.6232,true,true
4.5061,true,false
4.8429,true,true
10.9986,true,true
9.3310,true,true
3.4149,true,true
11.6526,true,true
2.1479,true,true
6.0447,true,true
4.9256,true,true
2.9004,true,true
5.4893,true,true
4.6241,true,false
2.4898,true,true
3.8697,true,true
4.2426,true,true
2.1169,true,true
5.8941,true,true
4.1685,true,true
3.1751,true,true
6.1316,true,true
4.6154,true,true
2.3982,true,true
2.3855,true,true
2.3357,true,true
2.3677,true,true
2.9499,true,true
6.9760,true,true
2.3675,true,true
2.6043,true,true
2.2055,true,true
3.0008,true,true
8.0763,true,true
6.7478,true,true
4.7085,true,false
2.6841,true,true
2.9655,true,true
8.2213,true,true
4.4428,true,false
2.2146,true,true
3.5249,true,true
5.3474,true,false
2.1333,true,true
6.0446,true,true
2.8639,true,true
4.0778,true,true
4.8052,true,true
3.3729,true,true
2.5340,true,true
5.0260,true,true
11.8387,true,true
7.6614,true,true
2.5205,true,true
8.9464,true,true
4.6957,true,true
5.2303,true,false
3.4921,true,true
6.5388,true,true
3.4526,true,true
2.5948,true,true
2.6770,true,true
2.3850,true,true
4.8046,true,false
2.8364,true,true
4.1859,true,true
3.2451,true,true
3.5702,true,false
6.3581,true,false
8.4126,true,true
6.6635,true,false
2.3608,true,true
2.2361,true,true
2.4348,true,true
2.3927,true,true
2.4969,true,true
8.3255,true,true
7.0045,true,true
3.1977,true,false
6.0751,true,true
3.1711,true,true
5.6480,true,true
2.9587,true,false
8.1896,true,true
9.0679,true,true
3.8020,true,true
2.9062,true,true
6.0056,true,true
2.8368,true,true
4.5192,true,true
4.6532,true,true
8.4528,true,true
3.3452,true,true
3.3057,true,false
5.7612,true,true
9.0622,true,true
6.3698,true,true
2.1544,true,true
11.7828,true,true
7.0824,true,true
2.3262,true,true
2.4859,true,true
2.5634,true,true
11.3937,true,true
3.5635,true,true
2.8437,true,true
3.2134,true,true
7.9629,true,true
3.7232,true,true
2.7177,true,true
7.1102,true,true
3.7819,true,true
3.4358,true,true
8.4547,true,true
3.0699,true,true
2.9203,true,true
3.6191,true,true
4.2785,true,true
2.2463,true,true
3.7675,true,true
5.1492,true,true
3.2837,true,true
2.3046,true,true
3.1882,true,true
2.7441,true,false
12.7606,true,true
3.8473,true,false
10.8723,true,true
4.1084,true,true
4.5087,true,false
3.3335,true,true
3.5189,true,true
6.2950,true,true
1.9820,true,true
3.2645,true,true
5.7896,true,true
6.8991,true,true
3.6971,true,true
6.1259,true,true
5.5760,true,true
3.6732,true,true
3.6457,true,true
6.9266,true,true
3.7206,true,true
6.0422,true,true
9.1882,true,true
7.0569,true,true
8.9586,true,true
2.7341,true,true
2.6968,true,true
10.6087,true,true
2.6150,true,true
6.0644,true,true
3.6301,true,true
5.7157,true,false
2.4755,true,true
4.4276,true,false
3.0622,true,true
6.7899,true,false
6.1812,true,true
6.9860,true,true
3.2247,true,true
5.4112,true,true
7.0173,true,true
2.9812,true,true
19.1091,true,true
2.2174,true,true
2.0288,true,true
3.9325,true,true
4.1378,true,true
2.1252,true,true
3.8112,true,true
8.9137,true,false
5.5165,true,false
4.3781,true,true
2.4456,true,true
5.3281,true,true
3.3179,true,true
2.2268,true,true
2.0280,true,true
3.0264,true,true
3.8394,true,true
7.4694,true,true
2.6080,true,true
4.8440,true,false
3.0234,true,true
7.4905,true,true
3.5738,true,true
2.5611,true,true
7.8846,true,true
7.5172,true,true
5.7540,true,true
13.6506,true,true
5.2893,true,true
6.2348,true,false
4.5018,true,false
5.2008,true,true
3.7563,true,false
6.5458,true,true
12.9318,true,true
2.9617,true,true
2.8120,true,true
2.7930,true,true
3.6500,true,false
6.1857,true,true
5.7161,true,true
5.5579,true,true
2.5878,true,true
3.9907,true,true
6.4573,true,true
2.9149,true,true
5.8138,true,true
2.9520,true,true
5.1026,true,false
6.4633,true,false
2.4689,true,true
2.4362,true,true
5.5705,true,true
2.5269,true,true
2.8207,true,true
2.8138,true,true
6.1720,true,true
7.1617,true,true
2.8765,true,true
9.8439,true,true
3.6242,true,true
4.8694,true,true
2.8152,true,true
6.0548,true,false
10.5312,true,true
5.5768,true,true
6.1068,true,true
7.6507,true,false
4.8696,true,true
23.9674,true,true
11.5514,true,true
2.6595,true,true
2.4501,true,true
2.3511,true,true
5.5043,true,true
3.5128,true,true
7.1621,true,true
2.1834,true,true
4.9023,true,false
3.4511,true,false
2.7948,true,true
2.7807,true,true
3.1384,true,true
5.6062,true,true
2.5994,true,true
7.0756,true,true
5.1645,true,true
4.8085,true,true
5.2781,true,false
2.2221,true,true
5.3894,true,false
5.7735,true,true
3.1569,true,true
5.8315,true,false
5.5677,true,true
7.0744,true,true
6.7698,true,false
3.2267,true,true
1.8748,true,true
2.7258,true,true
6.5758,true,false
4.6894,true,false
2.5964,true,true
2.5365,true,true
2.4627,true,true
2.2784,true,true
2.4599,true,true
7.6471,true,true
2.4093,true,true
3.8182,true,false
2.6483,true,true
2.8170,true,true
3.1422,true,true
2.2494,true,true
2.8527,true,true
4.9774,true,true
7.7154,true,true
7.7821,true,true
5.4634,true,true
6.3163,true,true
4.6370,true,false
2.4375,true,true
5.5400,true,true
3.1809,true,true
2.1371,true,true
7.0136,true,true
2.8919,true,true
2.9989,true,true
3.2206,true,true
3.3045,true,false
6.6927,true,true
2.3461,true,true
2.3160,true,true
8.1040,true,true
3.7978,true,true
6.0054,true,true
5.5304,true,false
8.4253,true,true
11.1692,true,false
5.9204,true,true
5.9203,true,true
2.7761,true,true
2.8110,true,true
2.5610,true,true
4.9483,true,false
2.8551,true,true
2.5984,true,true
4.5129,true,true
3.8932,true,true
3.3931,true,false
3.2642,true,true
2.2048,true,true
2.3813,true,true
3.3035,true,true
2.3424,true,true
5.6770,true,true
4.9129,true,false
3.8753,true,true
2.9829,true,true
3.6892,true,true
2.7327,true,true
2.8552,true,true
4.5757,true,false
2.9333,true,true
3.1865,true,true
10.4797,true,true
2.1704,true,true
3.0183,true,true
2.9238,true,true
6.5365,true,false
5.4043,true,true
5.5758,true,true
2.2404,true,true
3.0687,true,true
4.0729,true,true
5.4219,true,true
4.7856,true,false
2.6281,true,true
2.5846,true,true
3.9452,true,true
2.9571,true,true
3.1836,true,true
10.9141,true,true
5.5731,true,true
2.5042,true,true
2.4475,true,true
2.1972,true,true
3.3300,true,true
2.3647,true,true
6.0490,true,true
3.6201,true,false
6.8593,true,false
3.1061,true,true
3.1671,true,true
3.4332,true,true
2.3716,true,true
2.3435,true,true
6.0749,true,true
5.0462,true,false
3.6368,true,true
4.9627,true,false
2.7527,true,true
3.4127,true,true
5.5626,true,true
3.8529,true,true
2.9082,true,true
2.8750,true,true
3.5914,true,false
5.4628,true,true
5.7350,true,true
3.0838,true,true
3.1824,true,true
6.5003,true,false
6.4295,true,true
2.1849,true,true
3.3741,true,false
4.8309,true,true
2.9430,true,true
3.0143,true,true
3.3958,true,true
3.5221,true,true
6.5530,true,true
6.6692,true,true
5.8342,true,true
3.8828,true,false
9.7246,true,true
6.3310,true,false
2.3360,true,true
2.5108,true,true
7.2169,true,true
2.3892,true,true
2.2153,true,true
6.1056,true,true
6.3949,true,false
3.2598,true,true
6.8415,true,true
5.0274,true,true
3.2101,true,true
2.0893,true,true
6.1120,true,true
2.9153,true,true
5.8195,true,true
11.4244,true,true
6.3072,true,false
5.4424,true,false
4.6888,true,false
2.7823,true,true
2.7836,true,true
3.7445,true,true
2.8813,true,true
7.9828,true,true
15.8152,true,true
6.3797,true,true
2.6420,true,true
2.7613,true,true
4.1637,true,true
3.0980,true,true
2.8924,true,false
3.1306,true,true
2.1802,true,true
2.4140,true,true
2.4745,true,true
3.2220,true,true
5.2862,true,true
3.7008,true,true
21.0423,true,true
3.8796,true,false
4.6063,true,true
2.5972,true,true
3.5963,true,true
3.0632,true,true
3.0205,true,true
3.3820,true,true
4.4705,true,true
3.2478,true,true
6.1331,true,true
4.9755,true,true
4.5724,true,true
3.5409,true,true
3.0267,true,true
3.1014,true,true
3.9454,true,true
2.8971,true,true
3.2644,true,true
4.8589,true,false
2.7125,true,true
6.5691,true,true
6.3620,true,true
3.4149,true,true
11.1982,true,true
5.8810,true,true
2.9320,true,true
7.3469,true,true
2.9788,true,true
3.3314,true,true
2.4218,true,true
3.5934,true,false
5.2904,true,false
5.2119,true,false
2.7117,true,true
4.5054,true,true
5.0351,true,true
5.8939,true,false
2.6299,true,true
2.6318,true,true
6.4914,true,true
5.7769,true,true
5.6250,true,true
7.0599,true,true
4.3796,true,true
2.2213,true,true
8.0901,true,true
2.8255,true,false
8.2666,true,true
3.7832,true,false
6.5853,true,true
7.3780,true,true
2.4142,true,true
5.5260,true,true
5.3555,true,true
3.2835,true,true
2.2204,true,true
9.0351,true,true
7.3891,true,true
4.7005,true,true
4.2401,true,false
5.6835,true,true
4.1431,true,false
4.4261,true,true
5.1826,true,true
8.8466,true,true
6.2324,true,false
1.9365,true,true
5.7961,true,false
2.5553,true,true
5.2206,true,false
4.9341,true,true
3.1316,true,true
4.2136,true,false
4.2610,true,true
3.8040,true,true
3.5766,true,true
2.6683,true,true
2.3376,true,true
5.4338,true,true
3.2521,true,false
3.5270,true,true
2.7496,true,true
8.1943,true,true
3.0409,true,true
12.5830,true,true
1.8483,true,true
2.9025,true,true
6.2130,true,false
3.1995,true,true
3.4849,true,true
2.6209,true,true
2.7654,true,true
3.3350,true,false
3.6593,true,true
14.4043,true,true
5.1092,true,false
3.3305,true,true
5.0106,true,false
3.0091,true,true
2.9347,true,true
3.0665,true,true
8.7017,true,true
3.5972,true,true
19.8166,true,true
3.0967,true,true
7.3035,true,true
3.1654,true,true
5.3571,true,true
5.8009,true,true
6.9121,true,true
3.9871,true,true
5.8836,true,true
7.4465,true,true
3.0653,true,true
18.4806,true,true
3.7232,true,true
5.9873,true,true
4.3624,true,true
6.7608,true,true
2.1935,true,true
7.3374,true,false
5.1028,true,true
3.3336,true,true
5.2893,true,true
2.6899,true,true
2.6395,true,true
6.2992,true,true
4.9185,true,true
3.3555,true,true
4.0570,true,true
7.5672,true,false
3.5197,true,true
2.4548,true,true
5.8187,true,true
5.4616,true,true
2.7303,true,true
4.2126,true,false
2.1160,true,true
6.6793,true,false
3.1445,true,true
3.6188,true,true
5.1217,true,true
2.1219,true,true
6.9591,true,true
2.6885,true,true
3.0420,true,true
3.1985,true,true
6.7738,true,true
3.9040,true,true
7.5289,true,true
2.8967,true,true
6.8016,true,true
2.4955,true,true
2.7738,true,true
5.0561,true,true
3.5609,true,true
7.6279,true,true
3.5127,true,true
2.7275,true,true
6.4620,true,true
5.3152,true,true
2.3741,true,true
2.5567,true,true
2.6006,true,true
4.9962,true,false
5.6647,true,true
3.9517,true,true
3.0970,true,true
3.1556,true,true
7.1348,true,false
3.0865,true,true
5.4510,true,true
2.4467,true,true
2.4613,true,true
2.8915,true,true
15.4172,true,true
2.9607,true,true
5.2928,true,true
2.2672,true,true
3.5108,true,true
5.5288,true,true
2.3815,true,true
5.4703,true,true
4.1203,true,true
3.8039,true,true
5.0221,true,false
3.0973,true,true
3.6348,true,false
5.7610,true,true
2.7859,true,true
3.6550,true,true
2.7672,true,true
3.9016,true,true
3.0050,true,true
6.5592,true,true
3.4727,true,true
2.8360,true,true
5.2048,true,false
2.2227,true,true
3.7261,true,false
7.8403,true,true
4.1729,true,false
3.2239,true,true
2.2734,true,true
3.9358,true,true
2.9165,true,true
2.6286,true,true
2.8229,true,true
2.6043,true,true
4.0006,true,true
2.8611,true,true
5.2140,true,false
1.9036,true,true
2.8881,true,true
5.0320,true,false
2.9250,true,true
3.4789,true,true
10.7111,true,true
3.8352,true,false
3.6818,true,true
2.5133,true,true
2.6839,true,true
6.5926,true,true
2.4917,true,true
10.6939,true,true
4.1619,true,true
3.6287,true,true
9.9267,true,false
2.5635,true,true
2.4031,true,true
4.1310,true,true
5.4573,true,true
2.1674,true,true
3.1943,true,true
4.1714,true,true
5.5823,true,false
5.4769,true,true
3.2914,true,true
2.8340,true,true
5.1860,true,true
4.1523,true,true
5.3044,true,true
3.7827,true,true
5.7606,true,true
4.1586,true,true
16.3265,true,true
6.3610,true,true
3.9856,true,false
2.9422,true,true
6.2672,true,false
4.0479,true,true
7.9044,true,true
9.6454,true,true
8.7129,true,true
4.7587,true,true
3.4880,true,true
2.0703,true,true
4.2545,true,false
11.2258,true,true
7.6020,true,true
6.7256,true,true
2.4307,true,true
4.2963,true,false
2.1010,true,true
6.5543,true,true
2.2968,true,true
7.5522,true,true
6.0099,true,false
6.2719,true,true
4.3118,true,true
2.1836,true,true
6.7353,true,true
2.4938,true,true
2.5490,true,true
9.7964,true,true
3.5761,true,true
7.2940,true,true
3.2628,true,true
2.1622,true,true
3.7247,true,true
5.1071,true,false
4.7664,true,false
4.1171,true,true
4.0441,true,true
4.8369,true,true
13.6656,true,true
3.7899,true,true
3.5719,true,true
7.1676,true,true
2.4423,true,true
6.6423,true,true
2.7300,true,true
2.7006,true,true
7.6781,true,true
2.8039,true,true
5.3605,true,false
3.7053,true,true
6.4409,true,true
5.1610,true,true
3.1656,true,true
6.8728,true,true
4.5526,true,true
3.8137,true,false
6.1908,true,true
3.5930,true,true
5.2388,true,false
8.1219,true,true
3.8945,true,true
2.8210,true,true
3.5481,true,false
4.9514,true,false
3.0710,true,true
6.3310,true,true
2.0419,true,true
3.6657,true,true
2.5695,true,true
3.2858,true,true
4.4200,true,true
3.8657,true,true
6.4237,true,true
4.5222,true,false
2.6379,true,true
3.7617,true,true
5.7010,true,true
7.6490,true,false
2.7516,true,true
5.1171,true,true
13.0716,true,true
3.7473,true,true
10.6055,true,true
5.5719,true,true
6.0235,true,true
3.1563,true,true
2.9881,true,true
2.9083,true,true
2.8921,true,true
3.0938,true,true
2.9159,true,true
3.1079,true,true
3.0753,true,true
2.8358,true,true
3.0966,true,true
18.5515,true,true
15.0209,true,true
9.2121,true,true
3.6388,true,false
4.4669,true,false
3.8944,true,true
3.8862,true,true
11.1814,true,true
18.5184,true,true
2.7348,true,true
5.2212,true,true
2.5447,true,true
13.7254,true,false
5.0107,true,true
13.7981,true,false
5.3071,true,false
2.5299,true,false
2.2529,true,true
7.8322,true,true
2.1536,true,true
3.4300,true,true
9.4475,true,false
3.8526,true,true
5.3935,true,true
1.9830,true,true
4.0566,true,false
6.9979,true,true
8.5896,true,true
3.2028,true,true
2.2220,true,true
2.4852,true,true
2.3098,true,true
3.9325,true,true
2.6695,true,true
5.8145,true,true
7.4354,true,true
3.7145,true,true
4.2518,true,true
5.4149,true,true
2.2174,true,true
6.4868,true,true
2.5008,true,true
4.9761,true,true
5.2483,true,true
1.9105,true,true
3.0561,true,true
3.6374,true,true
2.3464,true,true
5.7247,true,true
2.7822,true,true
8.7047,true,false
7.7272,true,true
14.3672,true,true
4.2413,true,false
1.0868,true,true
4.4002,true,true
3.6731,true,true
7.2256,true,true
6.7027,true,true
2.3920,true,true
7.2388,true,true
2.6456,true,true
4.3290,true,true
2.6054,true,true
5.4310,true,true
3.1958,true,true
6.1769,true,true
2.8048,true,false
4.0776,true,true
3.6417,true,true
5.0238,true,true
5.8602,true,false
5.6549,true,true
2.4120,true,true
4.0350,true,false
3.6318,true,false
5.1532,true,false
6.7464,true,true
2.4944,true,true
2.5618,true,true
2.6985,true,true
4.7938,true,false
3.8698,true,true
4.2699,true,true
5.2933,true,true
2.7037,true,true
6.6946,true,true
3.4627,true,true
4.4496,true,true
4.4878,true,true
2.8198,true,true
2.9407,true,true
4.4829,true,true
2.2877,true,true
4.4337,true,false
12.7240,true,true
4.7380,true,true
2.8481,true,true
3.4595,true,true
2.6486,true,true
2.9555,true,true
5.3731,true,false
4.8198,true,true
4.3600,true,true
5.5609,true,true
4.1074,true,false
4.6067,true,true
4.3792,true,true
2.7060,true,true
2.7767,true,true
2.6980,true,true
3.1639,true,true
7.0675,true,false
2.9482,true,true
7.2359,true,true
4.5528,true,true
3.8124,true,true
3.0466,true,true
8.5537,true,true
3.3991,true,true
2.1414,true,true
2.8846,true,true
5.1270,true,true
4.5491,true,true
6.5708,true,true
3.3876,true,false
7.7918,true,true
3.7511,true,true
2.9696,true,true
4.2575,true,true
2.1924,true,true
2.3662,true,true
2.5939,true,true
2.5308,true,true
2.3455,true,true
2.5242,true,true
2.5356,true,true
2.6850,true,true
2.6806,true,true
15.4289,true,true
4.3313,true,true
2.3211,true,true
4.7805,true,false
2.7188,true,true
2.8017,true,true
2.8842,true,true
2.9599,true,true
3.1815,true,true
4.5871,true,false
7.8778,true,true
3.6606,true,true
4.0941,true,true
3.8375,true,false
2.8341,true,true
8.4329,true,true
2.8521,true,true
4.1742,true,false
3.4074,true,true
2.3676,true,true
6.7896,true,true
3.0051,true,true
5.9305,true,true
2.5971,true,true
4.8342,true,true
4.6388,true,true
3.5019,true,false
4.9279,true,true
7.6101,true,false
4.2483,true,true
17.9627,true,true
5.6760,true,true
3.2344,true,true
5.8101,true,true
13.8974,true,true
2.7880,true,true
6.0920,true,true
7.8339,true,true
3.7799,true,true
22.6740,true,true
9.7140,true,true
6.3120,true,false
2.7245,true,true
2.6821,true,true
3.7763,true,true
3.0882,true,true
4.8428,true,true
11.4532,true,true
8.8565,true,true
4.2325,true,false
11.6099,true,true
2.2424,true,true
2.3801,true,true
4.1000,true,true
4.2763,true,true
6.5450,true,true
4.8225,true,false
13.4568,true,false
8.7233,true,true
7.3084,true,true
5.4049,true,true
2.2228,true,true
2.3010,true,true
2.8284,true,true
4.5474,true,true
7.8174,true,true
3.7037,true,true
2.7622,true,true
2.5483,true,true
6.0810,true,false
6.4107,true,true
3.9095,true,true
3.7291,true,true
3.4675,true,true
1.5409,true,true
2.2728,true,true
3.6908,true,false
6.2093,true,true
5.9776,true,true
3.7911,true,true
4.1378,true,true
11.4012,true,true
5.4279,true,false
2.2860,true,true
3.3612,true,false
2.9448,true,true
11.0262,true,true
4.4269,true,false
2.3009,true,true
2.2728,true,true
7.6864,true,true
4.8938,true,true
5.8911,true,true
2.8093,true,true
2.8101,true,true
3.6755,true,true
4.4297,true,true
4.9513,true,false
3.8943,true,false
4.3162,true,true
5.6348,true,true
2.6520,true,true
2.8252,true,true
2.8882,true,true
3.0418,true,true
5.1914,true,true
1.9277,true,true
3.0785,true,true
6.2010,true,true
9.3189,true,true
3.2220,true,true
4.5322,true,false
4.5689,true,true
2.6913,true,true
3.3788,true,true
3.5081,true,true
2.4562,true,true
3.3333,true,true
3.8868,true,true
2.9820,true,true
2.9521,true,true
4.8807,true,true
2.9249,true,true
5.5412,true,false
3.9923,true,false
3.7275,true,true
10.8501,true,true
2.4056,true,true
2.4418,true,true
4.5435,true,true
2.8148,true,true
9.8440,true,true
4.1231,true,true
3.8029,true,true
2.7828,true,true
2.8891,true,true
3.8922,true,false
8.4820,true,true
3.3265,true,true
4.3799,true,true
3.7707,true,true
2.8791,true,true
3.9856,true,true
7.5974,true,true
7.6807,true,false
6.2675,true,true
2.5534,true,true
2.5297,true,true
2.5344,true,true
4.3167,true,true
2.2505,true,true
2.6915,true,false
2.8713,true,true
7.5729,true,false
3.2851,true,true
2.1586,true,true
2.2349,true,true
6.0436,true,false
6.7167,true,true
3.0989,true,true
5.4641,true,true
2.1594,true,true
3.2672,true,true
2.1621,true,true
3.2990,true,true
2.2317,true,true
2.4960,true,true
2.9146,true,true
3.8872,true,true
10.7574,true,true
2.4025,true,true
13.1723,true,true
7.2686,true,true
3.6348,true,true
2.7038,true,true
5.0492,true,true
6.6899,true,true
2.3638,true,true
3.2255,true,true
2.4176,true,true
2.5897,true,true
4.2388,true,true
6.8542,true,true
14.4793,true,true
3.0878,true,true
3.1499,true,true
4.0654,true,true
4.4415,true,true
3.2295,true,true
6.1308,true,true
5.1640,true,true
4.5364,true,false
12.1473,true,true
6.3809,true,false
2.3266,true,true
17.0336,true,true
5.1891,true,false
2.0216,true,true
3.1487,true,true
3.3126,true,true
6.7799,true,true
2.7184,true,true
4.2894,true,true
3.0900,true,true
3.3333,true,true
2.3168,true,true
2.2225,true,true
2.0132,true,true
5.4702,true,false
5.9272,true,false
4.6523,true,true
3.6975,true,true
3.5562,true,true
4.1063,true,true
3.1177,true,true
3.2327,true,true
6.1028,true,false
2.6627,true,true
2.6757,true,true
2.5155,true,true
2.5996,true,true
2.5071,true,true
2.3576,true,true
6.2143,true,true
3.0296,true,true
2.8047,true,true
2.7625,true,true
4.6119,true,true
6.9411,true,true
3.5252,true,true
3.0717,true,true
11.1957,true,true
3.0365,true,true
10.8164,true,true
2.7494,true,true
4.8637,true,false
2.7349,true,true
6.5992,true,true
5.8586,true,false
5.5777,true,true
3.5339,true,true
4.8444,true,false
2.8705,true,true
4.9395,true,true
8.4969,true,true
14.9886,true,true
5.1162,true,true
9.4028,true,true
6.4826,true,false
2.0652,true,true
5.8458,true,false
14.9360,true,true
3.4698,true,true
4.8520,true,true
3.3887,true,true
2.4255,true,true
11.1365,true,true
6.8409,true,true
5.9364,true,false
5.8905,true,true
6.3562,true,true
2.2717,true,true
2.3590,true,true
5.6635,true,false
2.3474,true,true
3.0404,true,true
3.2172,true,true
8.5626,true,true
3.5402,true,true
6.9068,true,true
1.5149,true,true
4.0211,true,true
2.7379,true,true
2.6355,true,true
2.4788,true,true
2.4670,true,true
2.2145,true,true
2.7555,true,false
6.8608,true,true
4.5789,true,true
6.8017,true,true
2.5367,true,true
6.7338,true,true
2.6000,true,true
2.6802,true,true
6.9380,true,true
2.6249,true,true
3.6232,true,true
5.7058,true,true
3.8797,true,false
3.7681,true,true
2.6218,true,true
8.5543,true,true
9.9897,true,true
5.7206,true,false
2.5567,true,true
10.2307,true,false
2.9422,true,true
4.1792,true,true
2.1902,true,true
6.1514,true,true
3.0619,true,true
3.7784,true,true
5.9998,true,false
5.3791,true,false
6.9134,true,true
2.1471,true,true
4.4833,true,true
5.8185,true,true
4.0459,true,true
6.8181,true,true
3.7694,true,true
4.5174,true,false
5.6565,true,false
2.4826,true,true
2.3416,true,true
2.3824,true,true
5.2699,true,true
2.2382,true,true
2.2560,true,true
1.9026,true,true
2.8428,true,true
6.4618,true,true
6.5955,true,true
2.1750,true,true
2.1697,true,true
5.1411,true,false
2.9182,true,true
3.2192,true,true
6.0549,true,true
4.0699,true,true
3.6168,true,true
2.5188,true,true
5.6037,true,true
6.5801,true,true
2.8040,true,false
5.0176,true,false
7.0187,true,true
8.0367,true,true
2.9939,true,true
2.7865,true,true
2.6787,true,true
5.1978,true,true
1.9867,true,true
4.5704,true,true
8.2951,true,true
6.0400,true,true
13.1810,true,true
2.5328,true,true
5.7085,true,false
2.6300,true,true
2.9518,true,true
5.3336,true,false
7.9006,true,true
4.0127,true,true
4.2109,true,false
2.0756,true,true
2.9828,true,true
8.6549,true,true
6.5488,true,true
1.9469,true,true
5.4032,true,true
11.6258,true,true
5.9980,true,true
2.4894,true,true
2.5745,true,true
4.2846,true,true
2.1196,true,true
3.0031,true,true
3.7328,true,true
6.8481,true,true
3.1124,true,true
3.7006,true,false
4.3226,true,true
6.7700,true,true
2.2766,true,true
3.3325,true,false
2.7393,true,true
2.7895,true,true
13.8425,true,true
5.9508,true,true
2.5904,true,true
2.4086,true,true
2.3596,true,true
2.4488,true,true
2.4525,true,true
6.1685,true,true
3.1427,true,true
2.8233,true,true
7.6917,true,false
2.7089,true,true
4.9408,true,true
3.2370,true,true
3.6847,true,true
7.3416,true,true
4.5832,true,false
2.5867,true,true
2.3987,true,true
5.2251,true,true
1.9767,true,true
6.9287,true,false
4.6738,true,true
5.9844,true,true
3.8603,true,true
11.2694,true,true
6.5447,true,false
2.3829,true,true
3.3039,true,true
3.5322,true,true
5.8054,true,true
2.7118,true,true
6.0254,true,true
2.7587,true,true
3.4731,true,true
3.3532,true,true
2.1873,true,true
6.4614,true,true
2.2977,true,true
6.6497,true,true
4.3657,true,false
2.8658,true,true
4.1652,true,true
3.5278,true,false
2.6860,true,true
4.5591,true,true
3.0119,true,true
5.8988,true,true
2.6216,true,true
2.3453,true,true
10.1298,true,true
6.1360,true,true
3.7012,true,false
7.0624,true,true
3.1159,true,false
3.4199,true,true
2.3240,true,true
2.5918,true,true
2.5670,true,true
4.7009,true,true
4.5916,true,true
2.6568,true,true
5.1004,true,true
3.0855,true,true
4.5320,true,true
3.4416,true,true
3.9716,true,true
5.6179,true,true
2.5671,true,true
3.1720,true,true
3.0053,true,true
5.3199,true,true
3.4256,true,true
4.0720,true,false
4.2194,true,true
2.2004,true,true
2.9765,true,true
3.8998,true,true
4.1406,true,true
8.4097,true,true
3.8445,true,true
7.0638,true,true
2.5672,true,true
6.0451,true,true
3.0217,true,true
4.3750,true,true
2.1396,true,true
3.3994,true,true
6.3590,true,true
3.6311,true,true
3.3943,true,true
10.3627,true,true
5.8261,true,true
2.8687,true,true
4.4383,true,true
2.8050,true,true
3.4264,true,true
3.0903,true,true
3.8764,true,true
5.6822,true,false
2.3396,true,true
6.0490,true,false
5.8933,true,true
2.6681,true,true
2.6980,true,true
7.7131,true,true
7.7548,true,true
5.0212,true,true
11.7192,true,true
2.4357,true,true
5.1959,true,true
9.9284,true,true
5.4380,true,true
2.3010,true,true
2.2260,true,true
3.3316,true,true
1.3949,true,true
5.2616,true,true
2.1250,true,true
4.7755,true,true
2.9438,true,true
6.4284,true,true
3.2182,true,true
3.7446,true,false
4.4156,true,true
2.4673,true,true
2.5280,true,true
4.1521,true,true
3.0605,true,true
3.0395,true,true
6.6429,true,true
7.2643,true,true
6.4130,true,false
6.7015,true,true
4.0406,true,true
4.8920,true,true
3.7232,true,true
3.2320,true,false
2.5888,true,false
5.5043,true,false
3.5342,true,true
4.5522,true,true
4.1651,true,true
3.8542,true,true
4.5527,true,true
2.4283,true,true
2.5700,true,true
2.4118,true,true
5.9787,true,true
3.3149,true,true
11.0931,true,true
3.0574,true,true
4.4133,true,false
3.6425,true,true
5.6954,true,true
3.0714,true,false
4.9373,true,true
2.8817,true,true
2.9559,true,true
2.9117,true,true
3.1426,true,true
9.3994,true,true
7.0047,true,false
6.7017,true,true
2.2869,true,true
3.6157,true,true
5.5313,true,true
6.2433,true,true
2.5981,true,true
6.4251,true,false
2.1735,true,true
3.2104,true,true
2.8290,true,true
4.0525,true,true
3.3844,true,true
2.5084,true,true
3.5954,true,true
2.4168,true,true
2.3417,true,true
8.5670,true,true
2.6457,true,true
3.1197,true,true
5.3458,true,true
2.1497,true,true
3.1721,true,true
4.9769,true,true
4.1960,true,true
4.0652,true,true
2.9461,true,true
4.9214,true,false
3.2844,true,true
2.6083,true,true
7.3900,true,true
2.5361,true,true
3.1759,true,true
3.0813,true,true
6.5561,true,true
2.2862,true,true
2.2967,true,true
3.6763,true,false
2.7094,true,true
10.3397,true,true
9.4718,true,true
22.0397,true,true
15.3851,true,true
9.1385,true,true
5.5233,true,false
2.0506,true,true
8.1828,true,false
14.6969,true,true
10.1927,true,true
7.2103,true,true
5.5010,true,true
3.8114,true,true
2.9041,true,true
6.8345,true,true
3.4078,true,true
5.4155,true,false
2.2242,true,true
2.3475,true,true
2.4798,true,true
2.5421,true,true
4.2081,true,true
4.5480,true,false
2.2964,true,true
9.0750,true,true
5.0664,true,false
6.5566,true,true
2.6202,true,true
10.8867,true,true
3.9988,true,true
3.4573,true,true
5.5520,true,true
2.6098,true,true
5.2610,true,true
6.9452,true,true
5.5862,true,false
6.5758,true,true
7.1864,true,false
2.5652,true,true
2.4373,true,true
2.6723,true,true
3.0251,true,true
7.1168,true,true
4.1356,true,true
5.2868,true,true
3.4264,true,true
4.2626,true,true
3.5191,true,false
2.5736,true,true
5.6779,true,false
3.1500,true,true
3.3794,true,true
5.8397,true,true
3.6400,true,true
2.7537,true,true
2.6278,true,true
9.5154,true,false
3.7365,true,false
2.5297,true,true
2.4348,true,true
5.3683,true,true
2.1376,true,true
6.9595,true,true
2.5065,true,true
2.4286,true,true
6.9026,true,true
2.1510,true,true
3.8841,true,true
4.5315,true,true
6.0649,true,false
2.9606,true,true
5.1825,true,true
2.9576,true,true
2.9052,true,true
2.8680,true,true
2.6621,true,true
6.9191,true,true
3.3252,true,true
2.2797,true,true
2.8318,true,true
2.7172,true,true
5.0362,true,true
2.8692,true,true
7.6973,true,true
7.1826,true,true
7.2793,true,true
4.2530,true,true
2.3370,true,true
5.2236,true,false
3.3296,true,true
5.9528,true,false
2.8881,true,true
3.8733,true,true
2.7944,true,true
7.4689,true,true
5.9814,true,true
2.6912,true,true
6.2194,true,true
5.3024,true,false
3.6872,true,false
2.7382,true,true
6.2196,true,false
2.9038,true,true
2.7693,true,true
5.9645,true,false
3.6136,true,true
8.3121,true,true
2.6566,true,true
3.7666,true,true
7.9195,true,true
15.5070,true,true
4.3981,true,false
3.5368,true,true
2.3965,true,true
4.5878,true,true
3.1312,true,false
3.4411,true,false
2.2430,true,true
8.5048,true,true
3.4655,true,true
3.2858,true,true
9.6049,true,true
2.5064,true,true
2.6085,true,true
2.6368,true,true
3.4326,true,true
4.2663,true,false
6.1266,true,true
4.0253,true,true
3.8621,true,false
2.7551,true,true
6.6247,true,true
2.6120,true,true
4.1423,true,true
6.7947,true,true
5.0263,true,true
6.7613,true,true
2.3550,true,true
3.1005,true,true
5.3367,true,false
3.6344,true,true
6.1257,true,true
8.0587,true,true
2.8107,true,true
5.5977,true,false
5.4242,true,false
4.5884,true,true
2.7191,true,true
2.8039,true,true
7.6863,true,true
3.2737,true,true
4.5913,true,false
2.6051,true,true
2.8965,true,true
2.7476,true,true
9.6315,true,false
5.4676,true,false
2.0582,true,true
3.0276,true,true
5.6625,true,false
4.2247,true,false
2.0058,true,true
2.8077,true,true
6.1130,true,false
4.9426,true,true
3.8392,true,true
3.0873,true,true
5.2034,true,false
2.7209,true,true
6.4217,true,true
2.6788,true,true
3.1919,true,false
2.1982,true,true
2.8895,true,true
4.6365,true,true
3.1857,true,true
4.9873,true,false
3.0415,true,true
5.7655,true,false
2.4079,true,true
6.4569,true,true
2.2382,true,true
2.1468,true,true
2.9684,true,true
8.1465,true,true
4.1125,true,true
3.0681,true,true
5.3302,true,false
6.5171,true,true
6.2791,true,true
7.0527,true,true
7.9389,true,true
3.1920,true,true
4.8971,true,true
3.3832,true,true
2.3869,true,true
4.1932,true,true
2.5449,true,true
2.5826,true,true
2.3685,true,true
5.3381,true,true
6.6005,true,false
3.1063,true,true
4.5076,true,true
3.0252,true,false
2.9508,true,true
5.9394,true,true
4.0824,true,false
14.2721,true,true
8.3649,true,true
4.9723,true,true
2.8184,true,true
5.6276,true,true
5.9092,true,true
7.0566,true,true
13.8905,true,true
3.6838,true,true
3.3538,true,true
2.5165,true,true
2.3789,true,true
5.4076,true,true
2.5056,true,true
2.7167,true,true
2.6402,true,true
2.8104,true,true
3.3246,true,false
3.6842,true,true
18.2005,true,true
6.6444,true,true
2.9237,true,true
2.8660,true,true
5.5462,true,true
6.2686,true,true
2.0604,true,true
7.9908,true,true
7.1304,true,true
6.0475,true,true
2.7940,true,true
2.9005,true,true
3.2281,true,true
2.3760,true,true
2.5125,true,true
3.8940,true,true
10.5607,true,true
6.6471,true,true
16.0447,true,true
13.5194,true,true
4.5310,true,true
11.3265,true,true
8.1939,true,true
3.0717,true,true
6.6316,true,true
5.3953,true,true
2.8786,true,true
7.2543,true,true
3.2528,true,true
5.2754,true,true
2.7644,true,true
5.8455,true,true
4.0833,true,true
3.2179,true,true
6.0635,true,true
8.7548,true,true
7.2313,true,true
4.0043,true,false
3.0853,true,true
3.0264,true,true
3.1317,true,true
4.6078,true,true
2.4054,true,true
2.5323,true,true
3.4937,true,false
3.1446,true,true
3.8131,true,true
7.2566,true,true
2.6130,true,true
12.4150,true,true
4.0173,true,true
10.4024,true,true
4.5355,true,true
3.0511,true,true
6.3659,true,false
2.0415,true,true
3.2235,true,true
6.1198,true,true
6.8807,true,true
5.0650,true,true
7.9761,true,true
2.9714,true,true
3.5979,true,true
3.0281,true,true
2.8795,true,true
2.8726,true,true
4.2155,true,false
3.3869,true,true
1.9671,true,true
4.0478,true,true
3.0375,true,true
5.4847,true,false
6.9230,true,true
6.0486,true,true
5.4069,true,true
4.2189,true,true
6.7911,true,true
2.3930,true,true
2.3306,true,true
4.2101,true,true
5.5097,true,true
3.1627,true,true
3.5427,true,false
9.2608,true,true
7.1104,true,true
2.5590,true,true
7.8873,true,true
2.3926,true,true
2.1546,true,true
6.7000,true,true
2.5369,true,true
8.3633,true,true
4.3547,true,true
2.6302,true,true
4.9443,true,true
2.9866,true,true
4.3305,true,false
3.4099,true,true
4.3029,true,true
5.9768,true,true
3.8566,true,true
2.7802,true,true
3.5456,true,true
7.2137,true,true
5.0383,true,true
2.9370,true,true
2.7515,true,true
2.6844,true,true
3.6297,true,true
2.6769,true,true
2.7998,true,true
6.1670,true,true
8.4834,true,true
4.0933,true,true
3.0225,true,true
3.1910,true,true
5.9278,true,true
4.9818,true,false
5.3121,true,false
1.9735,true,true
5.6493,true,true
6.2078,true,false
3.3823,true,true
2.6221,true,true
3.2734,true,true
4.8858,true,false
5.8249,true,false
3.9629,true,true
20.8898,true,true
3.0677,true,true
5.1284,true,false
3.1211,true,true
3.2471,true,true
4.0867,true,false
3.8087,true,true
3.0493,true,true
3.9279,true,true
8.0018,true,true
3.8707,true,true
3.5780,true,true
2.6756,true,true
5.7125,true,true
6.8471,true,false
3.6821,true,true
2.8711,true,true
2.9513,true,true
3.1954,true,true
2.1395,true,true
3.2537,true,true
2.3379,true,true
4.3905,true,true
6.0446,true,true
5.2034,true,true
5.9675,true,true
5.0447,true,false
3.1866,true,true
2.0326,true,true
2.9327,true,true
6.8574,true,true
3.4528,true,true
5.2518,true,true
2.5642,true,true
2.9065,true,true
5.6268,true,true
5.5311,true,true
2.4544,true,true
9.2689,true,false
3.6669,true,true
2.9185,true,true
3.4512,true,true
2.8111,true,true
2.8873,true,true
3.6826,true,true
2.6549,true,true
2.5472,true,true
3.9843,true,true
4.3485,true,true
2.2601,true,true
2.8359,true,false
4.5017,true,true
2.4859,true,true
15.5360,true,true
6.0802,true,true
3.3780,true,true
19.2305,true,true
3.8183,true,true
4.1197,true,true
3.8778,true,true
8.0737,true,false
9.0718,true,true
3.8494,true,false
14.7771,true,true
4.5158,true,true
11.5900,true,true
4.9920,true,false
3.0583,true,true
3.1102,true,true
4.5371,true,true
3.9001,true,false
4.1385,true,true
3.1223,true,true
7.3275,true,true
6.3401,true,true
4.6173,true,true
2.4593,true,true
3.6785,true,true
3.7621,true,true
2.7994,true,true
3.4023,true,true
8.3012,true,true
5.9205,true,true
3.6442,true,true
22.3963,true,true
3.9562,true,false
5.1120,true,true
3.5218,true,true
13.2497,true,true
2.2313,true,true
2.3237,true,true
5.0963,true,true
7.4511,true,true
3.0119,true,true
6.4559,true,true
2.7475,true,true
6.6550,true,false
6.3117,true,true
6.9027,true,true
2.4416,true,true
5.0354,true,true
4.2724,true,true
2.8944,true,false
2.7475,true,true
4.5479,true,true
6.8645,true,true
3.3936,true,true
4.9579,true,true
6.7766,true,true
2.9971,true,true
6.4372,true,true
2.4925,true,true
2.9195,true,false
5.2997,true,true
3.4156,true,false
6.6528,true,true
5.8678,true,true
3.3472,true,true
6.7025,true,true
3.6808,true,true
2.7801,true,true
2.8337,true,true
2.9883,true,true
4.2048,true,true
6.7300,true,true
8.4292,true,false
3.5294,true,true
3.4233,true,true
6.7036,true,true
2.1793,true,true
3.4644,true,true
2.4923,true,true
4.9297,true,true
6.3969,true,true
3.6232,true,true
9.0661,true,true
4.0778,true,true
3.4838,true,true
2.9403,true,true
4.9186,true,true
5.9664,true,true
4.3752,true,true
2.4024,true,true
6.5904,true,true
8.1556,true,false
5.5171,true,true
5.7050,true,false
5.0849,true,false
3.7213,true,true
6.8200,true,true
3.9777,true,true
3.4576,true,true
5.8116,true,false
2.7047,true,true
2.9555,true,true
3.1242,true,true
3.0501,true,true
6.9836,true,true
2.8276,true,true
2.8916,true,true
6.1806,true,true
7.2931,true,true
3.2077,true,true
3.9115,true,true
3.3453,true,true
7.5498,true,true
3.2115,true,true
2.6904,true,false
10.8577,true,true
5.7380,true,true
2.7400,true,true
4.1829,true,true
5.4262,true,true
2.0141,true,true
5.4847,true,true
5.1608,true,true
3.1226,true,true
3.8984,true,false
6.0255,true,false
4.0855,true,true
4.6296,true,true
2.6047,true,true
3.3727,true,true
3.0787,true,false
3.7939,true,true
8.3457,true,false
3.3004,true,true
2.6199,true,true
3.5348,true,true
2.7058,true,true
2.8620,true,true
3.1666,true,true
4.5957,true,false
6.9541,true,true
2.3080,true,true
3.0498,true,false
7.4074,true,true
3.4365,true,true
2.5127,true,true
2.5170,true,true
4.6618,true,false
5.3185,true,true
3.1227,true,true
6.5268,true,true
3.1790,true,true
5.9872,true,false
6.6631,true,true
2.4336,true,true
2.5243,true,true
2.2976,true,true
3.9467,true,true
4.1895,true,true
6.2049,true,true
7.0077,true,true
6.1782,true,true
5.4669,true,true
3.6343,true,true
4.5590,true,true
6.1799,true,true
3.3944,true,true
3.4346,true,true
3.3173,true,false
5.8976,true,false
2.8857,true,true
4.2303,true,true
2.0020,true,true
10.0814,true,true
23.7391,true,true
11.4164,true,false
5.5579,true,false
7.3243,true,true
3.5157,true,false
4.0715,true,false
5.9065,true,true
2.4768,true,true
2.7146,true,true
2.6392,true,true
2.9971,true,true
3.9380,true,false
3.6559,true,true
2.6087,true,true
2.3832,true,true
2.4990,true,true
5.6180,true,true
7.8323,true,true
5.9429,true,false
5.8625,true,true
5.6705,true,true
3.4846,true,true
2.3455,true,true
5.7964,true,false
3.4588,true,true
2.7907,true,true
5.5874,true,false
2.1436,true,true
4.6322,true,true
5.0222,true,true
5.4452,true,true
2.7089,true,true
3.8316,true,true
5.7001,true,true
2.6668,true,true
2.6292,true,true
3.4202,true,false
2.6117,true,true
2.7776,true,true
2.9696,true,true
6.3601,true,false
3.0983,true,true
6.5703,true,true
3.5105,true,true
2.3460,true,true
6.0859,true,true
6.2590,true,true
3.5302,true,true
4.8178,true,true
4.1799,true,true
3.7801,true,false
5.8050,true,true
6.3703,true,true
5.0387,true,true
3.1624,true,true
6.2095,true,true
3.7551,true,true
6.7245,true,true
2.5672,true,true
6.8075,true,true
2.4849,true,true
2.3494,true,true
9.7080,true,true
2.3873,true,true
3.3550,true,true
2.4800,true,true
6.9643,true,true
2.4967,true,true
2.5025,true,true
2.5380,true,true
6.0136,true,false
3.0639,true,true
5.4399,true,true
8.9805,true,false
3.4510,true,true
2.4201,true,true
9.7402,true,true
6.7838,true,true
2.2818,true,true
6.3484,true,true
4.7604,true,true
4.3908,true,true
2.6157,true,true
15.4014,true,true
3.3930,true,false
3.1778,true,true
3.3605,true,true
3.1891,true,true
6.5264,true,true
2.3491,true,true
2.3421,true,true
6.4206,true,true
4.8965,true,true
4.6443,true,false
3.2826,true,true
2.8899,true,true
3.5331,true,true
5.7090,true,true
2.4842,true,true
4.2347,true,true
4.7071,true,true
6.5997,true,true
3.3336,true,true
2.3761,true,true
2.4995,true,true
2.5388,true,true
4.9236,true,false
3.0963,true,true
4.2328,true,true
2.1984,true,true
3.3360,true,true
3.1572,true,true
3.1396,true,true
3.1329,true,true
3.2352,true,true
2.1005,true,true
5.0877,true,false
6.1778,true,true
5.4803,true,true
2.9969,true,true
6.1672,true,false
5.8887,true,true
3.3269,true,true
2.8412,true,true
3.0282,true,true
3.0547,true,true
3.1746,true,true
6.2877,true,false
2.5304,true,true
2.7316,true,true
4.5369,true,true
4.4314,true,true
2.4623,true,true
2.7850,true,true
3.6259,true,true
2.7857,true,true
3.5879,true,false
2.8254,true,true
6.4435,true,true
6.1178,true,true
4.0653,true,true
4.9079,true,true
5.8525,true,true
7.0579,true,false
2.9290,true,true
5.7852,true,true
3.8583,true,false
2.7449,true,true
6.0271,true,true
3.2631,true,false
2.2799,true,true
2.6122,true,true
10.5007,true,true
4.3643,true,true
3.1139,true,true
2.9056,true,true
4.8238,true,true
3.5436,true,false
2.8424,true,true
5.3019,true,true
2.2888,true,true
3.0313,true,true
4.3505,true,true
3.2985,true,true
5.1090,true,false
2.8733,true,true
2.9672,true,true
5.6147,true,true
2.2563,true,true
4.7950,true,true
2.4461,true,true
2.4523,true,true
2.2376,true,true
3.3578,true,true
2.3888,true,true
3.1447,true,true
3.8937,true,true
7.6018,true,true
5.6538,true,false
2.4284,true,true
2.6081,true,true
6.3536,true,true
3.0892,true,true
9.6215,true,false
3.9200,true,true
6.5449,true,true
15.5990,true,true
4.5067,true,true
3.0314,true,false
3.1251,true,true
3.2814,true,true
7.3560,true,true
2.6276,true,true
2.5386,true,true
4.0026,true,true
4.7961,true,false
7.1333,true,true
2.5973,true,true
2.6874,true,true
5.2173,true,false
2.7256,true,true
6.0626,true,true
2.8810,true,true
3.4112,true,true
4.9873,true,true
2.9539,true,true
2.8553,true,true
3.0847,true,true
6.9298,true,true
2.8033,true,true
5.4034,true,false
2.9912,true,true
2.9186,true,true
9.1977,true,true
5.5343,true,false
2.3529,true,true
3.0135,true,true
5.7825,true,true
3.0060,true,true
6.5276,true,true
4.1723,true,true
3.3050,true,true
2.3810,true,true
4.4318,true,true
2.3846,true,true
4.9873,true,true
2.8578,true,true
6.5703,true,false
8.8601,true,true
4.9998,true,true
4.3503,true,true
2.6569,true,true
2.6980,true,true
5.2695,true,true
3.9814,true,false
6.5911,true,true
3.3623,true,false
3.1615,true,true
2.9771,true,true
7.2937,true,true
3.6388,true,false
4.4394,true,true
2.1885,true,true
3.5047,true,true
6.2112,true,true
2.5078,true,true
6.6983,true,true
4.2082,true,true
8.8658,true,true
3.9678,true,true
19.5261,true,true
5.6339,true,true
4.7183,true,true
2.5888,true,true
5.5721,true,true
5.9050,true,false
2.7369,true,true
4.0060,true,true
15.4565,true,true
3.3639,true,true
3.1393,true,false
19.0054,true,true
3.7341,true,false
6.2297,true,true
3.7261,true,true
3.0566,true,true
5.2047,true,true
6.3114,true,true
2.1178,true,true
5.8261,true,false
6.0566,true,false
3.8594,true,true
3.0605,true,true
3.1741,true,true
5.8216,true,true
2.9045,true,true
6.4462,true,true
2.0894,true,true
6.1317,true,true
5.6801,true,true
2.7055,true,true
8.7036,true,true
2.5478,true,true
2.4854,true,true
2.5046,true,true
2.6344,true,true
6.6102,true,true
5.5609,true,true
4.4702,true,false
3.6218,true,true
3.3795,true,true
2.3818,true,true
2.4399,true,true
2.6634,true,true
2.8415,true,true
4.2201,true,true
1.9108,true,true
6.5296,true,true
4.8882,true,true
4.4889,true,true
3.8344,true,true
6.3811,true,true
2.0000,true,true
5.2616,true,true
6.0882,true,true
7.3562,true,true
6.8110,true,true
6.5514,true,true
3.3634,true,true
2.4682,true,true
5.8843,true,false
6.5262,true,true
2.7233,true,true
2.7434,true,true
10.4695,true,false
5.8745,true,true
3.1659,true,false
6.0316,true,true
4.2842,true,true
4.6459,true,true
5.8921,true,true
3.5502,true,true
2.8347,true,true
2.8439,true,true
2.9360,true,true
5.6066,true,true
5.8534,true,true
5.3788,true,true
5.8171,true,true
2.5394,true,true
6.9712,true,true
2.7099,true,false
5.0535,true,false
6.4268,true,true
6.2538,true,true
1.9944,true,true
3.5623,true,true
5.6118,true,true
5.3456,true,true
5.3674,true,true
2.0759,true,true
13.8742,true,false
7.9336,true,true
7.7291,true,false
2.4773,true,true
4.9288,true,true
2.7152,true,true
2.6204,true,true
2.4615,true,true
3.8620,true,true
4.7070,true,true
6.8283,true,true
2.5499,true,true
4.4572,true,true
4.9415,true,false
6.1008,true,true
2.8020,true,true
2.7878,true,true
3.4767,true,true
5.3249,true,false
6.1801,true,false
3.1856,true,true
6.6238,true,true
2.4272,true,true
2.4908,true,true
2.5265,true,true
2.8121,true,true
3.4076,true,true
4.9103,true,true
8.2157,true,true
4.0069,true,true
3.9737,true,true
3.5775,true,true
2.7930,true,true
5.9327,true,true
2.7135,true,true
2.7054,true,true
5.8344,true,true
5.2245,true,false
3.8918,true,true
10.3437,true,true
3.2548,true,true
5.3552,true,false
4.9492,true,true
7.9780,true,true
2.5542,true,true
6.1989,true,true
4.3129,true,true
2.4243,true,true
4.8160,true,false
5.1122,true,true
4.3403,true,true
2.3252,true,true
2.2169,true,true
2.8669,true,true
7.6568,true,true
7.1602,true,false
5.6196,true,true
6.0776,true,true
9.3167,true,true
5.7387,true,true
3.5673,true,false
7.1078,true,false
17.0965,true,true
6.7659,true,true
3.5636,true,true
2.5367,true,true
2.6838,true,true
7.0876,true,true
6.9824,true,true
6.4442,true,true
3.3311,true,true
4.8926,true,true
3.8129,true,true
6.2711,true,false
2.0322,true,true
3.5937,true,true
8.0473,true,false
6.7559,true,true
24.4941,true,true
6.4927,true,true
11.8632,true,true
7.3131,true,true
4.4301,true,true
3.6163,true,true
5.1647,true,true
3.2309,true,true
1.8419,true,true
3.8381,true,true
3.2013,true,true
4.0232,true,false
5.1395,true,false
3.9723,true,true
6.3316,true,false
4.1044,true,true
3.0936,true,true
4.3844,true,true
6.4367,true,true
2.3532,true,true
3.4733,true,true
13.1736,true,true
7.4072,true,true
2.8482,true,true
3.1828,true,true
5.2457,true,true
5.0808,true,true
3.1143,true,true
6.7629,true,true
4.3141,true,true
2.3061,true,true
3.5792,true,true
4.9752,true,false
6.2537,true,true
2.9236,true,false
6.3251,true,true
2.6277,true,true
5.4155,true,true
2.0829,true,true
3.5574,true,true
5.1004,true,false
8.4450,true,true
4.4482,true,true
3.1208,true,false
3.1557,true,true
2.9877,true,true
2.9395,true,true
2.7240,true,true
2.6276,true,true
1.8307,true,true
2.7215,true,true
4.6800,true,false
2.9417,true,true
2.9191,true,true
2.9425,true,true
6.7695,true,false
2.5405,true,true
4.0285,true,true
3.9443,true,true
3.2217,true,true
5.1795,true,false
3.2367,true,true
3.8320,true,true
4.8920,true,true
2.9854,true,true
4.5576,true,true
5.9477,true,true
2.6387,true,true
2.9244,true,true
5.8799,true,true
9.8361,true,true
3.9225,true,true
4.1766,true,true
9.0680,true,true
2.8846,true,true
4.6082,true,true
2.7449,true,true
9.4876,true,true
1.9103,true,true
2.2476,true,true
4.6609,true,true
5.5910,true,true
3.2818,true,true
2.2994,true,true
2.1708,true,true
5.2579,true,false
5.2563,true,true
3.6412,true,true
9.9157,true,true
5.0438,true,false
3.8175,true,true
2.9087,true,true
6.2303,true,false
4.6106,true,true
2.4002,true,true
2.3852,true,true
5.5816,true,false
3.3992,true,true
6.3037,true,true
12.9059,true,true
1.8566,true,true
2.9031,true,true
6.0306,true,false
2.8052,true,true
4.0652,true,true
3.4076,true,true
4.5807,true,true
5.8570,true,true
6.1956,true,true
3.0385,true,true
3.5753,true,true
2.8774,true,true
2.8848,true,true
6.7833,true,true
3.0227,true,true
5.1368,true,true
6.3032,true,false
5.4107,true,true
4.4414,true,false
3.1415,true,true
9.4639,true,true
4.6463,true,true
2.8046,true,true
2.9859,true,true
4.1368,true,false
7.2191,true,true
15.7090,true,false
11.2259,true,true
8.4649,true,false
3.8274,true,true
12.5713,true,true
13.2655,true,true
7.5363,true,true
6.1127,true,true
3.5880,true,true
2.8789,true,true
3.7095,true,false
6.1137,true,false
3.7272,true,true
2.8749,true,true
5.5744,true,false
2.7170,true,true
2.6857,true,true
9.0423,true,true
3.9438,true,true
6.0199,true,true
4.1180,true,false
4.7585,true,true
3.0161,true,true
5.1176,true,false
3.1804,true,true
6.8791,true,false
3.0821,true,true
22.1316,true,true
17.4929,true,true
4.5615,true,true
5.9618,true,true
6.2731,true,true
5.6200,true,false
3.5452,true,true
2.8086,true,true
2.8270,true,true
3.2213,true,true
4.9380,true,true
3.7235,true,true
2.4227,true,true
5.5402,true,true
2.5263,true,true
3.1735,true,true
2.1107,true,true
3.8090,true,true
4.6753,true,true
2.6833,true,true
6.0130,true,true
4.3301,true,true
2.3262,true,true
2.2662,true,true
5.3351,true,true
4.5150,true,true
7.6297,true,true
15.5097,true,true
5.0254,true,true
6.9490,true,true
2.6316,true,true
3.0535,true,true
2.0516,true,true
3.6466,true,true
2.7160,true,true
7.2322,true,true
4.7518,true,false
2.6849,true,true
2.9070,true,true
3.9771,true,true
2.9385,true,true
4.5506,true,true
8.8776,true,false
3.4180,true,true
6.0855,true,true
4.2601,true,true
4.3259,true,true
4.5432,true,false
2.7714,true,true
3.0223,true,true
9.6798,true,true
17.4573,true,true
7.6454,true,true
9.1137,true,true
3.8698,true,true
7.0937,true,true
2.8688,true,true
2.9018,true,true
2.9688,true,true
6.9778,true,true
3.7341,true,false
17.4479,true,true
11.6952,true,true
7.8011,true,true
4.1934,true,false
1.8620,true,true
7.0985,true,true
4.8031,true,true
3.9594,true,true
3.1777,true,true
3.8818,true,true
5.8505,true,true
12.2931,true,true
4.0817,true,false
7.1967,true,true
6.8235,true,true
2.8206,true,true
6.0729,true,true
6.2652,true,true
4.6389,true,true
6.2767,true,true
1.8531,true,true
4.9126,true,true
3.0641,true,true
4.9691,true,true
2.4946,true,true
4.9876,true,true
4.4827,true,false
5.3643,true,true
5.4683,true,true
5.8573,true,true
14.8659,true,true
8.9134,true,true
6.0895,true,true
5.6571,true,true
4.5321,true,true
4.3233,true,true
2.2470,true,true
8.4401,true,false
5.1911,true,true
2.0253,true,true
4.7620,true,true
2.6918,true,true
6.0787,true,true
3.5858,true,true
4.2362,true,false
3.0621,true,true
3.0451,true,true
3.9440,true,true
9.3592,true,true
8.8658,true,true
7.1063,true,true
3.8313,true,true
4.6043,true,false
3.8337,true,true
6.1153,true,false
15.3133,true,true
4.2569,true,true
6.5278,true,true
2.1128,true,true
6.2800,true,true
2.1010,true,true
3.2582,true,true
2.2306,true,true
2.9791,true,true
3.0748,true,true
3.5808,true,true
6.4444,true,true
4.7697,true,false
2.8746,true,true
8.1815,true,true
3.3993,true,true
13.9581,true,true
2.3974,true,true
4.9220,true,false
2.8719,true,true
10.2076,true,true
6.2185,true,true
4.1843,true,true
4.4178,true,true
14.7686,true,true
2.3747,true,true
2.7607,true,true
9.8176,true,true
6.5008,true,true
3.5152,true,false
2.5687,true,true
2.4395,true,true
4.9381,true,true
3.7881,true,true
5.4276,true,true
5.7579,true,false
6.4350,true,true
3.7982,true,true
3.3109,true,true
16.8047,true,true
4.7856,true,true
1.8660,true,true
4.5169,true,true
2.3468,true,true
3.1118,true,true
3.1676,true,true
1.9832,true,true
3.1691,true,true
7.7135,true,true
2.9908,true,true
3.0025,true,true
3.0612,true,true
8.5179,true,true
2.9374,true,true
10.7697,true,true
7.8948,true,true
2.9447,true,true
3.1454,true,true
4.4782,true,true
5.2642,true,false
3.1135,true,true
5.4092,true,false
5.4259,true,true
2.4916,true,true
2.8889,true,true
3.4003,true,true
2.5810,true,true
2.6448,true,true
6.2687,true,true
3.9595,true,true
5.3401,true,true
4.9788,true,true
3.1662,true,true
3.6523,true,true
6.1661,true,true
2.9929,true,true
3.4397,true,true
2.5002,true,true
2.5282,true,true
5.6414,true,false
6.0526,true,true
6.0937,true,true
6.2602,true,true
2.9971,true,false
3.1081,true,true
5.0032,true,true
6.5423,true,false
3.0613,true,true
5.4127,true,true
5.0456,true,true
4.6593,true,false
6.9136,true,true
6.0532,true,true
2.7100,true,true
5.6847,true,true
3.6988,true,true
16.4626,true,true
5.4066,true,false
4.0237,true,false
3.0783,true,true
5.6536,true,true
5.2192,true,true
3.4518,true,true
3.1428,true,true
4.1361,true,true
6.4924,true,true
2.1518,true,true
3.8010,true,true
6.5720,true,true
3.3776,true,false
5.0949,true,false
6.3015,true,true
4.9216,true,true
7.5680,true,true
7.0751,true,true
2.1305,true,true
3.1053,true,true
4.7862,true,false
10.5957,true,true
5.7946,true,true
3.9867,true,true
6.9772,true,true
4.7561,true,true
4.5331,true,true
3.1542,true,true
3.5645,true,true
6.8684,true,false
3.6660,true,false
8.5181,true,true
5.1901,true,true
9.4752,true,true
5.3569,true,true
1.9778,true,true
3.5462,true,true
2.4646,true,true
3.8550,true,true
2.6185,true,true
2.8781,true,true
3.5183,true,true
4.0037,true,false
3.9750,true,true
2.8099,true,true
2.9611,true,true
8.5720,true,true
6.2693,true,true
1.8555,true,true
4.5277,true,true
6.5541,true,true
3.3304,true,false
2.1917,true,true
4.5513,true,false
2.7675,true,true
2.8595,true,true
2.8840,true,true
3.2259,true,true
7.7144,true,true
5.9649,true,true
5.1169,true,true
7.6299,true,true
4.8142,true,true
17.7051,true,true
6.8667,true,true
4.8184,true,true
3.0187,true,true
6.4730,true,true
2.2499,true,true
8.0986,true,true
5.9933,true,true
3.7983,true,true
4.5045,true,true
3.7417,true,false
2.7994,true,true
2.8108,true,true
3.0160,true,true
5.1540,true,true
12.9536,true,true
6.0707,true,false
3.0420,true,true
3.0892,true,true
4.0529,true,true
5.1087,true,false
5.3707,true,true
6.6393,true,false
2.5897,true,true
5.6065,true,true
2.6415,true,true
10.8593,true,true
6.0631,true,true
2.9468,true,true
6.5011,true,false
3.9114,true,true
6.3378,true,true
1.8809,true,true
2.7059,true,true
2.7361,true,true
4.9711,true,true
3.8118,true,true
4.4419,true,false
11.8995,true,true
7.3889,true,true
2.3349,true,true
3.5473,true,true
5.7687,true,true
2.5071,true,true
2.4271,true,true
2.5818,true,true
2.8954,true,true
8.5309,true,true
2.8738,true,true
3.4346,true,true
3.2540,true,true
1.9067,true,true
3.5451,true,true
2.3806,true,true
2.3150,true,true
2.4039,true,true
3.2896,true,true
2.2363,true,true
2.3127,true,true
2.4277,true,true
4.1050,true,true
9.2345,true,true
3.1955,true,true
5.4533,true,false
5.3864,true,true
4.7165,true,false
4.1506,true,false
6.2404,true,true
5.0412,true,true
4.3287,true,false
7.9097,true,true
4.7108,true,false
3.9039,true,true
14.0795,true,true
7.8741,true,true
2.7028,true,true
9.0500,true,true
5.5568,true,true
4.8814,true,true
8.2035,true,true
14.4556,true,true
3.8456,true,true
3.0047,true,true
3.1841,true,true
3.0859,true,true
7.5245,true,true
3.7354,true,true
3.1310,true,true
3.2200,true,true
3.8037,true,true
7.6794,true,true
3.1199,true,true
3.1293,true,true
6.4516,true,true
5.9181,true,true
8.2172,true,true
2.8153,true,true
2.5780,true,true
3.0819,true,true
6.7482,true,true
2.7511,true,true
2.7688,true,true
6.4332,true,true
6.5365,true,true
2.2295,true,true
6.1125,true,true
9.7327,true,true
3.8984,true,true
3.0290,true,true
3.0493,true,true
2.9134,true,true
5.1327,true,true
2.0384,true,true
7.1075,true,true
2.8279,true,true
5.3073,true,true
4.9369,true,true
6.9013,true,true
4.9260,true,false
5.1309,true,true
4.4922,true,true
8.8978,true,false
3.5846,true,true
2.5945,true,true
3.1644,true,true
3.1227,true,true
3.1503,true,true
6.2876,true,true
2.5638,true,true
4.6289,true,true
2.5485,true,true
2.6065,true,true
3.1382,true,false
16.9182,true,true
4.5982,true,false
4.0476,true,true
4.1109,true,false
7.9165,true,true
2.9068,true,true
2.9812,true,true
9.2876,true,true
2.9324,true,true
13.6545,true,true
6.4576,true,true
1.9781,true,true
9.9074,true,true
3.5435,true,true
6.7791,true,true
3.0364,true,false
2.1084,true,true
2.5757,true,true
8.4392,true,true
6.6805,true,true
3.0927,true,true
5.1896,true,true
7.1287,true,true
3.6534,true,true
2.5170,true,true
3.0935,true,false
4.0947,true,true
3.0347,true,true
2.8243,true,true
4.8245,true,true
3.7383,true,true
4.6811,true,false
5.3247,true,true
5.1993,true,true
2.1494,true,true
5.1658,true,true
3.3231,true,true
2.3254,true,true
5.3686,true,true
2.6149,true,true
5.7677,true,true
2.5373,true,true
4.2081,true,true
3.6057,true,true
2.4803,true,true
2.8418,true,false
2.7364,true,true
5.8980,true,false
4.1357,true,true
3.6659,true,true
6.6229,true,true
3.6048,true,true
2.6033,true,true
3.1684,true,true
6.7193,true,true
2.6957,true,true
3.1104,true,true
6.6018,true,false
19.8589,true,true
9.0205,true,true
4.0535,true,true
3.0105,true,true
6.4962,true,true
3.0107,true,true
4.0597,true,true
3.3957,true,true
5.0390,true,true
6.5233,true,true
2.2486,true,true
2.1315,true,true
2.9940,true,true
4.8057,true,false
4.0988,true,true
4.1076,true,true
3.1162,true,true
1.8907,true,true
3.1823,true,true
11.3288,true,true
2.9444,true,true
3.8879,true,true
2.8805,true,true
4.8418,true,false
5.1245,true,true
9.3683,true,false
7.2118,true,true
9.0516,true,true
4.4018,true,true
2.2106,true,true
2.2556,true,true
2.7129,true,true
2.8414,true,true
7.3516,true,true
5.8737,true,true
2.9988,true,true
4.3592,true,false
3.0100,true,true
8.7300,true,true
3.1792,true,true
8.5289,true,true
3.6399,true,true
2.4161,true,true
2.6423,true,true
3.6465,true,true
6.6501,true,true
16.4141,true,true
3.9342,true,true
10.5155,true,true
5.0708,true,true
4.5332,true,false
5.3685,true,false
2.1985,true,true
4.4948,true,true
5.8566,true,true
2.7740,true,true
6.5109,true,true
2.3109,true,true
6.3773,true,true
4.3529,true,true
2.5399,true,true
5.1527,true,true
2.9128,true,true
6.8733,true,true
5.6298,true,false
4.5094,true,true
2.6002,true,true
2.5703,true,true
2.7097,true,true
2.5914,true,true
4.7950,true,true
15.4908,true,true
9.3854,true,true
3.5315,true,true
3.3373,true,true
3.4363,true,true
2.5777,true,true
6.0906,true,true
3.0283,true,true
5.4769,true,true
2.4407,true,true
3.9193,true,true
8.7918,true,false
3.7466,true,true
5.5765,true,true
3.6631,true,false
5.5629,true,true
3.6012,true,true
5.4943,true,false
2.2890,true,true
6.1094,true,true
3.2272,true,true
13.2651,true,true
7.2898,true,false
3.5595,true,true
2.5717,true,true
3.2942,true,true
2.1265,true,true
5.4653,true,true
4.4765,true,true
3.4663,true,true
2.3917,true,true
5.6999,true,true
2.5805,true,true
2.9172,true,true
4.8656,true,true
3.2798,true,false
2.3679,true,true
3.6214,true,true
3.5208,true,false
3.3213,true,false
4.5281,true,false
6.0582,true,true
6.3076,true,true
1.8606,true,true
6.1238,true,true
5.3856,true,true
2.8597,true,true
7.2344,true,true
3.6050,true,true
2.4116,true,true
5.1632,true,false
5.9559,true,true
7.9338,true,true
5.6281,true,false
4.2090,true,true
2.2050,true,true
2.0920,true,true
3.7036,true,false
3.1702,true,true
2.1214,true,true
4.3880,true,false
5.0167,true,false
3.0372,true,true
3.1483,true,true
4.3065,true,true
5.3855,true,false
2.1612,true,true
8.4942,true,true
5.6709,true,false
5.8085,true,true
2.5369,true,true
5.9705,true,true
2.8740,true,true
2.9460,true,true
6.2407,true,false
14.3380,true,true
4.8580,true,false
5.8174,true,true
8.0621,true,true
3.0364,true,true
3.6552,true,false
3.4710,true,true
4.0840,true,true
4.2476,true,true
3.4233,true,false
2.7313,true,true
5.5723,true,false
3.5991,true,true
6.9545,true,true
9.0081,true,false
3.1051,true,true
6.0601,true,true
3.4204,true,true
2.3977,true,true
2.4273,true,true
4.7315,true,true
2.7472,true,true
3.0329,true,true
5.9562,true,true
2.9264,true,true
6.6291,true,true
2.6756,true,false
6.4056,true,true
2.2299,true,true
6.2605,true,true
7.5431,true,true
6.0905,true,true
3.0247,true,true
3.9620,true,true
5.2848,true,false
4.2200,true,true
2.2903,true,true
4.6560,true,false
6.8205,true,true
6.2121,true,true
7.3453,true,true
3.5533,true,true
5.2136,true,true
6.8340,true,true
5.9122,true,false
3.1131,true,true
16.2180,true,true
3.0192,true,true
5.1278,true,true
7.6901,true,true
5.5055,true,true
2.2223,true,true
5.3108,true,false
2.2309,true,true
4.4907,true,true
4.5232,true,true
5.6969,true,true
5.7859,true,false
3.2678,true,true
3.2433,true,true
7.9113,true,true
5.3193,true,true
6.3890,true,true
2.1000,true,true
5.2832,true,true
2.5554,true,false
6.2397,true,true
5.0603,true,true
9.4222,true,true
6.0010,true,false
2.8026,true,true
3.6427,true,true
3.5814,true,true
17.0809,true,true
5.3970,true,true
4.9228,true,false
5.8246,true,false
2.7359,true,true
3.8385,true,true
4.1361,true,true
9.3054,true,true
3.9959,true,true
7.4360,true,true
4.3016,true,false
2.1886,true,true
3.7332,true,true
8.7558,true,true
10.8818,true,true
29.0309,true,true
4.2997,true,true
11.3848,true,true
3.0621,true,true
2.9612,true,true
5.3923,true,true
2.2880,true,true
2.1673,true,true
3.2383,true,true
2.3880,true,true
2.3534,true,true
4.7669,true,true
7.5655,true,true
4.8863,true,false
3.0536,true,true
2.8499,true,true
3.1286,true,true
7.3401,true,true
7.0834,true,true
2.8517,true,true
10.2406,true,true
5.1266,true,true
3.2102,true,true
1.7878,true,true
5.7319,true,true
3.1493,true,true
7.3967,true,true
15.1487,true,true
5.8492,true,true
3.8955,true,true
5.5802,true,true
4.3250,true,false
2.1722,true,true
9.4005,true,true
9.1714,true,true
3.7037,true,true
4.1339,true,true
5.9855,true,true
2.6934,true,true
3.3951,true,true
2.9652,true,true
2.8151,true,true
2.5888,true,true
2.6650,true,true
2.9058,true,true
2.8404,true,true
2.8685,true,true
8.3601,true,true
4.9375,true,true
3.0939,true,true
7.6996,true,true
3.4418,true,true
6.0527,true,true
2.8916,true,true
3.7702,true,true
6.6253,true,true
3.8110,true,true
6.2348,true,true
3.2334,true,true
6.2391,true,true
3.1233,true,true
2.9899,true,true
18.1373,true,true
12.4401,true,true
10.2717,true,true
7.4910,true,true
2.0320,true,true
9.3284,true,true
6.7264,true,true
4.5584,true,true
3.2959,true,true
3.7123,true,true
4.6690,true,true
3.0796,true,true
6.7752,true,true
2.5223,true,true
2.4349,true,true
2.3050,true,true
2.2059,true,true
2.8156,true,true
2.7897,true,true
2.8695,true,true
6.7486,true,true
3.9018,true,true
6.4455,true,true
2.2322,true,true
4.9636,true,true
4.0737,true,true
2.7856,true,true
2.7993,true,true
3.4702,true,true
2.6396,true,true
2.3952,true,true
2.3968,true,true
6.2816,true,false
2.1337,true,true
4.9700,true,true
2.8729,true,true
4.6638,true,false
2.9780,true,true
5.1846,true,true
3.3134,true,true
5.8082,true,false
4.8260,true,true
6.1547,true,true
6.4216,true,true
2.5712,true,true
5.5544,true,true
4.6813,true,true
5.6575,true,true
3.3123,true,true
2.5216,true,true
3.8446,true,true
3.0274,true,true
5.3022,true,false
4.3600,true,false
2.4725,true,true
5.0400,true,false
3.4561,true,true
6.3868,true,true
2.2231,true,true
2.4344,true,true
2.4674,true,true
2.6264,true,true
3.5428,true,false
4.5653,true,true
2.6119,true,true
3.4633,true,true
5.2016,true,false
2.1322,true,true
4.6965,true,false
4.9255,true,true
3.1145,true,true
12.9506,true,true
6.7955,true,true
6.6185,true,true
3.3524,true,true
5.1290,true,true
7.6566,true,true
4.4211,true,true
4.0166,true,false
10.1638,true,true
3.9404,true,true
3.1747,true,true
3.9224,true,true
6.4101,true,true
11.3257,true,true
7.4066,true,true
7.3781,true,true
4.9829,true,true
3.0605,true,true
3.3264,true,true
2.3470,true,true
8.0188,true,true
2.2405,true,true
2.8129,true,true
5.6445,true,true
2.4779,true,true
2.4226,true,true
10.0487,true,true
2.9177,true,true
9.8710,true,true
10.2619,true,true
4.2235,true,true
11.1619,true,true
4.7081,true,false
3.5695,true,true
2.8035,true,true
2.7046,true,true
2.8183,true,true
2.8527,true,true
6.2523,true,true
5.0145,true,true
7.5216,true,false
4.4841,true,true
5.1070,true,true
4.9743,true,false
2.8095,true,true
3.3044,true,false
6.8032,true,true
2.1525,true,true
6.3123,true,true
2.1304,true,true
16.2818,true,true
4.7939,true,true
2.5429,true,true
6.5137,true,false
3.5959,true,false
2.5388,true,true
7.7830,true,false
6.4855,true,true
12.8363,true,true
7.1065,true,true
2.2812,true,true
2.0713,true,true
7.0609,true,true
7.5646,true,true
3.1096,true,false
3.3221,true,true
5.7007,true,true
3.8319,true,true
6.6327,true,false
3.6455,true,true
2.6421,true,true
2.7780,true,true
3.5905,true,true
5.5910,true,true
2.3995,true,true
8.0709,true,true
2.3449,true,true
2.1962,true,true
2.4824,true,true
6.7970,true,true
7.4036,true,true
2.6225,true,true
5.1953,true,true
3.5894,true,true
5.8098,true,true
8.8688,true,true
5.3908,true,false
9.2470,true,true
4.6865,true,true
6.3772,true,true
4.5040,true,false
2.4511,true,true
3.2235,true,false
6.4856,true,true
2.2644,true,true
8.1661,true,true
1.9788,true,true
3.0847,true,true
3.2345,true,true
5.3196,true,true
4.5388,true,true
2.6063,true,true
4.6629,true,true
3.3930,true,true
4.7603,true,false
2.8739,true,true
2.8955,true,true
5.2419,true,true
2.8000,true,false
2.8775,true,true
5.4091,true,true
6.8358,true,false
2.3034,true,true
6.0143,true,true
3.7994,true,false
2.8053,true,true
3.1267,true,true
6.4513,true,true
3.7034,true,true
2.5356,true,true
6.4100,true,true
3.5381,true,false
2.6784,true,true
2.7625,true,true
6.5187,true,false
3.6996,true,true
4.1017,true,true
2.9472,true,true
19.9636,true,true
8.0271,true,true
2.8882,true,true
4.0403,true,false
4.7464,true,true
4.5961,true,false
3.1508,true,true
4.4210,true,true
2.3546,true,true
2.2926,true,true
9.6324,true,false
6.3214,true,true
6.0968,true,true
4.2117,true,true
3.8077,true,false
6.4511,true,false
15.0354,true,true
3.2014,true,true
3.9681,true,true
3.9753,true,false
2.7344,true,true
6.9644,true,true
4.4325,true,true
2.5110,true,true
4.3046,true,true
5.9815,true,true
5.4975,true,false
2.6123,true,true
4.6633,true,false
2.7985,true,true
2.7148,true,true
4.0365,true,true
3.9655,true,true
6.5641,true,true
2.5679,true,true
6.7184,true,true
2.6387,true,true
2.5945,true,true
2.5968,true,true
5.7809,true,true
5.7485,true,false
4.7493,true,false
2.7738,true,true
4.0743,true,true
6.7223,true,true
2.8432,true,true
5.2924,true,true
2.0366,true,true
3.0640,true,true
3.0236,true,true
5.9879,true,true
6.6415,true,true
5.4849,true,true
2.2327,true,true
3.0053,true,true
9.6986,true,true
2.4136,true,true
4.7303,true,true
4.3334,true,true
6.8787,true,true
1.0907,true,true
2.9769,true,true
3.5999,true,false
9.1682,true,true
4.0115,true,true
3.3332,true,true
2.6273,true,true
2.5357,true,true
2.4893,true,true
5.8161,true,false
4.2020,true,true
2.1402,true,true
3.8996,true,true
2.8505,true,true
2.8683,true,true
3.9232,true,true
10.2190,true,true
5.1130,true,false
3.0447,true,true
5.6685,true,false
18.1692,true,true
2.3923,true,true
2.5144,true,true
8.2023,true,true
4.0089,true,true
4.4242,true,true
5.1009,true,true
5.7623,true,true
2.5864,true,true
4.6291,true,true
3.1846,true,false
3.6339,true,false
5.1229,true,true
7.6856,true,false
4.9741,true,true
7.0331,true,true
2.6594,true,true
3.4882,true,true
6.1328,true,true
3.1603,true,true
2.2190,true,true
3.7073,true,true
3.1863,true,true
2.1335,true,true
7.0711,true,true
2.9153,true,true
3.5248,true,false
3.6098,true,false
2.7263,true,true
2.7627,true,true
6.1137,true,true
6.2493,true,true
3.9716,true,false
11.6782,true,true
7.0995,true,true
2.1812,true,true
4.6593,true,true
3.2319,true,false
3.1687,true,true
4.1121,true,true
8.7566,true,true
4.9894,true,true
4.1575,true,true
5.6883,true,true
2.5568,true,true
2.9068,true,true
5.9105,true,true
2.7334,true,true
4.7049,true,false
3.8451,true,true
2.7687,true,true
4.6966,true,true
4.3356,true,true
5.7436,true,true
2.4366,true,true
3.2130,true,true
2.6303,true,false
2.4711,true,true
4.6423,true,false
3.3451,true,true
5.8992,true,true
6.0254,true,true
2.9027,true,true
8.4458,true,true
4.8619,true,false
3.0537,true,true
12.9788,true,true
8.9147,true,true
6.7460,true,true
6.0580,true,true
7.6373,true,false
3.4705,true,true
6.1549,true,true
5.5270,true,false
4.3460,true,false
3.7670,true,true
6.4309,true,false
4.8819,true,true
10.3899,true,true
7.2747,true,false
2.1998,true,true
2.1442,true,true
2.2721,true,true
7.3992,true,true
3.5824,true,true
5.3071,true,false
3.4208,true,true
3.3726,true,false
6.6799,true,true
3.8704,true,false
2.7889,true,true
2.5242,true,true
5.4461,true,true
6.1648,true,false
3.2149,true,true
2.5331,true,true
3.2738,true,false
2.4489,true,true
3.2637,true,true
2.9622,true,false
3.2024,true,true
7.3259,true,true
2.8913,true,true
3.0177,true,true
5.7716,true,true
2.5761,true,true
4.2927,true,false
4.6078,true,false
2.5552,true,true
2.4878,true,true
3.1239,true,true
3.2960,true,true
3.8517,true,true
5.5587,true,true
7.3209,true,false
3.4038,true,true
3.5727,true,false
4.7510,true,false
2.7355,true,true
7.4989,true,true
4.2896,true,true
6.9789,true,true
3.0094,true,true
5.5360,true,false
4.6394,true,false
7.7232,true,true
3.1946,true,true
3.4023,true,true
2.5726,true,true
3.7261,true,true
2.7745,true,true
3.4006,true,true
2.6368,true,true
5.2839,true,true
4.6838,true,true
2.6253,true,true
4.3774,true,true
6.7457,true,true
2.4412,true,true
5.3486,true,true
5.5114,true,true
4.3039,true,true
4.8588,true,false
4.7283,true,true
2.6489,true,true
3.7518,true,false
10.1353,true,true
5.2728,true,true
2.0996,true,true
3.7389,true,true
2.4056,true,true
2.5272,true,true
3.8504,true,true
3.5054,true,true
2.8410,true,true
4.3982,true,true
2.2627,true,true
3.0977,true,true
3.1196,true,true
3.7747,true,true
11.1182,true,true
2.8210,true,true
6.6815,true,true
2.5128,true,true
3.5306,true,false
4.0197,true,true
5.5138,true,true
6.5287,true,true
2.2548,true,true
3.3115,true,true
3.5904,true,true
3.9010,true,true
3.0077,true,true
4.3698,true,false
6.3322,true,true
1.9813,true,true
3.2287,true,true
5.4472,true,false
5.6415,true,false
3.1034,true,true
4.9332,true,true
4.0133,true,true
3.2030,true,true
5.0123,true,true
3.0715,true,true
6.5345,true,false
5.8239,true,true
3.0764,true,true
4.2462,true,true
1.9692,true,true
5.5907,true,false
6.8873,true,true
3.3283,true,true
6.5494,true,true
7.2261,true,true
5.1437,true,false
7.1285,true,false
13.5343,true,true
6.3394,true,true
2.4715,true,true
8.0563,true,false
2.5260,true,true
3.3940,true,true
3.1896,true,true
3.3217,true,true
2.3442,true,true
3.3597,true,false
3.5112,true,false
2.7568,true,true
4.2910,true,true
3.3086,true,true
3.3051,true,true
3.5069,true,true
6.2289,true,true
5.3047,true,false
2.2099,true,true
5.5574,true,true
3.8297,true,true
4.0062,true,true
3.9498,true,true
5.9041,true,true
5.4098,true,true
2.3319,true,true
3.3449,true,true
11.4423,true,true
6.3969,true,true
2.2456,true,true
2.6693,true,true
2.7654,true,true
2.6818,true,true
5.4946,true,true
5.6632,true,true
7.1211,true,true
2.6838,true,true
2.7099,true,true
8.5375,true,true
2.7448,true,true
2.7813,true,true
5.0393,true,true
3.7765,true,true
6.5803,true,true
9.3169,true,true
3.6100,true,true
5.2644,true,true
2.0543,true,true
3.2307,true,true
5.6724,true,true
4.7353,true,true
2.7458,true,true
3.7123,true,true
2.9012,true,true
4.4188,true,false
2.9119,true,true
3.3641,true,true
5.9633,true,false
2.9155,true,true
5.7162,true,true
2.8118,true,true
3.6315,true,true
6.1310,true,true
3.0429,true,true
3.7324,true,true
4.9920,true,true
12.0512,true,true
6.5666,true,true
2.3332,true,true
5.9726,true,true
6.7291,true,true
5.5983,true,true
2.3270,true,true
3.1110,true,false
5.3755,true,false
2.1720,true,true
3.7763,true,true
10.1701,true,true
5.4676,true,false
2.1221,true,true
3.2967,true,true
6.0854,true,false
7.1222,true,false
4.7153,true,false
6.2904,true,true
2.0892,true,true
5.4535,true,true
2.6343,true,false
7.4600,true,true
2.8242,true,true
3.0757,true,true
4.5668,true,true
2.7073,true,true
4.9420,true,false
3.0956,true,true
4.6258,true,true
5.8397,true,true
2.7309,true,true
2.6411,true,true
2.5745,true,true
2.7309,true,true
3.9339,true,true
5.0116,true,true
3.1112,true,true
3.2774,true,false
3.9627,true,true
3.0223,true,true
10.1773,true,true
7.6120,true,true
5.9006,true,false
2.5917,true,true
5.9774,true,false
