latency_ms,ok,allowed
18.9376,true,true
25.9810,true,true
14.4965,true,true
29.0721,true,false
27.1230,true,true
29.1784,true,true
31.7131,true,true
72.3684,true,false
44.4643,true,true
69.6915,true,true
53.1602,true,false
35.3555,true,true
10.4210,true,true
57.0701,true,true
135.4269,true,true
56.8593,true,true
42.6714,true,true
95.7393,true,false
63.2257,true,true
33.5370,true,true
105.2144,true,true
44.7710,true,true
38.6461,true,true
32.3845,true,true
64.9300,true,true
45.3381,true,true
35.2123,true,true
39.8697,true,true
86.7555,true,false
65.7027,true,true
43.1380,true,true
42.2022,true,true
49.6858,true,true
63.7029,true,false
33.0585,true,true
47.0767,true,true
30.6937,true,true
44.9290,true,true
16.4362,true,true
140.3005,true,true
53.2363,true,true
45.2641,true,false
36.2906,true,true
31.5782,true,true
58.9309,true,true
25.8009,true,true
49.5120,true,true
48.5672,true,true
247.8760,true,true
40.0416,true,true
40.2633,true,true
49.2086,true,true
100.9167,true,false
76.4860,true,false
33.6232,true,true
45.7063,true,true
73.0830,true,true
88.5757,true,true
31.0788,true,true
56.9601,true,true
51.9615,true,false
44.7580,true,true
40.9045,true,true
52.1158,true,true
51.4351,true,true
100.5236,true,false
47.0737,true,true
34.4879,true,true
61.0098,true,false
42.3231,true,true
90.2054,true,true
85.5462,true,false
116.8235,true,false
126.4100,true,false
83.0381,true,true
70.7551,true,true
68.5076,true,true
87.1880,true,true
73.0256,true,true
110.9221,true,true
82.9114,true,true
80.2809,true,true
62.3749,true,true
56.8700,true,true
83.8008,true,true
147.1302,true,false
77.9672,true,true
53.0048,true,true
53.4491,true,true
73.0520,true,true
38.5558,true,true
61.8270,true,true
56.1444,true,true
95.5611,true,false
36.2344,true,true
42.8328,true,true
131.3068,true,true
77.1853,true,true
28.6034,true,true
28.8002,true,true
50.0901,true,true
36.9720,true,true
40.1012,true,true
102.2333,true,false
40.9045,true,true
76.5621,true,false
54.6383,true,true
63.8511,true,true
103.0695,true,false
61.8311,true,true
57.2968,true,true
57.0083,true,true
52.4404,true,true
51.5373,true,true
91.9499,true,true
49.1234,true,true
43.8098,true,true
146.0895,true,false
46.1820,true,true
134.3964,true,true
112.0820,true,true
131.1380,true,true
31.4619,true,true
26.6451,true,true
14.8564,true,true
62.3249,true,true
28.1465,true,true
23.2751,true,true
42.4493,true,false
130.1934,true,false
51.6748,true,true
22.0410,true,false
9.9213,true,true
18.4471,true,true
89.6178,true,true
14.9542,true,true
11.0356,true,true
5.1054,true,true
36.8571,true,true
5.4813,true,true
2.2633,true,true
5.9008,true,true
6.5420,true,true
5.0087,true,true
7.6486,true,true
3.3786,true,true
2.4539,true,true
2.5428,true,true
2.6826,true,true
10.7862,true,false
2.6956,true,true
6.5068,true,true
4.3539,true,true
2.3364,true,true
6.6087,true,true
5.4295,true,true
3.4604,true,true
8.0244,true,true
26.9228,true,false
2.9962,true,true
5.4900,true,true
6.3277,true,true
6.1458,true,true
4.9974,true,true
8.3055,true,true
8.9421,true,false
26.4644,true,false
10.1543,true,true
6.2149,true,true
4.3772,true,true
4.1403,true,false
4.8366,true,true
6.2238,true,true
8.2012,true,true
34.9778,true,true
4.8326,true,true
35.4687,true,false
31.1858,true,false
6.8321,true,true
25.8496,true,false
2.5247,true,true
3.2513,true,true
18.4103,true,false
9.8144,true,true
6.2328,true,true
6.2167,true,true
6.3348,true,true
5.1045,true,true
6.5419,true,false
6.9892,true,true
5.4380,true,true
6.6786,true,true
5.3998,true,true
2.2166,true,true
8.0788,true,true
3.6556,true,true
7.1097,true,true
2.4456,true,true
2.2742,true,true
2.1227,true,true
3.3922,true,true
5.5104,true,true
6.1169,true,true
6.4785,true,true
5.8001,true,false
10.4832,true,false
6.0613,true,true
23.5473,true,false
24.9947,true,true
19.5152,true,true
34.5951,true,true
19.0351,true,true
15.9351,true,true
10.1403,true,true
29.4374,true,true
5.8215,true,true
5.7129,true,true
3.5301,true,true
2.9254,true,true
3.5810,true,false
5.0478,true,true
7.4790,true,true
9.9009,true,true
6.0513,true,true
5.1662,true,true
3.2162,true,true
2.0372,true,true
3.4016,true,true
12.8903,true,true
2.1553,true,true
5.5014,true,true
2.3514,true,true
3.3152,true,true
6.0353,true,true
2.9608,true,true
6.3552,true,true
11.4715,true,true
17.7541,true,true
10.7665,true,true
5.2253,true,true
9.4077,true,true
3.1877,true,true
7.1491,true,true
4.3763,true,true
7.1140,true,true
8.7929,true,true
5.7327,true,true
13.2314,true,false
4.3842,true,true
4.1761,true,true
11.0418,true,true
5.2619,true,true
19.9180,true,false
4.6500,true,false
2.5361,true,true
3.5091,true,true
17.4458,true,false
17.8152,true,true
16.5483,true,true
38.8908,true,true
23.0592,true,true
11.6496,true,true
13.5631,true,true
40.9463,true,true
30.6761,true,true
5.8757,true,true
6.5968,true,true
22.0749,true,false
6.1689,true,true
2.8392,true,true
2.7955,true,true
2.5550,true,true
6.4317,true,true
1.9813,true,true
6.6007,true,true
6.9158,true,true
3.3067,true,false
4.5907,true,true
2.4776,true,true
6.3377,true,true
4.4459,true,true
3.2517,true,false
3.5706,true,true
6.0434,true,true
3.4476,true,false
3.2038,true,true
8.1749,true,true
5.2929,true,false
2.1557,true,true
5.7038,true,true
2.6345,true,true
6.2546,true,true
7.2934,true,true
9.9629,true,true
17.2331,true,false
5.8062,true,true
4.0086,true,true
15.4416,true,true
11.7317,true,true
8.4528,true,true
17.5229,true,true
7.4757,true,true
26.6313,true,true
44.4107,true,true
30.9193,true,true
49.8542,true,true
23.7490,true,true
61.8672,true,false
21.3815,true,true
34.9277,true,true
19.0318,true,true
24.7903,true,true
13.3355,true,true
84.5212,true,true
40.0781,true,true
26.5316,true,true
58.9234,true,true
42.3249,true,true
109.3428,true,false
24.7292,true,true
38.7838,true,true
36.0103,true,true
14.5693,true,true
66.3445,true,true
10.6351,true,true
23.8342,true,true
31.7993,true,false
57.4461,true,false
9.4277,true,true
13.3147,true,true
14.5836,true,true
13.0157,true,true
20.9578,true,true
10.7722,true,false
7.0920,true,true
3.3190,true,true
4.1663,true,true
17.7163,true,false
12.1944,true,true
2.7471,true,true
4.6968,true,true
3.8593,true,true
5.9754,true,true
6.5270,true,true
10.7921,true,true
8.0085,true,true
16.9118,true,true
17.6673,true,true
12.5077,true,true
32.4419,true,true
12.1213,true,true
15.1530,true,true
11.7546,true,true
5.7222,true,true
25.2989,true,true
44.1898,true,false
3.4471,true,true
3.5357,true,true
3.7318,true,true
6.0269,true,true
20.1846,true,false
5.8653,true,true
22.8748,true,false
4.6005,true,true
27.3023,true,false
7.2199,true,true
7.1084,true,true
24.6725,true,true
7.2123,true,true
3.5910,true,true
2.8764,true,true
10.4391,true,false
3.6327,true,true
13.2050,true,false
2.3432,true,true
2.1512,true,true
10.3574,true,false
6.8975,true,true
5.0533,true,true
3.2506,true,true
14.5207,true,false
7.5233,true,true
16.8998,true,false
6.3465,true,true
14.9202,true,true
2.9434,true,true
9.8900,true,true
4.0737,true,false
6.4606,true,true
2.3668,true,true
2.4256,true,true
4.2323,true,true
2.1477,true,true
4.0440,true,true
5.1009,true,true
5.7541,true,true
9.9996,true,true
5.7511,true,true
3.0090,true,true
25.8447,true,false
34.9597,true,true
15.7746,true,true
13.9095,true,true
38.4815,true,true
20.9270,true,true
16.6700,true,true
10.8430,true,true
15.9000,true,true
57.7876,true,false
20.4160,true,false
7.9207,true,true
6.8729,true,false
2.6924,true,true
2.5450,true,true
4.4444,true,true
39.2440,true,false
8.9867,true,true
10.4682,true,true
13.5671,true,true
12.7398,true,true
19.1390,true,true
7.7212,true,true
9.2320,true,true
4.2777,true,true
8.1463,true,true
9.3950,true,true
4.3234,true,true
23.3560,true,true
20.9486,true,true
3.8277,true,true
5.4475,true,false
20.9021,true,false
8.8049,true,true
4.1080,true,true
2.9418,true,true
4.6548,true,true
7.7012,true,true
3.0184,true,true
2.9561,true,true
3.2710,true,true
10.5615,true,false
10.8899,true,true
7.7194,true,true
2.4802,true,true
2.5942,true,true
4.0571,true,true
3.0471,true,true
5.0690,true,true
4.5928,true,true
12.5940,true,true
6.1697,true,true
4.2339,true,true
11.2754,true,true
27.7151,true,false
9.3492,true,true
4.3549,true,true
2.2410,true,true
27.0436,true,false
7.3213,true,false
4.4995,true,true
2.3890,true,true
2.3739,true,true
4.3822,true,false
20.2495,true,true
3.8048,true,true
21.4776,true,true
17.0290,true,true
6.0574,true,true
4.6727,true,true
2.7896,true,true
4.6482,true,true
2.7800,true,true
5.0536,true,true
6.6102,true,true
6.2909,true,true
6.3425,true,true
3.1994,true,true
11.7529,true,false
2.3553,true,true
2.3589,true,true
3.7494,true,true
4.8743,true,true
7.9421,true,true
6.8618,true,true
3.9572,true,true
3.9931,true,true
2.7405,true,true
7.2831,true,true
6.3539,true,true
2.2612,true,true
2.2368,true,true
2.1830,true,true
4.4287,true,true
2.3601,true,true
2.4607,true,true
4.1747,true,true
2.9545,true,true
7.1722,true,true
25.9415,true,false
2.8258,true,true
3.0983,true,true
23.9522,true,false
8.5431,true,true
6.4102,true,true
5.3078,true,true
2.3187,true,true
2.2943,true,true
5.0031,true,true
3.2161,true,true
22.9594,true,true
13.9247,true,false
2.1132,true,true
6.7995,true,true
7.3622,true,true
3.2765,true,true
2.0405,true,true
6.1650,true,true
3.1363,true,true
34.8959,true,false
23.2493,true,true
66.1031,true,false
78.4658,true,true
64.1394,true,true
99.3161,true,true
58.3438,true,true
85.7866,true,true
61.1263,true,false
93.5500,true,true
81.2660,true,true
63.1423,true,true
72.2249,true,true
144.7458,true,false
139.3224,true,false
90.9405,true,true
104.3546,true,false
155.7230,true,false
84.8970,true,true
90.0875,true,true
153.2237,true,true
188.0284,true,false
116.6667,true,true
109.0673,true,false
100.8494,true,true
95.1840,true,true
94.8146,true,true
84.9521,true,true
216.7458,true,true
214.4365,true,false
165.4461,true,true
190.4873,true,false
123.0352,true,true
88.0149,true,true
84.5602,true,true
111.9712,true,true
106.5683,true,false
146.3552,true,true
76.3437,true,true
99.0709,true,true
72.5233,true,true
68.1685,true,true
125.9450,true,true
161.6727,true,true
128.2627,true,true
79.4588,true,true
237.2763,true,true
81.1818,true,true
118.8160,true,true
233.9960,true,true
116.4815,true,true
72.1034,true,true
140.7187,true,true
170.3426,true,false
64.3213,true,true
203.0937,true,false
165.8254,true,true
118.5589,true,true
63.1701,true,true
185.3568,true,false
64.7100,true,true
136.8708,true,true
52.6353,true,true
59.2136,true,true
132.8903,true,true
90.8240,true,false
47.2236,true,true
61.8189,true,true
137.7890,true,true
45.7554,true,true
127.0426,true,true
123.0042,true,false
99.1837,true,true
34.3851,true,true
48.6492,true,true
30.4720,true,true
68.5889,true,true
101.3429,true,false
51.5339,true,true
17.6420,true,true
200.3772,true,true
13.6856,true,true
49.7567,true,true
37.4172,true,true
46.0988,true,false
9.7067,true,true
36.2276,true,true
24.5504,true,true
12.2682,true,true
426.0766,true,true
7.3987,true,true
3.7735,true,true
7.4171,true,true
3.6813,true,true
5.0113,true,true
6.7745,true,true
2.3552,true,true
11.9996,true,false
3.0455,true,true
5.5821,true,true
15.0051,true,false
6.9910,true,true
7.7414,true,true
3.6077,true,true
8.5444,true,true
6.7218,true,true
3.4290,true,true
21.7670,true,true
33.1612,true,true
17.4630,true,true
36.7029,true,true
24.7574,true,true
33.5394,true,true
37.6153,true,true
33.5205,true,true
60.2142,true,true
61.2897,true,true
58.4647,true,true
28.0230,true,true
54.9706,true,true
43.1633,true,true
33.0178,true,true
42.0961,true,true
149.1470,true,true
99.1850,true,false
74.3792,true,true
37.5585,true,true
35.8411,true,true
48.7699,true,true
43.7620,true,true
30.9576,true,true
68.6673,true,true
37.7986,true,true
117.6715,true,true
33.0446,true,true
28.9221,true,true
29.3770,true,true
17.8907,true,true
19.3614,true,true
22.9979,true,true
59.9238,true,true
52.4662,true,true
35.4300,true,true
30.3252,true,true
53.4195,true,true
32.5757,true,true
62.9403,true,true
118.4126,true,true
63.8061,true,true
115.9913,true,false
42.8483,true,true
60.8894,true,true
60.2162,true,true
86.2852,true,false
31.2028,true,true
53.1008,true,true
84.8233,true,false
28.8749,true,true
21.4359,true,true
52.8111,true,true
29.6639,true,true
57.7411,true,true
26.7759,true,false
9.4225,true,true
24.2265,true,true
38.9219,true,true
9.4642,true,true
114.0627,true,true
11.2014,true,true
30.4503,true,true
5.5233,true,true
162.3301,true,true
2.9345,true,true
13.0160,true,true
5.8174,true,true
3.8582,true,true
4.8241,true,true
11.8976,true,true
11.1619,true,true
7.4157,true,true
2.9396,true,true
3.1666,true,true
3.3044,true,true
5.5243,true,true
3.0266,true,true
17.7422,true,true
12.2789,true,true
6.6890,true,true
2.6059,true,true
7.9543,true,true
2.8319,true,true
2.5277,true,true
7.5497,true,true
2.7631,true,true
11.4787,true,true
5.2362,true,true
6.6794,true,true
15.4725,true,false
3.9176,true,true
8.2982,true,true
5.0338,true,true
20.8824,true,false
3.0243,true,true
3.1884,true,true
5.0062,true,false
3.7008,true,true
8.2172,true,true
19.4754,true,false
8.8208,true,true
4.7099,true,true
3.1451,true,true
20.2565,true,false
4.9976,true,true
8.1978,true,true
5.7971,true,true
3.6556,true,true
2.6148,true,true
10.3873,true,true
5.8772,true,true
4.5514,true,true
3.5476,true,true
6.4003,true,true
2.2053,true,true
12.5848,true,false
2.1639,true,true
2.1179,true,true
7.1815,true,true
21.5314,true,true
9.6616,true,true
4.4687,true,true
2.3174,true,true
5.2982,true,true
3.2169,true,true
15.2765,true,true
22.0838,true,true
5.8939,true,true
13.1943,true,true
19.4472,true,true
4.4009,true,true
2.2690,true,true
3.1634,true,true
3.3380,true,true
5.8687,true,true
6.2309,true,true
14.0911,true,true
5.2140,true,true
21.6901,true,true
5.7316,true,true
5.6590,true,true
33.1350,true,false
5.1441,true,true
3.2672,true,true
30.6433,true,true
9.7458,true,true
4.5528,true,true
30.9545,true,false
6.7059,true,true
6.0001,true,true
3.6985,true,true
5.4820,true,true
4.1823,true,true
6.8119,true,true
7.4176,true,true
4.5189,true,true
10.4895,true,false
9.4481,true,true
5.1258,true,true
6.9895,true,true
2.9466,true,true
7.3765,true,true
5.0603,true,true
13.7604,true,true
3.4184,true,true
2.3764,true,true
7.8376,true,true
2.7292,true,true
6.7279,true,true
6.4005,true,true
7.6681,true,true
15.9794,true,false
4.3343,true,false
3.2222,true,true
12.9973,true,false
2.7824,true,true
13.1740,true,false
3.3030,true,true
4.0685,true,false
2.9648,true,true
2.9421,true,true
5.6119,true,true
6.2076,true,true
5.8798,true,true
28.8452,true,false
7.6000,true,true
4.2862,true,true
13.3006,true,false
8.7912,true,true
3.4270,true,true
2.3695,true,true
35.6053,true,false
13.7337,true,true
13.9733,true,true
9.1188,true,true
6.5621,true,true
3.3301,true,true
7.8318,true,true
2.4127,true,true
6.7989,true,true
6.3174,true,true
3.5713,true,true
4.9947,true,true
13.1915,true,true
6.9427,true,true
4.4234,true,true
4.5003,true,false
2.6076,true,true
2.8279,true,true
6.0678,true,true
11.6109,true,true
8.1290,true,false
21.8951,true,true
4.7892,true,true
5.0893,true,true
6.9763,true,true
2.4709,true,true
2.2985,true,true
5.0989,true,true
3.0901,true,true
3.7018,true,true
5.7754,true,true
6.4657,true,false
1.9686,true,true
3.8638,true,true
20.3161,true,false
3.1346,true,true
13.3457,true,true
2.8394,true,true
2.6552,true,true
7.0618,true,true
9.3365,true,true
3.2277,true,true
7.6418,true,false
4.5913,true,false
2.3599,true,true
15.2681,true,false
7.9019,true,true
3.3293,true,true
5.6283,true,true
3.6894,true,true
2.9981,true,true
2.8966,true,true
5.5604,true,true
4.4107,true,true
3.6934,true,true
14.1868,true,true
4.7895,true,true
5.9875,true,true
3.6974,true,true
17.1207,true,false
2.3855,true,true
6.0333,true,true
17.4691,true,true
17.2699,true,true
15.1970,true,true
31.1612,true,true
62.6406,true,true
26.7682,true,true
13.2257,true,true
51.5183,true,true
26.7261,true,true
21.6364,true,true
9.8755,true,false
4.2689,true,true
7.2708,true,true
2.0251,true,true
4.2649,true,true
2.6454,true,true
2.8836,true,true
4.7228,true,false
5.7464,true,true
6.0167,true,true
5.2668,true,true
2.3873,true,true
2.8961,true,true
25.9225,true,false
3.1047,true,true
15.8588,true,false
13.4138,true,false
26.8006,true,false
4.8878,true,true
11.4890,true,false
25.5026,true,true
2.6942,true,false
4.2735,true,true
5.3293,true,true
5.7492,true,true
6.2315,true,true
2.9444,true,true
6.2279,true,true
7.8423,true,true
3.1146,true,true
12.2456,true,true
5.0246,true,true
22.4153,true,true
72.3425,true,true
48.4067,true,true
37.0503,true,true
45.0926,true,true
24.2608,true,true
36.9587,true,true
19.6878,true,true
19.9066,true,false
39.1652,true,true
18.5663,true,true
9.3324,true,true
23.7288,true,true
28.7255,true,true
36.4691,true,true
30.4871,true,true
17.9959,true,true
52.1790,true,false
32.1332,true,true
50.8293,true,false
72.5621,true,true
21.5118,true,true
66.3791,true,false
47.7994,true,true
19.9808,true,true
70.4138,true,true
58.1930,true,true
35.8260,true,true
29.9520,true,true
18.1707,true,true
49.7899,true,false
6.8297,true,true
57.0211,true,true
207.5286,true,true
24.0164,true,true
20.6949,true,true
17.8528,true,true
27.4116,true,true
27.3993,true,true
25.8291,true,true
21.8752,true,true
33.2622,true,true
23.3242,true,true
120.6950,true,true
58.7002,true,false
40.0920,true,true
62.2901,true,false
60.2242,true,true
116.9678,true,false
65.0639,true,true
140.9956,true,false
49.3864,true,true
77.7154,true,true
64.3461,true,true
72.7735,true,true
43.6156,true,true
60.7659,true,true
42.0543,true,true
36.1598,true,true
26.1935,true,true
65.1058,true,true
21.6776,true,true
21.1331,true,true
54.7355,true,true
26.3757,true,true
22.1564,true,true
67.3768,true,true
23.4863,true,true
11.5381,true,true
168.2549,true,true
149.6525,true,true
20.3590,true,true
7.9845,true,true
46.8647,true,false
3.7610,true,true
69.4790,true,false
4.8581,true,true
2.8203,true,true
2.9701,true,true
2.9049,true,true
4.3033,true,true
5.9736,true,false
2.6841,true,true
15.9409,true,true
28.4098,true,true
11.7686,true,true
6.5589,true,true
4.2899,true,false
6.2901,true,true
2.0706,true,true
23.8530,true,false
4.5373,true,true
12.7552,true,true
10.9250,true,true
14.7109,true,true
14.5631,true,true
7.3195,true,true
19.4947,true,false
7.1308,true,true
2.6647,true,true
4.6733,true,false
5.0848,true,true
16.8859,true,true
8.8779,true,true
20.3279,true,true
8.2770,true,true
2.8099,true,true
3.0035,true,true
4.9250,true,true
2.9520,true,true
7.4373,true,true
2.9748,true,true
2.6999,true,true
2.6591,true,true
2.5425,true,true
5.8399,true,true
4.7446,true,false
2.9184,true,true
5.3272,true,true
8.7381,true,true
6.9805,true,true
4.9063,true,false
5.2566,true,false
5.5826,true,true
2.3472,true,true
2.1228,true,true
4.3171,true,true
2.7338,true,true
4.7454,true,true
9.1163,true,false
8.0743,true,true
7.6856,true,true
5.5591,true,true
2.4554,true,true
2.6167,true,true
11.6026,true,true
2.2309,true,true
3.6346,true,true
13.7446,true,true
35.5720,true,false
11.8654,true,true
26.4928,true,true
20.5233,true,false
8.0546,true,true
33.1526,true,true
7.8934,true,true
3.0154,true,true
2.7908,true,true
16.2309,true,true
30.1498,true,true
11.4208,true,true
7.3202,true,true
4.9525,true,true
3.3286,true,true
44.5098,true,false
10.8066,true,true
12.6092,true,true
12.9417,true,true
7.0270,true,true
7.2282,true,true
2.8443,true,true
2.8508,true,true
7.2601,true,true
14.9158,true,true
23.6723,true,true
30.2843,true,true
14.2595,true,true
40.7043,true,true
30.9994,true,true
19.3477,true,true
42.1284,true,true
55.4886,true,true
18.8001,true,true
22.3264,true,true
55.9274,true,false
24.9986,true,true
45.1404,true,false
8.5440,true,true
26.6045,true,true
4.7618,true,true
2.7271,true,true
27.7494,true,false
2.6409,true,true
22.9342,true,false
2.9246,true,true
3.0181,true,true
7.6232,true,true
2.7707,true,true
6.8415,true,true
3.8165,true,true
7.6553,true,true
4.1178,true,true
12.3306,true,true
3.3077,true,true
28.4115,true,false
26.4298,true,false
4.9250,true,false
5.7071,true,true
25.3692,true,false
10.8076,true,true
4.8124,true,true
20.6936,true,false
2.6968,true,true
2.8433,true,true
3.0982,true,true
6.4323,true,true
6.1945,true,true
7.2197,true,true
6.8297,true,true
2.4568,true,true
2.4197,true,true
2.5945,true,true
4.8676,true,true
4.4049,true,true
4.8183,true,true
19.3694,true,true
14.9947,true,true
11.1428,true,true
31.6511,true,false
9.0077,true,true
11.3821,true,true
9.6985,true,true
9.9833,true,true
8.7084,true,true
18.4461,true,true
14.2639,true,true
29.1644,true,true
11.0715,true,true
8.2314,true,true
3.2866,true,false
4.2810,true,true
13.2101,true,true
12.0671,true,true
30.6734,true,true
57.2633,true,true
33.7383,true,true
29.2179,true,true
37.9379,true,false
69.8086,true,true
53.6229,true,true
29.6816,true,true
24.5603,true,true
41.9421,true,true
50.2273,true,true
15.4769,true,true
30.0399,true,true
31.4811,true,true
28.7603,true,true
35.1807,true,true
11.5123,true,true
7.9468,true,true
28.3855,true,true
5.3169,true,true
25.7738,true,true
70.0710,true,true
11.5587,true,true
14.8523,true,true
6.8952,true,true
14.0106,true,true
3.8771,true,false
2.8394,true,true
4.0293,true,true
3.1635,true,true
4.2761,true,false
6.3991,true,true
11.9413,true,false
15.9988,true,true
10.6665,true,true
7.2433,true,true
2.2966,true,true
13.3822,true,false
13.3425,true,false
7.6110,true,true
3.8571,true,true
15.0499,true,true
9.4386,true,true
5.2025,true,false
26.3083,true,true
4.5607,true,true
2.7573,true,true
6.5222,true,true
2.2877,true,true
2.2414,true,true
2.2073,true,true
3.6856,true,true
5.9585,true,true
6.0761,true,true
3.4518,true,true
2.5533,true,true
8.4734,true,true
3.1839,true,true
2.0578,true,true
3.1605,true,true
2.1709,true,true
2.0708,true,true
4.5628,true,true
2.5431,true,true
5.5423,true,true
3.8107,true,true
12.1996,true,true
4.5243,true,true
13.6685,true,false
6.4751,true,true
14.4754,true,true
5.5144,true,true
10.2116,true,true
11.6367,true,true
6.7040,true,true
2.6200,true,true
4.6550,true,true
2.6640,true,true
14.0163,true,true
3.5091,true,true
2.5308,true,true
16.2936,true,false
2.9644,true,true
5.4953,true,true
5.6750,true,true
21.2448,true,false
4.7733,true,true
2.5914,true,true
6.9092,true,true
4.7837,true,true
2.8446,true,true
3.1527,true,true
5.5927,true,true
2.3403,true,true
6.4312,true,true
4.0314,true,true
7.7121,true,true
2.7436,true,true
11.6644,true,false
8.6506,true,true
13.1019,true,true
13.3301,true,true
12.2804,true,true
31.5118,true,true
12.9191,true,true
8.8673,true,true
38.1542,true,true
14.8079,true,true
33.5877,true,false
23.6895,true,false
37.1967,true,true
19.1730,true,true
9.1356,true,true
5.1284,true,true
19.1688,true,false
2.0783,true,true
3.6451,true,true
3.8937,true,true
4.2976,true,true
5.0366,true,true
23.1979,true,false
14.2160,true,true
8.1358,true,false
12.9234,true,true
9.3114,true,true
3.1888,true,true
6.7841,true,true
4.1062,true,true
18.6518,true,false
9.3582,true,true
7.9120,true,true
4.8941,true,true
25.1170,true,false
19.9766,true,true
15.6833,true,true
31.8445,true,true
47.5600,true,true
24.5284,true,true
31.3830,true,true
52.4518,true,true
28.2380,true,true
24.7851,true,true
12.9828,true,true
38.5302,true,false
28.2015,true,true
16.2787,true,true
11.1861,true,true
29.3263,true,false
24.0657,true,false
29.1771,true,true
37.8973,true,false
16.2045,true,true
22.8998,true,true
61.3540,true,false
47.3431,true,false
7.6472,true,true
27.9932,true,true
19.5603,true,true
77.9510,true,false
41.5139,true,true
54.6133,true,true
48.8208,true,true
6.3252,true,true
32.2351,true,false
4.6448,true,true
17.8488,true,true
6.7274,true,true
4.8459,true,true
2.5757,true,true
4.2803,true,true
3.2073,true,false
10.2264,true,true
31.1608,true,true
14.6277,true,true
6.0476,true,true
25.0558,true,true
13.2441,true,true
8.7139,true,true
40.6614,true,true
7.4764,true,true
4.7315,true,true
7.3777,true,true
4.0414,true,true
2.7051,true,true
8.5993,true,true
6.2971,true,true
4.6928,true,true
2.5345,true,true
3.3751,true,true
13.5230,true,false
2.2757,true,true
11.6997,true,true
6.6782,true,true
2.6933,true,true
6.1905,true,true
3.4800,true,true
19.5122,true,false
3.9451,true,true
19.9497,true,false
12.1709,true,true
19.9132,true,true
11.4510,true,true
9.9870,true,true
7.2225,true,true
7.4688,true,true
5.6616,true,true
5.1697,true,false
8.5465,true,true
23.8862,true,false
5.7637,true,true
83.8025,true,false
65.3983,true,true
90.4956,true,true
111.7809,true,true
85.7695,true,true
81.5034,true,true
79.4099,true,true
75.5111,true,true
156.0658,true,false
62.5929,true,true
57.5430,true,true
89.0780,true,true
52.1277,true,true
47.7302,true,true
82.1578,true,true
135.3356,true,false
157.7545,true,false
33.4036,true,true
43.5394,true,false
49.7938,true,true
25.3567,true,true
57.6312,true,true
23.2836,true,true
137.6260,true,false
38.1439,true,true
10.1525,true,true
101.3207,true,false
10.3499,true,true
23.2178,true,false
30.8844,true,true
6.5965,true,true
4.2257,true,true
2.5583,true,true
12.1750,true,true
10.4687,true,true
19.3309,true,true
10.6251,true,true
4.6374,true,true
7.1911,true,false
12.0254,true,true
10.6146,true,true
5.3303,true,true
3.7640,true,true
11.2094,true,true
7.6945,true,true
24.6574,true,false
17.4766,true,true
6.1476,true,true
18.9428,true,true
11.8509,true,true
7.3848,true,true
2.7917,true,true
2.8782,true,true
2.7590,true,true
14.1303,true,true
7.1637,true,true
4.6077,true,true
25.7249,true,true
7.4006,true,true
3.5384,true,true
9.6518,true,true
6.9530,true,true
27.6785,true,false
26.7029,true,true
8.0883,true,true
15.9194,true,true
51.3044,true,true
8.8754,true,true
17.7786,true,true
15.1661,true,true
24.3269,true,true
21.3977,true,true
50.4089,true,true
20.1940,true,true
13.2536,true,true
12.8046,true,true
5.3441,true,true
30.5612,true,false
13.1693,true,true
36.0760,true,false
36.9389,true,true
28.4542,true,true
47.2685,true,true
16.6685,true,true
37.0766,true,false
13.4359,true,true
34.1863,true,true
59.7841,true,true
39.8007,true,false
10.1961,true,true
23.3523,true,true
7.5610,true,true
2.4714,true,true
3.6978,true,true
29.4134,true,false
2.4363,true,true
4.0579,true,true
11.5490,true,false
6.5489,true,false
5.2833,true,false
2.2529,true,true
4.5272,true,true
4.8872,true,true
2.9257,true,true
2.7232,true,true
2.7683,true,true
5.8902,true,true
3.0093,true,true
7.0305,true,true
6.8884,true,true
2.9513,true,true
9.5286,true,true
9.5575,true,true
4.8769,true,true
5.3682,true,false
2.3351,true,true
4.1753,true,false
5.9823,true,true
5.5221,true,true
4.2778,true,true
23.9314,true,false
14.5717,true,true
28.3593,true,true
28.5626,true,true
28.1747,true,true
42.4756,true,false
15.2142,true,true
27.7537,true,true
23.9534,true,true
16.8768,true,true
18.6842,true,true
12.6292,true,true
18.2889,true,true
18.6007,true,true
15.6190,true,true
8.6062,true,true
16.9682,true,true
7.7964,true,true
2.6721,true,true
24.1318,true,true
21.7192,true,true
28.7063,true,true
27.6455,true,true
16.0495,true,true
12.2149,true,true
69.9668,true,true
14.0551,true,true
33.4124,true,true
47.0159,true,false
7.7037,true,true
15.0776,true,true
3.5582,true,true
2.4526,true,true
3.3474,true,true
24.0092,true,false
2.0559,true,true
7.1396,true,true
2.7893,true,true
3.6505,true,true
7.4758,true,true
6.4568,true,true
2.7993,true,true
20.9305,true,false
4.6725,true,true
2.8333,true,true
2.8402,true,true
4.1404,true,true
5.3466,true,true
2.7399,true,false
7.6315,true,true
3.0902,true,true
3.2804,true,true
3.3442,true,true
3.6102,true,true
6.2932,true,true
5.4647,true,true
2.4520,true,true
2.4363,true,true
3.9217,true,true
3.0184,true,true
3.7531,true,false
6.0310,true,true
8.6241,true,true
11.6066,true,true
2.4174,true,true
4.4731,true,false
20.4481,true,false
4.6511,true,true
7.2314,true,true
5.5992,true,true
2.6027,true,true
24.7014,true,false
18.3320,true,true
30.8229,true,false
25.6920,true,true
34.9412,true,false
12.8968,true,true
11.9082,true,true
25.6054,true,false
7.1736,true,true
3.4230,true,true
5.9588,true,true
45.7074,true,false
6.5555,true,true
2.5414,true,true
26.5476,true,true
8.6007,true,true
14.9197,true,true
6.2928,true,true
28.3299,true,false
2.4474,true,true
9.1772,true,false
2.8194,true,true
2.7817,true,true
2.9888,true,true
3.6814,true,true
4.4058,true,true
11.2615,true,true
20.4527,true,true
16.5374,true,true
24.6857,true,true
15.5112,true,true
9.1149,true,true
15.9201,true,true
6.6346,true,true
4.8449,true,true
5.7166,true,true
5.8572,true,true
12.3546,true,true
7.2710,true,true
4.2250,true,true
1.9083,true,true
6.0067,true,true
5.3749,true,true
2.3373,true,true
2.4377,true,true
9.8878,true,false
4.7646,true,true
2.7359,true,true
2.7077,true,true
2.9907,true,true
8.2366,true,true
4.7041,true,true
2.8033,true,true
2.9837,true,true
5.3272,true,true
2.0840,true,true
5.9721,true,true
8.4868,true,true
15.3192,true,true
6.4851,true,true
2.4997,true,true
6.0413,true,true
2.8588,true,true
16.6754,true,true
24.6656,true,true
15.2923,true,true
23.3481,true,true
36.2886,true,true
12.8501,true,true
11.4521,true,true
18.1068,true,true
61.4153,true,false
30.5312,true,true
49.5971,true,false
39.2265,true,true
27.0901,true,true
21.6054,true,true
46.6261,true,false
35.0842,true,true
60.7735,true,true
11.5098,true,true
18.0198,true,true
6.4303,true,true
2.2372,true,true
13.5739,true,false
4.4134,true,true
3.4388,true,true
3.3945,true,true
11.6336,true,true
24.7241,true,false
5.6028,true,false
6.3512,true,true
7.3257,true,true
6.9995,true,true
32.0449,true,false
2.5802,true,true
3.4503,true,false
23.5839,true,false
5.4785,true,true
24.3314,true,false
5.0333,true,true
4.2071,true,true
23.5413,true,true
37.6422,true,false
56.1709,true,false
30.8954,true,true
32.5248,true,true
58.7890,true,false
21.6672,true,true
53.6357,true,true
19.8702,true,true
27.0414,true,false
56.1791,true,true
20.8897,true,true
11.6707,true,true
18.6628,true,true
56.3009,true,true
105.8637,true,true
31.7899,true,false
15.1626,true,true
8.9311,true,false
3.6168,true,true
2.8605,true,true
4.8510,true,true
6.8005,true,true
2.6747,true,true
5.3916,true,true
6.2880,true,true
6.6882,true,true
31.5702,true,true
43.9376,true,false
37.9824,true,true
27.8195,true,true
48.2677,true,false
49.5758,true,true
57.0182,true,true
58.2141,true,true
122.8160,true,false
55.4633,true,true
55.2409,true,true
87.0869,true,false
99.9491,true,true
53.4486,true,true
50.7444,true,true
124.4162,true,false
66.1502,true,true
94.4475,true,true
131.2142,true,true
76.6474,true,false
61.2805,true,true
55.4796,true,true
94.8394,true,false
44.0266,true,true
36.7283,true,true
109.4302,true,false
53.5678,true,true
92.5145,true,true
76.2047,true,true
45.3031,true,true
40.6984,true,true
104.0092,true,true
55.8862,true,true
237.9180,true,true
34.1613,true,true
117.6441,true,false
73.9206,true,false
99.5564,true,false
31.5240,true,false
72.7080,true,true
48.2890,true,true
67.0594,true,true
34.7109,true,true
47.3455,true,true
29.7849,true,true
24.8080,true,true
62.8736,true,false
16.8607,true,true
23.4538,true,true
30.0193,true,true
55.1419,true,true
14.4202,true,true
203.5060,true,true
5.8863,true,true
314.3421,true,true
15.9482,true,true
3.6279,true,true
4.3132,true,true
2.2962,true,true
4.8834,true,true
4.7842,true,true
21.0660,true,false
3.7627,true,true
3.3054,true,true
28.3250,true,false
23.8628,true,false
2.2532,true,true
3.6593,true,true
17.9575,true,true
4.2028,true,true
3.4556,true,true
4.3149,true,true
7.2863,true,true
2.7245,true,true
25.5854,true,false
7.9069,true,true
7.1057,true,true
11.9907,true,true
12.0490,true,true
24.6675,true,false
9.5714,true,false
7.9727,true,true
7.6740,true,true
22.3011,true,false
11.7725,true,true
9.2700,true,true
5.0411,true,true
3.0930,true,true
3.9992,true,true
2.7622,true,true
6.9390,true,true
5.2992,true,true
8.1395,true,true
4.0099,true,true
18.3227,true,false
2.8466,true,true
7.0456,true,true
7.6483,true,true
15.4911,true,true
22.8889,true,true
6.8035,true,true
9.1920,true,true
16.5802,true,true
13.0711,true,true
11.2280,true,true
45.4080,true,true
37.8092,true,true
33.5946,true,true
27.7940,true,true
22.5736,true,true
17.2135,true,true
13.5461,true,true
9.5225,true,true
14.2801,true,true
11.5457,true,false
6.5459,true,true
4.4713,true,true
37.5301,true,false
1.8933,true,true
5.0004,true,true
4.3057,true,true
6.5020,true,true
3.4346,true,true
4.5082,true,true
3.2779,true,true
6.7650,true,false
4.4995,true,true
2.2361,true,true
11.4313,true,true
26.1616,true,true
38.6980,true,true
25.5741,true,true
15.1229,true,true
22.3331,true,true
39.0698,true,true
61.7244,true,false
37.3263,true,true
81.9256,true,false
20.5897,true,true
46.0332,true,true
57.6204,true,false
45.8069,true,true
39.9927,true,true
62.2844,true,true
43.0266,true,true
102.3106,true,false
78.6767,true,true
37.0312,true,true
73.1614,true,false
37.9786,true,true
52.7495,true,true
34.3088,true,true
24.4121,true,true
62.5492,true,true
31.6575,true,true
51.9887,true,true
19.1868,true,true
90.3308,true,true
28.4459,true,false
18.9639,true,true
27.1708,true,true
49.7656,true,true
6.8556,true,true
23.2453,true,true
17.5609,true,true
7.2573,true,true
4.3533,true,true
20.0725,true,true
4.4070,true,true
5.7308,true,true
6.2287,true,true
5.2416,true,true
33.9228,true,false
9.1660,true,true
17.1518,true,true
8.1253,true,true
3.5660,true,true
9.0110,true,true
3.3757,true,true
42.2358,true,false
9.1831,true,true
16.5023,true,true
11.2320,true,true
5.6729,true,true
35.9887,true,true
7.2764,true,true
12.1150,true,true
6.2939,true,true
20.3527,true,true
3.6926,true,true
18.6775,true,false
9.9185,true,false
7.3888,true,true
4.7783,true,false
2.6679,true,true
2.5531,true,true
14.7413,true,false
5.1082,true,false
13.0584,true,true
8.2576,true,true
5.1269,true,true
6.3262,true,true
14.5717,true,true
17.1115,true,true
30.7509,true,true
7.2743,true,true
16.2904,true,true
6.3540,true,true
6.5487,true,true
8.2951,true,true
4.5039,true,true
25.9444,true,true
38.8368,true,true
22.0042,true,true
61.1497,true,false
11.6561,true,true
32.5823,true,true
77.1895,true,false
21.3510,true,true
58.9173,true,true
49.2529,true,true
31.6144,true,true
13.5494,true,true
70.3242,true,false
7.6705,true,true
46.4244,true,true
27.8504,true,true
19.6945,true,true
13.7434,true,true
3.0947,true,true
9.3695,true,true
5.7134,true,true
6.1672,true,true
4.8973,true,true
4.9191,true,true
3.0490,true,true
22.6543,true,false
5.0211,true,true
4.4500,true,false
11.1953,true,false
7.3973,true,true
6.8284,true,true
2.5321,true,true
15.2523,true,false
7.3756,true,true
14.6291,true,false
5.4004,true,true
6.2853,true,true
7.1746,true,true
5.0503,true,true
3.0795,true,true
6.2336,true,true
2.2771,true,true
16.6638,true,false
4.3780,true,true
4.6918,true,true
19.5589,true,true
27.8494,true,false
17.1746,true,true
30.7878,true,true
22.0102,true,true
17.4017,true,true
7.9811,true,true
14.2558,true,true
47.1604,true,true
8.0338,true,true
20.0499,true,true
10.3745,true,false
10.2866,true,true
15.6797,true,true
55.5078,true,false
14.3550,true,true
9.8370,true,true
14.9757,true,true
10.6127,true,true
25.3571,true,true
50.6690,true,false
6.9879,true,true
13.4369,true,true
2.8372,true,true
7.9671,true,true
3.3916,true,true
16.0013,true,true
6.9622,true,true
14.8778,true,false
2.3985,true,true
25.0162,true,false
25.8497,true,false
16.6880,true,true
37.8796,true,true
31.4243,true,true
40.7351,true,true
24.6977,true,true
59.2563,true,true
25.3234,true,true
25.2603,true,true
26.3710,true,true
52.7636,true,true
75.2825,true,true
20.9666,true,true
27.8153,true,true
42.4902,true,true
24.8684,true,true
33.6451,true,true
67.2767,true,false
29.2148,true,true
63.5150,true,false
77.3530,true,true
22.2475,true,true
52.7540,true,true
40.5952,true,true
72.8102,true,true
36.6566,true,true
74.1880,true,true
76.5137,true,false
32.6971,true,true
57.5112,true,true
32.6097,true,true
47.5650,true,false
28.8396,true,true
68.0652,true,false
18.8775,true,true
28.2916,true,true
18.3228,true,true
51.7554,true,false
98.3630,true,true
72.6751,true,true
93.2255,true,true
80.7151,true,true
75.5197,true,true
71.4084,true,true
111.5000,true,false
62.4859,true,true
53.7602,true,true
52.7188,true,true
109.6844,true,true
48.1122,true,true
86.2355,true,true
77.1999,true,true
348.3884,true,true
87.7334,true,true
145.6075,true,true
64.7814,true,true
61.0431,true,true
88.8765,true,true
190.9927,true,true
60.6839,true,true
47.1043,true,true
205.8509,true,false
49.1562,true,true
86.7403,true,false
68.2285,true,true
124.5943,true,true
118.6768,true,true
101.1223,true,true
277.7977,true,true
74.9823,true,true
113.0490,true,false
41.4604,true,true
73.5650,true,true
100.4428,true,true
29.8386,true,true
180.0750,true,true
74.2794,true,true
86.8743,true,true
83.3361,true,false
47.7973,true,true
64.2884,true,true
29.8470,true,true
74.9190,true,true
43.7274,true,true
24.8689,true,true
92.3375,true,true
33.9543,true,true
54.5393,true,true
76.3367,true,false
208.8356,true,true
21.6504,true,true
53.2231,true,true
69.1781,true,true
37.3315,true,true
14.9881,true,true
52.7079,true,true
34.1508,true,true
28.0319,true,true
16.5186,true,true
12.1885,true,true
25.9268,true,true
11.6745,true,false
9.0236,true,true
17.0119,true,true
22.9192,true,true
29.2545,true,true
73.3700,true,false
32.8163,true,true
32.6414,true,true
26.3081,true,true
91.4952,true,true
49.0593,true,true
38.1790,true,true
82.7038,true,true
78.7211,true,true
26.5014,true,true
16.2754,true,true
35.7971,true,true
17.3127,true,true
22.0197,true,true
62.5402,true,false
81.8356,true,false
20.7236,true,true
14.6662,true,true
20.5781,true,true
66.7335,true,false
33.2151,true,true
29.5283,true,true
27.9931,true,true
54.3528,true,true
10.6788,true,true
25.1239,true,false
9.4099,true,true
34.5437,true,true
4.7972,true,true
24.8503,true,true
7.2046,true,true
8.1670,true,true
4.6019,true,true
4.4989,true,true
7.3833,true,true
3.1653,true,true
5.8856,true,true
4.1116,true,false
4.6729,true,true
11.5989,true,true
3.0287,true,true
2.6646,true,true
16.6669,true,false
6.7550,true,true
2.4210,true,true
5.2898,true,false
6.8637,true,true
4.5838,true,true
2.5536,true,true
5.6021,true,true
5.8474,true,true
3.4030,true,true
17.8894,true,false
9.5074,true,true
7.2970,true,true
2.6238,true,true
5.4175,true,true
6.5560,true,true
13.0220,true,true
6.9542,true,true
7.9455,true,true
31.5193,true,true
3.6933,true,true
18.7034,true,true
6.4464,true,true
7.2906,true,true
13.6913,true,true
10.7600,true,true
5.5142,true,true
8.6351,true,true
24.1402,true,true
32.6922,true,true
40.3279,true,true
59.7100,true,false
13.2469,true,true
33.6914,true,false
19.2412,true,true
20.8041,true,true
41.8811,true,true
6.6465,true,true
24.3007,true,true
28.2724,true,true
41.5126,true,true
86.5475,true,true
27.3504,true,false
23.3851,true,true
48.9759,true,false
55.4654,true,false
20.3096,true,false
40.0652,true,true
65.0427,true,false
69.5084,true,false
63.5447,true,true
65.4441,true,true
67.6504,true,true
100.3284,true,true
79.5331,true,true
94.0447,true,true
146.0550,true,true
103.5584,true,false
147.6779,true,true
80.9556,true,true
182.0917,true,false
105.8872,true,true
142.3346,true,true
156.6897,true,true
91.0904,true,true
165.2278,true,false
122.5187,true,true
160.7985,true,true
89.2724,true,true
91.2541,true,true
96.7507,true,true
284.7160,true,true
174.1442,true,true
116.6008,true,false
85.7888,true,true
173.4512,true,true
83.0458,true,true
197.7920,true,false
115.9411,true,true
170.7576,true,true
85.7471,true,true
87.6515,true,true
175.7486,true,false
114.6754,true,true
77.2864,true,true
72.4544,true,true
103.7422,true,false
100.5873,true,true
120.4948,true,false
181.9543,true,false
96.9346,true,true
154.3433,true,true
63.0445,true,true
211.8242,true,true
63.9918,true,true
114.8920,true,true
88.7664,true,true
327.8148,true,true
55.2383,true,true
105.6940,true,false
100.4864,true,true
56.2722,true,true
326.2119,true,true
77.6569,true,false
130.7111,true,true
55.7370,true,true
155.7955,true,false
124.6559,true,false
53.2335,true,true
305.0850,true,true
46.3090,true,true
80.5424,true,true
45.9014,true,true
61.3664,true,true
117.9996,true,true
42.9265,true,true
145.6486,true,true
73.6429,true,false
104.9905,true,true
300.0922,true,true
57.7197,true,true
67.4932,true,true
375.6364,true,true
68.6519,true,true
52.2972,true,true
108.8114,true,false
174.0228,true,true
51.0004,true,true
89.1317,true,true
45.9011,true,true
65.5368,true,true
48.6161,true,true
106.6743,true,true
88.0783,true,true
144.3745,true,true
71.5421,true,true
47.3953,true,true
137.5271,true,false
73.9750,true,false
39.2549,true,true
71.4308,true,false
30.1730,true,true
56.1088,true,true
129.4075,true,true
29.9901,true,true
75.4795,true,false
229.0629,true,true
45.7778,true,true
34.3631,true,true
86.5314,true,false
36.4472,true,true
48.2618,true,true
61.3060,true,false
38.6811,true,true
26.9349,true,true
23.3905,true,true
93.3412,true,true
24.1709,true,true
27.9494,true,true
22.1119,true,true
23.8004,true,true
16.7326,true,true
23.7077,true,true
14.5173,true,true
22.8756,true,true
51.5015,true,true
7.8792,true,true
24.5513,true,true
107.4971,true,true
21.0013,true,true
11.8469,true,true
26.2310,true,true
15.5461,true,true
3.5008,true,true
16.0175,true,true
5.3128,true,true
4.7324,true,true
4.1692,true,true
6.9795,true,true
3.7918,true,true
2.5617,true,true
10.2589,true,false
3.0437,true,true
4.4600,true,true
12.2486,true,true
6.9231,true,true
21.4278,true,false
7.2460,true,true
2.4867,true,true
3.6315,true,true
2.5403,true,true
3.7690,true,true
2.6262,true,true
7.4077,true,true
13.6597,true,false
5.7783,true,true
2.8512,true,true
6.3924,true,true
3.5155,true,true
2.5893,true,true
8.6918,true,true
2.5714,true,true
10.8421,true,false
6.8981,true,true
2.3611,true,true
3.9592,true,true
3.0353,true,true
3.3449,true,true
6.4047,true,true
4.0601,true,false
8.7805,true,false
9.1509,true,true
3.3102,true,true
25.7253,true,true
3.7621,true,true
5.5768,true,true
6.0152,true,true
2.8625,true,true
5.1413,true,true
4.5829,true,false
3.9067,true,false
2.8066,true,true
2.6385,true,true
15.4729,true,false
7.9875,true,true
6.8884,true,false
2.6331,true,true
19.8177,true,true
2.4984,true,true
3.5613,true,true
9.0805,true,true
5.7841,true,true
18.9207,true,false
2.0060,true,true
7.1422,true,true
14.0721,true,true
5.2717,true,true
5.0452,true,true
7.4432,true,true
10.1766,true,true
14.3292,true,true
23.0549,true,true
8.9620,true,true
22.6031,true,false
12.9453,true,true
7.7007,true,true
20.4376,true,true
32.9417,true,true
3.2919,true,true
61.7147,true,true
5.4670,true,true
2.2700,true,true
6.7057,true,true
4.4728,true,true
8.2914,true,false
8.2306,true,true
3.1104,true,true
4.2866,true,true
2.2885,true,true
3.9036,true,true
3.3574,true,true
11.2505,true,false
2.9658,true,true
6.0739,true,true
6.5253,true,true
21.6095,true,true
16.9749,true,true
33.5988,true,false
21.1266,true,false
6.5547,true,true
13.7153,true,true
20.3150,true,true
4.6607,true,true
4.7482,true,false
6.0374,true,true
4.3589,true,true
2.2117,true,true
13.5503,true,true
10.3925,true,true
5.2935,true,true
2.3901,true,true
3.8128,true,true
2.7636,true,true
2.8017,true,true
6.8231,true,true
21.0049,true,false
8.7536,true,false
7.6484,true,true
4.1073,true,true
8.6646,true,true
4.2364,true,true
1.9821,true,true
9.1110,true,true
6.1414,true,true
18.6432,true,true
3.1276,true,true
7.0218,true,true
2.7635,true,true
2.6005,true,true
2.5525,true,true
9.6443,true,false
9.6137,true,true
16.1852,true,true
4.8156,true,true
11.8566,true,true
4.7905,true,true
2.7494,true,true
6.0377,true,true
7.1944,true,true
7.5378,true,true
4.7252,true,false
12.6928,true,false
4.2802,true,true
7.4733,true,false
7.9273,true,true
3.2614,true,true
9.6666,true,true
5.7691,true,true
4.8726,true,true
4.0998,true,true
3.1114,true,true
3.1400,true,true
14.1781,true,true
11.5607,true,true
4.5473,true,true
12.6988,true,true
1.9293,true,true
4.3687,true,true
3.7777,true,false
4.5427,true,true
6.8751,true,true
2.7394,true,true
2.9197,true,true
5.2901,true,true
1.9813,true,true
4.6853,true,true
8.6476,true,false
3.2842,true,true
3.1117,true,true
24.5751,true,true
6.3915,true,true
3.9779,true,true
4.5924,true,true
12.7650,true,true
14.2706,true,true
16.5629,true,true
23.1521,true,true
17.3976,true,false
17.6967,true,true
51.7097,true,true
8.7586,true,true
15.0125,true,true
4.0658,true,true
3.0373,true,true
13.1047,true,true
3.7888,true,true
5.4019,true,true
6.8648,true,true
8.5182,true,true
10.6000,true,true
7.3280,true,true
6.5110,true,true
2.1847,true,true
3.1655,true,true
2.0906,true,true
30.6554,true,false
5.0222,true,false
11.7491,true,true
20.5410,true,true
3.4602,true,true
4.0616,true,true
7.7458,true,true
6.7079,true,true
6.4263,true,true
2.4225,true,true
3.2511,true,false
2.3587,true,true
2.3161,true,true
3.1487,true,true
3.1431,true,true
3.1478,true,true
13.5623,true,true
16.6010,true,true
15.1992,true,true
11.8738,true,true
5.9263,true,true
5.1467,true,true
3.2340,true,true
2.4301,true,true
31.3992,true,false
8.2149,true,true
3.7417,true,true
4.8033,true,false
4.9225,true,true
3.9691,true,true
3.2115,true,true
17.4435,true,false
9.4055,true,true
7.0890,true,true
4.6807,true,true
11.3033,true,true
28.3694,true,false
4.2175,true,true
11.5244,true,true
2.2665,true,true
3.4014,true,true
3.4490,true,true
13.9019,true,false
2.5967,true,true
2.6156,true,true
6.1496,true,true
3.0944,true,true
3.0170,true,true
7.1165,true,true
4.7559,true,true
2.8334,true,true
5.6644,true,true
2.6605,true,true
16.4555,true,false
6.9961,true,true
14.2869,true,true
26.8282,true,true
11.0926,true,true
5.4064,true,true
3.2381,true,true
6.6078,true,true
17.9422,true,true
38.9139,true,true
21.4531,true,true
30.7761,true,true
18.6673,true,true
14.8040,true,true
22.8977,true,true
14.1467,true,true
10.5387,true,true
18.4130,true,true
17.5868,true,true
22.2817,true,true
61.8378,true,true
18.3420,true,true
25.4021,true,true
14.1625,true,true
15.2547,true,true
7.2216,true,true
17.7370,true,false
62.6229,true,false
30.5465,true,false
17.6904,true,false
11.4873,true,true
11.3043,true,true
8.5092,true,true
4.5374,true,true
2.4018,true,true
2.5417,true,true
5.3974,true,false
2.2335,true,true
4.7099,true,true
3.0158,true,true
3.9616,true,true
8.2326,true,false
11.0698,true,true
5.2192,true,true
6.2993,true,true
5.0930,true,true
11.9427,true,true
6.9580,true,true
48.0800,true,false
46.0926,true,true
73.3865,true,true
42.5954,true,true
24.2643,true,true
18.8303,true,true
47.7063,true,true
45.1860,true,true
39.5262,true,true
104.7744,true,false
74.2299,true,true
104.8161,true,true
35.2123,true,true
23.7332,true,true
106.2359,true,false
24.7687,true,true
65.0168,true,true
59.2246,true,true
43.7100,true,true
14.8544,true,true
25.6665,true,true
80.3698,true,true
49.1788,true,true
24.7076,true,true
112.7803,true,true
31.7865,true,false
21.4178,true,true
13.7592,true,true
27.5330,true,true
10.6781,true,true
7.9106,true,true
20.9962,true,true
6.3153,true,true
3.0714,true,true
3.0674,true,true
3.1026,true,true
5.1535,true,false
3.1054,true,true
4.1119,true,true
12.8826,true,false
4.2670,true,true
13.5703,true,false
4.2490,true,false
12.0636,true,true
8.6580,true,true
5.6062,true,true
2.4797,true,true
2.2757,true,true
2.9631,true,true
13.7690,true,false
5.1522,true,false
2.8351,true,true
2.8523,true,true
3.0682,true,true
9.7552,true,true
3.1510,true,true
3.0198,true,true
3.8191,true,true
6.2103,true,true
26.4195,true,false
3.8406,true,true
26.2511,true,false
4.6100,true,true
16.2666,true,false
4.2836,true,true
6.6865,true,true
3.2356,true,true
8.1700,true,true
11.3179,true,true
8.5611,true,true
4.9241,true,true
2.8428,true,true
5.2884,true,true
2.7949,true,true
14.7122,true,false
4.2806,true,true
2.7772,true,true
6.8809,true,true
2.3617,true,true
5.5375,true,true
3.8850,true,true
4.5670,true,true
6.2430,true,true
5.9608,true,true
18.3250,true,false
3.9790,true,true
12.7690,true,false
2.0696,true,true
9.3970,true,false
6.5465,true,true
8.6033,true,true
6.1954,true,true
3.0764,true,true
17.3147,true,false
19.1262,true,true
24.1924,true,true
29.8826,true,true
50.9632,true,true
74.3519,true,true
67.7745,true,true
117.0834,true,false
81.8896,true,true
79.5649,true,true
83.0884,true,true
105.4859,true,true
145.1017,true,false
93.1930,true,true
90.6614,true,true
193.2227,true,true
108.3507,true,true
84.3968,true,true
198.6963,true,true
88.2792,true,true
106.0921,true,true
81.0936,true,true
202.1566,true,false
117.7929,true,true
75.6225,true,true
109.5853,true,true
183.3900,true,true
66.2846,true,true
104.5003,true,true
189.4494,true,false
74.3635,true,true
81.9849,true,true
85.2735,true,true
198.7028,true,true
136.9188,true,true
245.6280,true,true
197.7753,true,false
133.8312,true,true
91.2683,true,true
117.8055,true,true
101.4426,true,true
134.3540,true,true
132.9249,true,true
105.8365,true,true
102.5249,true,true
287.3950,true,true
162.6281,true,true
159.9224,true,true
235.5440,true,true
180.1564,true,false
259.4893,true,false
104.0834,true,true
111.6728,true,true
95.6282,true,true
161.9866,true,false
100.6068,true,true
159.0867,true,true
197.8699,true,true
98.6703,true,true
211.8637,true,false
87.1246,true,true
94.3756,true,true
83.4163,true,true
82.5749,true,true
259.3263,true,false
79.4913,true,true
155.9762,true,false
141.4719,true,false
179.1588,true,true
267.4114,true,true
220.5036,true,false
187.5692,true,true
89.8384,true,true
99.7033,true,true
97.5097,true,true
143.1424,true,false
99.4249,true,true
149.1405,true,true
63.5641,true,true
138.7677,true,true
387.0392,true,true
67.1814,true,true
136.2645,true,false
88.5188,true,true
64.7605,true,true
188.9285,true,false
54.5781,true,true
48.7500,true,true
45.3789,true,true
40.8329,true,true
135.8369,true,false
117.2604,true,false
123.5401,true,true
132.4843,true,false
29.5825,true,true
89.1935,true,true
159.6526,true,true
62.8504,true,false
113.9875,true,true
9.2592,true,true
91.6968,true,true
49.5764,true,false
25.8149,true,true
414.9059,true,true
42.9334,true,false
24.4733,true,true
12.3202,true,true
518.3537,true,true
68.3741,true,true
12.7360,true,false
44.3460,true,true
6.9962,true,false
249.6382,true,true
9.8676,true,true
5.3928,true,true
186.7865,true,true
3.9069,true,true
2.8052,true,true
2.9678,true,false
17.0649,true,false
10.2791,true,true
6.0847,true,false
12.8125,true,false
6.2115,true,true
9.2983,true,false
8.6463,true,true
6.8887,true,true
6.6151,true,false
2.2784,true,true
2.2445,true,true
16.5876,true,false
7.4458,true,true
7.9197,true,true
2.6592,true,true
20.1800,true,false
16.5843,true,true
22.5465,true,true
17.4994,true,false
7.9492,true,true
22.0242,true,false
10.5184,true,true
6.3793,true,true
6.0220,true,true
19.0696,true,true
13.0009,true,true
3.5443,true,true
2.6701,true,true
12.6345,true,false
6.6332,true,false
2.0701,true,true
6.7510,true,true
14.9345,true,false
3.8029,true,true
3.7720,true,false
7.4592,true,false
5.6812,true,true
2.6500,true,true
2.7386,true,true
3.5851,true,true
4.3795,true,true
2.3964,true,true
3.0466,true,true
4.7365,true,true
5.9617,true,true
13.8822,true,true
4.3055,true,true
2.1948,true,true
2.6062,true,true
6.6944,true,true
6.8041,true,true
5.4168,true,true
6.0946,true,true
3.8299,true,false
16.7128,true,false
8.1552,true,true
4.2367,true,true
7.0904,true,true
11.3701,true,true
9.8719,true,true
4.7150,true,true
16.5427,true,false
7.0806,true,true
5.7083,true,true
2.3892,true,true
4.4386,true,true
3.4169,true,true
7.1179,true,false
5.7035,true,true
6.9592,true,true
2.7826,true,true
3.5329,true,true
2.3236,true,true
2.3691,true,true
2.9933,true,false
2.9245,true,true
5.4540,true,false
2.1564,true,true
5.0042,true,true
3.6121,true,true
2.5896,true,true
2.6360,true,true
19.8149,true,true
18.0682,true,true
22.4907,true,true
18.2519,true,true
24.8957,true,true
12.3675,true,false
7.6723,true,true
13.9498,true,true
4.1074,true,true
35.9786,true,false
3.3232,true,false
2.3462,true,true
26.7725,true,false
2.2829,true,true
2.3234,true,true
2.2240,true,true
2.2332,true,true
4.6834,true,true
3.5586,true,true
4.2800,true,true
4.9724,true,true
4.8620,true,true
2.5579,true,true
24.9201,true,false
2.9396,true,true
2.6925,true,true
3.9135,true,true
6.8134,true,true
3.1308,true,true
3.2586,true,true
3.0308,true,false
2.8040,true,true
2.7985,true,true
10.0784,true,false
5.6947,true,true
2.2999,true,true
4.9222,true,true
7.4138,true,true
2.6169,true,true
12.8296,true,true
13.2226,true,false
19.9275,true,true
12.9742,true,true
22.0261,true,true
11.8327,true,true
18.8934,true,true
10.8146,true,true
7.0043,true,true
3.4632,true,true
12.7372,true,false
7.5425,true,true
13.7126,true,true
8.4998,true,true
4.1742,true,true
6.0037,true,false
5.3208,true,false
10.0568,true,true
12.2984,true,true
7.6673,true,true
5.3290,true,false
3.9483,true,true
14.7850,true,false
11.6768,true,true
21.7144,true,true
26.4065,true,true
56.9441,true,true
50.0330,true,true
69.9356,true,true
41.3153,true,true
37.6299,true,true
89.2674,true,true
54.9719,true,true
69.4547,true,true
115.0437,true,true
34.7836,true,false
13.0946,true,true
44.5757,true,true
37.8405,true,false
24.9663,true,true
42.2309,true,true
49.0538,true,true
25.5204,true,true
19.6119,true,false
10.5303,true,false
5.1899,true,true
2.4460,true,true
3.7330,true,true
10.3764,true,true
35.3964,true,true
6.5618,true,true
6.3155,true,true
8.6787,true,true
3.5853,true,true
5.2139,true,true
2.2358,true,true
11.0270,true,true
24.3299,true,true
7.1618,true,true
6.2552,true,true
32.1592,true,false
3.9834,true,true
3.0808,true,true
12.8134,true,true
11.9970,true,true
6.7705,true,true
48.9924,true,false
14.0767,true,true
9.3961,true,true
7.1874,true,true
11.2439,true,true
8.0484,true,true
2.8759,true,true
12.9883,true,true
35.8434,true,false
3.9988,true,true
21.3585,true,false
9.1215,true,true
5.7494,true,true
2.8095,true,true
5.2260,true,true
2.0700,true,true
5.7282,true,true
6.6510,true,true
4.7553,true,true
2.8541,true,true
3.0972,true,true
4.7614,true,true
4.6587,true,true
10.6343,true,true
9.6847,true,true
5.2650,true,true
2.0309,true,true
3.0389,true,true
3.1935,true,true
3.5951,true,true
4.7108,true,true
5.1465,true,true
3.4823,true,true
4.9711,true,true
3.1621,true,true
2.2729,true,true
3.7509,true,true
3.3589,true,true
6.5169,true,true
3.8907,true,true
4.2446,true,false
6.4251,true,true
2.0018,true,true
6.8489,true,true
2.6319,true,true
6.6226,true,true
12.4960,true,true
25.2941,true,false
3.0439,true,true
11.2633,true,true
24.6531,true,true
29.5962,true,true
34.5385,true,true
12.8555,true,true
32.7161,true,true
26.6268,true,true
8.6558,true,true
27.7276,true,true
16.3572,true,true
4.2976,true,true
6.4426,true,true
7.8140,true,true
3.3495,true,true
3.9922,true,true
4.3424,true,true
2.0721,true,true
3.9647,true,false
6.6799,true,true
2.1961,true,true
3.8268,true,true
7.9280,true,false
6.2286,true,true
3.6157,true,false
2.6894,true,true
5.0669,true,false
2.9391,true,true
14.4282,true,true
10.3176,true,true
4.4318,true,true
4.7657,true,false
7.9004,true,true
2.9770,true,true
4.5764,true,true
13.9486,true,true
13.6404,true,true
9.6993,true,true
4.6923,true,true
6.9279,true,true
3.0546,true,true
11.9121,true,false
6.8721,true,true
5.2388,true,true
21.6539,true,true
20.1645,true,true
41.3541,true,false
18.6267,true,true
14.3889,true,false
50.2095,true,true
15.0062,true,true
10.0707,true,true
29.2143,true,true
4.9156,true,true
9.1954,true,true
19.0323,true,true
28.2655,true,false
19.3025,true,true
21.3577,true,true
28.5102,true,true
44.8170,true,true
21.2951,true,true
28.8833,true,true
58.4350,true,false
31.0743,true,true
23.5645,true,true
31.9223,true,true
22.6396,true,true
25.9948,true,true
29.0771,true,true
35.9252,true,true
32.8876,true,true
45.1898,true,true
122.7104,true,true
75.0388,true,true
39.4614,true,true
32.8353,true,true
28.2880,true,true
42.7061,true,true
25.4163,true,true
72.7451,true,true
18.7994,true,true
44.0770,true,true
31.9530,true,true
38.3419,true,true
13.0815,true,true
8.8105,true,true
28.8919,true,false
69.5404,true,true
8.1132,true,true
14.6884,true,true
21.4734,true,true
40.4753,true,true
6.9325,true,true
2.5311,true,true
18.1926,true,false
3.1798,true,true
4.8554,true,true
9.4377,true,true
17.4988,true,true
7.6856,true,true
29.4084,true,true
6.0744,true,true
3.2408,true,true
1.9674,true,true
2.9338,true,true
3.0314,true,true
4.2987,true,false
6.4955,true,true
14.8686,true,true
9.2498,true,true
7.5516,true,true
16.7418,true,true
27.0095,true,false
14.5446,true,true
26.9465,true,true
26.2986,true,true
18.2978,true,true
37.8507,true,true
15.6434,true,true
10.2990,true,true
30.6593,true,true
59.7682,true,false
8.2147,true,true
4.2945,true,true
4.7629,true,true
13.6554,true,true
33.5144,true,true
5.2476,true,true
2.1872,true,true
9.1366,true,true
7.1806,true,true
4.0899,true,true
21.7884,true,false
3.0619,true,true
5.4880,true,true
9.1238,true,true
12.5741,true,true
6.8310,true,true
2.9337,true,true
3.0999,true,true
7.8795,true,true
3.2669,true,true
7.5707,true,true
31.2184,true,true
13.3483,true,true
11.3844,true,true
6.3129,true,true
26.7847,true,true
2.0331,true,true
4.6310,true,false
10.1534,true,true
7.8437,true,true
2.8355,true,true
3.0438,true,true
3.9087,true,true
5.3382,true,true
6.5212,true,true
2.9468,true,true
3.2007,true,true
8.4467,true,true
3.1235,true,true
4.6134,true,true
4.9387,true,true
3.0203,true,true
20.8225,true,false
5.3935,true,true
26.8604,true,true
9.9831,true,false
6.7017,true,true
2.6732,true,true
18.5308,true,true
21.6712,true,false
11.5814,true,true
13.4392,true,true
3.7883,true,true
32.6285,true,true
14.3812,true,true
3.7524,true,true
2.8598,true,true
8.5338,true,true
16.9677,true,false
6.1340,true,true
2.4438,true,true
27.4025,true,false
8.6581,true,true
3.8949,true,true
3.2790,true,true
35.1944,true,false
3.7932,true,true
37.6446,true,false
23.0354,true,false
27.2438,true,true
19.0744,true,true
28.7178,true,false
10.1202,true,true
24.5651,true,true
46.7609,true,true
3.5541,true,true
53.6214,true,false
23.1151,true,true
31.2217,true,true
12.8728,true,false
6.7406,true,true
8.9880,true,true
31.7233,true,false
7.8200,true,true
33.7452,true,true
29.4451,true,true
23.1962,true,true
59.6856,true,true
43.2368,true,true
69.8838,true,true
44.5345,true,true
72.9108,true,true
48.0307,true,true
45.7273,true,true
73.6445,true,true
84.1920,true,true
56.6937,true,true
57.5436,true,true
40.0409,true,true
50.7186,true,true
26.4841,true,true
39.3965,true,true
39.8981,true,true
29.5388,true,true
74.1444,true,true
21.9329,true,true
46.4530,true,false
97.9937,true,true
20.7752,true,true
51.7447,true,false
45.6977,true,true
51.8507,true,true
33.1479,true,true
42.5111,true,true
28.5360,true,true
22.6947,true,true
23.3929,true,true
60.9185,true,true
67.2832,true,true
224.4445,true,true
45.4093,true,true
15.2846,true,true
6.0157,true,true
28.9592,true,true
6.9132,true,true
88.2529,true,true
19.8831,true,true
122.0222,true,true
10.4247,true,true
4.3426,true,true
4.6324,true,true
3.6472,true,true
3.3279,true,false
12.5761,true,true
2.5605,true,false
7.1806,true,true
4.7722,true,true
3.3990,true,false
3.6174,true,true
21.7352,true,false
18.5685,true,true
27.4673,true,true
12.7949,true,true
19.9587,true,true
7.4601,true,true
3.6375,true,false
5.4224,true,true
13.7881,true,true
4.8675,true,true
7.6363,true,true
3.7598,true,true
4.3673,true,true
6.0341,true,true
2.5609,true,true
2.5541,true,true
6.1360,true,false
7.6801,true,true
5.9137,true,false
6.9561,true,true
5.4591,true,true
5.7398,true,true
18.7638,true,true
3.1603,true,true
8.1255,true,true
15.0769,true,true
3.9715,true,true
35.6209,true,false
5.9400,true,true
6.7095,true,false
4.4624,true,true
6.9863,true,true
2.4996,true,true
4.2049,true,true
4.6583,true,true
4.3904,true,true
2.7761,true,true
2.9834,true,true
18.5138,true,false
2.6837,true,true
2.6798,true,true
2.6543,true,true
2.6770,true,true
2.5795,true,true
3.7688,true,true
17.4672,true,false
16.7403,true,false
5.4279,true,true
12.3895,true,true
5.1887,true,true
39.9928,true,true
27.9442,true,true
36.9754,true,true
24.5781,true,true
19.7853,true,true
59.9645,true,false
7.6356,true,true
61.1419,true,true
6.0814,true,true
25.9572,true,true
20.1135,true,true
3.9767,true,true
15.6985,true,true
9.8497,true,true
35.6197,true,false
5.6711,true,true
31.1716,true,true
24.9846,true,false
12.3944,true,true
8.7082,true,true
19.4337,true,true
12.5162,true,true
18.1658,true,false
6.3244,true,true
5.6773,true,true
6.2730,true,true
32.4943,true,false
8.3811,true,true
3.7741,true,true
4.0376,true,true
2.8818,true,true
2.8802,true,true
2.6816,true,true
3.6533,true,true
2.6743,true,true
4.2264,true,true
2.3842,true,true
2.6611,true,true
8.4734,true,true
3.2409,true,true
14.4753,true,true
18.5317,true,true
15.4823,true,true
24.8319,true,true
16.7597,true,true
13.9079,true,true
7.6853,true,true
3.8536,true,true
2.7382,true,true
2.6686,true,true
5.8138,true,true
2.6581,true,true
6.4125,true,true
3.1210,true,true
11.1263,true,true
24.0161,true,false
9.4649,true,true
3.9378,true,true
3.4693,true,false
2.5667,true,true
2.5632,true,true
2.8359,true,true
2.6330,true,true
6.7437,true,true
4.4580,true,true
6.4271,true,true
3.5594,true,true
2.4502,true,true
2.2172,true,true
3.9187,true,true
2.7710,true,true
2.8486,true,true
3.1271,true,true
4.0335,true,false
3.2586,true,true
7.9327,true,true
17.0681,true,true
5.6170,true,true
6.4654,true,true
3.9669,true,true
25.5163,true,false
2.3723,true,true
2.3017,true,true
2.1694,true,true
30.5103,true,false
2.9017,true,true
9.4169,true,true
7.9039,true,true
7.5491,true,true
2.6767,true,true
9.2070,true,true
3.0869,true,true
3.0867,true,true
5.8953,true,true
7.6076,true,true
6.0210,true,true
2.6857,true,true
6.8712,true,true
3.2229,true,true
2.6743,true,false
11.8332,true,true
9.3193,true,true
17.4489,true,false
5.2844,true,true
4.5544,true,true
6.8379,true,true
4.2299,true,true
18.0136,true,false
3.5715,true,false
2.5561,true,true
2.6228,true,true
2.5518,true,true
5.2483,true,false
7.9711,true,false
5.0327,true,true
3.1066,true,true
5.1022,true,true
12.8282,true,true
2.6842,true,true
2.7863,true,true
3.7089,true,true
3.1880,true,true
8.2042,true,false
4.9345,true,true
2.7278,true,true
5.4893,true,false
2.0938,true,true
7.9555,true,true
5.4323,true,true
17.9491,true,false
3.2998,true,true
10.2370,true,true
4.2717,true,true
20.8290,true,false
9.2516,true,true
18.5890,true,true
8.0840,true,true
33.9296,true,true
8.5605,true,true
21.2156,true,true
29.0536,true,true
5.2319,true,true
7.4575,true,true
45.2692,true,true
3.7246,true,true
2.6031,true,true
28.9179,true,true
2.8175,true,true
9.0139,true,true
4.0483,true,true
5.0267,true,true
9.7926,true,true
3.7894,true,true
2.5590,true,true
2.5620,true,true
11.4332,true,true
3.1998,true,true
7.1914,true,true
14.3734,true,false
9.9025,true,true
10.2270,true,true
27.2575,true,false
9.4462,true,true
20.8200,true,true
6.9148,true,true
6.6352,true,true
19.6341,true,true
8.9843,true,true
3.0705,true,true
2.9516,true,true
7.5758,true,true
3.6730,true,true
2.6487,true,true
2.5343,true,true
2.5901,true,true
3.2434,true,true
15.0809,true,false
19.9889,true,false
10.8303,true,true
7.7777,true,true
3.1918,true,false
25.8251,true,false
3.3439,true,true
3.8874,true,true
11.8866,true,false
7.3491,true,true
13.6021,true,true
3.3334,true,true
6.4180,true,true
5.8429,true,true
4.2693,true,true
3.6419,true,true
5.2559,true,false
2.1700,true,true
2.5208,true,false
6.0982,true,true
2.7868,true,true
5.4146,true,true
2.7359,true,true
3.7943,true,false
2.9102,true,true
6.2277,true,true
5.1152,true,true
3.0929,true,true
3.1967,true,true
5.7117,true,true
4.2068,true,true
9.2866,true,true
4.5236,true,true
4.6755,true,true
3.0837,true,true
34.6134,true,false
6.0939,true,true
40.4512,true,false
10.4061,true,true
36.5718,true,false
6.5373,true,true
3.5438,true,true
19.8333,true,true
14.0441,true,true
11.7761,true,true
8.0468,true,true
17.1198,true,true
25.6946,true,true
25.2796,true,true
14.5460,true,true
33.6378,true,true
14.2665,true,false
13.3646,true,true
19.9358,true,true
7.2019,true,true
20.0333,true,true
19.2215,true,true
58.2461,true,true
24.8324,true,true
28.9162,true,true
19.3545,true,true
40.0986,true,true
18.8430,true,true
14.4390,true,true
6.0521,true,true
12.6002,true,true
6.6864,true,true
46.9269,true,true
3.3028,true,true
13.8052,true,true
2.2164,true,true
3.3791,true,true
6.1636,true,true
21.4756,true,true
9.7673,true,true
20.1408,true,true
8.0591,true,true
3.8489,true,true
5.1326,true,true
3.0251,true,true
9.9847,true,true
6.8233,true,true
2.7075,true,true
24.1910,true,false
2.2541,true,true
2.7604,true,true
4.9128,true,false
4.7657,true,true
3.1519,true,true
13.6567,true,true
7.7677,true,false
28.4575,true,true
9.6741,true,true
4.5085,true,true
26.1260,true,false
3.3560,true,true
12.3635,true,false
4.1320,true,true
6.6883,true,true
8.9649,true,true
22.4130,true,true
20.1329,true,true
16.8053,true,true
6.0549,true,true
14.1489,true,true
2.8687,true,true
21.9362,true,true
5.2957,true,true
36.5757,true,false
3.9182,true,true
14.1864,true,true
42.3453,true,false
13.2532,true,true
21.4294,true,true
9.5511,true,true
6.4026,true,true
53.6918,true,true
42.2045,true,false
6.7565,true,true
7.5255,true,true
33.4265,true,false
5.1469,true,true
3.3199,true,true
2.4328,true,true
22.7262,true,false
11.1447,true,true
7.1139,true,true
4.1234,true,true
7.0279,true,true
5.4794,true,false
5.8278,true,true
3.5874,true,true
4.6700,true,true
5.4036,true,true
11.7153,true,false
5.0762,true,true
8.4399,true,true
6.7501,true,true
2.6264,true,true
11.6135,true,false
5.6824,true,true
7.9190,true,true
28.4429,true,false
6.8396,true,true
27.8640,true,false
6.0963,true,true
4.0109,true,true
3.0026,true,true
3.0463,true,true
4.8392,true,true
4.4742,true,true
6.1382,true,true
6.1886,true,true
2.1494,true,true
22.0108,true,false
2.2672,true,true
5.8180,true,true
2.6337,true,true
2.2084,true,true
12.1678,true,false
2.7973,true,true
13.5555,true,true
18.2664,true,true
17.3265,true,true
37.9929,true,false
46.0755,true,true
41.9157,true,true
36.8497,true,true
25.9878,true,true
21.3127,true,true
18.7939,true,true
19.9650,true,true
29.8560,true,true
66.7805,true,true
39.8861,true,true
34.9548,true,true
26.5193,true,true
32.9318,true,true
21.4432,true,true
16.1784,true,true
41.2022,true,false
55.5222,true,false
16.1050,true,true
23.4273,true,true
11.6030,true,true
8.6772,true,true
6.4602,true,true
28.4117,true,true
10.6270,true,true
6.7186,true,true
4.1875,true,true
5.5690,true,true
33.0286,true,false
4.6077,true,true
5.5185,true,false
2.4097,true,true
4.6775,true,true
10.1651,true,true
18.0197,true,true
8.4149,true,true
16.4989,true,true
9.2305,true,false
5.4825,true,false
5.4085,true,true
5.2897,true,true
2.0873,true,true
4.8337,true,true
5.8894,true,true
8.2206,true,true
11.1629,true,true
10.0093,true,true
8.8984,true,true
7.5410,true,true
2.9348,true,true
3.6295,true,false
3.9168,true,true
4.1081,true,true
2.6642,true,true
6.7673,true,true
3.6701,true,true
6.2043,true,true
4.0226,true,true
2.8098,true,true
6.5593,true,true
4.9109,true,true
5.4962,true,false
3.5111,true,true
4.6262,true,true
9.6943,true,true
3.4648,true,true
6.7445,true,true
2.4829,true,true
15.1443,true,false
4.2712,true,true
4.6007,true,true
6.7785,true,true
2.6899,true,true
5.9545,true,true
3.5880,true,true
18.2035,true,true
2.4332,true,true
2.3047,true,true
6.1551,true,true
3.0069,true,true
4.1805,true,true
5.2129,true,true
2.1079,true,true
2.9656,true,true
5.9694,true,true
2.6490,true,true
4.6250,true,true
11.1788,true,true
23.6365,true,false
6.0116,true,true
2.6429,true,true
2.7875,true,true
25.3046,true,false
6.5829,true,true
5.4163,true,true
18.7349,true,true
23.4619,true,true
21.9555,true,true
16.7273,true,true
67.4677,true,false
13.4746,true,true
57.7458,true,true
20.0926,true,true
62.2042,true,true
19.8274,true,true
9.2278,true,true
21.8215,true,true
11.7628,true,true
30.7869,true,false
12.9007,true,true
7.0257,true,true
64.4759,true,true
4.6243,true,true
7.7273,true,true
5.7438,true,true
19.5150,true,true
5.0171,true,true
7.4785,true,true
3.9940,true,true
6.4550,true,true
4.2063,true,true
17.1820,true,false
2.4475,true,true
4.0139,true,true
8.5414,true,false
3.2434,true,true
4.0345,true,true
3.1031,true,true
7.2596,true,true
6.8885,true,true
3.7073,true,true
19.0397,true,true
8.3329,true,true
5.0158,true,true
19.2182,true,true
26.8757,true,true
15.5568,true,true
5.8698,true,true
13.1201,true,false
9.2103,true,true
53.2191,true,true
9.0970,true,true
14.3673,true,true
10.0699,true,true
36.1969,true,false
5.5230,true,true
5.2462,true,false
2.1523,true,true
5.8751,true,true
6.5430,true,true
3.0273,true,true
7.0598,true,true
4.2258,true,true
2.1799,true,true
2.3842,true,true
8.0680,true,false
2.6446,true,true
2.5223,true,true
4.1965,true,true
2.1573,true,true
6.9586,true,true
3.7216,true,true
8.9216,true,true
3.4150,true,true
6.9685,true,false
2.4800,true,true
2.3108,true,true
1.3324,true,true
7.8561,true,true
6.9829,true,true
3.9858,true,true
4.0756,true,true
7.0884,true,true
6.2484,true,true
3.5226,true,true
4.7234,true,true
24.7496,true,false
3.9340,true,false
6.5338,true,false
6.1421,true,true
4.2334,true,true
6.1911,true,true
5.8014,true,true
6.9465,true,true
4.9298,true,true
4.4289,true,false
2.2645,true,true
3.7890,true,true
9.2740,true,true
11.0313,true,true
6.1618,true,true
2.8755,true,true
5.7257,true,true
11.3306,true,false
5.6018,true,true
5.0725,true,true
2.6938,true,true
2.3631,true,true
5.1781,true,true
2.2621,true,true
2.0738,true,true
5.0137,true,true
5.9387,true,false
4.3866,true,true
4.8238,true,true
14.6133,true,true
43.8275,true,true
30.0444,true,true
34.7708,true,true
50.4228,true,true
48.7346,true,false
35.4386,true,true
85.9815,true,true
38.3147,true,true
25.0398,true,true
20.7450,true,true
37.1303,true,true
45.6011,true,true
71.7281,true,true
14.7596,true,true
22.9054,true,true
74.1649,true,true
12.3726,true,true
23.4289,true,false
18.4098,true,true
60.5972,true,false
37.1933,true,false
15.0725,true,true
24.8112,true,true
45.3592,true,true
34.4309,true,true
50.4485,true,true
27.1669,true,false
15.4172,true,true
40.1319,true,false
20.8269,true,true
12.3041,true,true
55.4078,true,true
25.3690,true,true
20.4168,true,true
16.9535,true,true
44.1925,true,true
5.6306,true,true
19.1348,true,true
2.5778,true,true
18.9235,true,true
5.8338,true,false
5.0263,true,true
3.2183,true,true
7.9662,true,true
6.0176,true,true
8.0406,true,true
6.8063,true,true
4.8670,true,true
7.0375,true,true
3.8133,true,true
9.8296,true,true
6.0857,true,true
19.3947,true,false
15.3621,true,true
11.1003,true,true
6.8587,true,false
4.9431,true,true
3.0251,true,true
3.3237,true,true
7.6666,true,true
3.0495,true,true
3.2026,true,true
3.2878,true,true
5.1684,true,true
1.9705,true,true
4.2491,true,false
17.9231,true,true
13.9302,true,true
15.6723,true,true
4.3642,true,true
10.6346,true,false
2.3340,true,true
34.1071,true,false
7.4470,true,true
3.8721,true,true
2.9910,true,true
3.1294,true,true
4.7673,true,true
25.3870,true,false
9.1635,true,true
4.2588,true,true
21.4181,true,false
2.8822,true,true
14.8941,true,false
2.5110,true,true
10.4188,true,true
8.2840,true,true
6.1623,true,true
4.9131,true,true
5.9333,true,true
9.5965,true,true
4.0517,true,true
13.9504,true,true
7.5524,true,true
15.2025,true,false
3.4822,true,true
4.4098,true,true
2.4817,true,true
9.3509,true,true
17.2790,true,true
25.2802,true,true
7.8900,true,true
4.2613,true,true
16.3020,true,false
6.2032,true,true
7.2694,true,true
10.1933,true,true
7.2182,true,true
4.2418,true,true
7.1934,true,true
2.3439,true,true
6.5685,true,true
4.8755,true,true
12.2177,true,true
6.7504,true,true
6.6123,true,true
3.9236,true,true
12.4975,true,false
2.0473,true,true
10.0226,true,true
2.8451,true,true
2.9568,true,true
7.2501,true,true
5.1536,true,true
9.6628,true,false
3.9146,true,true
2.6632,true,true
5.1843,true,true
6.6242,true,true
2.3998,true,true
3.1867,true,true
19.0694,true,false
3.3156,true,true
5.5356,true,true
10.9947,true,false
5.9437,true,true
6.7636,true,true
6.7505,true,true
3.9870,true,false
12.8421,true,false
2.5293,true,true
11.2632,true,true
20.9004,true,false
5.4840,true,true
5.7449,true,true
12.6845,true,true
7.3154,true,true
7.4801,true,true
9.6315,true,true
8.0624,true,true
44.0231,true,false
41.2848,true,false
27.3097,true,true
40.2998,true,true
28.4009,true,true
16.8900,true,true
27.5698,true,true
75.4124,true,false
13.8205,true,true
28.6019,true,true
51.8055,true,true
45.9358,true,true
40.1007,true,true
34.7456,true,true
24.4633,true,true
22.8121,true,true
79.2161,true,true
72.2056,true,false
48.7888,true,true
26.8333,true,true
58.2158,true,false
21.0557,true,true
36.8482,true,false
55.3327,true,false
12.7652,true,true
31.5962,true,true
19.3768,true,true
27.3021,true,true
9.4037,true,false
4.7943,true,true
2.3838,true,true
2.3345,true,true
2.4252,true,true
12.2257,true,true
7.4551,true,true
11.7431,true,true
20.4613,true,true
54.8546,true,false
42.3156,true,false
25.1695,true,true
40.2813,true,false
34.5498,true,false
55.0218,true,true
11.6902,true,true
8.4666,true,true
27.2192,true,true
6.3037,true,true
25.3512,true,true
2.6258,true,false
4.0100,true,true
4.9282,true,true
7.0809,true,true
3.0976,true,true
5.7752,true,true
8.0801,true,true
6.7379,true,true
17.9408,true,true
16.1407,true,true
12.3428,true,true
44.6418,true,false
22.7469,true,true
11.9961,true,true
51.9211,true,false
8.3798,true,true
21.1716,true,true
11.5434,true,true
6.4973,true,false
19.2518,true,true
2.8627,true,true
3.7154,true,true
12.5376,true,true
4.6240,true,true
23.2200,true,true
18.6318,true,true
7.1059,true,false
31.6411,true,false
12.2540,true,true
25.9734,true,false
9.4351,true,true
5.1915,true,true
7.8839,true,true
3.0413,true,true
2.9841,true,true
4.0416,true,false
4.8495,true,true
4.3504,true,true
2.8891,true,true
4.0766,true,true
20.5040,true,true
2.9782,true,true
3.0068,true,true
5.1427,true,false
14.2897,true,true
7.4026,true,true
2.8193,true,true
17.9011,true,false
4.5365,true,true
6.0140,true,true
3.0152,true,true
6.3667,true,true
2.1470,true,true
5.5426,true,true
2.5793,true,true
15.1010,true,false
5.5584,true,true
3.6545,true,true
4.6663,true,true
2.7366,true,true
3.9602,true,true
3.0462,true,true
3.2813,true,true
2.2715,true,true
7.4120,true,true
4.7179,true,true
2.6493,true,true
2.6345,true,true
5.4310,true,true
7.5519,true,true
31.4625,true,false
40.0287,true,false
26.3419,true,true
23.6733,true,true
39.9564,true,false
19.4115,true,true
29.8047,true,true
36.5110,true,true
16.6940,true,true
25.8155,true,true
8.5512,true,true
14.9483,true,true
22.9318,true,true
61.8748,true,true
19.1346,true,true
13.9760,true,true
120.1120,true,true
17.2687,true,true
29.7754,true,false
11.5043,true,true
31.2340,true,true
7.4232,true,true
15.3996,true,true
2.8309,true,true
2.8291,true,true
20.0987,true,false
11.2113,true,true
5.8549,true,true
5.0651,true,true
7.5789,true,true
18.7558,true,true
8.8529,true,true
18.3411,true,true
28.3256,true,false
10.1780,true,true
46.0127,true,true
10.6808,true,true
8.7019,true,true
36.9900,true,false
10.3663,true,true
28.8840,true,true
23.5486,true,false
11.6598,true,true
26.8966,true,true
21.1214,true,true
10.7422,true,true
17.6789,true,true
6.7239,true,true
5.9289,true,true
2.9136,true,true
14.9440,true,false
7.2563,true,true
5.1912,true,true
10.3762,true,true
21.5857,true,false
5.8664,true,true
13.3403,true,true
23.1971,true,true
3.3257,true,true
12.2486,true,false
6.4179,true,true
15.1161,true,true
5.0102,true,false
5.2405,true,true
11.8919,true,false
2.2758,true,true
15.1028,true,true
18.1714,true,true
6.9224,true,true
14.1088,true,true
2.5686,true,true
9.1572,true,false
20.1037,true,false
8.9600,true,true
5.6891,true,true
3.8934,true,true
6.3003,true,true
3.0966,true,true
3.0747,true,true
7.6117,true,true
10.2153,true,true
5.7470,true,true
6.8407,true,true
17.1096,true,true
32.1395,true,true
11.3564,true,true
19.4979,true,true
10.6337,true,true
5.5741,true,true
34.3926,true,false
3.9665,true,true
7.5550,true,false
4.8806,true,false
2.8753,true,true
4.8277,true,true
4.5745,true,false
6.5437,true,true
3.0449,true,true
5.5676,true,true
2.8768,true,true
2.8475,true,true
3.0980,true,true
3.8048,true,false
5.2255,true,true
4.8310,true,true
3.0135,true,true
3.2766,true,true
6.9574,true,true
20.7619,true,false
5.3212,true,true
5.7043,true,true
26.2968,true,false
4.3918,true,true
5.5557,true,true
3.5673,true,true
2.7578,true,true
9.6602,true,true
16.7525,true,false
3.3520,true,true
15.3472,true,true
15.9085,true,true
7.9254,true,true
7.0250,true,true
26.7461,true,false
6.4616,true,true
22.7621,true,false
4.0128,true,true
7.2544,true,true
13.6323,true,true
3.6499,true,true
6.9451,true,true
2.7552,true,true
5.9126,true,true
3.5538,true,true
2.5495,true,true
3.5215,true,true
6.1374,true,true
17.8228,true,true
6.1562,true,true
16.2729,true,true
2.9617,true,true
2.9455,true,true
18.9587,true,false
2.3500,true,true
3.9073,true,true
6.9550,true,true
2.9743,true,true
13.8295,true,true
2.9696,true,true
12.0747,true,false
5.1907,true,true
7.5817,true,true
6.4066,true,true
7.9452,true,true
4.5340,true,true
6.1323,true,true
4.5091,true,true
2.6723,true,true
5.9733,true,true
2.8223,true,true
2.7762,true,true
5.3713,true,true
3.7016,true,true
4.7167,true,true
2.8784,true,true
2.6313,true,true
4.4209,true,true
3.7703,true,true
3.3743,true,true
5.3649,true,true
4.0756,true,true
3.0428,true,true
3.1237,true,true
4.0097,true,true
3.1136,true,true
2.1874,true,true
2.0315,true,true
2.9716,true,true
4.5013,true,true
5.2120,true,true
11.2917,true,true
5.3954,true,true
7.6401,true,true
6.5458,true,true
7.0006,true,true
7.5379,true,true
4.4001,true,true
3.2715,true,true
4.3454,true,true
8.8753,true,true
7.5004,true,true
11.4584,true,true
5.3445,true,true
2.2015,true,true
2.0355,true,true
3.5839,true,false
2.4175,true,true
6.5435,true,true
18.0584,true,false
25.5864,true,true
19.3606,true,true
32.9870,true,true
4.4646,true,true
21.2261,true,true
16.8479,true,true
8.8027,true,true
26.4519,true,true
50.9016,true,true
11.0956,true,true
36.2493,true,true
30.7661,true,false
18.9362,true,true
1.4420,true,true
29.2263,true,false
4.7187,true,true
17.8382,true,false
5.0982,true,true
8.3410,true,true
5.7218,true,true
2.3815,true,true
2.4460,true,true
7.7489,true,true
2.7619,true,true
2.7203,true,true
10.0615,true,false
1.7565,true,true
2.4359,true,true
2.1500,true,true
16.0621,true,false
2.5264,true,true
2.4099,true,true
7.3418,true,true
5.4800,true,true
1.7456,true,true
8.5533,true,false
4.3830,true,true
3.4649,true,true
20.5606,true,true
2.2843,true,true
2.3207,true,true
2.2134,true,true
2.1689,true,true
2.2884,true,true
2.3733,true,true
5.7690,true,true
2.5655,true,true
3.9958,true,true
4.3194,true,true
4.3588,true,true
2.4288,true,true
4.2115,true,true
11.4530,true,false
4.0801,true,true
2.8473,true,true
3.2215,true,true
2.8717,true,true
9.5149,true,false
5.9079,true,true
7.6357,true,true
2.6224,true,true
5.1721,true,true
6.1191,true,true
4.9658,true,true
5.9538,true,true
4.7689,true,true
5.9409,true,true
8.9726,true,true
10.3969,true,true
10.8049,true,true
6.7085,true,true
2.2407,true,true
2.0450,true,true
5.8451,true,true
2.6699,true,true
28.8272,true,false
5.6910,true,true
5.5517,true,false
3.1486,true,true
4.1447,true,true
8.9483,true,true
3.1883,true,true
3.9215,true,true
4.7320,true,false
2.8282,true,true
7.9957,true,true
4.0834,true,true
7.5013,true,true
2.9741,true,true
10.8897,true,true
23.9760,true,false
7.0950,true,true
15.6215,true,true
6.7723,true,true
2.6730,true,true
2.6575,true,true
2.8375,true,true
8.2900,true,true
2.6975,true,true
17.1223,true,false
2.7687,true,true
2.5628,true,true
10.2919,true,false
3.7889,true,true
2.7050,true,true
5.3742,true,false
13.9793,true,true
8.1761,true,true
6.6075,true,true
2.4537,true,true
6.8099,true,true
4.5646,true,true
17.3018,true,false
19.6168,true,false
7.4183,true,true
2.8423,true,true
6.0176,true,true
2.9110,true,true
13.3584,true,false
2.8084,true,true
5.2102,true,true
10.6410,true,true
13.3869,true,true
13.2088,true,true
8.4711,true,true
17.7042,true,true
7.0338,true,true
2.6710,true,true
2.3795,true,true
18.1148,true,false
5.0187,true,true
2.8877,true,true
16.3631,true,false
4.4797,true,true
2.7016,true,true
13.6949,true,true
9.1229,true,true
11.9448,true,true
14.1694,true,true
35.6117,true,true
6.2166,true,true
14.8833,true,true
4.6386,true,true
6.7807,true,true
6.6426,true,true
2.2101,true,true
5.7599,true,false
2.7804,true,true
2.8963,true,true
2.7098,true,true
10.9592,true,false
9.8944,true,true
11.4250,true,true
5.4665,true,true
6.9166,true,true
2.9297,true,true
3.0965,true,true
7.0104,true,true
7.7136,true,true
9.2325,true,true
36.9543,true,false
8.1842,true,true
3.0587,true,true
2.8297,true,true
11.0206,true,true
4.9386,true,false
3.2840,true,false
2.3044,true,true
9.6906,true,true
5.7769,true,true
5.3544,true,true
2.5452,true,true
6.4091,true,true
5.3097,true,true
5.4784,true,true
15.8725,true,true
6.7286,true,true
6.6014,true,true
29.0117,true,false
8.5215,true,true
3.5318,true,true
27.5826,true,false
5.6404,true,true
6.6574,true,true
5.4789,true,true
4.1994,true,true
10.9066,true,true
7.3327,true,true
4.5903,true,false
2.5643,true,true
2.6040,true,true
3.9455,true,false
9.3825,true,true
5.0359,true,true
5.0854,true,true
15.7660,true,true
22.0527,true,true
14.3025,true,true
34.7482,true,false
8.3027,true,true
5.9039,true,true
2.9855,true,true
30.5743,true,false
5.8517,true,false
5.9588,true,true
4.4753,true,true
9.2294,true,true
4.7131,true,true
7.8756,true,true
4.2483,true,true
2.5853,true,true
5.1662,true,true
7.3996,true,true
3.3141,true,true
2.1334,true,true
4.5030,true,true
6.1620,true,false
3.1283,true,true
3.7967,true,true
8.2255,true,true
10.1266,true,true
4.6690,true,true
24.0724,true,true
3.7405,true,true
4.4961,true,false
6.3193,true,true
3.8092,true,true
2.8777,true,true
10.9436,true,true
17.7980,true,false
10.0098,true,true
6.2308,true,true
13.4453,true,true
2.2342,true,true
3.5136,true,true
3.1505,true,true
4.0242,true,true
13.9881,true,false
3.7881,true,false
4.7716,true,true
13.4184,true,false
2.6422,true,true
4.3325,true,true
2.0600,true,true
16.0771,true,true
7.2017,true,true
14.0600,true,true
20.4988,true,true
8.5360,true,true
15.3124,true,true
16.4950,true,true
6.3969,true,true
3.4549,true,true
16.7672,true,true
4.4477,true,true
2.4125,true,true
4.4334,true,true
4.1578,true,true
6.6772,true,true
19.2689,true,false
6.8008,true,true
4.3249,true,false
2.4236,true,true
6.3558,true,true
5.7758,true,true
6.1983,true,true
3.2234,true,true
19.0385,true,false
2.1710,true,true
2.2845,true,true
5.3494,true,true
3.7224,true,true
18.8142,true,true
10.5642,true,true
30.0956,true,true
19.0278,true,true
3.1663,true,true
9.9810,true,true
6.4277,true,true
2.1236,true,true
3.1740,true,true
2.8420,true,false
3.0169,true,true
2.8427,true,true
2.5618,true,true
3.8495,true,true
6.3014,true,true
13.8260,true,true
8.3973,true,true
3.2048,true,true
2.2280,true,true
1.8994,true,true
10.7930,true,true
2.7946,true,true
8.6354,true,true
15.9419,true,true
7.9650,true,true
7.1472,true,true
4.3507,true,true
26.0985,true,true
5.7456,true,false
13.5947,true,false
7.5426,true,false
3.1347,true,true
7.0741,true,true
3.2317,true,true
3.9756,true,true
4.2710,true,true
5.9664,true,true
2.8856,true,true
7.6983,true,true
2.8271,true,true
10.1961,true,true
6.7203,true,true
2.2481,true,true
6.9096,true,false
2.4953,true,true
4.7823,true,false
6.8520,true,true
2.7621,true,true
4.9521,true,true
18.5714,true,true
9.9423,true,true
9.8097,true,true
7.2486,true,true
13.4996,true,true
6.8450,true,false
5.7570,true,true
2.7162,true,true
4.5711,true,true
7.7676,true,true
7.0154,true,true
13.6889,true,true
32.6487,true,false
13.1541,true,true
20.3830,true,true
50.0987,true,false
19.5358,true,true
14.9742,true,true
37.1560,true,true
20.1539,true,true
10.3790,true,true
23.2374,true,true
30.4457,true,false
25.9802,true,true
59.1663,true,true
46.7114,true,true
19.6902,true,true
42.4571,true,true
40.2219,true,true
27.8411,true,true
11.7121,true,true
27.4570,true,true
21.4383,true,true
13.1029,true,true
23.5000,true,true
12.8502,true,false
12.2996,true,true
8.1886,true,true
21.7228,true,true
18.0770,true,true
17.6939,true,true
24.8076,true,true
81.0245,true,true
71.5829,true,false
24.6376,true,true
94.6873,true,false
64.4966,true,true
38.0759,true,true
43.0574,true,false
77.8764,true,false
59.4750,true,true
31.2735,true,true
81.4969,true,true
138.9317,true,false
81.6479,true,false
130.9256,true,false
49.9267,true,true
35.6196,true,true
29.9462,true,true
86.2298,true,true
62.6758,true,true
89.3515,true,true
27.1245,true,true
92.8367,true,true
134.5164,true,false
53.2902,true,true
90.9044,true,true
35.4471,true,true
75.1331,true,true
26.5897,true,true
35.3703,true,true
56.0660,true,true
25.9532,true,false
13.5643,true,true
21.9517,true,true
6.3258,true,true
20.1033,true,true
4.0372,true,true
12.7830,true,false
6.0055,true,true
6.8187,true,true
2.5441,true,true
2.3316,true,true
4.4335,true,true
2.4226,true,true
2.6660,true,true
7.7826,true,true
3.8060,true,true
4.2029,true,true
6.8239,true,true
3.2104,true,true
22.0564,true,true
6.2210,true,true
4.1213,true,true
3.0839,true,true
5.4251,true,true
3.6934,true,false
10.0824,true,true
24.1225,true,false
13.0796,true,true
5.8142,true,true
5.9381,true,true
24.2727,true,false
5.5617,true,false
6.1699,true,true
6.8781,true,false
3.5600,true,true
4.2356,true,true
6.8582,true,true
6.2687,true,true
20.5409,true,false
6.8929,true,true
3.1219,true,true
22.6191,true,true
4.5892,true,true
3.4720,true,false
5.2771,true,true
3.8214,true,true
2.8137,true,true
14.3990,true,true
27.5585,true,false
27.3242,true,false
14.1504,true,true
30.9860,true,false
12.7330,true,true
27.7099,true,true
15.2280,true,true
12.6654,true,true
7.8068,true,false
3.7238,true,true
2.7661,true,true
37.7802,true,false
3.7011,true,true
2.6041,true,true
6.6468,true,true
2.3052,true,true
17.3576,true,false
11.4883,true,false
5.8218,true,true
4.7525,true,true
7.0327,true,true
2.7665,true,true
17.2940,true,false
2.5945,true,true
4.0992,true,true
2.8225,true,true
15.9043,true,false
10.1477,true,false
6.5089,true,true
2.9029,true,true
3.8518,true,true
6.2496,true,true
5.6582,true,true
8.0987,true,true
2.8356,true,true
18.6489,true,false
6.5040,true,false
4.7218,true,true
7.9152,true,true
2.7246,true,true
6.2762,true,true
1.8621,true,true
2.9855,true,true
3.6544,true,true
2.4402,true,true
5.1770,true,true
28.8825,true,true
20.4264,true,true
21.2858,true,true
53.3148,true,true
13.8367,true,true
45.3389,true,false
24.4322,true,true
43.7415,true,false
16.8486,true,true
37.9747,true,false
33.3967,true,true
25.1978,true,true
26.9862,true,true
23.9041,true,true
56.3710,true,true
14.7010,true,true
47.4953,true,true
24.5440,true,true
7.5917,true,false
10.9510,true,true
25.3570,true,true
12.7535,true,true
2.8685,true,true
10.4351,true,true
4.4175,true,true
2.3102,true,true
6.9367,true,true
3.7877,true,true
4.0394,true,true
3.0846,true,true
3.0392,true,true
5.1171,true,false
7.5887,true,true
4.2451,true,true
8.0608,true,true
6.3282,true,true
5.8556,true,true
3.3120,true,true
12.4757,true,true
6.8077,true,true
1.9737,true,true
6.2876,true,true
12.8786,true,false
4.7490,true,false
23.9681,true,false
9.7903,true,true
6.0692,true,true
3.5012,true,true
7.2657,true,true
2.8908,true,true
5.3502,true,true
2.1082,true,true
6.1399,true,false
6.1495,true,true
2.9652,true,true
3.6073,true,false
4.1915,true,true
7.0962,true,true
7.3133,true,true
8.2266,true,true
13.7948,true,true
4.7582,true,true
12.5731,true,true
3.3388,true,true
9.6710,true,true
12.1358,true,true
36.2881,true,false
25.0911,true,true
13.6924,true,true
11.5139,true,true
6.7898,true,true
2.5080,true,true
4.6147,true,true
3.3740,true,true
2.6778,true,true
9.2978,true,false
18.7040,true,true
12.9117,true,true
5.5442,true,true
22.1098,true,true
14.1742,true,true
9.6187,true,true
10.0366,true,true
10.1481,true,true
7.1526,true,true
18.3351,true,true
13.5252,true,true
14.8681,true,true
3.7324,true,true
9.9855,true,true
39.0007,true,true
4.6893,true,true
3.3213,true,true
3.9356,true,true
15.8750,true,true
9.1729,true,true
5.4288,true,true
10.1625,true,true
8.1446,true,true
7.0682,true,true
2.9936,true,true
29.1378,true,false
4.1861,true,true
2.4283,true,true
2.5833,true,true
6.2659,true,true
5.1276,true,true
3.4369,true,true
12.8689,true,true
2.5787,true,true
13.3128,true,false
2.3715,true,true
8.3219,true,true
10.6097,true,true
4.9456,true,true
24.2515,true,false
12.1313,true,true
2.5620,true,true
3.8220,true,true
7.9206,true,true
3.4986,true,true
3.5016,true,true
2.4799,true,true
5.2269,true,false
2.8403,true,true
4.9344,true,true
2.9289,true,true
2.7247,true,true
14.0128,true,false
7.8037,true,false
4.5716,true,true
21.0120,true,true
10.6888,true,true
14.0826,true,true
6.4898,true,true
3.9169,true,true
36.2840,true,true
19.6605,true,true
4.5832,true,true
6.5800,true,true
3.3756,true,false
6.1711,true,true
7.8923,true,true
3.5319,true,true
4.3158,true,true
11.0198,true,true
20.4267,true,true
11.6831,true,true
32.9170,true,true
10.6376,true,false
4.9836,true,true
6.4729,true,true
3.1038,true,true
2.9193,true,true
8.3197,true,false
2.9155,true,true
6.6198,true,true
2.9077,true,false
6.6660,true,true
2.1793,true,true
3.2858,true,true
7.2479,true,true
3.1485,true,true
3.2308,true,true
3.6582,true,true
4.3907,true,true
2.4759,true,true
4.0338,true,false
5.7133,true,false
4.4499,true,true
7.4913,true,true
6.8819,true,true
2.5612,true,true
14.6280,true,false
2.3970,true,true
2.4191,true,true
5.1126,true,true
4.4148,true,false
3.7102,true,true
3.3616,true,true
2.8199,true,true
5.1831,true,true
7.0745,true,false
21.7409,true,true
10.2332,true,true
5.7523,true,true
19.9763,true,true
5.6255,true,true
7.0442,true,true
7.4351,true,true
2.7315,true,true
3.3936,true,false
2.2949,true,true
2.3877,true,true
2.7286,true,true
4.2000,true,true
6.6780,true,true
2.1858,true,true
15.3019,true,false
2.8494,true,true
11.1996,true,true
2.7727,true,true
11.1575,true,true
2.9152,true,true
4.4029,true,true
2.7864,true,true
2.5935,true,true
1.5674,true,true
3.0264,true,true
2.6328,true,true
24.0498,true,false
6.1350,true,true
14.1506,true,true
8.3879,true,false
4.4941,true,true
2.6347,true,true
2.3781,true,true
2.8031,true,true
22.3632,true,false
5.8539,true,true
3.2916,true,false
7.0459,true,true
6.7944,true,true
6.7389,true,true
7.7371,true,true
10.2950,true,true
10.4938,true,true
6.5832,true,true
10.4570,true,true
27.7183,true,false
11.9365,true,true
5.8210,true,true
5.7547,true,true
7.4342,true,true
2.4970,true,true
15.6483,true,false
3.8122,true,false
4.6046,true,true
2.5673,true,true
5.4068,true,true
2.1326,true,true
5.6071,true,true
13.5472,true,false
2.3502,true,true
6.5004,true,true
4.7955,true,true
3.1447,true,true
12.5209,true,true
5.2330,true,false
2.1298,true,true
5.6711,true,true
2.4967,true,true
7.8103,true,true
6.1417,true,true
3.2079,true,true
4.4183,true,true
2.2635,true,true
4.9976,true,false
6.6524,true,true
2.4360,true,true
2.4999,true,true
7.0323,true,true
5.3458,true,true
6.4940,true,true
4.0060,true,true
4.1336,true,false
3.1109,true,true
5.3760,true,true
3.1429,true,true
6.5250,true,true
11.5377,true,true
22.6900,true,true
16.6099,true,true
11.8372,true,true
5.8298,true,true
2.8298,true,true
2.9753,true,true
3.0006,true,true
7.7472,true,true
14.5478,true,true
30.7984,true,true
10.5067,true,true
4.5019,true,true
14.9258,true,true
27.9496,true,false
6.4123,true,true
5.9985,true,true
2.9635,true,true
8.7558,true,true
7.6498,true,true
7.0605,true,true
19.5829,true,true
3.1891,true,true
3.0053,true,false
4.4516,true,true
2.3632,true,true
2.5544,true,true
12.9054,true,true
19.1561,true,true
7.2185,true,true
3.3124,true,true
6.4352,true,true
11.3748,true,false
9.5311,true,true
6.5756,true,true
2.4918,true,true
8.2916,true,true
19.4313,true,true
35.4424,true,false
11.2913,true,true
19.0165,true,true
7.5708,true,true
19.6339,true,true
8.7384,true,false
4.0907,true,true
45.3718,true,false
5.2441,true,true
6.7111,true,true
2.6406,true,true
14.5690,true,false
8.1775,true,true
4.3027,true,true
20.9332,true,false
2.5581,true,true
6.1251,true,false
3.0569,true,true
4.0564,true,true
6.4559,true,true
7.5827,true,false
7.6084,true,true
4.5997,true,true
3.4406,true,true
6.0012,true,true
2.9343,true,true
2.8254,true,true
3.0962,true,true
6.3478,true,true
7.1657,true,true
3.0944,true,true
3.0314,true,true
10.1127,true,true
7.0184,true,true
9.5145,true,true
7.7091,true,true
3.3877,true,true
3.1565,true,true
2.8872,true,true
7.6617,true,true
10.4393,true,true
5.7220,true,true
2.6482,true,true
2.4068,true,true
4.2439,true,true
9.0699,true,true
8.6904,true,true
13.2916,true,true
5.6165,true,true
20.8736,true,true
13.8092,true,true
6.7850,true,true
4.9215,true,true
25.1960,true,true
5.7985,true,true
1.6427,true,true
21.5045,true,false
6.4084,true,true
18.2959,true,true
9.7479,true,true
18.3457,true,true
31.1477,true,true
10.1514,true,true
43.8712,true,true
23.9180,true,true
22.7811,true,true
30.1066,true,true
22.0186,true,true
19.4683,true,true
14.1898,true,true
10.3892,true,true
50.9894,true,true
7.8945,true,true
4.2808,true,true
4.8184,true,true
3.7003,true,true
5.5753,true,true
11.9245,true,true
21.9571,true,true
12.0641,true,true
17.5393,true,true
16.7169,true,true
30.3349,true,true
26.1255,true,true
22.5146,true,true
18.0012,true,true
24.9344,true,true
36.1214,true,true
61.8021,true,true
15.2876,true,true
23.1938,true,true
5.5124,true,true
19.9769,true,true
7.2194,true,true
14.5009,true,true
32.0463,true,true
28.4356,true,false
31.5611,true,true
19.4782,true,true
40.5623,true,false
28.6768,true,true
18.9094,true,true
31.9166,true,false
17.3002,true,true
30.9667,true,true
23.3151,true,true
75.5826,true,false
51.6864,true,true
34.8999,true,true
47.8928,true,true
34.1305,true,true
26.1385,true,true
24.1415,true,true
38.2018,true,true
29.7118,true,true
27.5217,true,true
15.7566,true,true
26.2458,true,true
19.0649,true,true
10.9180,true,true
93.9105,true,true
8.7459,true,true
16.8041,true,true
6.1613,true,true
34.5270,true,true
52.0992,true,false
10.3977,true,true
23.7800,true,true
6.4803,true,true
7.4343,true,true
4.2041,true,false
5.1910,true,false
5.8759,true,true
2.5935,true,true
2.7041,true,true
6.7927,true,true
5.9908,true,true
25.1587,true,false
26.6388,true,true
22.5223,true,true
36.0603,true,true
16.8745,true,true
23.7943,true,true
26.8376,true,true
34.9323,true,false
23.0395,true,true
61.0109,true,true
45.3435,true,true
14.9227,true,false
71.5054,true,true
35.0702,true,true
16.6797,true,true
8.2856,true,true
27.5042,true,false
3.4597,true,true
19.7540,true,true
39.1805,true,true
6.6118,true,true
4.0241,true,true
5.5701,true,true
4.8572,true,true
5.2003,true,true
2.1372,true,true
3.2656,true,true
4.6433,true,true
7.4600,true,true
3.1359,true,true
6.7144,true,true
27.1681,true,false
7.4375,true,true
15.6859,true,true
48.3531,true,false
13.2640,true,true
19.5475,true,false
7.0568,true,true
26.3187,true,true
3.8046,true,false
8.1354,true,true
4.2738,true,true
7.5359,true,true
7.0313,true,true
6.2648,true,true
7.4134,true,true
5.1340,true,true
3.6124,true,true
2.3993,true,true
3.0777,true,true
5.1215,true,true
17.3057,true,true
20.2133,true,true
8.1603,true,true
6.1007,true,true
18.7308,true,false
4.9936,true,true
8.0925,true,true
16.0369,true,false
7.0088,true,true
2.3760,true,true
4.3319,true,true
2.1946,true,true
7.8361,true,true
6.8219,true,true
2.6379,true,true
5.2101,true,true
3.3048,true,true
3.1202,true,true
10.3656,true,true
5.3712,true,true
1.9670,true,true
4.6138,true,true
6.8191,true,true
15.9465,true,true
10.4901,true,true
6.7070,true,false
7.6955,true,true
5.4941,true,true
4.0201,true,true
3.2433,true,true
9.8996,true,true
7.9004,true,true
9.5630,true,true
23.5728,true,true
6.5661,true,true
6.5885,true,true
6.6844,true,true
3.6835,true,true
29.8414,true,true
37.1353,true,true
33.2959,true,true
54.0661,true,false
17.5228,true,true
30.1709,true,true
24.0053,true,true
31.0706,true,true
62.4619,true,true
57.7042,true,true
52.9221,true,true
27.8236,true,true
12.6306,true,true
24.0654,true,true
43.9185,true,true
21.8153,true,true
69.7842,true,true
56.1348,true,false
60.6706,true,false
50.2073,true,true
34.6734,true,true
70.4502,true,false
52.2172,true,true
57.4417,true,true
40.2930,true,true
81.5094,true,true
101.4012,true,true
43.2024,true,true
33.7880,true,true
54.1410,true,true
35.2918,true,true
31.1196,true,true
41.3779,true,true
64.9301,true,false
91.5867,true,true
40.8550,true,true
35.7573,true,true
32.3616,true,true
26.1389,true,false
44.9402,true,true
14.1550,true,true
8.6942,true,true
5.3605,true,true
12.7873,true,true
50.5003,true,true
9.1553,true,true
3.1772,true,true
42.3872,true,true
3.1581,true,true
2.9641,true,true
3.8693,true,true
4.2055,true,false
8.6650,true,true
2.3316,true,true
6.1938,true,true
21.0231,true,true
44.6674,true,false
16.6250,true,true
10.3949,true,true
6.3247,true,true
8.0865,true,true
11.9118,true,true
57.9159,true,false
8.7409,true,true
22.4036,true,true
4.7211,true,true
36.2132,true,true
14.2862,true,false
42.1751,true,false
23.4597,true,true
39.6301,true,true
27.8995,true,true
23.9630,true,true
13.8910,true,true
64.8357,true,false
24.8036,true,true
14.1772,true,false
17.4345,true,true
31.9826,true,false
13.0069,true,true
21.2984,true,true
15.8032,true,true
22.5851,true,true
12.9309,true,true
7.7497,true,true
65.4234,true,true
12.6273,true,true
14.6566,true,true
61.8975,true,true
13.6265,true,false
46.8353,true,false
36.0411,true,true
24.0402,true,true
21.2739,true,true
14.4988,true,true
10.0620,true,false
42.4626,true,true
25.0746,true,true
6.4765,true,true
12.7513,true,true
2.3147,true,true
2.5008,true,true
7.0793,true,true
2.4762,true,true
3.1663,true,true
3.1183,true,true
1.9377,true,true
2.9572,true,true
2.8857,true,true
2.9629,true,true
3.5976,true,true
2.5212,true,true
2.6574,true,true
3.1847,true,true
6.2887,true,true
13.1775,true,false
4.9289,true,true
23.7741,true,true
19.8361,true,true
16.3343,true,true
16.8912,true,true
28.1725,true,true
17.4675,true,true
24.7740,true,true
6.7789,true,true
13.3742,true,true
6.6873,true,true
2.5059,true,true
2.4063,true,true
2.1440,true,true
5.6043,true,true
3.9231,true,true
7.9146,true,true
3.1450,true,false
3.5870,true,false
5.4378,true,true
6.0403,true,true
3.6623,true,true
6.4823,true,true
1.9764,true,true
6.3297,true,true
3.4050,true,true
13.2891,true,false
5.5801,true,false
5.6288,true,false
17.3182,true,false
13.9745,true,true
20.2254,true,true
12.7436,true,true
13.6139,true,true
20.8493,true,true
48.6131,true,true
11.5742,true,true
6.0106,true,true
4.8068,true,true
7.0855,true,true
15.3176,true,true
43.4320,true,true
50.0355,true,true
118.4629,true,false
33.7206,true,true
90.8983,true,true
40.6748,true,true
91.2373,true,true
39.2081,true,true
68.5275,true,true
141.7895,true,false
66.8404,true,true
116.8758,true,false
129.7296,true,true
37.1083,true,true
100.0826,true,true
45.4461,true,false
109.9027,true,true
26.7015,true,true
61.5159,true,true
32.2563,true,true
21.3004,true,true
28.9537,true,true
48.8088,true,true
18.9351,true,true
57.3792,true,false
21.1633,true,true
15.1544,true,true
14.3502,true,true
4.0405,true,true
6.3146,true,true
19.5997,true,true
2.1601,true,true
4.7389,true,true
4.4687,true,true
8.7732,true,true
5.0281,true,true
18.7679,true,false
10.9669,true,true
5.2942,true,true
11.9674,true,true
2.6539,true,true
8.3118,true,true
18.5984,true,true
13.7645,true,true
10.7958,true,true
4.8342,true,true
40.4183,true,true
4.3736,true,true
2.3591,true,true
5.1475,true,true
16.0922,true,false
7.8167,true,true
2.7385,true,true
2.9086,true,true
19.1777,true,true
8.9063,true,true
7.2586,true,true
21.1319,true,true
2.7428,true,true
9.0336,true,false
7.8554,true,true
11.2753,true,true
8.8852,true,false
4.8929,true,true
5.7172,true,true
5.0349,true,true
7.2143,true,true
4.6654,true,true
7.6607,true,true
5.0375,true,true
7.3143,true,true
3.6137,true,true
2.8472,true,true
2.5653,true,true
6.3093,true,true
19.8648,true,false
7.5210,true,true
4.3894,true,true
3.3622,true,true
2.6579,true,true
2.3423,true,true
5.9702,true,true
2.6976,true,true
6.0517,true,true
2.6870,true,true
4.9643,true,true
5.3487,true,true
3.3580,true,true
16.4505,true,false
3.3620,true,true
19.9692,true,false
3.6317,true,true
6.0627,true,true
3.5373,true,true
9.8707,true,true
2.8431,true,true
2.6450,true,true
2.4011,true,true
2.3061,true,true
2.1138,true,true
3.1298,true,true
3.4343,true,true
2.4868,true,true
3.8085,true,false
4.3449,true,true
12.5006,true,false
11.1770,true,true
15.2796,true,true
9.8671,true,true
10.8619,true,true
11.8100,true,true
6.8209,true,true
4.3610,true,true
2.1624,true,true
3.2638,true,true
7.2724,true,true
6.7417,true,true
2.6022,true,true
2.7151,true,true
2.7646,true,true
2.8200,true,true
11.0332,true,true
6.5192,true,true
6.6549,true,true
14.7405,true,true
5.5707,true,true
25.5255,true,false
2.2655,true,true
17.4149,true,false
5.7416,true,true
2.3148,true,true
12.2439,true,false
10.3370,true,true
6.4909,true,true
21.7334,true,true
16.0316,true,true
13.0531,true,true
3.0934,true,true
10.4028,true,true
6.5731,true,true
4.1242,true,true
4.4103,true,true
4.9791,true,true
5.1938,true,true
4.5205,true,true
7.7096,true,true
3.5533,true,true
7.6148,true,false
3.1099,true,false
9.5406,true,true
17.6504,true,true
13.7055,true,true
8.0755,true,true
5.9246,true,true
3.4633,true,true
4.7437,true,true
5.9781,true,true
7.2542,true,true
3.0061,true,true
12.0230,true,false
6.2399,true,false
4.3239,true,true
6.4586,true,true
3.5504,true,true
4.6973,true,true
6.4000,true,true
17.0129,true,true
11.2929,true,true
19.9918,true,true
14.1891,true,true
10.8970,true,true
20.8284,true,true
16.6019,true,true
24.3849,true,true
10.3489,true,true
22.7684,true,true
10.5946,true,true
7.0396,true,true
2.3517,true,true
3.5447,true,true
2.2406,true,true
2.3252,true,true
2.3561,true,true
4.6900,true,true
11.9227,true,true
3.8511,true,true
7.0065,true,true
2.8130,true,true
3.5050,true,true
9.1435,true,true
3.5031,true,true
26.2697,true,true
17.8157,true,true
24.4377,true,true
9.4618,true,true
41.2670,true,false
6.1206,true,false
18.7719,true,false
5.2211,true,true
5.5469,true,true
5.5906,true,true
10.1452,true,true
11.4796,true,true
27.4992,true,true
19.5497,true,true
31.5865,true,false
24.4885,true,true
16.9292,true,true
6.5908,true,true
5.3857,true,true
30.4319,true,true
18.5686,true,true
6.5994,true,true
2.1561,true,true
3.0846,true,true
4.7227,true,true
4.7535,true,true
5.9263,true,true
26.6848,true,false
9.4129,true,true
6.1172,true,true
22.0525,true,true
22.2662,true,true
53.3930,true,true
36.1647,true,true
58.3942,true,false
33.9868,true,true
53.2925,true,false
24.3067,true,true
21.4925,true,true
44.5460,true,false
58.2100,true,true
41.8000,true,true
32.0668,true,true
29.9220,true,true
24.7643,true,true
13.7694,true,true
40.3033,true,false
28.5844,true,true
16.1625,true,false
7.5074,true,true
4.2081,true,true
18.5083,true,true
7.7475,true,true
19.3444,true,true
26.5811,true,true
22.3625,true,true
19.6990,true,true
10.5808,true,true
32.8468,true,true
9.6659,true,true
22.2533,true,true
8.1023,true,true
4.4342,true,true
4.2999,true,false
2.1470,true,true
28.5018,true,false
2.8848,true,true
4.1761,true,true
10.5357,true,true
7.5212,true,false
3.9731,true,true
10.2544,true,true
20.1160,true,true
2.9937,true,true
3.1221,true,true
5.2213,true,true
20.2874,true,false
14.2945,true,true
8.7951,true,true
7.6740,true,true
4.1738,true,true
3.9023,true,true
7.7963,true,true
17.7826,true,true
7.3705,true,true
14.9529,true,true
21.2244,true,true
5.0043,true,true
11.9689,true,false
5.4498,true,true
2.0895,true,true
5.8505,true,true
5.2543,true,false
8.4250,true,true
4.3553,true,true
6.4717,true,true
2.4508,true,false
3.6977,true,true
2.7682,true,true
3.6168,true,false
2.5127,true,true
8.3848,true,false
2.3127,true,true
2.7732,true,true
7.6272,true,true
4.0971,true,true
4.1932,true,true
12.2514,true,true
11.3467,true,true
4.5230,true,true
10.9052,true,true
2.5493,true,true
4.2921,true,true
2.2256,true,true
6.5260,true,true
2.1814,true,true
2.4599,true,true
9.5767,true,true
4.8900,true,true
6.6172,true,true
3.2764,true,true
2.2182,true,true
2.0784,true,true
4.9825,true,true
9.8842,true,true
4.3916,true,true
21.3740,true,true
2.6247,true,true
2.7023,true,true
11.3955,true,false
7.3427,true,true
5.7605,true,false
6.1325,true,true
2.7758,true,true
10.2667,true,true
6.3593,true,true
30.0744,true,false
20.1542,true,true
21.5171,true,true
10.0782,true,true
5.4921,true,true
3.5717,true,false
32.5700,true,false
3.6784,true,false
10.2345,true,true
6.5521,true,true
2.9266,true,false
9.5981,true,false
42.3041,true,false
2.5856,true,true
6.0359,true,true
3.3073,true,true
11.1434,true,false
4.1293,true,false
6.6169,true,true
7.6019,true,true
3.0053,true,true
3.0421,true,true
5.2470,true,false
2.1788,true,true
5.4004,true,true
5.7143,true,true
4.5896,true,true
2.9858,true,true
16.7298,true,true
18.8531,true,true
15.4177,true,true
9.3018,true,true
4.1689,true,true
12.8211,true,false
30.1156,true,false
13.9580,true,true
51.4856,true,true
21.6508,true,true
37.8414,true,true
66.8188,true,true
29.6478,true,false
14.5411,true,true
20.9067,true,true
45.1850,true,false
16.8595,true,false
6.1763,true,true
13.5465,true,true
38.9969,true,true
5.7565,true,true
8.9572,true,true
2.9286,true,true
3.0893,true,true
2.2302,true,true
2.6797,true,false
4.0676,true,true
6.6865,true,true
2.3019,true,true
15.4118,true,true
11.5887,true,true
18.8409,true,true
9.0048,true,true
6.0963,true,true
2.7632,true,true
5.2875,true,true
21.4260,true,true
3.2367,true,true
20.5041,true,false
3.7540,true,true
6.9144,true,true
2.9273,true,true
6.6598,true,true
11.0553,true,true
18.8509,true,true
7.8791,true,true
29.7038,true,true
6.9532,true,true
8.2307,true,true
3.9606,true,true
2.9453,true,true
9.3033,true,true
3.3214,true,true
2.3129,true,true
2.2235,true,true
4.8572,true,true
5.7848,true,true
12.8564,true,false
3.2835,true,true
6.3334,true,true
4.5400,true,true
5.4362,true,true
5.9229,true,true
26.1593,true,true
23.9319,true,true
11.5614,true,true
21.0470,true,true
8.9080,true,true
23.9284,true,true
16.4275,true,false
15.2443,true,true
10.7567,true,true
4.9113,true,true
6.3825,true,true
3.1845,true,true
4.4297,true,true
3.9946,true,true
5.4276,true,true
3.6084,true,true
3.0829,true,true
23.3296,true,true
6.7114,true,true
18.2356,true,false
6.8317,true,true
11.7462,true,true
7.0889,true,true
12.2651,true,true
19.2113,true,true
8.3433,true,true
3.0393,true,true
5.4784,true,true
2.5125,true,true
7.4053,true,true
5.5990,true,true
8.4213,true,true
3.2665,true,true
5.7959,true,true
9.9925,true,true
12.4190,true,true
8.3479,true,true
3.2900,true,true
14.3465,true,true
12.3082,true,true
4.2933,true,true
10.1485,true,true
6.0174,true,true
37.3166,true,false
3.9277,true,true
2.8876,true,true
36.7259,true,false
3.3050,true,true
40.3422,true,false
5.0169,true,true
3.3120,true,true
2.4378,true,true
21.0365,true,false
3.6578,true,true
2.3747,true,true
1.9861,true,true
10.5036,true,true
19.4100,true,true
45.9599,true,true
23.3338,true,true
31.0832,true,true
14.4717,true,true
24.2244,true,true
53.0569,true,false
11.2052,true,true
20.9917,true,true
15.1380,true,false
41.1523,true,false
29.5529,true,true
29.0808,true,true
50.7921,true,false
16.2425,true,true
35.4556,true,true
31.3916,true,false
13.7697,true,true
26.6463,true,false
52.0252,true,true
8.5284,true,false
2.3494,true,true
9.9603,true,true
5.6648,true,true
7.7946,true,true
5.6047,true,true
2.6111,true,true
2.9540,true,true
13.5249,true,true
2.9735,true,true
13.4826,true,false
9.1055,true,true
3.6785,true,true
8.9710,true,true
18.4205,true,true
12.2633,true,true
10.3380,true,true
7.9698,true,true
26.8784,true,true
36.1026,true,true
22.5428,true,true
58.3618,true,false
43.4833,true,true
52.6570,true,true
25.6322,true,true
41.2436,true,false
46.0396,true,true
34.0798,true,true
29.1030,true,true
12.4507,true,true
19.4158,true,false
28.9580,true,true
16.2216,true,true
10.0984,true,true
8.7447,true,true
9.6385,true,true
10.7425,true,true
20.0433,true,true
9.0023,true,true
4.3129,true,true
18.4307,true,true
5.0996,true,true
12.5660,true,false
2.2384,true,true
4.5356,true,true
4.3651,true,true
2.4992,true,true
5.5144,true,true
6.3165,true,true
9.6880,true,false
7.9363,true,true
4.8762,true,true
4.5660,true,true
6.1221,true,true
6.9224,true,true
2.9550,true,true
2.9687,true,true
21.7793,true,false
2.9345,true,true
4.2147,true,true
6.7670,true,true
2.5409,true,true
14.9523,true,false
3.6776,true,true
3.9170,true,true
6.0996,true,true
6.2577,true,true
15.4671,true,true
3.0401,true,true
23.1411,true,false
2.3847,true,true
10.0783,true,true
5.0994,true,false
3.7339,true,true
2.5323,true,true
15.4416,true,false
6.2427,true,true
3.8015,true,true
6.2799,true,true
4.6884,true,true
6.7603,true,true
2.5374,true,true
5.3425,true,true
21.2294,true,true
15.0916,true,true
35.8668,true,false
26.6374,true,true
34.2705,true,true
18.3710,true,true
37.1545,true,true
14.8640,true,true
65.2388,true,false
29.4687,true,true
35.7288,true,true
11.7513,true,true
7.4309,true,true
2.3973,true,true
4.9751,true,true
4.3499,true,false
4.9705,true,false
2.8102,true,true
3.7518,true,true
11.0512,true,true
2.6598,true,true
2.4629,true,true
2.4840,true,true
2.3249,true,true
3.2604,true,true
4.5230,true,true
5.7368,true,true
4.6586,true,true
9.7490,true,true
6.4656,true,false
4.4614,true,true
6.3374,true,true
5.3236,true,true
2.1236,true,true
20.3203,true,false
2.8282,true,true
5.2091,true,true
2.2238,true,true
9.4303,true,true
8.6649,true,true
6.0627,true,true
26.9415,true,false
5.2768,true,true
4.6389,true,true
20.3810,true,true
16.1149,true,true
33.2117,true,false
12.5862,true,true
33.0631,true,true
22.0898,true,true
48.8943,true,false
12.6761,true,true
8.7520,true,true
15.9357,true,true
5.3071,true,true
36.2777,true,true
9.5235,true,true
6.5706,true,true
2.1505,true,true
6.8050,true,true
5.1065,true,true
13.9587,true,true
11.2924,true,true
10.4406,true,true
8.1792,true,true
7.6468,true,false
3.4259,true,true
3.9266,true,true
39.1605,true,false
5.7681,true,true
2.5749,true,true
6.5038,true,true
6.5762,true,true
15.4390,true,true
25.0403,true,true
25.1068,true,true
52.9024,true,true
18.2095,true,true
37.0641,true,true
50.2107,true,true
30.5466,true,true
7.5399,true,true
21.7766,true,true
5.2262,true,true
26.9750,true,true
67.1010,true,false
23.7284,true,true
22.7418,true,true
43.4609,true,true
37.5261,true,true
18.4609,true,true
24.7547,true,true
13.6864,true,false
64.3120,true,false
33.1647,true,true
3.6712,true,true
18.5851,true,true
15.0605,true,true
3.6541,true,true
3.1354,true,true
15.7617,true,true
5.9503,true,true
4.3912,true,true
2.5910,true,true
4.0720,true,false
6.3258,true,true
2.8860,true,true
6.4360,true,true
6.5917,true,true
2.5314,true,true
22.8110,true,false
10.9938,true,true
6.0435,true,true
3.0912,true,true
3.4791,true,true
22.7336,true,true
2.9229,true,true
4.7861,true,true
4.3001,true,true
2.3752,true,true
3.6396,true,true
2.4362,true,true
2.6837,true,true
10.2471,true,true
12.0814,true,true
14.1196,true,true
7.9053,true,true
3.4480,true,true
2.9020,true,true
3.2920,true,true
2.2082,true,true
6.7134,true,true
13.7113,true,true
3.1706,true,true
9.6369,true,true
9.8048,true,true
4.9452,true,true
3.0972,true,true
12.2934,true,false
23.1416,true,true
16.9239,true,true
23.7843,true,true
20.5041,true,true
8.9882,true,true
17.8432,true,true
50.3159,true,true
33.8005,true,false
8.9299,true,true
6.3050,true,true
3.0171,true,true
22.0116,true,true
2.4017,true,true
3.6030,true,false
23.1337,true,false
19.0971,true,true
7.4208,true,true
16.8652,true,false
12.5443,true,true
8.8014,true,true
8.4398,true,true
11.2961,true,true
12.5783,true,true
9.3622,true,true
16.9850,true,true
5.7737,true,true
5.5976,true,true
7.7041,true,true
39.5998,true,false
7.0269,true,false
3.3399,true,true
5.0850,true,true
4.6448,true,true
2.8535,true,true
7.3460,true,true
2.5899,true,true
7.0965,true,true
2.9580,true,true
3.0383,true,true
6.5974,true,true
4.6797,true,true
7.2403,true,true
21.2670,true,false
9.6919,true,true
15.9899,true,true
4.4167,true,true
33.6404,true,true
2.3205,true,true
15.1682,true,false
5.5232,true,true
2.9902,true,true
15.5664,true,false
9.6846,true,true
2.2949,true,true
7.7027,true,true
4.5038,true,false
2.1747,true,true
10.7147,true,false
3.4682,true,true
2.4931,true,true
5.0483,true,true
5.6102,true,true
7.1622,true,true
6.0197,true,true
18.4348,true,false
18.5566,true,true
31.1624,true,false
28.3631,true,true
18.3312,true,false
11.3702,true,true
19.7607,true,true
6.5201,true,true
21.2529,true,true
9.5444,true,true
3.2256,true,true
1.9963,true,true
22.6431,true,false
14.7616,true,false
3.0433,true,true
3.0947,true,true
3.2621,true,true
2.2835,true,true
4.0929,true,true
14.1555,true,false
6.1086,true,true
3.2339,true,true
3.6391,true,true
2.8085,true,true
37.2637,true,false
35.9901,true,false
28.2592,true,false
33.4918,true,false
34.0798,true,true
23.5400,true,true
45.5652,true,true
23.7058,true,true
16.4163,true,false
23.4644,true,true
42.6757,true,true
12.5464,true,false
8.4013,true,true
2.6672,true,true
2.7882,true,true
2.7510,true,true
3.8493,true,false
7.2833,true,true
3.9360,true,true
3.9375,true,true
6.8289,true,true
2.7216,true,true
10.1747,true,true
19.6927,true,false
28.4697,true,true
12.1861,true,true
19.8035,true,true
7.8189,true,true
5.9514,true,true
32.7824,true,false
2.7615,true,true
6.4865,true,true
3.0322,true,true
3.1664,true,true
5.6389,true,true
5.0490,true,true
5.8475,true,true
2.9113,true,true
3.0808,true,true
17.0956,true,false
2.5481,true,true
2.7474,true,true
5.5779,true,true
8.4289,true,true
5.2732,true,true
2.0430,true,true
4.3143,true,true
3.0890,true,true
14.8775,true,false
13.2685,true,true
8.6167,true,true
6.4451,true,true
13.8362,true,true
5.9936,true,true
7.3918,true,true
3.2385,true,true
4.8924,true,true
4.6155,true,true
6.4772,true,true
2.7052,true,true
2.8756,true,true
5.9113,true,true
5.4746,true,true
8.7975,true,true
3.8797,true,false
24.0623,true,false
5.5199,true,true
3.2544,true,true
8.0255,true,true
2.8607,true,true
7.7830,true,true
3.9594,true,true
3.1522,true,true
3.2726,true,true
4.0463,true,true
3.1182,true,true
6.6116,true,true
4.5028,true,true
4.1189,true,true
3.0008,true,true
2.8947,true,true
2.9522,true,true
3.6504,true,true
2.8412,true,true
6.8860,true,true
5.9447,true,true
3.0071,true,true
3.2045,true,true
2.2144,true,true
2.0239,true,true
4.2265,true,false
5.5327,true,true
2.5863,true,true
4.8590,true,true
4.3097,true,true
5.6574,true,true
3.7252,true,true
3.8148,true,true
27.3819,true,false
8.6538,true,true
17.5012,true,true
11.5252,true,true
17.5744,true,true
18.2401,true,true
60.6748,true,false
38.5275,true,true
20.1070,true,true
17.2414,true,true
20.5699,true,true
15.2281,true,true
14.6738,true,true
21.0308,true,true
15.4567,true,true
9.8409,true,true
42.8559,true,false
9.5456,true,true
5.5584,true,true
36.8096,true,false
4.5810,true,false
7.2932,true,true
2.1998,true,true
6.1650,true,true
7.2305,true,true
6.4765,true,true
2.0378,true,true
5.4982,true,false
2.2309,true,true
2.6031,true,false
17.4042,true,false
15.6402,true,true
3.9428,true,true
11.2367,true,true
17.7184,true,true
1.9462,true,true
3.0532,true,true
4.5755,true,true
2.4037,true,true
13.9867,true,true
22.9739,true,true
4.7574,true,true
16.5460,true,false
4.7154,true,true
3.8412,true,true
2.5989,true,true
6.8208,true,true
3.3902,true,true
2.5343,true,true
2.5172,true,true
2.4175,true,true
4.1950,true,true
30.5778,true,true
14.7977,true,true
28.6765,true,false
8.9097,true,true
49.1853,true,false
6.2575,true,true
32.0012,true,true
19.8768,true,true
2.1202,true,true
61.2691,true,true
13.9499,true,true
16.9594,true,true
14.0983,true,true
28.7432,true,true
17.6142,true,true
24.7256,true,true
12.8368,true,true
6.8207,true,true
4.2176,true,true
2.0600,true,true
3.3779,true,true
16.7417,true,true
12.2203,true,true
14.2226,true,true
11.9052,true,true
9.0462,true,true
11.1597,true,true
17.7593,true,true
19.8798,true,false
15.6904,true,true
24.9774,true,true
12.7188,true,true
6.7827,true,true
2.4051,true,true
2.4240,true,true
3.6226,true,true
6.3310,true,true
13.8405,true,true
14.0259,true,true
44.1876,true,false
18.5943,true,true
26.2551,true,true
17.8219,true,true
52.6923,true,false
5.7787,true,false
13.0394,true,true
20.0694,true,true
54.2606,true,false
16.2386,true,true
28.8805,true,false
19.1634,true,true
9.8245,true,true
17.5924,true,true
38.7534,true,true
27.6483,true,true
13.4560,true,true
7.8073,true,true
6.2194,true,true
2.1861,true,true
10.1582,true,true
17.1643,true,true
5.4455,true,true
3.5149,true,true
6.8388,true,true
9.4481,true,true
18.1950,true,true
15.2251,true,true
20.3761,true,true
13.1436,true,true
9.5832,true,true
35.3889,true,true
8.7861,true,true
38.0646,true,false
13.8223,true,true
7.6025,true,true
7.1096,true,true
3.3615,true,false
6.0851,true,true
27.6082,true,true
3.5038,true,true
3.1481,true,true
11.2157,true,true
11.7027,true,true
18.3488,true,true
13.4165,true,true
21.0728,true,false
9.4936,true,true
15.3901,true,true
10.8294,true,true
7.1819,true,true
33.5109,true,false
2.5334,true,true
7.5446,true,true
2.5383,true,true
2.7097,true,true
6.0403,true,true
6.3575,true,true
1.9949,true,true
16.4127,true,false
2.8635,true,true
3.9217,true,true
3.0037,true,true
16.0885,true,false
2.4936,true,true
5.5724,true,true
3.4248,true,true
19.4728,true,true
4.2098,true,true
3.9455,true,true
6.7705,true,false
4.7233,true,true
3.7859,true,true
8.4279,true,true
4.8397,true,true
6.4169,true,true
7.2476,true,true
3.2623,true,true
5.2468,true,true
25.0508,true,true
3.1982,true,true
3.7640,true,true
6.9806,true,true
2.7640,true,true
5.6661,true,true
5.0116,true,true
2.8791,true,true
5.2061,true,true
2.6721,true,false
2.8054,true,true
4.7990,true,true
4.3088,true,true
2.2981,true,true
5.1505,true,true
3.0504,true,true
4.6739,true,true
2.3692,true,true
6.9112,true,true
3.7870,true,false
2.8875,true,true
2.9761,true,true
3.7126,true,true
6.6680,true,true
2.2470,true,true
3.4138,true,true
3.2522,true,true
2.3361,true,true
21.1766,true,false
3.0318,true,true
8.0169,true,false
2.8241,true,true
7.5577,true,true
8.1647,true,false
6.2249,true,true
2.9593,true,true
4.3775,true,true
2.3402,true,true
2.2955,true,true
4.8946,true,true
2.8410,true,true
7.9367,true,true
4.1010,true,true
3.3222,true,true
3.4017,true,true
4.9112,true,true
3.0120,true,true
2.9315,true,true
2.9694,true,true
3.0566,true,true
4.8866,true,true
3.8738,true,false
2.7308,true,true
2.6362,true,true
5.6098,true,true
6.0506,true,false
4.9221,true,true
4.4405,true,true
2.5955,true,true
12.3270,true,true
2.7928,true,true
3.1843,true,true
6.4312,true,true
5.3330,true,true
5.2616,true,true
2.3291,true,true
26.3036,true,false
8.2104,true,true
8.2400,true,true
5.8517,true,true
22.1102,true,false
13.3113,true,true
28.2821,true,false
15.9679,true,true
6.6848,true,true
2.4024,true,true
23.1073,true,false
5.6975,true,true
6.4603,true,true
2.5082,true,true
14.5824,true,false
2.7797,true,true
2.7404,true,true
3.1334,true,true
3.2382,true,true
12.1971,true,true
8.8797,true,true
13.6839,true,true
18.7887,true,true
6.9970,true,true
14.5957,true,true
4.7995,true,true
2.9663,true,true
3.5813,true,true
3.6094,true,true
2.5133,true,true
6.6557,true,false
3.0350,true,true
7.9708,true,true
12.2144,true,true
26.0144,true,true
27.3316,true,true
10.2373,true,true
17.5020,true,false
25.0018,true,true
48.8429,true,true
12.8000,true,true
3.6678,true,true
66.7278,true,true
18.6524,true,true
21.7896,true,true
16.7185,true,true
5.6976,true,true
12.0219,true,true
44.4283,true,false
3.7243,true,true
6.7031,true,true
2.4652,true,true
4.1608,true,true
4.7375,true,true
3.0849,true,true
4.4423,true,true
4.9490,true,true
4.4011,true,true
4.8955,true,true
8.0623,true,true
7.2951,true,true
4.6839,true,true
4.2593,true,true
2.2089,true,true
10.7649,true,true
8.4836,true,true
12.0725,true,true
5.0755,true,true
5.2082,true,true
24.8533,true,false
15.0937,true,true
14.8763,true,true
42.1856,true,false
14.9134,true,true
3.9272,true,true
11.2726,true,true
17.7674,true,false
9.3241,true,true
21.8495,true,true
32.0622,true,true
27.7443,true,true
11.3141,true,true
17.7666,true,true
5.2229,true,true
12.7288,true,true
8.0129,true,false
5.6227,true,true
10.6785,true,true
10.0050,true,true
7.4143,true,true
6.6580,true,false
2.1380,true,true
2.9172,true,true
6.6774,true,false
2.4919,true,true
4.3959,true,true
7.6835,true,true
2.9366,true,true
6.7324,true,true
2.5284,true,true
2.3838,true,true
3.2486,true,true
5.9403,true,true
2.6122,true,true
12.4764,true,false
6.5183,true,true
3.5396,true,true
5.6167,true,true
5.5299,true,false
6.3828,true,true
2.2026,true,true
1.9632,true,true
6.7627,true,true
2.2686,true,true
2.2865,true,true
4.5295,true,true
8.5989,true,true
8.9435,true,false
4.5974,true,true
8.5560,true,true
5.4042,true,true
5.4348,true,true
35.0416,true,false
14.5339,true,true
13.0753,true,true
30.5707,true,false
29.8654,true,true
23.9673,true,true
16.0531,true,true
23.0980,true,false
11.3204,true,true
3.1324,true,true
4.8909,true,true
21.1758,true,false
3.0255,true,true
6.2856,true,true
3.0027,true,false
4.9259,true,true
7.8914,true,true
7.3926,true,true
13.6432,true,true
4.3386,true,true
3.6249,true,true
2.8452,true,true
3.0180,true,true
5.0573,true,false
10.9310,true,true
25.1785,true,true
10.9110,true,true
29.1413,true,false
11.0741,true,true
5.4180,true,true
3.9802,true,true
3.2153,true,true
2.2779,true,true
2.1866,true,true
2.1447,true,true
7.3241,true,false
2.8101,true,true
2.7967,true,true
2.9968,true,true
11.4483,true,true
30.2216,true,true
5.5079,true,true
19.3190,true,true
32.6989,true,false
10.8152,true,true
30.0951,true,true
27.2910,true,true
41.8927,true,true
16.9200,true,true
23.5384,true,true
30.5128,true,false
66.3115,true,true
4.3991,true,true
25.3174,true,true
19.5275,true,true
2.9264,true,true
15.5433,true,true
13.6861,true,true
7.4556,true,false
3.2163,true,true
6.7004,true,true
2.8120,true,true
5.1347,true,true
4.0494,true,true
3.2737,true,true
4.8313,true,true
3.3597,true,true
9.7842,true,true
2.7399,true,true
3.6141,true,false
3.2671,true,true
7.6652,true,true
2.6710,true,true
7.0763,true,true
13.6802,true,true
20.8963,true,true
29.3950,true,true
35.6186,true,true
30.3103,true,true
21.6479,true,true
70.0409,true,false
38.9012,true,true
24.3981,true,true
38.6867,true,true
59.6281,true,true
27.8059,true,true
23.1550,true,true
12.1956,true,true
25.6688,true,true
14.0153,true,true
20.8804,true,true
37.8545,true,true
35.2985,true,true
49.9748,true,true
45.8818,true,true
28.5862,true,true
74.6696,true,false
24.5653,true,true
17.3721,true,true
50.6105,true,true
95.5724,true,true
29.0949,true,true
20.7375,true,true
56.7786,true,true
20.6927,true,true
34.3660,true,true
21.2059,true,true
11.3379,true,true
19.7108,true,true
13.4553,true,true
8.4955,true,true
3.6808,true,true
24.1735,true,true
2.3512,true,true
26.6484,true,false
6.3353,true,false
2.9419,true,false
3.0220,true,true
3.1174,true,true
3.1302,true,true
10.6140,true,true
13.5888,true,true
8.9809,true,true
4.2135,true,true
7.9594,true,false
3.9028,true,true
17.3855,true,false
5.9049,true,true
4.1906,true,true
2.1327,true,true
3.0940,true,true
9.4672,true,true
4.1478,true,true
11.4636,true,true
6.4785,true,true
14.3948,true,true
3.2753,true,true
29.8797,true,true
3.0026,true,true
3.0748,true,true
4.5293,true,true
2.7384,true,true
3.9045,true,true
7.4595,true,true
2.8299,true,true
5.8583,true,true
5.8257,true,true
4.4286,true,true
2.7845,true,true
2.7791,true,true
13.3708,true,false
7.1471,true,true
2.4630,true,true
6.7071,true,true
7.3921,true,true
5.3717,true,true
2.1863,true,true
5.4528,true,true
2.4565,true,true
2.7431,true,true
18.6742,true,false
4.8474,true,false
7.1254,true,true
9.4467,true,true
6.0108,true,true
3.8782,true,true
2.6761,true,true
7.8026,true,true
27.6794,true,false
4.0165,true,true
6.6601,true,true
6.1818,true,true
3.7748,true,true
2.8414,true,true
2.8932,true,true
2.9946,true,true
3.2953,true,true
14.0632,true,true
3.5203,true,true
5.5979,true,true
2.4086,true,true
3.1960,true,true
2.0491,true,true
3.2456,true,true
2.0887,true,true
2.9668,true,true
3.0601,true,true
7.4873,true,true
6.9781,true,true
3.7962,true,true
6.3645,true,true
2.0911,true,true
2.8374,true,true
7.2401,true,true
3.7060,true,true
4.6012,true,false
2.4031,true,true
2.7276,true,true
3.7829,true,true
3.4380,true,true
7.2799,true,true
11.2816,true,false
6.6543,true,true
4.6944,true,true
7.1843,true,true
5.4612,true,true
2.5402,true,true
18.5098,true,true
32.2407,true,true
43.5324,true,true
64.7056,true,true
38.3551,true,true
49.6183,true,true
59.1382,true,true
75.0787,true,false
91.0225,true,true
30.6631,true,true
74.5748,true,false
41.5191,true,true
55.6460,true,true
38.4884,true,true
144.6860,true,true
39.8543,true,true
38.1528,true,true
99.8251,true,false
88.6672,true,true
53.0527,true,true
106.2251,true,true
82.6986,true,true
69.5320,true,true
98.6182,true,true
196.4785,true,true
110.1297,true,true
81.1385,true,true
173.9226,true,true
80.2009,true,true
20.5986,true,true
71.2628,true,true
99.4670,true,true
125.2988,true,true
76.6280,true,true
72.2817,true,true
103.9648,true,false
97.5183,true,true
179.0791,true,true
75.8233,true,true
99.3674,true,true
152.2396,true,false
68.9820,true,true
213.1501,true,true
67.5546,true,true
73.0128,true,true
169.8826,true,false
66.1838,true,true
102.5880,true,true
71.4081,true,true
140.2128,true,true
166.0214,true,true
335.8740,true,true
162.0868,true,true
71.9502,true,true
71.6768,true,true
73.3175,true,true
217.7428,true,false
183.9440,true,false
68.1157,true,true
68.7386,true,true
67.2052,true,true
142.2482,true,true
136.6191,true,true
309.4888,true,true
115.7596,true,false
65.8205,true,true
55.8573,true,true
101.0909,true,true
51.1667,true,true
98.1353,true,true
113.5242,true,true
40.8514,true,true
48.3827,true,true
184.6287,true,true
91.6434,true,true
392.1466,true,true
205.6902,true,true
218.8345,true,true
49.4216,true,true
83.7007,true,true
266.8248,true,false
162.1992,true,true
51.0442,true,true
56.6726,true,true
108.7409,true,true
59.9097,true,true
80.5450,true,true
57.5628,true,true
56.6273,true,true
89.9178,true,true
334.9417,true,true
53.9844,true,true
48.5738,true,true
130.2162,true,false
45.5721,true,true
120.6294,true,false
37.7802,true,true
76.2188,true,true
96.6043,true,true
30.3064,true,true
37.6490,true,true
26.4751,true,true
48.0846,true,true
66.9800,true,true
192.0043,true,true
16.7000,true,true
39.2692,true,false
27.7217,true,true
21.7933,true,true
115.8814,true,true
41.8923,true,true
24.9776,true,false
8.4782,true,true
21.7332,true,false
91.4478,true,true
18.0670,true,true
13.9856,true,true
8.2903,true,true
3.7384,true,true
2.5288,true,true
4.2819,true,true
2.2132,true,true
4.7889,true,true
2.6917,true,true
5.6702,true,true
5.0091,true,true
3.2986,true,true
3.0370,true,true
5.7913,true,false
4.0386,true,true
4.3515,true,true
6.0711,true,true
4.4560,true,true
2.6263,true,true
2.3609,true,true
9.9288,true,false
19.0182,true,true
13.6935,true,true
31.0814,true,false
13.7087,true,true
12.3123,true,true
28.6581,true,true
19.3181,true,true
9.0325,true,true
18.5066,true,true
10.0745,true,false
38.8223,true,true
8.5361,true,true
4.8993,true,true
6.6429,true,true
2.2720,true,true
1.9945,true,true
4.0070,true,true
7.7458,true,true
14.5272,true,true
6.8015,true,true
9.9948,true,false
6.3149,true,true
3.5525,true,true
3.8996,true,true
4.0334,true,true
5.8720,true,true
10.4612,true,true
44.9924,true,true
28.7377,true,true
18.2268,true,true
25.1975,true,true
12.8513,true,true
8.0764,true,true
3.9241,true,true
43.4973,true,true
8.9725,true,true
5.1928,true,true
3.1676,true,true
4.0960,true,true
11.8013,true,true
2.3190,true,true
2.1948,true,true
2.1301,true,true
2.7014,true,true
2.5519,true,true
4.6990,true,true
8.6480,true,true
3.6001,true,true
3.8892,true,false
2.8048,true,true
2.9534,true,true
5.5254,true,true
2.4965,true,true
16.5985,true,false
3.1464,true,true
1.9647,true,true
4.4064,true,true
4.6455,true,true
2.1947,true,true
11.7484,true,false
2.2536,true,true
4.1348,true,false
7.1022,true,true
5.5978,true,true
6.5876,true,true
14.2234,true,false
4.9802,true,true
17.6600,true,true
2.6012,true,true
17.1487,true,true
2.4454,true,true
2.3905,true,true
19.8577,true,true
18.1667,true,true
18.1996,true,true
17.1042,true,false
4.6532,true,true
11.1118,true,false
3.5635,true,false
23.3055,true,true
17.4779,true,false
16.9823,true,true
6.9398,true,true
5.4740,true,false
18.0488,true,true
2.9721,true,true
13.5402,true,true
5.5146,true,false
7.3171,true,true
4.5747,true,false
9.6107,true,true
5.3120,true,false
23.5029,true,true
5.1755,true,false
6.2087,true,true
8.2186,true,true
3.1776,true,true
3.3929,true,true
5.9018,true,true
2.8860,true,true
2.8742,true,true
12.7613,true,true
6.3423,true,true
3.8972,true,true
6.5386,true,true
13.9725,true,true
10.1998,true,true
35.2007,true,true
6.0383,true,true
24.8419,true,true
2.8880,true,true
12.3677,true,false
6.2280,true,true
12.5055,true,true
7.4144,true,true
10.8034,true,true
30.2149,true,false
9.6084,true,true
23.6814,true,true
31.4566,true,false
7.1605,true,true
3.6053,true,true
17.9968,true,false
8.0750,true,true
6.2373,true,true
7.4712,true,true
3.1318,true,true
12.1551,true,false
16.5770,true,false
3.9659,true,true
11.5257,true,false
2.3881,true,true
21.6126,true,false
4.5460,true,true
13.6584,true,true
16.9944,true,true
13.1138,true,true
9.9802,true,true
5.8967,true,false
5.1358,true,false
6.8267,true,true
14.0559,true,true
5.4239,true,true
3.8128,true,true
8.8149,true,true
16.7958,true,true
12.6555,true,true
2.1066,true,true
13.8009,true,false
3.0183,true,true
2.8248,true,true
3.3438,true,true
6.1131,true,true
2.7463,true,true
3.2020,true,false
2.9976,true,true
5.7685,true,true
18.6360,true,false
7.3759,true,true
3.1423,true,true
4.0916,true,true
14.6780,true,true
11.7954,true,true
6.0954,true,true
7.6742,true,true
4.7392,true,true
2.8181,true,true
2.7068,true,true
7.4575,true,true
5.4486,true,true
3.8019,true,true
13.0385,true,false
6.8344,true,true
8.8011,true,true
15.4236,true,true
4.1650,true,true
3.9450,true,true
4.8892,true,true
2.9262,true,true
4.7081,true,true
16.1899,true,true
6.6316,true,false
25.2309,true,true
2.5729,true,true
30.2705,true,true
28.3739,true,false
9.7433,true,true
4.7200,true,true
11.4843,true,true
29.5388,true,false
16.1225,true,true
20.9248,true,true
15.7605,true,true
9.9840,true,true
24.0722,true,true
7.9029,true,true
23.8460,true,false
16.9292,true,true
10.8887,true,false
24.5881,true,true
9.8196,true,false
6.6407,true,true
2.3341,true,true
2.2921,true,true
5.4428,true,true
6.4934,true,true
3.2664,true,true
5.5077,true,true
6.2170,true,true
8.4625,true,true
3.0524,true,true
5.6530,true,true
2.6510,true,true
7.3695,true,true
10.8985,true,true
4.8515,true,true
24.2172,true,true
2.2746,true,true
2.3435,true,true
2.5598,true,true
3.9236,true,true
7.4883,true,true
8.5146,true,true
7.0234,true,true
3.1196,true,true
23.6343,true,false
6.0272,true,true
18.3207,true,false
12.1657,true,true
14.0738,true,true
32.7581,true,true
21.5437,true,true
44.4370,true,true
14.1316,true,true
22.8014,true,true
18.8317,true,true
20.7174,true,true
34.4911,true,true
17.3106,true,true
6.9141,true,true
13.4732,true,true
3.8551,true,true
3.7219,true,true
13.4159,true,true
4.1743,true,true
23.3664,true,false
4.2118,true,true
2.9490,true,true
4.3428,true,true
5.0777,true,false
25.1104,true,false
13.4660,true,true
20.9794,true,true
4.0365,true,true
11.3517,true,true
2.7769,true,true
4.4293,true,true
6.9503,true,true
7.6627,true,true
5.5134,true,true
3.5070,true,true
4.7127,true,true
4.5410,true,true
2.4373,true,true
17.0362,true,true
8.4993,true,true
21.7141,true,true
16.1876,true,false
5.4810,true,true
2.0874,true,true
2.8471,true,true
2.8927,true,true
2.8756,true,true
5.6040,true,true
4.3418,true,true
2.9682,true,true
5.6636,true,true
2.4029,true,true
3.7241,true,true
7.7173,true,true
5.1754,true,true
6.3449,true,true
12.6773,true,true
2.0942,true,true
2.9819,true,true
11.0116,true,false
7.3449,true,true
4.2240,true,true
3.6391,true,false
2.4574,true,true
4.7009,true,true
8.1754,true,false
4.1192,true,true
11.2530,true,true
7.0747,true,true
3.4139,true,true
13.4545,true,false
4.2694,true,true
2.2469,true,true
4.5202,true,true
2.7646,true,true
3.1467,true,true
6.7593,true,true
2.4123,true,true
6.2143,true,true
6.1712,true,true
12.6522,true,true
1.9474,true,true
7.2865,true,true
2.5093,true,true
4.3233,true,true
17.2701,true,false
4.5004,true,true
2.8485,true,true
16.9245,true,false
12.4239,true,true
7.3787,true,true
3.1421,true,true
3.1036,true,true
8.1618,true,true
8.0523,true,true
15.1990,true,true
31.2032,true,true
28.9328,true,true
42.2076,true,true
32.7095,true,true
9.6118,true,true
27.7078,true,true
9.9211,true,true
31.2756,true,false
82.9817,true,true
7.9105,true,true
56.9781,true,false
22.8309,true,true
41.7492,true,true
16.8702,true,true
23.9102,true,true
24.1130,true,true
12.2463,true,true
24.0719,true,true
17.7057,true,true
9.5499,true,true
4.7197,true,true
17.3277,true,true
3.9605,true,true
3.0387,true,true
11.1504,true,false
8.4654,true,true
13.7248,true,false
8.9279,true,true
5.6519,true,true
2.5304,true,true
6.4197,true,true
9.5868,true,true
3.7449,true,true
3.7877,true,true
6.6314,true,true
3.6941,true,true
3.0454,true,false
3.0351,true,true
2.9621,true,true
2.7839,true,true
3.7379,true,true
3.0661,true,true
10.9260,true,true
2.4839,true,true
16.4322,true,true
13.1707,true,true
9.1784,true,true
8.7386,true,false
7.3066,true,true
3.1676,true,true
2.1408,true,true
3.0443,true,true
3.1499,true,true
6.7169,true,true
2.6685,true,true
5.4233,true,true
2.3001,true,true
5.2132,true,true
3.2747,true,false
3.0933,true,false
11.8185,true,false
7.1500,true,true
3.1336,true,true
15.9451,true,false
7.0347,true,true
4.6564,true,true
15.6540,true,true
7.6125,true,true
16.0240,true,true
3.5466,true,true
28.7242,true,false
5.9409,true,true
3.0424,true,true
4.1121,true,true
4.6881,true,true
3.5518,true,true
2.7184,true,true
4.8544,true,true
7.2419,true,true
9.0649,true,true
13.2015,true,true
7.6959,true,true
23.7528,true,true
13.3975,true,true
18.8815,true,true
19.7342,true,true
52.2361,true,true
59.4074,true,false
36.3182,true,false
19.9040,true,false
33.0355,true,true
8.4168,true,true
17.3373,true,true
10.7773,true,true
17.7906,true,true
21.8556,true,true
36.7575,true,false
30.6854,true,true
62.1520,true,true
20.7695,true,true
28.1670,true,false
66.1688,true,true
19.9896,true,true
36.0521,true,true
13.5084,true,true
33.1404,true,false
21.4230,true,true
5.4165,true,true
13.9640,true,true
2.9916,true,true
2.9267,true,true
2.8692,true,true
2.7521,true,true
2.5603,true,true
6.9539,true,true
3.0278,true,true
4.8323,true,false
33.8251,true,true
18.0888,true,true
41.7441,true,true
32.4732,true,true
44.1781,true,true
73.1729,true,true
29.8813,true,true
37.7379,true,false
73.1720,true,false
18.2260,true,true
47.6879,true,true
18.2526,true,true
8.7936,true,true
17.5426,true,false
37.0253,true,true
49.5280,true,true
6.1086,true,true
47.4175,true,false
4.7444,true,true
5.8531,true,true
6.0652,true,true
7.0666,true,true
13.3225,true,false
7.2289,true,true
5.6165,true,false
4.7120,true,true
2.4678,true,true
3.9673,true,true
26.6325,true,false
4.2011,true,true
2.1868,true,true
3.6824,true,true
3.0522,true,true
4.9087,true,true
3.0476,true,true
2.7724,true,true
3.6768,true,true
2.7162,true,true
7.2408,true,true
4.5302,true,true
2.4005,true,true
6.4534,true,true
2.2712,true,true
6.4206,true,true
3.0985,true,true
3.3784,true,true
28.5135,true,false
9.8619,true,true
4.8928,true,true
2.6556,true,true
2.6326,true,true
16.2688,true,false
6.4946,true,true
2.3345,true,true
2.5641,true,true
13.1839,true,false
10.1390,true,false
5.3172,true,true
3.2967,true,false
6.7892,true,true
4.5917,true,true
14.9152,true,false
5.8486,true,true
11.8099,true,true
6.1711,true,true
20.6108,true,false
16.4842,true,true
11.2695,true,true
24.5493,true,false
15.0050,true,true
7.5531,true,true
47.7555,true,true
5.5988,true,true
20.2604,true,false
4.0154,true,true
4.5663,true,false
2.5632,true,true
6.7740,true,true
2.6499,true,true
2.7577,true,true
7.6225,true,true
3.1899,true,false
3.6715,true,true
10.3211,true,true
4.8035,true,true
8.0590,true,true
14.9341,true,true
4.1366,true,true
3.9935,true,true
3.1583,true,true
6.3458,true,true
13.3557,true,true
4.8987,true,true
20.0739,true,true
14.6560,true,true
4.4194,true,false
4.8398,true,true
11.1094,true,true
2.9190,true,true
3.1815,true,true
2.0336,true,true
3.5593,true,false
6.7433,true,true
7.1726,true,true
4.4597,true,true
6.4842,true,true
2.1772,true,true
5.3027,true,true
2.2550,true,true
4.7953,true,true
18.4466,true,true
25.4192,true,true
13.9921,true,true
33.9978,true,false
40.5281,true,true
24.6641,true,true
26.0044,true,true
16.2366,true,true
11.8933,true,true
47.2164,true,true
11.2368,true,true
8.2150,true,true
2.9551,true,true
44.6649,true,false
7.8747,true,true
6.5031,true,true
3.6466,true,true
6.6558,true,true
2.2991,true,true
2.3485,true,true
4.8354,true,false
10.0655,true,true
22.2789,true,true
3.5680,true,true
15.5089,true,false
7.0912,true,false
2.8105,true,true
2.7855,true,true
2.9464,true,true
3.7786,true,true
4.2669,true,false
2.1158,true,true
2.0230,true,true
2.8072,true,true
2.9669,true,true
6.9784,true,true
2.9023,true,true
2.8062,true,true
2.7419,true,true
6.1577,true,true
7.8115,true,true
2.8339,true,true
4.3835,true,false
2.1468,true,true
2.9144,true,true
2.8361,true,true
7.4335,true,true
14.5447,true,true
21.2967,true,true
3.5633,true,true
5.8307,true,true
4.0815,true,true
3.7537,true,true
32.9354,true,true
27.9388,true,true
11.8972,true,true
22.7841,true,true
4.8875,true,true
31.8410,true,true
51.4807,true,true
15.0568,true,true
4.8801,true,false
6.2344,true,true
2.8893,true,true
3.3876,true,true
2.5910,true,true
6.9969,true,true
2.4578,true,true
7.0667,true,true
5.0584,true,true
3.0629,true,true
3.3891,true,true
8.5270,true,true
6.5457,true,true
7.4921,true,false
17.3626,true,true
6.9111,true,true
2.5554,true,true
5.4698,true,true
8.7172,true,true
19.1832,true,true
13.3411,true,true
4.5006,true,true
13.8698,true,true
33.1549,true,true
2.4914,true,true
5.7922,true,true
2.3691,true,true
2.1808,true,true
1.8075,true,true
2.5283,true,true
6.2331,true,true
20.2100,true,true
18.6898,true,true
7.5127,true,true
13.8886,true,true
10.0504,true,true
9.1807,true,true
3.6039,true,true
48.5388,true,true
6.1627,true,true
8.7249,true,true
17.1074,true,true
4.7880,true,true
3.2180,true,true
7.7991,true,true
3.3226,true,true
2.3374,true,true
3.9606,true,true
10.4178,true,true
13.1018,true,true
17.6708,true,true
17.7631,true,true
7.9857,true,true
20.9788,true,false
14.2655,true,true
14.4644,true,true
52.4649,true,true
40.7236,true,true
37.2381,true,true
23.6245,true,false
30.8277,true,true
16.2145,true,true
30.3289,true,true
22.9633,true,true
19.9309,true,true
33.3317,true,true
23.0053,true,true
16.7813,true,false
6.0603,true,true
12.4445,true,true
31.8925,true,true
2.5809,true,true
12.9915,true,false
6.3441,true,true
2.0702,true,true
4.7607,true,true
7.6861,true,true
4.1589,true,true
3.2175,true,true
6.7273,true,true
2.7679,true,true
15.7767,true,true
6.5242,true,true
32.3761,true,true
28.6013,true,false
22.2326,true,true
3.9490,true,true
10.9590,true,false
18.6771,true,false
5.4079,true,true
4.9817,true,true
5.8406,true,true
5.1494,true,false
3.9258,true,true
6.6815,true,true
5.7827,true,true
2.5808,true,true
2.4733,true,true
4.3344,true,true
4.8032,true,true
6.5627,true,true
2.2514,true,true
2.1811,true,true
7.1647,true,true
5.8967,true,true
20.5782,true,false
3.0967,true,false
8.5436,true,true
2.0505,true,true
11.7417,true,false
2.5236,true,true
12.0621,true,true
13.9867,true,true
24.7907,true,true
43.8508,true,false
14.1018,true,true
8.0976,true,true
62.9098,true,true
32.2645,true,true
57.3351,true,true
24.6576,true,true
38.9868,true,true
14.3930,true,true
22.2179,true,true
64.0329,true,false
32.8936,true,true
10.4806,true,true
19.0097,true,true
6.9045,true,true
4.2790,true,true
6.8132,true,false
10.2997,true,true
7.8592,true,true
2.8791,true,true
3.1652,true,true
8.9391,true,true
6.2130,true,true
2.9073,true,true
2.6672,true,true
2.7419,true,true
4.8037,true,false
2.7270,true,true
20.1527,true,false
6.2620,true,true
3.3601,true,true
2.5931,true,true
2.5769,true,true
2.6921,true,true
5.7091,true,true
8.2695,true,false
5.1417,true,true
2.9633,true,true
3.9689,true,true
8.6972,true,true
2.7916,true,true
2.9394,true,true
9.1813,true,false
4.4336,true,true
4.9128,true,true
3.0911,true,true
3.3212,true,true
22.7686,true,true
8.6722,true,true
3.0604,true,true
4.6492,true,true
3.9155,true,false
3.9341,true,true
3.0334,true,true
4.8360,true,true
9.6436,true,true
3.4126,true,true
2.4456,true,true
10.1221,true,true
16.8935,true,false
16.1515,true,true
10.0918,true,true
4.3985,true,true
2.6249,true,true
2.4919,true,true
2.4084,true,true
2.3607,true,true
2.3864,true,true
3.5261,true,true
4.1274,true,true
5.5590,true,true
8.2890,true,false
4.0148,true,true
3.6670,true,true
3.9250,true,true
3.3427,true,true
6.2016,true,true
7.1827,true,true
8.1933,true,true
3.0151,true,true
8.4862,true,false
5.8332,true,true
4.9392,true,true
3.0379,true,true
8.2296,true,true
2.9789,true,true
2.9101,true,true
7.0682,true,true
13.4725,true,false
2.7802,true,true
2.7950,true,true
14.0398,true,false
2.9275,true,true
4.0252,true,true
4.7019,true,true
2.9518,true,true
7.3354,true,true
6.7839,true,true
2.3924,true,true
16.0621,true,true
22.5939,true,true
30.2123,true,false
11.5702,true,true
37.1680,true,true
3.4687,true,true
9.7679,true,false
2.3106,true,true
9.7580,true,true
5.3451,true,true
6.3174,true,false
10.6254,true,true
5.7900,true,false
4.7901,true,true
2.8205,true,true
3.0695,true,true
6.5111,true,true
2.1908,true,true
5.1900,true,true
5.2670,true,false
3.0265,true,true
14.4360,true,true
8.1876,true,false
3.1814,true,true
7.4658,true,true
4.9871,true,true
2.9179,true,true
8.0739,true,false
27.1721,true,true
41.9537,true,true
31.5454,true,true
39.1282,true,true
23.0632,true,true
30.9803,true,true
58.0609,true,false
48.3243,true,false
21.8947,true,true
12.6702,true,true
21.3494,true,true
41.4669,true,true
39.7614,true,true
15.8433,true,true
116.3701,true,true
12.4235,true,true
37.6175,true,true
26.4733,true,true
117.4448,true,true
31.5971,true,true
51.5110,true,true
29.0995,true,true
34.1919,true,false
18.9328,true,true
34.6708,true,true
30.6393,true,true
18.6499,true,true
31.3687,true,true
14.4695,true,true
59.1034,true,false
33.0211,true,true
21.5292,true,true
18.3630,true,true
17.9068,true,false
19.9938,true,true
11.2618,true,true
17.5435,true,true
12.1797,true,true
3.7813,true,true
10.5185,true,true
2.1384,true,true
7.9022,true,false
4.6822,true,true
8.6979,true,true
5.0010,true,true
3.1003,true,true
7.0687,true,true
15.5277,true,true
9.2887,true,true
3.8733,true,true
2.7422,true,true
7.4243,true,true
7.4782,true,true
5.4073,true,true
4.6399,true,true
2.7572,true,true
3.8302,true,true
4.0221,true,true
20.6901,true,false
16.4290,true,true
5.6653,true,true
12.6539,true,true
6.8269,true,true
4.4890,true,true
6.5202,true,true
2.5680,true,true
2.8179,true,true
7.3876,true,true
3.3106,true,false
3.2411,true,false
2.7428,true,true
2.7512,true,true
2.5861,true,true
2.6891,true,true
3.1776,true,true
10.8828,true,false
2.7156,true,true
12.6840,true,false
2.0623,true,true
6.3823,true,true
6.3813,true,true
2.0968,true,true
4.7493,true,true
4.0120,true,true
6.8786,true,true
4.2864,true,false
3.8668,true,true
19.4400,true,true
8.7113,true,true
17.1282,true,true
6.3398,true,true
5.5247,true,true
2.4660,true,true
3.0374,true,false
7.4224,true,true
3.2417,true,true
4.2987,true,true
6.5096,true,true
5.7655,true,true
3.6247,true,true
4.6729,true,true
2.8987,true,false
7.8909,true,true
3.7460,true,true
22.6518,true,false
3.3940,true,true
2.2060,true,true
3.0603,true,true
14.0640,true,false
2.7727,true,true
2.6902,true,true
13.4988,true,true
9.0556,true,true
28.1595,true,false
12.7574,true,true
7.0244,true,true
25.9038,true,false
2.4713,true,true
2.3321,true,true
4.6307,true,false
4.6029,true,true
6.5074,true,true
11.1670,true,false
5.8087,true,true
2.6566,true,true
6.0892,true,true
2.8366,true,true
2.8481,true,true
2.9367,true,true
6.4413,true,true
3.8953,true,true
5.1809,true,true
6.6539,true,false
4.4794,true,true
11.0742,true,true
5.8341,true,true
3.8211,true,true
12.9794,true,false
3.0039,true,true
12.3836,true,false
5.8511,true,true
12.7834,true,true
7.9514,true,true
15.7506,true,true
41.7085,true,false
15.2351,true,true
23.0295,true,true
35.2447,true,true
68.3483,true,true
31.9753,true,true
23.9421,true,true
17.9530,true,true
12.0889,true,true
7.4550,true,true
33.2581,true,true
71.3558,true,false
52.8713,true,true
6.6488,true,true
7.0893,true,true
2.3801,true,true
2.2728,true,true
5.3360,true,true
18.1057,true,false
6.1713,true,true
13.1563,true,true
7.3510,true,true
5.4589,true,true
4.2510,true,true
5.1987,true,false
6.1076,true,true
3.0379,true,true
6.9046,true,false
2.7172,true,true
2.8470,true,true
4.6602,true,true
6.2960,true,true
3.9339,true,true
4.1303,true,true
5.6385,true,true
5.5089,true,true
2.5142,true,true
2.4861,true,true
7.0149,true,true
2.6029,true,true
2.5208,true,true
2.6797,true,true
2.7703,true,true
4.5206,true,true
8.5523,true,true
6.7888,true,true
2.3875,true,true
5.2152,true,true
6.7822,true,true
5.9750,true,true
4.0781,true,true
8.6286,true,false
6.5269,true,true
18.1745,true,true
33.1921,true,true
53.8844,true,true
32.3156,true,true
46.1076,true,true
26.3157,true,true
18.5173,true,true
62.3684,true,true
50.6622,true,true
71.8342,true,false
40.9091,true,true
14.9557,true,true
9.1025,true,true
40.3709,true,true
11.7154,true,true
5.7598,true,true
31.0863,true,true
3.0517,true,true
10.2940,true,true
7.5989,true,true
3.0333,true,true
4.7355,true,true
2.4684,true,true
6.9243,true,false
8.5386,true,true
2.3916,true,true
7.1519,true,true
2.5247,true,false
7.2111,true,true
3.1349,true,false
9.1142,true,true
5.5417,true,true
22.0030,true,true
4.1996,true,true
3.7069,true,true
2.7594,true,true
3.9374,true,true
6.6823,true,true
3.2003,true,true
2.0649,true,true
15.4407,true,true
13.2441,true,true
8.3866,true,true
21.7860,true,true
12.2841,true,true
8.0014,true,true
16.6546,true,true
16.0185,true,true
23.0278,true,true
20.2885,true,true
17.4772,true,true
7.1108,true,true
13.9142,true,true
4.6294,true,true
2.4561,true,true
2.3205,true,true
2.5546,true,true
4.1066,true,true
3.0635,true,true
2.9375,true,true
8.1698,true,false
6.6823,true,false
2.6433,true,true
4.9244,true,false
2.8352,true,true
2.6989,true,true
4.9995,true,false
5.9135,true,true
4.1030,true,true
11.7398,true,false
13.0073,true,true
11.9319,true,true
5.8442,true,true
2.5589,true,true
2.4434,true,true
3.5517,true,true
6.3845,true,true
5.6746,true,true
4.0302,true,true
7.9157,true,true
4.4974,true,true
2.3556,true,true
4.6765,true,false
5.7186,true,false
2.5170,true,true
5.5702,true,true
2.4292,true,true
6.8397,true,true
7.3462,true,true
4.8391,true,true
6.4475,true,true
3.9189,true,true
4.7873,true,true
2.9622,true,true
5.1059,true,true
7.0792,true,true
3.0409,true,true
4.7151,true,true
8.8267,true,true
3.9308,true,true
2.7529,true,true
8.1272,true,true
3.7204,true,false
5.0385,true,true
4.5875,true,true
4.8024,true,true
5.5881,true,true
2.5730,true,true
3.8053,true,true
2.8153,true,true
3.6951,true,true
4.6048,true,true
2.8420,true,true
2.9790,true,true
3.7801,true,true
2.6830,true,true
6.4634,true,true
5.9070,true,true
5.9397,true,true
3.1729,true,true
14.6535,true,false
2.2359,true,true
2.6247,true,false
2.7597,true,true
2.7542,true,true
3.9290,true,true
8.4081,true,true
5.8449,true,false
2.6673,true,true
2.7956,true,true
7.3793,true,true
5.3154,true,true
8.4016,true,true
4.1614,true,true
23.8438,true,true
6.3235,true,true
21.8800,true,true
34.5153,true,true
7.7024,true,false
51.6421,true,true
3.9620,true,true
3.2280,true,true
2.2979,true,true
5.8370,true,true
5.1402,true,true
6.4189,true,true
10.3216,true,true
4.9599,true,true
3.2669,true,true
3.7136,true,true
6.3123,true,true
2.0877,true,true
3.2542,true,true
5.5686,true,true
6.1617,true,true
2.9176,true,true
4.4115,true,true
6.6230,true,true
2.7100,true,true
5.8856,true,true
3.7305,true,true
3.2006,true,true
10.9971,true,true
5.2035,true,true
2.0152,true,true
5.4568,true,true
3.6885,true,true
2.5733,true,true
5.1622,true,true
4.8045,true,true
5.3591,true,true
2.3976,true,true
4.7842,true,true
2.9834,true,true
6.9923,true,false
2.7846,true,true
8.4749,true,true
5.5452,true,true
7.4443,true,true
3.7909,true,true
2.5395,true,true
10.4977,true,false
9.0429,true,true
19.1409,true,true
16.8524,true,false
6.8045,true,true
13.8231,true,true
9.9142,true,true
5.9613,true,true
2.6394,true,true
4.6303,true,true
2.6928,true,true
6.3843,true,true
10.8646,true,true
18.4088,true,true
10.6042,true,true
7.5492,true,true
7.2894,true,true
13.9938,true,true
6.9149,true,true
31.3203,true,true
7.4959,true,true
5.5255,true,true
15.3800,true,false
2.6463,true,true
18.7000,true,false
3.3103,true,true
10.6520,true,true
3.2885,true,true
11.9629,true,true
29.4886,true,true
16.2185,true,false
7.5207,true,true
2.9347,true,true
18.8527,true,false
4.9761,true,true
8.0113,true,true
2.6542,true,true
5.0749,true,false
3.1420,true,true
4.4049,true,true
2.2456,true,true
3.2284,true,true
6.0795,true,true
2.6474,true,true
5.3995,true,true
2.2049,true,true
5.9558,true,true
7.5229,true,true
3.5433,true,true
6.9840,true,true
13.9771,true,true
2.5186,true,true
2.3369,true,true
2.1466,true,true
4.6631,true,true
17.0160,true,true
7.7142,true,true
20.2180,true,true
14.3622,true,true
6.2437,true,true
32.4297,true,false
11.8550,true,true
8.9182,true,true
5.8193,true,false
18.3510,true,false
31.4066,true,false
4.7814,true,true
9.5211,true,true
14.4673,true,true
9.2974,true,true
5.7925,true,true
5.2029,true,true
9.0108,true,true
5.4333,true,true
4.1756,true,true
4.5269,true,true
5.7961,true,true
2.8516,true,true
3.3448,true,true
19.0433,true,false
6.9080,true,true
29.0510,true,true
26.1093,true,false
29.7408,true,false
44.8566,true,true
22.5468,true,true
30.8129,true,true
8.7249,true,true
5.9678,true,true
43.4691,true,false
19.1687,true,true
25.4422,true,true
3.0479,true,true
8.2105,true,true
11.2416,true,true
6.4028,true,true
2.6925,true,true
24.1155,true,false
2.4524,true,true
12.4180,true,false
3.0307,true,true
14.0429,true,true
8.7518,true,true
3.4420,true,true
8.0450,true,false
5.1347,true,true
4.9271,true,true
23.7389,true,false
3.2760,true,true
3.4127,true,true
4.8415,true,true
3.3692,true,true
2.6936,true,true
6.1727,true,true
3.1720,true,true
2.8529,true,true
3.1031,true,true
4.6006,true,true
4.9004,true,true
6.2595,true,true
1.8645,true,true
6.1625,true,true
10.4827,true,true
6.8691,true,true
2.2912,true,true
3.6469,true,true
7.3104,true,true
3.8320,true,true
23.3172,true,false
11.9623,true,true
4.9438,true,true
3.0706,true,true
3.2073,true,true
2.3297,true,true
2.5687,true,true
4.5307,true,true
10.5519,true,true
19.4991,true,false
9.7156,true,true
16.1423,true,true
7.8403,true,true
3.0352,true,true
7.1234,true,true
2.7714,true,true
7.2256,true,false
7.2510,true,true
2.9979,true,true
8.2518,true,true
2.8467,true,true
19.8493,true,false
6.1359,true,true
5.6657,true,true
6.9620,true,true
2.8212,true,true
6.0368,true,true
3.6834,true,true
11.3376,true,true
3.4188,true,true
7.1592,true,true
5.4943,true,true
2.2173,true,true
2.0105,true,true
4.6416,true,false
5.7850,true,true
3.7114,true,true
7.8424,true,true
4.9734,true,true
7.3043,true,true
5.6600,true,true
3.8693,true,true
9.3586,true,false
17.5654,true,true
8.1032,true,true
8.5078,true,true
15.8907,true,true
6.9290,true,true
7.4497,true,true
6.4564,true,true
5.9254,true,true
4.8075,true,true
4.0516,true,true
2.9280,true,true
11.6446,true,false
2.1118,true,true
3.4239,true,true
2.8894,true,true
19.3662,true,true
4.7969,true,true
13.9626,true,false
3.7746,true,true
10.2961,true,true
6.5073,true,true
4.5117,true,true
7.5662,true,true
2.6173,true,true
2.5081,true,true
2.3646,true,true
18.4045,true,false
6.7866,true,true
22.4272,true,false
18.7609,true,true
11.8946,true,true
6.7356,true,true
2.3300,true,true
3.4483,true,true
7.8837,true,true
4.4330,true,true
38.0055,true,true
38.4518,true,true
69.3178,true,false
26.8571,true,true
39.9208,true,true
60.5115,true,false
51.4789,true,true
37.0073,true,true
37.8300,true,true
32.8323,true,true
53.5887,true,true
32.4030,true,true
98.4909,true,false
142.2413,true,true
37.0861,true,true
81.6631,true,true
72.1829,true,true
69.4579,true,true
66.7851,true,false
35.6209,true,true
45.0783,true,true
30.3914,true,true
24.2975,true,true
6.5994,true,true
22.1429,true,true
18.9390,true,true
70.6037,true,false
116.7084,true,false
17.9621,true,true
68.3928,true,false
88.9475,true,true
26.5008,true,true
14.8431,true,true
10.2159,true,true
8.5508,true,true
3.0215,true,true
40.7148,true,false
4.4605,true,true
3.7428,true,true
4.2078,true,false
2.0785,true,true
3.0840,true,true
5.9393,true,true
7.1260,true,true
2.6894,true,true
4.9786,true,true
10.3893,true,true
4.7043,true,true
3.0367,true,true
8.6337,true,true
20.4743,true,true
18.0953,true,true
13.0523,true,false
42.2143,true,true
14.0059,true,true
9.7100,true,true
5.7333,true,true
14.4213,true,true
50.3968,true,true
33.3214,true,true
8.3281,true,true
5.9507,true,true
3.7568,true,true
6.6749,true,true
2.4664,true,true
2.8452,true,true
6.0153,true,true
20.7170,true,false
19.4396,true,true
8.2308,true,true
5.9157,true,true
18.8532,true,false
3.4971,true,true
4.3334,true,true
2.3071,true,true
2.4731,true,true
2.4634,true,true
2.6769,true,true
5.1873,true,true
14.0297,true,true
2.3757,true,true
2.4418,true,true
4.1801,true,true
2.4105,true,true
8.6973,true,false
5.5583,true,true
5.4570,true,true
3.9150,true,true
6.0504,true,true
3.5388,true,true
3.5782,true,true
2.7295,true,true
2.8052,true,true
8.7490,true,false
2.7585,true,true
14.9574,true,true
8.5179,true,true
17.9142,true,true
6.8537,true,true
18.2027,true,true
25.9263,true,true
8.0243,true,true
2.4599,true,true
31.2381,true,false
6.4200,true,true
5.2436,true,true
31.1249,true,false
24.5928,true,true
50.0267,true,true
39.0608,true,true
77.0022,true,true
35.2924,true,true
26.1148,true,true
51.9533,true,true
19.9504,true,true
43.4562,true,true
18.5488,true,true
14.9468,true,true
71.4527,true,false
85.4819,true,true
11.1829,true,true
80.3608,true,true
38.7528,true,false
9.0713,true,true
3.8248,true,true
3.5970,true,false
2.5509,true,true
4.7417,true,true
2.6703,true,true
4.4932,true,true
3.0280,true,true
9.7468,true,true
18.1114,true,true
6.0776,true,true
40.3785,true,true
10.2500,true,true
36.8590,true,true
8.2235,true,true
4.1235,true,true
4.1006,true,true
3.5111,true,true
2.4392,true,true
5.4487,true,false
6.3836,true,true
5.2803,true,true
2.2677,true,true
4.1470,true,true
3.3596,true,true
6.1446,true,true
2.8182,true,true
3.9238,true,true
4.0915,true,true
2.9894,true,true
6.7524,true,false
4.2777,true,true
2.8881,true,true
3.7678,true,true
3.8592,true,true
18.8551,true,false
15.9360,true,true
12.6314,true,true
9.5479,true,true
4.7198,true,true
2.5705,true,true
2.8704,true,true
2.7019,true,true
2.3513,true,true
15.0063,true,true
34.2492,true,false
5.4643,true,true
12.0296,true,false
3.7779,true,true
31.5329,true,false
2.5027,true,true
4.5790,true,true
2.5142,true,true
20.5450,true,false
4.5794,true,true
12.9378,true,false
13.5673,true,false
4.4580,true,true
10.7453,true,true
2.9943,true,true
12.7803,true,true
41.5043,true,true
29.0457,true,true
12.4111,true,true
14.1984,true,true
27.9786,true,true
34.7942,true,true
41.1414,true,true
10.8245,true,true
11.1776,true,true
11.5282,true,true
17.6039,true,true
11.3786,true,true
10.8059,true,true
29.9696,true,true
6.2258,true,true
11.4999,true,true
24.2248,true,false
11.3886,true,true
9.5578,true,true
23.2209,true,true
10.7622,true,true
6.7982,true,true
3.2861,true,true
3.2677,true,true
4.1846,true,true
3.4934,true,true
3.9524,true,true
5.6393,true,true
3.8666,true,true
4.7849,true,true
5.6885,true,false
7.1019,true,true
10.3327,true,true
5.2365,true,true
12.8845,true,true
4.9695,true,true
10.2112,true,true
8.2557,true,true
7.9636,true,false
7.3517,true,true
23.2733,true,true
17.1473,true,true
13.5764,true,true
32.7326,true,true
7.4653,true,true
14.3195,true,true
33.2687,true,true
21.9472,true,true
25.0534,true,true
9.0235,true,true
21.6769,true,true
10.5163,true,true
23.1977,true,true
4.4511,true,false
2.8638,true,true
3.9371,true,true
2.9316,true,true
5.7116,true,true
21.1688,true,true
28.8308,true,true
43.3530,true,true
62.7617,true,true
23.5985,true,true
80.9532,true,true
37.2392,true,true
71.8125,true,false
16.3503,true,true
54.2181,true,false
16.8425,true,true
14.4730,true,true
36.2985,true,true
5.0953,true,true
49.4503,true,true
70.5059,true,true
15.1820,true,true
2.9904,true,true
3.0436,true,true
11.3240,true,false
3.0999,true,true
13.3758,true,true
4.4954,true,true
14.7629,true,true
2.5081,true,true
4.5125,true,false
3.9219,true,true
16.9777,true,true
4.2598,true,true
6.7608,true,true
8.3315,true,true
15.1662,true,true
28.8755,true,true
18.4147,true,false
6.0154,true,true
2.6148,true,true
2.5498,true,true
38.4537,true,false
5.5386,true,true
31.1140,true,false
3.8398,true,true
5.4265,true,true
12.0540,true,true
8.3918,true,true
3.1722,true,true
6.9397,true,true
23.1409,true,true
5.1616,true,true
0.9523,true,true
8.6493,true,true
10.5224,true,true
7.1104,true,true
2.5959,true,true
2.6484,true,true
2.5776,true,true
3.2054,true,true
2.1675,true,true
15.9057,true,false
3.2171,true,true
11.2580,true,true
24.9560,true,false
12.3425,true,true
6.0940,true,true
21.9810,true,true
3.2418,true,true
4.5164,true,true
8.2712,true,true
21.0504,true,true
11.1277,true,true
8.8063,true,true
11.3361,true,true
5.8451,true,true
2.5508,true,true
22.7908,true,false
2.9796,true,true
7.1789,true,true
5.3215,true,true
8.1844,true,true
4.4666,true,true
2.6831,true,true
4.6578,true,true
5.1911,true,true
2.4050,true,true
2.4019,true,true
2.4719,true,true
2.5661,true,true
2.6528,true,true
15.6478,true,true
10.9269,true,true
28.5857,true,false
17.0867,true,true
29.5871,true,false
37.0818,true,false
44.7104,true,true
13.0234,true,true
20.2786,true,true
10.1061,true,true
40.1004,true,false
9.5082,true,true
8.0313,true,true
3.4464,true,true
4.3720,true,true
2.1987,true,true
16.8261,true,true
7.1781,true,true
5.1741,true,false
6.6555,true,true
5.3971,true,true
21.1458,true,false
5.5418,true,true
6.1824,true,true
7.5296,true,true
2.9348,true,true
27.9259,true,false
3.6578,true,false
6.8500,true,false
4.3524,true,true
3.3615,true,true
4.3641,true,true
3.8410,true,true
9.9383,true,true
4.9784,true,true
12.3695,true,true
5.4630,true,false
6.4565,true,false
11.1905,true,true
8.1134,true,true
6.8269,true,true
7.0231,true,true
7.4617,true,true
5.3989,true,true
5.1015,true,false
3.3026,true,true
2.3429,true,true
3.5490,true,true
34.4357,true,true
34.6739,true,true
21.5282,true,true
29.6610,true,true
18.3106,true,true
13.1418,true,true
39.1781,true,true
4.2629,true,true
12.3061,true,true
3.9217,true,true
7.0512,true,true
2.5765,true,true
4.0538,true,true
3.1663,true,true
3.1294,true,true
6.5396,true,true
6.3254,true,true
2.5944,true,true
6.3943,true,true
8.6276,true,false
2.4394,true,true
15.5049,true,false
7.2295,true,true
2.8966,true,true
3.6909,true,true
11.5735,true,false
2.1264,true,true
7.3697,true,true
14.3997,true,true
58.8469,true,true
48.3987,true,true
35.1682,true,true
39.3752,true,true
59.3366,true,true
82.3704,true,true
57.8497,true,true
58.1905,true,true
99.2305,true,true
56.7603,true,true
121.3322,true,true
42.2406,true,true
38.7131,true,true
57.6951,true,true
26.2185,true,true
35.1272,true,true
22.8432,true,true
25.0168,true,true
73.5484,true,false
164.7837,true,true
14.9492,true,true
40.4385,true,true
79.5295,true,true
30.0607,true,false
39.6304,true,true
13.3924,true,true
58.1203,true,true
125.2046,true,true
38.9588,true,false
15.2936,true,true
10.5547,true,true
24.9065,true,true
11.0980,true,true
47.1339,true,true
4.4191,true,true
11.6016,true,true
2.8697,true,true
2.7580,true,true
5.7238,true,true
8.3749,true,false
2.6748,true,true
12.0926,true,true
8.9090,true,true
2.7287,true,true
5.5598,true,true
6.3996,true,true
2.4892,true,true
2.3878,true,true
2.3314,true,true
4.9235,true,true
7.5437,true,true
2.5189,true,true
3.9234,true,true
4.2973,true,true
2.2171,true,true
3.5435,true,true
2.7494,true,true
2.7951,true,true
4.0511,true,true
4.8341,true,true
3.0668,true,true
2.9468,true,true
2.8697,true,true
5.6268,true,true
5.8354,true,true
4.5499,true,true
10.5868,true,true
8.0777,true,true
2.1347,true,true
3.1614,true,true
7.2046,true,true
4.5803,true,true
3.9954,true,false
10.3640,true,true
19.0333,true,true
6.5460,true,true
8.4974,true,true
5.4831,true,true
10.5522,true,true
20.7817,true,true
31.8886,true,true
27.2984,true,true
48.0031,true,true
55.6430,true,true
43.2208,true,false
25.3261,true,true
19.8784,true,true
16.8973,true,true
12.0279,true,true
10.7258,true,true
6.0536,true,true
25.1634,true,true
5.1991,true,true
4.0993,true,true
3.3325,true,true
3.4699,true,true
11.8455,true,true
15.6019,true,true
16.8665,true,true
37.1743,true,true
43.8255,true,true
20.5843,true,true
16.2196,true,true
15.7283,true,true
39.0965,true,false
11.8260,true,true
11.8278,true,false
7.4264,true,true
26.9991,true,false
7.8182,true,true
14.9390,true,true
3.1987,true,true
2.1742,true,true
5.7831,true,true
5.3344,true,true
2.3746,true,true
9.6319,true,true
4.4426,true,true
5.5995,true,true
5.6627,true,true
13.8132,true,false
2.4272,true,true
12.4872,true,false
4.0137,true,true
13.4930,true,false
2.8939,true,true
3.1180,true,true
3.9259,true,true
2.7865,true,true
2.7514,true,true
12.2968,true,true
9.5953,true,true
12.1937,true,true
42.0754,true,false
24.6755,true,true
18.4801,true,true
34.9197,true,false
28.5008,true,true
19.9161,true,true
18.5094,true,true
59.3538,true,true
30.1580,true,true
18.6462,true,true
31.3075,true,true
50.9554,true,true
94.1839,true,true
33.7854,true,true
50.1218,true,false
27.9738,true,true
55.6692,true,true
94.9557,true,false
132.7499,true,true
114.8988,true,true
74.9671,true,false
57.2469,true,true
45.8038,true,true
96.4038,true,true
40.7498,true,true
61.3077,true,false
76.0685,true,true
29.9595,true,true
86.2390,true,true
49.5351,true,true
28.8051,true,true
79.7627,true,true
61.2530,true,true
132.8592,true,true
23.6362,true,true
18.1031,true,true
200.3284,true,true
52.7437,true,true
265.3457,true,true
47.7786,true,true
10.3460,true,true
45.2455,true,true
27.9208,true,true
10.0087,true,true
20.8015,true,true
8.6888,true,true
6.4963,true,true
1.8922,true,true
6.9342,true,true
7.8769,true,false
5.8100,true,true
12.1366,true,false
5.7971,true,true
8.4460,true,true
4.3542,true,true
3.2518,true,true
3.5619,true,false
4.7188,true,true
2.5821,true,true
2.5395,true,true
13.2282,true,false
2.4359,true,true
3.5074,true,false
10.4952,true,true
2.0802,true,true
4.8053,true,true
2.7220,true,true
5.4219,true,true
7.8518,true,false
5.6075,true,true
7.7603,true,true
3.4294,true,true
4.9483,true,false
3.6450,true,true
2.8238,true,true
6.2837,true,true
2.0653,true,true
3.3677,true,true
3.5025,true,false
3.7576,true,true
4.1808,true,true
21.7017,true,false
3.1228,true,false
4.2422,true,false
2.2923,true,true
4.0290,true,true
13.9909,true,false
15.2040,true,false
23.3409,true,true
11.7543,true,true
19.7025,true,true
7.4551,true,true
4.6533,true,true
2.6746,true,true
6.4795,true,true
12.7572,true,true
2.1617,true,true
6.1056,true,true
6.5747,true,false
6.9011,true,true
2.3561,true,true
6.4609,true,true
2.9439,true,true
3.0024,true,true
4.7382,true,true
4.6273,true,false
34.9979,true,true
15.6167,true,true
29.5057,true,false
11.8138,true,true
6.7163,true,true
25.4698,true,true
39.6584,true,true
5.2697,true,true
55.7743,true,true
7.0504,true,true
3.0442,true,true
4.1919,true,true
6.3737,true,true
19.9077,true,false
8.2186,true,true
3.7600,true,true
5.4286,true,true
6.2923,true,true
2.9826,true,true
3.0328,true,true
9.7056,true,true
3.5552,true,true
4.5933,true,false
2.8303,true,true
5.6207,true,false
7.0482,true,true
14.2665,true,true
4.5530,true,true
10.8594,true,true
6.6180,true,true
7.0450,true,true
2.3312,true,true
3.6399,true,true
6.7246,true,false
9.1051,true,true
6.0371,true,true
4.0740,true,true
2.9230,true,true
18.0196,true,false
5.5933,true,true
17.0089,true,true
13.3285,true,true
3.2049,true,true
10.4578,true,true
4.8076,true,false
6.6253,true,true
5.8181,true,true
9.6279,true,true
13.8884,true,true
8.2084,true,true
27.8644,true,true
7.8988,true,true
2.7069,true,true
18.0830,true,false
8.8499,true,true
2.8348,true,true
14.2395,true,false
3.9252,true,true
3.2319,true,true
17.1572,true,false
3.8451,true,false
6.1552,true,true
5.4935,true,false
2.2813,true,true
2.3087,true,true
4.5547,true,true
11.1675,true,false
9.2615,true,false
4.3415,true,false
2.6378,true,true
6.7467,true,true
4.9920,true,true
5.2069,true,true
13.0487,true,true
4.4923,true,true
11.6886,true,true
2.3249,true,true
12.6684,true,true
14.9149,true,true
8.8964,true,true
3.0215,true,true
3.0134,true,true
22.3779,true,false
7.3593,true,true
5.0025,true,true
2.9813,true,true
3.2081,true,true
2.2243,true,true
2.8112,true,true
3.2030,true,true
2.1303,true,true
2.8453,true,true
2.7704,true,true
13.2320,true,true
13.1788,true,true
8.1772,true,true
2.5077,true,true
4.7641,true,true
5.5026,true,true
3.6019,true,true
3.2361,true,true
14.0721,true,true
4.4348,true,true
2.9275,true,false
4.9010,true,true
2.7343,true,true
3.4460,true,false
5.4617,true,true
2.7900,true,false
7.3109,true,true
4.0519,true,false
3.0933,true,true
2.9122,true,true
4.6535,true,true
4.2280,true,true
9.6296,true,true
7.5553,true,true
3.6594,true,true
3.0580,true,true
3.0377,true,true
25.4780,true,false
3.8428,true,true
3.0224,true,true
2.7488,true,true
5.5212,true,true
2.1431,true,true
8.5592,true,true
5.5713,true,true
16.1988,true,false
4.8174,true,true
18.0869,true,false
11.1976,true,true
23.9147,true,true
19.4291,true,true
7.4197,true,true
18.7818,true,false
13.4209,true,true
14.2922,true,true
10.8109,true,true
9.8470,true,true
16.1613,true,true
7.3882,true,true
16.6025,true,true
5.4406,true,true
17.0338,true,true
12.1423,true,true
8.8234,true,true
48.7509,true,true
27.3729,true,true
29.6422,true,true
18.2985,true,true
12.4952,true,true
7.5511,true,true
26.4748,true,true
45.4046,true,false
7.2941,true,true
15.6743,true,false
9.3492,true,true
4.7033,true,true
47.8731,true,false
30.0498,true,true
60.3810,true,false
92.0340,true,false
35.9102,true,true
21.3625,true,true
40.3971,true,true
56.3441,true,true
101.0673,true,false
34.1861,true,false
31.2428,true,true
102.6260,true,true
74.6551,true,true
29.9129,true,true
21.6783,true,true
66.3840,true,false
47.9162,true,true
29.1340,true,true
25.5501,true,true
15.3800,true,true
24.5236,true,true
100.0984,true,true
53.1491,true,false
10.6237,true,true
7.6145,true,true
20.4034,true,true
99.8909,true,true
10.0393,true,true
41.3127,true,false
10.8741,true,true
27.9273,true,true
5.1082,true,false
13.4385,true,true
3.2284,true,true
5.4971,true,false
6.3264,true,true
3.4842,true,false
2.4645,true,true
2.4517,true,true
2.5445,true,true
5.8123,true,true
4.4112,true,true
8.3430,true,true
6.5400,true,true
2.3456,true,true
3.1465,true,true
3.6022,true,false
12.5061,true,false
7.8413,true,true
2.1649,true,true
11.6781,true,true
10.4342,true,true
4.6933,true,true
2.8969,true,true
7.7006,true,false
5.8890,true,true
14.0426,true,true
29.3473,true,true
15.8415,true,true
9.8939,true,true
29.4106,true,false
8.4834,true,true
16.2619,true,true
13.8703,true,true
27.0115,true,true
39.7481,true,true
19.5348,true,true
8.6581,true,true
17.5356,true,true
8.2043,true,true
6.6578,true,true
2.9479,true,true
2.9437,true,true
7.2727,true,false
14.3407,true,false
3.4091,true,true
2.3599,true,true
8.5535,true,false
6.6276,true,true
3.1661,true,true
10.8391,true,true
10.8358,true,false
6.4065,true,true
2.2719,true,true
11.3236,true,false
7.9279,true,true
4.1703,true,true
5.6938,true,true
7.5482,true,false
2.4674,true,true
12.3318,true,false
3.2298,true,true
13.3465,true,false
11.9646,true,true
10.0379,true,true
10.2084,true,true
9.1752,true,true
3.1447,true,true
8.3581,true,true
4.5731,true,true
6.9289,true,true
10.6149,true,true
5.9357,true,true
3.9831,true,false
27.1571,true,false
3.6225,true,true
14.6587,true,true
11.8411,true,true
10.3725,true,false
4.2894,true,true
3.1649,true,true
2.5674,true,true
3.9706,true,false
5.9250,true,true
4.0888,true,true
3.0005,true,true
6.0211,true,true
2.7495,true,true
3.0632,true,true
3.4963,true,true
4.1555,true,true
3.1304,true,true
2.7940,true,true
2.8858,true,true
2.6947,true,true
3.2459,true,true
6.2475,true,true
1.9245,true,true
6.2419,true,true
3.0420,true,true
5.4438,true,true
2.2117,true,true
2.2217,true,true
5.4476,true,true
3.6979,true,true
6.6790,true,true
2.2121,true,true
8.4757,true,true
6.3728,true,true
9.1082,true,true
4.6460,true,true
17.2714,true,true
4.8363,true,true
3.5990,true,true
4.3845,true,true
4.7863,true,false
2.5889,true,true
4.5316,true,true
2.5693,true,true
4.6929,true,true
2.5524,true,true
3.9732,true,false
3.0569,true,true
3.0457,true,true
7.0186,true,true
5.0499,true,true
3.1724,true,true
4.4634,true,false
2.4182,true,true
2.3375,true,true
4.9193,true,false
11.0562,true,false
22.5386,true,true
36.5917,true,true
24.1457,true,true
64.4646,true,false
47.6390,true,true
38.2229,true,true
50.9140,true,true
20.9819,true,true
48.0495,true,true
18.0681,true,true
23.7709,true,true
43.6950,true,true
21.6502,true,true
53.5838,true,true
15.4474,true,true
24.8333,true,true
8.5842,true,true
9.5843,true,true
22.7701,true,true
4.9430,true,true
42.6670,true,true
5.5081,true,true
14.0654,true,true
2.5843,true,true
4.1287,true,true
5.5564,true,false
2.4614,true,true
3.8558,true,false
12.4649,true,true
6.3439,true,false
23.4873,true,false
11.4360,true,true
18.6477,true,true
9.4334,true,true
3.7159,true,true
29.2648,true,false
5.1006,true,true
14.0152,true,false
2.9733,true,true
6.6137,true,true
5.5921,true,true
2.3361,true,true
4.2493,true,true
7.2378,true,true
3.3956,true,true
7.3933,true,false
5.3031,true,true
15.7323,true,true
22.9200,true,false
20.7120,true,true
31.6457,true,true
15.8931,true,true
14.7135,true,true
30.6612,true,true
20.4553,true,true
