latency_ms,ok,allowed
0.7066,true,true
1.3911,true,true
7.1556,true,true
3.9473,true,true
3.8824,true,true
1.5685,true,true
1.2918,true,true
4.4584,true,true
16.4488,true,true
4.2341,true,true
4.5337,true,true
3.3296,true,true
9.7114,true,true
0.8461,true,true
1.4764,true,true
3.9905,true,false
7.7329,true,true
3.0486,true,false
2.8443,true,true
2.8896,true,true
1.3031,true,true
9.5914,true,true
9.6173,true,false
0.8883,true,true
4.3684,true,false
7.8442,true,true
1.5746,true,true
6.0822,true,true
4.7452,true,false
8.4786,true,true
1.1398,true,true
12.2176,true,true
9.6124,true,true
17.1097,true,true
2.3362,true,true
16.2047,true,true
19.5295,true,true
1.8171,true,true
11.7571,true,false
21.7467,true,false
18.1690,true,false
2.7976,true,true
8.5943,true,true
38.1137,true,true
16.4826,true,true
0.9876,true,true
5.4543,true,true
0.9052,true,false
2.9426,true,true
2.8450,true,false
2.9813,true,true
3.3578,true,true
1.1021,true,false
1.1495,true,true
17.7728,true,true
3.4018,true,false
1.1555,true,true
0.7828,true,true
1.4954,true,true
1.2014,true,true
0.8431,true,true
1.4895,true,true
1.0980,true,true
0.6061,true,true
2.5852,true,false
1.1039,true,true
1.3808,true,true
1.1996,true,true
1.4500,true,true
1.0722,true,true
0.7904,true,true
1.3046,true,true
0.9789,true,true
1.5662,true,true
1.1270,true,true
1.0684,true,true
9.4115,true,true
3.8751,true,false
1.1068,true,true
4.4094,true,true
6.5967,true,true
3.5691,true,true
2.6766,true,true
10.3521,true,true
1.8332,true,true
9.1375,true,false
21.8571,true,true
2.2023,true,true
0.9380,true,true
21.2703,true,true
11.9217,true,false
5.9884,true,true
1.4649,true,true
1.0897,true,true
0.4810,true,true
3.9784,true,false
1.6702,true,true
1.1814,true,true
3.7080,true,true
0.8789,true,true
1.5014,true,true
5.8288,true,true
2.8965,true,false
2.2831,true,true
0.8427,true,true
2.7278,true,false
1.3685,true,false
7.1231,true,true
3.1288,true,true
0.6229,true,true
11.6259,true,true
0.9188,true,true
10.7017,true,false
2.4262,true,true
0.8981,true,true
2.1007,true,true
0.6117,true,true
1.3031,true,true
1.0185,true,true
1.6662,true,true
4.2818,true,true
0.8824,true,true
6.7489,true,false
3.4007,true,false
1.6632,true,true
1.7491,true,true
5.5074,true,true
1.2149,true,true
6.2749,true,true
3.7641,true,true
10.4020,true,true
4.2018,true,true
12.4383,true,true
3.0932,true,true
1.4905,true,true
0.9639,true,true
1.6857,true,true
1.4271,true,true
1.7349,true,true
6.1942,true,true
2.5492,true,true
16.2453,true,true
2.1793,true,true
27.8536,true,false
3.2382,true,true
1.1561,true,true
18.9802,true,true
35.8849,true,true
1.8614,true,true
35.4862,true,false
21.4848,true,true
2.7156,true,true
58.3015,true,true
3.0418,true,true
38.2673,true,true
26.4489,true,true
24.3348,true,true
55.7926,true,true
2.7058,true,true
10.3128,true,false
18.7911,true,true
5.7305,true,false
24.7422,true,true
4.3459,true,true
2.8154,true,true
1.2842,true,true
2.9168,true,false
1.3894,true,true
8.0462,true,true
1.8248,true,true
12.5164,true,true
1.2711,true,true
1.2045,true,true
10.6447,true,true
4.9313,true,false
1.7399,true,false
7.1333,true,true
1.4086,true,true
23.7251,true,true
3.7339,true,false
1.1533,true,true
5.4202,true,true
3.1849,true,false
2.2329,true,true
3.7973,true,true
0.8885,true,true
1.4538,true,false
1.0536,true,true
1.3605,true,true
1.0041,true,true
1.5309,true,false
1.1552,true,true
2.7751,true,true
1.5592,true,true
4.2421,true,true
12.7541,true,true
1.3161,true,true
1.5540,true,true
12.9571,true,true
32.6308,true,true
20.0704,true,true
2.0842,true,true
11.8259,true,true
13.5253,true,false
12.4061,true,true
3.4426,true,true
1.9542,true,true
17.8801,true,true
15.4723,true,true
2.9914,true,false
9.7623,true,false
1.3646,true,true
0.8403,true,true
1.8327,true,true
7.4842,true,true
1.6062,true,true
2.8759,true,false
1.4095,true,true
1.1784,true,true
3.8088,true,true
0.7560,true,true
1.7144,true,true
1.3358,true,true
7.7597,true,true
1.1580,true,true
6.1206,true,true
2.7219,true,true
6.1241,true,true
1.4817,true,true
1.1720,true,true
0.8105,true,true
1.3674,true,true
1.0249,true,true
2.4304,true,true
3.3496,true,false
1.8540,true,true
1.5340,true,true
1.1835,true,false
0.8994,true,true
5.1767,true,true
1.7918,true,true
1.4007,true,true
3.3892,true,true
1.3799,true,true
1.0307,true,true
4.2920,true,true
1.8211,true,true
6.2872,true,false
0.6774,true,false
1.1900,true,true
2.2227,true,true
1.7728,true,true
1.4793,true,true
10.3010,true,true
1.2114,true,true
0.9889,true,true
28.6285,true,true
1.2014,true,true
0.8164,true,true
1.6391,true,true
6.1559,true,true
2.0871,true,true
1.7071,true,true
4.2449,true,true
1.6393,true,true
1.9784,true,true
1.5909,true,true
2.7080,true,true
1.2331,true,true
0.9631,true,true
3.3174,true,false
0.7771,true,false
1.4648,true,true
0.9833,true,true
1.5101,true,true
2.7591,true,true
5.9208,true,true
1.1610,true,true
2.3116,true,true
1.3776,true,true
2.6457,true,false
1.1023,true,true
1.1358,true,true
0.7145,true,true
1.1864,true,true
1.3450,true,true
4.9124,true,true
3.1048,true,true
5.5242,true,true
3.2824,true,false
12.4915,true,true
3.1633,true,false
2.1794,true,true
0.6136,true,true
1.2731,true,true
0.9381,true,true
1.6343,true,true
3.1384,true,true
1.9239,true,true
5.8722,true,false
4.3115,true,true
1.8046,true,true
6.9325,true,true
1.6338,true,true
1.3465,true,true
1.8822,true,true
1.4877,true,true
7.7412,true,false
21.3158,true,true
2.3210,true,true
2.2568,true,true
1.3497,true,true
26.6587,true,true
2.3545,true,true
12.1593,true,false
15.9674,true,true
6.8225,true,false
10.2457,true,true
0.9354,true,true
1.7100,true,true
5.2419,true,false
0.9422,true,true
6.1240,true,true
4.3359,true,true
1.0735,true,true
6.1805,true,true
1.5452,true,false
4.6582,true,true
2.0156,true,true
0.9551,true,true
4.1762,true,true
4.2602,true,true
11.6748,true,true
8.2745,true,false
3.6777,true,true
7.7791,true,true
27.1088,true,true
19.3136,true,true
13.8638,true,false
2.5657,true,true
6.6839,true,false
8.7738,true,true
6.9599,true,true
29.1209,true,true
4.1418,true,true
47.9973,true,true
1.2179,true,true
5.5195,true,true
3.2904,true,true
1.3021,true,true
13.2044,true,true
4.0729,true,true
1.3411,true,true
1.1685,true,true
4.6391,true,true
5.3362,true,true
1.9143,true,true
11.3600,true,true
5.8401,true,true
10.0117,true,true
1.4639,true,true
5.9253,true,true
3.9173,true,true
1.8349,true,true
5.4809,true,false
1.3762,true,true
7.5477,true,true
6.4774,true,false
1.3363,true,true
14.1289,true,false
2.6856,true,true
10.0213,true,true
1.1874,true,true
0.7664,true,true
1.4109,true,true
1.0801,true,true
0.6062,true,true
1.2410,true,true
4.9803,true,true
2.3390,true,false
3.6307,true,false
0.9180,true,true
9.1646,true,true
1.6781,true,false
11.0678,true,true
9.6659,true,false
8.7200,true,true
4.1921,true,true
1.1663,true,true
2.0566,true,true
10.2147,true,true
1.9139,true,true
11.6063,true,true
1.3528,true,true
7.1364,true,true
4.0047,true,false
2.4075,true,true
0.9868,true,true
2.4769,true,true
2.2048,true,false
0.8401,true,true
1.6029,true,true
5.6202,true,false
3.0319,true,false
1.5428,true,true
2.4203,true,true
7.6812,true,false
2.9200,true,true
1.4129,true,true
0.9997,true,true
2.5723,true,true
7.3057,true,true
1.1456,true,true
1.3983,true,true
1.7472,true,true
1.5958,true,true
7.2824,true,true
8.1413,true,true
1.9389,true,true
6.3013,true,false
1.0378,true,true
13.6810,true,true
1.0242,true,true
6.2086,true,true
1.7673,true,false
2.1680,true,true
0.7393,true,true
13.5560,true,true
13.1023,true,true
6.3044,true,true
1.1301,true,true
19.6100,true,true
17.9503,true,true
11.8516,true,true
1.9366,true,true
10.8072,true,true
1.7316,true,true
10.1432,true,false
2.4920,true,true
0.9744,true,true
1.7268,true,true
1.3175,true,true
2.3932,true,true
13.2192,true,true
5.0190,true,true
8.6095,true,true
12.6621,true,false
1.5722,true,true
6.6425,true,false
1.5731,true,true
1.1730,true,true
0.7750,true,true
1.3529,true,true
5.8461,true,true
2.6751,true,true
12.5456,true,true
9.6213,true,false
0.6806,true,true
7.6504,true,true
1.4822,true,true
1.2718,true,true
1.7337,true,true
11.2033,true,false
2.6794,true,true
32.9293,true,true
20.5271,true,true
34.6465,true,true
15.5986,true,true
22.7516,true,true
32.6900,true,false
23.6218,true,false
5.3944,true,true
11.7095,true,true
13.8457,true,true
5.5820,true,true
6.3409,true,true
12.1887,true,true
45.4622,true,true
9.2639,true,true
4.1293,true,true
10.9443,true,true
2.3156,true,true
2.4595,true,true
6.3085,true,true
26.0232,true,true
34.6531,true,true
25.4876,true,true
19.2432,true,false
52.6315,true,true
72.8694,true,true
60.2282,true,true
4.3552,true,true
10.9977,true,true
24.1169,true,true
8.4368,true,true
71.2380,true,true
4.4799,true,true
1.5186,true,true
19.1443,true,true
12.4612,true,true
1.3236,true,true
29.5573,true,true
1.9325,true,true
100.3514,true,true
46.1544,true,true
15.0022,true,false
14.5738,true,true
30.8303,true,false
4.9535,true,false
1.9801,true,true
10.4403,true,true
14.0482,true,false
1.6067,true,true
2.8714,true,false
7.2366,true,true
1.4079,true,true
1.0673,true,true
0.6981,true,true
1.2890,true,true
2.1233,true,true
8.3911,true,true
7.3488,true,true
0.8428,true,true
4.9896,true,true
7.0348,true,true
4.3383,true,false
1.3283,true,true
12.2759,true,true
10.8412,true,true
12.8501,true,true
2.9747,true,true
13.5953,true,false
1.7744,true,true
12.6551,true,false
11.4080,true,false
2.5040,true,true
0.9121,true,true
2.2401,true,true
1.0575,true,true
4.3888,true,true
10.2321,true,false
1.0384,true,true
15.4716,true,true
1.7161,true,true
7.1517,true,true
1.3195,true,true
3.6642,true,true
1.5071,true,true
5.4525,true,false
1.4423,true,true
1.5561,true,true
1.0473,true,true
0.8467,true,true
9.2763,true,true
1.7181,true,true
7.4974,true,true
9.0006,true,true
13.3230,true,true
7.3543,true,true
5.5010,true,false
12.6601,true,false
0.8706,true,true
4.8062,true,false
1.5143,true,true
1.4920,true,true
27.0327,true,true
5.6075,true,true
0.9994,true,true
5.7244,true,true
15.7019,true,true
4.3872,true,true
1.3359,true,true
8.8520,true,true
15.9956,true,true
1.4142,true,true
9.5682,true,false
1.3311,true,true
5.4024,true,true
11.9666,true,true
11.0556,true,true
17.8628,true,true
0.9192,true,true
6.5003,true,false
2.9850,true,false
1.4872,true,true
3.9803,true,true
1.0965,true,true
0.6012,true,false
3.6107,true,true
1.1252,true,true
0.7491,true,true
1.4212,true,true
1.0168,true,true
1.7317,true,true
3.4559,true,true
10.6491,true,true
9.9359,true,true
5.9754,true,false
3.8331,true,false
1.2055,true,true
0.7612,true,true
1.6174,true,true
1.2837,true,true
2.6926,true,true
2.9144,true,true
6.4846,true,true
2.7720,true,true
1.2352,true,true
0.9024,true,true
1.5156,true,true
1.1352,true,true
0.7550,true,true
4.9397,true,false
1.7493,true,true
7.8405,true,true
1.6063,true,true
9.7567,true,false
1.4867,true,true
3.1208,true,true
9.4037,true,true
0.5437,true,true
16.7938,true,true
0.7598,true,true
4.7148,true,false
8.4854,true,true
3.6770,true,true
1.3749,true,true
1.0800,true,true
7.3985,true,true
2.2616,true,true
0.6742,true,true
1.8095,true,true
2.7573,true,true
1.1505,true,true
3.6102,true,true
0.7634,true,true
1.4562,true,true
1.8118,true,true
4.3496,true,true
1.5701,true,true
1.1737,true,true
0.6555,true,true
6.4590,true,true
3.5076,true,true
3.2727,true,true
6.4889,true,true
0.9656,true,true
4.5228,true,true
1.1342,true,true
0.7676,true,true
1.3266,true,true
1.5955,true,true
1.2877,true,true
0.8939,true,true
2.6242,true,true
1.2036,true,true
2.5089,true,false
1.0088,true,true
1.0967,true,true
12.6384,true,true
18.1203,true,true
5.1031,true,true
3.3734,true,true
1.5375,true,true
17.5137,true,true
6.8491,true,false
2.8647,true,true
6.6576,true,true
1.1210,true,true
26.4619,true,true
1.0771,true,true
37.2513,true,true
1.3429,true,true
4.5104,true,true
2.3801,true,true
0.8555,true,true
3.6169,true,true
7.8230,true,false
2.6360,true,true
3.0496,true,true
5.4334,true,false
1.0445,true,true
6.1390,true,true
1.5597,true,true
3.1823,true,true
4.9673,true,true
2.9364,true,true
9.4160,true,true
2.1783,true,true
0.8451,true,true
6.8607,true,true
2.5154,true,true
1.2846,true,true
3.8671,true,true
1.1626,true,true
0.8197,true,true
1.6054,true,true
7.3257,true,true
3.3745,true,true
6.9212,true,false
3.5735,true,false
0.9790,true,true
6.2940,true,true
4.9763,true,false
10.9130,true,true
4.6993,true,true
3.0611,true,true
12.5567,true,true
0.8526,true,true
7.3540,true,true
4.5991,true,false
5.7217,true,true
1.3967,true,true
2.3690,true,true
8.7681,true,true
1.1576,true,false
0.9741,true,true
4.1728,true,true
0.7441,true,true
4.5895,true,true
4.6862,true,true
2.2781,true,true
18.8289,true,true
3.4838,true,true
1.1379,true,true
16.4313,true,true
17.1709,true,true
2.4756,true,true
5.6896,true,true
1.5728,true,true
2.0311,true,true
2.3184,true,true
1.0183,true,true
28.7765,true,true
2.0776,true,true
2.5905,true,true
5.7526,true,true
2.5982,true,true
20.1011,true,true
2.4449,true,true
1.7422,true,true
1.4161,true,true
1.4386,true,true
2.6468,true,true
35.0214,true,true
13.1647,true,true
2.0770,true,true
0.6510,true,true
13.2932,true,true
2.0490,true,true
0.6766,true,true
2.4930,true,false
0.9843,true,true
2.8288,true,true
1.3756,true,true
1.1698,true,true
0.7926,true,true
4.3624,true,true
1.0350,true,true
6.6925,true,true
0.9574,true,true
2.2696,true,true
8.1608,true,true
6.5454,true,true
4.4871,true,true
1.0394,true,true
4.6531,true,false
3.9268,true,true
1.2381,true,true
7.6356,true,false
5.1270,true,true
3.2302,true,true
0.7365,true,true
2.8639,true,true
1.3801,true,true
1.0150,true,true
5.1040,true,true
5.1068,true,true
4.3492,true,true
1.7416,true,true
4.7121,true,true
7.3161,true,true
1.3932,true,true
4.8720,true,true
7.7006,true,false
1.6017,true,true
5.2001,true,false
5.5056,true,false
1.0634,true,true
4.5891,true,true
6.3137,true,true
1.1706,true,true
10.9828,true,true
12.9118,true,true
1.2375,true,true
5.2603,true,false
11.6580,true,true
8.5367,true,true
1.4905,true,true
3.3951,true,false
4.0275,true,false
2.6427,true,true
1.7866,true,true
5.3080,true,true
3.1174,true,true
1.4983,true,true
2.3933,true,true
2.5137,true,true
1.2039,true,true
8.3413,true,true
1.8561,true,true
1.6008,true,true
8.6833,true,true
0.9884,true,true
3.2327,true,true
0.8335,true,true
7.5205,true,true
0.9516,true,true
2.1027,true,true
2.6284,true,false
1.1714,true,true
0.8709,true,true
1.5783,true,true
7.3128,true,true
1.1794,true,false
0.7316,true,true
3.5568,true,true
2.5298,true,false
1.3078,true,true
6.8867,true,false
1.0133,true,true
6.8369,true,true
4.1137,true,false
4.0230,true,true
3.2278,true,true
12.7097,true,true
1.7553,true,true
3.5149,true,true
10.5292,true,true
1.1914,true,true
5.6396,true,true
1.0072,true,true
2.4845,true,true
3.5160,true,true
1.1025,true,true
7.5316,true,false
6.0457,true,false
3.0570,true,true
1.8376,true,true
12.5551,true,true
0.5156,true,false
2.5713,true,false
1.0880,true,true
0.6130,true,true
2.8560,true,false
1.3660,true,true
1.1454,true,true
9.3498,true,true
6.4537,true,true
2.5992,true,true
1.2231,true,true
1.0072,true,true
7.5875,true,true
1.5906,true,true
7.8759,true,true
5.0184,true,true
2.2255,true,true
0.9666,true,true
6.3557,true,true
0.5959,true,true
1.3668,true,true
2.6747,true,false
2.4133,true,true
0.8410,true,true
2.2564,true,true
8.5156,true,true
1.3407,true,true
1.2994,true,true
8.8715,true,true
3.8125,true,false
2.1180,true,true
3.8421,true,true
2.7614,true,false
1.3528,true,true
0.9223,true,true
4.9900,true,false
2.1465,true,true
6.2130,true,true
4.3437,true,true
2.8028,true,true
1.2567,true,true
0.9147,true,true
1.6321,true,true
3.0112,true,true
2.0395,true,true
2.1195,true,true
1.4259,true,true
1.6851,true,true
1.3133,true,true
2.9876,true,true
28.7361,true,true
16.6963,true,true
1.2920,true,true
0.8090,true,true
8.3883,true,true
2.0383,true,true
5.3826,true,false
3.5327,true,false
1.4749,true,true
2.6677,true,true
1.3468,true,true
7.9332,true,true
15.7676,true,true
0.7152,true,true
4.3580,true,true
2.1230,true,true
9.7948,true,false
0.8307,true,true
1.4164,true,true
3.3167,true,false
0.7966,true,true
16.4282,true,true
5.2954,true,true
3.4563,true,true
2.3627,true,false
6.0598,true,true
4.2723,true,true
3.7339,true,true
1.0386,true,true
2.7780,true,true
6.4415,true,true
1.6434,true,true
6.5838,true,false
1.3173,true,true
0.9834,true,true
7.2942,true,true
4.7712,true,false
1.5198,true,true
6.3411,true,false
3.8111,true,false
2.7383,true,true
1.2335,true,true
0.8386,true,true
3.0976,true,true
3.0482,true,true
2.0501,true,true
1.6832,true,true
3.8095,true,true
1.3232,true,true
0.9634,true,true
1.4836,true,false
2.0946,true,true
0.5970,true,true
1.7913,true,true
4.4490,true,false
2.5131,true,true
1.0974,true,true
0.7090,true,true
2.3306,true,true
6.1973,true,true
9.8224,true,true
3.4067,true,true
1.1473,true,true
6.6328,true,true
5.8077,true,false
7.7782,true,true
4.5211,true,true
1.7851,true,true
9.9188,true,true
1.3838,true,true
18.8008,true,true
1.7180,true,true
11.7188,true,true
2.7754,true,true
23.5377,true,true
8.9917,true,false
3.1703,true,false
2.1428,true,true
0.7126,true,true
1.5309,true,true
2.6668,true,false
1.0770,true,true
5.1222,true,true
1.7352,true,true
1.5586,true,true
12.6862,true,true
3.3276,true,false
2.2545,true,true
0.6856,true,true
1.1628,true,true
0.6637,true,true
1.3069,true,true
4.1660,true,false
2.2276,true,false
2.1216,true,true
5.8452,true,true
1.6256,true,true
17.4541,true,true
3.7784,true,false
7.0696,true,true
3.5151,true,true
2.1056,true,true
1.8978,true,true
6.4218,true,true
6.4990,true,true
3.6143,true,true
2.4866,true,false
1.1547,true,false
0.9224,true,true
4.4274,true,true
7.8928,true,true
7.6264,true,true
4.5126,true,true
3.3343,true,true
3.5506,true,false
1.5533,true,false
2.2113,true,true
10.0187,true,true
0.7680,true,true
2.8889,true,true
1.3871,true,true
1.5826,true,true
5.1407,true,true
11.4101,true,true
3.7666,true,true
2.6869,true,true
22.7279,true,true
11.4659,true,true
2.1791,true,true
18.2536,true,false
1.3435,true,true
29.5044,true,true
19.2281,true,true
1.1026,true,true
26.4587,true,true
1.1706,true,true
0.9630,true,true
3.1146,true,true
1.6827,true,true
1.4408,true,true
6.7942,true,true
1.1862,true,true
3.2206,true,false
0.6026,true,true
3.7206,true,false
2.4212,true,true
1.9543,true,true
2.2465,true,true
2.1260,true,true
1.1965,true,true
1.0244,true,true
1.7802,true,true
1.8506,true,true
24.2327,true,true
28.6355,true,true
1.2896,true,true
8.8948,true,true
2.2250,true,true
2.4873,true,true
0.8829,true,true
1.5687,true,true
1.1905,true,true
2.3416,true,true
0.9143,true,true
1.6415,true,true
1.3704,true,true
1.0195,true,true
3.2466,true,true
2.6245,true,true
9.9270,true,true
1.2307,true,false
3.0872,true,true
2.3391,true,true
3.2031,true,false
0.5789,true,true
1.8696,true,true
6.3641,true,true
4.4378,true,true
11.7909,true,true
4.1343,true,true
1.3283,true,true
21.0538,true,true
1.3405,true,true
0.8873,true,true
4.0004,true,false
7.2624,true,true
1.5343,true,true
1.1427,true,true
0.8135,true,true
1.4108,true,true
1.0127,true,true
5.1292,true,true
5.6836,true,false
4.6227,true,true
2.9350,true,false
1.8631,true,true
5.9183,true,true
1.6308,true,true
5.9106,true,false
4.8911,true,true
1.8752,true,true
2.4960,true,true
2.1192,true,true
0.8419,true,true
7.3032,true,true
21.1947,true,true
18.3143,true,false
33.3441,true,true
5.5826,true,false
5.0686,true,true
16.0935,true,true
1.6026,true,false
2.3171,true,true
8.9620,true,true
6.0433,true,true
34.1152,true,false
31.5597,true,true
5.0271,true,false
52.1314,true,true
29.8633,true,true
43.2660,true,true
50.0191,true,true
39.8784,true,true
2.2274,true,true
19.2807,true,true
68.6227,true,true
18.4583,true,true
34.2347,true,true
6.1112,true,true
21.8265,true,false
24.9901,true,true
48.6389,true,true
6.5562,true,true
13.1927,true,true
8.2400,true,true
3.5587,true,true
3.7533,true,true
29.2195,true,true
7.4726,true,true
14.4800,true,true
4.3502,true,false
2.1849,true,true
0.6400,true,true
15.8344,true,true
0.9757,true,true
10.9751,true,true
10.2279,true,true
4.1640,true,true
4.1367,true,true
1.5967,true,true
2.4937,true,true
0.9482,true,true
2.1848,true,true
0.6350,true,true
4.6304,true,true
1.6856,true,true
1.5437,true,true
14.1130,true,true
2.2630,true,true
26.0219,true,true
17.6472,true,true
13.3677,true,true
4.0833,true,true
26.9223,true,true
28.0045,true,true
7.2797,true,true
1.7096,true,true
19.4827,true,true
13.3502,true,true
7.2161,true,true
3.1738,true,true
1.1015,true,true
8.0092,true,false
31.0283,true,true
1.5478,true,true
2.8461,true,true
1.9246,true,true
9.6646,true,true
3.8425,true,false
2.6061,true,true
1.3927,true,true
10.1821,true,true
1.1783,true,true
6.1317,true,false
1.8202,true,true
3.5562,true,true
12.9815,true,true
5.2560,true,true
2.2919,true,true
5.7298,true,true
4.3143,true,false
0.8208,true,true
4.2710,true,true
1.3499,true,true
0.9212,true,true
1.6280,true,true
3.1017,true,false
1.6261,true,true
1.2328,true,true
5.7055,true,false
9.2280,true,true
12.7701,true,true
3.8141,true,true
1.3193,true,true
9.9293,true,false
0.9071,true,true
2.0547,true,true
2.3294,true,true
12.3850,true,true
10.8969,true,false
1.7442,true,true
9.8511,true,true
0.9782,true,true
2.9410,true,true
8.4164,true,true
2.2283,true,true
2.3742,true,true
2.6908,true,false
1.8125,true,true
8.6076,true,true
1.7118,true,true
5.4530,true,true
0.8605,true,true
4.5076,true,true
2.4260,true,true
1.6924,true,true
5.3634,true,true
3.4928,true,true
20.1548,true,true
2.4802,true,false
15.4205,true,true
1.4508,true,true
1.0174,true,false
1.9833,true,true
9.7736,true,true
3.7933,true,true
7.2433,true,false
1.7284,true,true
3.0391,true,true
4.4108,true,true
1.6079,true,true
2.5550,true,true
1.0387,true,true
1.6996,true,true
1.3457,true,true
9.0176,true,false
4.0514,true,true
1.9097,true,true
12.5405,true,true
1.0175,true,true
12.1048,true,true
1.4310,true,true
8.0427,true,false
5.2086,true,true
5.8156,true,true
5.9025,true,true
4.8118,true,true
1.8651,true,true
10.8714,true,true
5.1899,true,true
0.6475,true,true
2.1518,true,true
0.7781,true,true
1.3639,true,true
1.2725,true,false
4.8435,true,false
24.8907,true,true
4.3095,true,true
1.0143,true,true
5.2903,true,false
0.7712,true,true
4.7849,true,true
1.2911,true,true
3.1997,true,true
0.7058,true,false
7.9889,true,true
3.8588,true,false
1.2300,true,true
1.1175,true,true
2.7347,true,true
10.0992,true,true
1.7414,true,true
14.6925,true,true
3.7174,true,true
0.9421,true,true
9.1906,true,true
2.7851,true,true
5.2429,true,true
2.4645,true,true
15.4349,true,true
12.3142,true,true
1.4276,true,true
6.7401,true,false
3.5596,true,false
2.3540,true,true
25.4962,true,true
1.6302,true,true
17.7626,true,true
0.8354,true,true
25.9751,true,true
13.4581,true,false
26.1507,true,true
11.4071,true,true
5.0409,true,true
2.2822,true,true
3.4531,true,false
0.9205,true,true
1.5597,true,true
1.4705,true,true
1.1684,true,false
8.1034,true,true
8.6589,true,true
5.3622,true,true
9.7364,true,false
3.6580,true,true
1.3384,true,true
4.9378,true,false
1.3632,true,true
5.8242,true,false
1.1274,true,true
13.8768,true,true
14.9198,true,true
11.0938,true,true
3.4755,true,true
1.3046,true,true
23.4026,true,true
13.8379,true,true
4.5597,true,true
24.6306,true,true
40.0068,true,true
11.9646,true,true
15.3944,true,true
31.4935,true,true
1.1589,true,true
47.8700,true,true
11.2270,true,false
4.2236,true,true
10.6314,true,false
2.8054,true,true
25.1896,true,true
1.4925,true,true
2.9679,true,true
16.9575,true,true
30.0912,true,true
5.1264,true,true
7.4469,true,false
4.8412,true,true
1.7552,true,true
6.6816,true,false
6.3143,true,true
0.8419,true,true
1.8293,true,true
9.2962,true,false
3.9386,true,false
11.3531,true,false
21.9318,true,true
3.1899,true,false
0.6040,true,true
2.7661,true,true
1.2531,true,true
1.5077,true,true
3.9274,true,true
1.4816,true,true
1.5187,true,true
9.5306,true,true
3.5890,true,false
1.3873,true,true
1.7739,true,true
1.5195,true,true
1.1771,true,true
0.7475,true,true
3.4738,true,true
1.2042,true,true
6.8011,true,true
2.4672,true,false
0.9082,true,true
3.1930,true,true
0.6998,true,true
3.8477,true,false
1.3640,true,true
4.9194,true,false
1.4753,true,true
1.0016,true,true
1.6026,true,true
1.1267,true,true
1.2582,true,true
5.4912,true,true
4.1763,true,true
1.0858,true,false
0.7682,true,true
7.4841,true,true
10.8623,true,true
1.7435,true,true
6.5068,true,true
3.6380,true,false
8.0733,true,false
20.6506,true,true
24.6001,true,true
20.6776,true,true
5.0481,true,true
18.9960,true,true
4.5562,true,true
1.7544,true,true
39.0060,true,true
30.9886,true,true
4.0783,true,true
2.5635,true,true
13.4307,true,true
20.3990,true,true
49.1356,true,true
24.9502,true,false
40.9402,true,true
5.3424,true,true
7.7747,true,true
31.5906,true,true
22.3248,true,true
1.6485,true,true
4.8269,true,false
15.7189,true,true
21.6022,true,false
3.4449,true,true
1.5128,true,true
68.7947,true,true
2.9672,true,true
10.8905,true,true
27.0247,true,true
1.7172,true,true
30.0693,true,true
10.1683,true,true
13.3714,true,true
7.3001,true,true
1.6307,true,true
2.1797,true,true
0.9152,true,true
11.8985,true,true
2.5103,true,true
1.2450,true,true
4.9215,true,true
3.0036,true,false
3.4296,true,true
0.9890,true,true
6.7560,true,true
12.2276,true,true
9.4991,true,false
1.0392,true,true
1.9179,true,true
14.4908,true,true
11.3735,true,true
4.8958,true,false
2.2343,true,true
1.7024,true,true
8.1331,true,true
2.0259,true,true
6.9464,true,true
1.4960,true,true
5.6823,true,true
6.1118,true,false
14.5450,true,true
4.3643,true,true
23.6298,true,false
26.3569,true,true
1.9905,true,true
4.5977,true,true
2.4100,true,true
28.1050,true,false
37.8941,true,false
44.5494,true,true
2.1370,true,true
39.5407,true,true
40.0848,true,false
66.5202,true,true
85.3900,true,true
6.3457,true,true
36.4065,true,true
35.2221,true,true
1.8461,true,true
25.7019,true,true
19.7247,true,true
17.3852,true,false
54.9402,true,true
4.7872,true,true
1.7895,true,true
49.4954,true,true
3.1950,true,true
79.3380,true,true
1.2544,true,true
33.3279,true,true
48.9775,true,true
22.5368,true,false
47.9221,true,true
1.6859,true,true
3.8252,true,true
36.8453,true,false
1.3129,true,true
36.6047,true,true
71.3751,true,true
18.3108,true,true
27.9419,true,true
1.5279,true,true
8.4985,true,false
3.5654,true,true
2.9604,true,true
4.5874,true,false
3.8323,true,false
1.2539,true,true
1.2717,true,true
0.7755,true,true
2.2039,true,true
1.1280,true,true
6.3663,true,true
4.3738,true,true
7.5691,true,false
2.7100,true,true
1.2256,true,true
0.9226,true,true
4.4170,true,false
1.0211,true,true
0.7799,true,true
6.6090,true,true
1.1482,true,true
1.1017,true,true
13.6872,true,true
0.9179,true,true
3.3178,true,true
5.4503,true,true
0.9260,true,true
6.0137,true,true
1.3394,true,false
4.0259,true,true
1.3213,true,true
4.0824,true,true
0.9942,true,true
3.1004,true,true
1.5182,true,true
1.4486,true,true
1.1442,true,true
0.9447,true,true
10.9353,true,true
1.4137,true,true
1.0556,true,true
1.4413,true,true
7.1637,true,false
2.3070,true,true
6.3686,true,true
2.1982,true,true
8.8039,true,true
6.8789,true,false
2.7956,true,true
1.3772,true,true
1.1472,true,true
6.2827,true,true
1.0053,true,true
9.9717,true,true
1.4603,true,true
11.7667,true,true
1.1021,true,true
6.1794,true,true
12.6065,true,true
1.2778,true,true
1.5993,true,true
1.3556,true,true
5.2231,true,true
3.7499,true,true
2.8614,true,false
1.4412,true,true
1.3057,true,true
16.8171,true,true
3.2586,true,true
0.8654,true,true
29.2375,true,true
1.3132,true,true
5.1354,true,false
2.1749,true,true
0.6739,true,true
1.4315,true,true
5.1409,true,true
1.7099,true,true
4.5598,true,true
1.4834,true,true
7.9688,true,true
11.6876,true,true
3.4630,true,false
0.9246,true,true
2.7532,true,false
1.1805,true,true
2.0463,true,true
1.1149,true,true
2.0442,true,true
3.4105,true,true
9.7719,true,true
4.1618,true,true
1.0777,true,true
2.1261,true,true
0.6483,true,true
1.3868,true,true
1.0498,true,true
6.7843,true,true
5.9514,true,false
3.0410,true,true
1.5031,true,false
1.1249,true,true
2.3888,true,true
5.7763,true,true
3.6613,true,false
1.0906,true,true
0.6894,true,true
7.8886,true,true
5.6040,true,true
2.4781,true,true
1.2465,true,true
0.8377,true,true
11.5548,true,false
0.7857,true,true
17.7223,true,true
0.5621,true,true
3.1199,true,true
9.2307,true,true
3.2934,true,true
6.5266,true,true
3.8588,true,true
0.8924,true,true
1.5325,true,true
1.1721,true,true
3.3052,true,false
0.9244,true,true
4.2414,true,false
0.7491,true,true
2.0724,true,true
2.2073,true,true
6.1003,true,true
1.5851,true,true
3.7028,true,true
8.3633,true,true
3.3628,true,true
3.5846,true,false
1.3418,true,true
3.4517,true,false
6.7427,true,false
8.0296,true,true
14.8310,true,true
2.5564,true,true
1.2786,true,true
14.2015,true,false
9.5168,true,false
3.9937,true,true
1.3309,true,true
2.4260,true,true
0.9361,true,true
1.6344,true,true
1.2391,true,true
0.8604,true,true
1.4198,true,true
1.0246,true,true
4.4503,true,true
1.2215,true,true
11.8523,true,true
6.6282,true,true
1.8188,true,true
13.1676,true,true
22.6679,true,true
6.5687,true,true
11.1143,true,false
14.3202,true,false
8.9035,true,true
5.7858,true,false
2.0276,true,true
5.6319,true,false
2.6077,true,false
4.5521,true,true
1.4280,true,false
1.1273,true,true
2.2235,true,false
1.9649,true,false
7.7762,true,true
3.4524,true,true
22.7870,true,true
7.1995,true,true
15.3937,true,true
4.0968,true,true
22.8648,true,false
19.9355,true,true
1.5514,true,true
17.3766,true,true
1.4053,true,true
4.6787,true,false
1.5435,true,true
12.1880,true,true
1.8117,true,true
17.4739,true,true
2.8528,true,true
2.8211,true,true
26.0374,true,true
23.4771,true,true
18.6001,true,true
10.1662,true,true
22.6032,true,true
3.0790,true,false
9.4651,true,false
6.6696,true,true
13.1158,true,true
9.4618,true,true
3.6800,true,true
10.6917,true,false
13.8230,true,false
2.0035,true,true
2.5870,true,true
15.7054,true,true
1.5053,true,true
1.4657,true,true
20.4316,true,true
10.8844,true,false
1.5460,true,true
5.3440,true,true
24.2551,true,true
2.9031,true,false
5.0958,true,false
2.2519,true,true
8.5061,true,true
0.9917,true,true
9.3092,true,true
6.4503,true,false
3.4513,true,true
11.9560,true,false
1.5034,true,true
13.0018,true,true
6.7587,true,false
1.2685,true,false
0.9476,true,true
1.5168,true,true
2.5164,true,true
1.7543,true,true
1.4519,true,true
2.8165,true,true
8.3327,true,true
5.2295,true,true
2.1379,true,true
0.7691,true,true
3.0538,true,true
1.5942,true,true
1.6724,true,true
23.6007,true,true
1.8515,true,true
1.9597,true,true
10.7313,true,true
2.5801,true,true
7.7849,true,false
2.7493,true,false
14.4127,true,true
2.0794,true,true
2.8438,true,true
4.3560,true,true
1.3780,true,true
1.0581,true,true
1.6219,true,true
21.1376,true,true
0.7852,true,true
1.9419,true,true
1.4510,true,true
1.7770,true,true
5.5965,true,false
2.8686,true,true
1.8743,true,true
5.5979,true,true
1.3138,true,true
1.2366,true,true
9.1848,true,true
1.5767,true,true
1.4269,true,true
9.0296,true,true
8.5226,true,true
1.6658,true,true
1.5364,true,true
13.3251,true,true
11.6267,true,true
2.3681,true,true
1.6300,true,true
7.9344,true,true
3.1990,true,true
9.1917,true,true
6.8294,true,true
4.4824,true,true
26.8333,true,true
14.4133,true,false
6.2453,true,true
2.4068,true,true
21.9508,true,true
19.6273,true,true
4.5163,true,true
15.0366,true,true
6.0454,true,true
34.2612,true,true
5.7913,true,true
3.8270,true,true
1.2655,true,false
17.2268,true,false
1.1356,true,true
0.6222,true,true
1.1015,true,true
0.5134,true,true
2.8998,true,true
2.8356,true,true
6.2208,true,true
9.7715,true,true
1.1304,true,true
16.6013,true,true
1.2426,true,true
1.4219,true,true
0.9858,true,true
1.6347,true,true
2.3649,true,true
0.9147,true,true
7.8553,true,false
2.6233,true,true
9.3799,true,false
1.3469,true,false
9.0070,true,false
19.1943,true,true
7.6767,true,false
3.4139,true,false
1.7939,true,false
2.6131,true,true
8.2380,true,true
2.0175,true,true
1.5990,true,true
4.6824,true,true
2.6985,true,true
3.2794,true,true
6.4651,true,false
0.6686,true,true
1.2779,true,true
0.8492,true,true
3.6800,true,true
1.2927,true,true
1.1541,true,true
0.7655,true,true
1.5912,true,true
1.1925,true,true
0.6794,true,true
2.3561,true,false
3.7074,true,false
3.0601,true,true
7.9364,true,false
1.8391,true,true
5.5843,true,false
5.5533,true,false
2.9518,true,true
4.7281,true,true
3.0903,true,true
6.3336,true,true
13.2247,true,false
11.5181,true,true
2.4650,true,true
0.9763,true,true
1.5458,true,true
3.6996,true,true
1.0913,true,true
0.7414,true,true
8.3964,true,false
1.8053,true,true
1.7493,true,true
11.2124,true,true
10.2884,true,true
5.0614,true,true
8.3817,true,true
4.1409,true,true
1.1506,true,true
0.8094,true,false
4.0991,true,true
1.6281,true,true
4.7621,true,false
1.2274,true,true
0.8931,true,true
1.4623,true,true
1.7835,true,true
2.8986,true,false
3.5485,true,true
0.9964,true,true
1.6935,true,true
1.3922,true,true
1.0478,true,true
1.6997,true,true
7.5173,true,true
1.7511,true,true
1.7185,true,true
9.8429,true,true
5.9682,true,true
1.9420,true,true
26.3435,true,true
11.2656,true,true
1.6866,true,true
1.8435,true,true
14.5259,true,true
9.9264,true,true
1.1891,true,true
15.8244,true,true
6.4678,true,true
3.5272,true,true
2.7776,true,true
1.8293,true,true
10.4048,true,true
1.8643,true,true
6.7867,true,false
3.6411,true,true
29.3327,true,true
3.8034,true,true
1.1112,true,true
0.8376,true,true
14.5861,true,true
2.2764,true,true
3.7229,true,false
1.2719,true,true
14.5418,true,true
5.7385,true,true
12.1657,true,true
1.5212,true,true
4.7665,true,false
11.1971,true,true
1.4396,true,true
2.4978,true,true
0.9642,true,true
4.6981,true,false
1.8037,true,false
2.0779,true,true
5.8426,true,false
4.3184,true,true
1.0241,true,true
6.5610,true,true
3.4841,true,false
1.5052,true,true
1.7564,true,false
9.9903,true,true
5.1313,true,false
3.3037,true,true
8.1572,true,true
5.2512,true,true
2.2334,true,true
1.4860,true,true
1.3066,true,true
2.6451,true,true
1.1499,true,true
5.7651,true,true
2.5475,true,true
5.9385,true,true
10.0043,true,true
16.4865,true,false
2.1073,true,true
2.4649,true,true
13.2109,true,false
1.1606,true,true
12.0048,true,true
18.4632,true,true
1.3811,true,true
1.0913,true,true
2.3125,true,false
0.7897,true,true
1.5514,true,true
1.2932,true,true
5.8503,true,true
1.4907,true,true
1.1769,true,true
8.6659,true,true
1.5448,true,true
1.2274,true,true
0.9866,true,true
0.7064,true,true
8.4284,true,true
0.6854,true,true
9.1422,true,false
5.6151,true,false
10.9894,true,false
2.0712,true,true
6.6297,true,false
1.0062,true,true
10.4695,true,false
4.3028,true,true
4.3502,true,true
17.6104,true,true
11.5175,true,true
4.5275,true,true
8.0432,true,true
12.3751,true,true
3.0215,true,true
4.4135,true,false
1.1706,true,true
0.9851,true,true
9.8957,true,true
1.2633,true,true
5.4697,true,true
0.8821,true,false
1.5954,true,true
2.8166,true,false
4.1646,true,true
2.9229,true,true
1.4588,true,true
1.6866,true,true
7.0452,true,true
3.7726,true,true
2.1569,true,false
2.1084,true,true
0.6405,true,true
5.6822,true,true
1.6467,true,true
5.3127,true,true
1.4880,true,true
1.1119,true,true
2.4853,true,true
1.6242,true,true
7.3888,true,true
4.3074,true,false
1.3937,true,true
3.5024,true,true
1.2619,true,true
7.8414,true,true
2.8767,true,false
1.4868,true,true
4.1500,true,true
29.8942,true,true
1.8662,true,true
5.8379,true,true
12.8715,true,true
3.5023,true,false
1.0474,true,true
0.5333,true,true
1.3613,true,true
13.6491,true,true
1.7012,true,true
11.2704,true,true
2.2331,true,true
1.3427,true,true
9.2747,true,true
22.3662,true,true
6.7480,true,true
1.6061,true,false
4.7354,true,true
1.3041,true,true
6.3132,true,false
0.5997,true,true
1.3173,true,true
4.9921,true,true
1.6750,true,true
1.3035,true,true
1.0184,true,true
4.2613,true,true
2.2533,true,true
3.3599,true,true
10.2186,true,true
8.6345,true,true
2.7878,true,true
1.5689,true,true
8.7704,true,false
1.4032,true,true
8.2987,true,true
5.6320,true,true
8.8093,true,true
5.4893,true,true
1.6023,true,true
20.6136,true,true
13.5996,true,true
1.5698,true,true
11.1877,true,true
5.4135,true,true
1.4558,true,true
1.3503,true,true
8.2195,true,true
7.1198,true,true
1.7983,true,true
2.9374,true,false
10.2091,true,true
1.8573,true,true
5.4153,true,false
1.7726,true,true
6.8828,true,false
3.7912,true,true
1.3729,true,true
2.5550,true,true
3.1686,true,true
4.6512,true,false
1.6560,true,true
2.7685,true,true
1.1883,true,true
1.0894,true,false
8.0722,true,true
4.9691,true,true
1.3465,true,true
2.5544,true,true
1.1125,true,true
4.0578,true,false
7.8394,true,true
10.9825,true,true
2.1575,true,true
9.9919,true,false
0.7197,true,true
7.0077,true,false
2.4165,true,true
1.7087,true,true
1.5625,true,true
5.0861,true,true
29.4782,true,true
4.9094,true,true
11.6840,true,true
7.5458,true,true
2.7184,true,true
8.3515,true,true
1.9991,true,true
6.7876,true,true
3.6478,true,true
2.3865,true,true
1.1694,true,true
1.8559,true,true
14.7507,true,true
9.1293,true,true
3.0228,true,true
6.0851,true,true
2.2777,true,true
7.5167,true,false
2.6575,true,true
6.6405,true,true
1.4268,true,true
3.8106,true,false
1.2554,true,true
8.8685,true,true
1.6079,true,true
1.6075,true,true
2.6106,true,false
1.3671,true,true
0.8749,true,false
8.1696,true,true
1.7093,true,true
2.5668,true,false
6.3707,true,true
5.6599,true,true
3.2665,true,true
1.3701,true,true
4.7975,true,false
2.5768,true,true
1.0688,true,false
0.8247,true,true
4.5693,true,true
2.9410,true,true
1.3997,true,true
1.4712,true,true
1.1713,true,true
3.8710,true,true
2.5401,true,true
7.6351,true,true
1.3957,true,true
1.1047,true,false
1.3262,true,true
5.8424,true,true
3.0665,true,true
6.7122,true,false
14.0182,true,true
3.1295,true,true
8.1625,true,true
1.5347,true,true
1.8415,true,true
8.8936,true,true
2.1547,true,true
2.1683,true,true
9.3327,true,true
1.9736,true,true
2.2776,true,true
19.4111,true,true
2.3656,true,true
0.9119,true,true
1.6983,true,true
2.0841,true,true
4.1745,true,true
6.4688,true,true
4.7705,true,true
2.8841,true,true
1.6435,true,true
11.7709,true,true
16.6925,true,true
9.5124,true,false
1.0677,true,true
8.6458,true,false
5.7057,true,false
3.7460,true,false
1.4695,true,true
1.0780,true,true
7.7886,true,true
1.1407,true,true
0.8256,true,true
1.4532,true,true
0.9409,true,true
1.7660,true,true
7.1519,true,false
1.4923,true,true
1.8780,true,true
1.4715,true,true
5.2213,true,false
0.9974,true,true
2.0160,true,true
12.4961,true,true
3.0894,true,true
7.0815,true,true
1.9111,true,true
1.6019,true,true
1.3091,true,true
2.5196,true,true
0.9079,true,true
1.4222,true,true
1.0797,true,true
0.7285,true,true
2.8584,true,true
1.2388,true,true
0.9560,true,true
6.9614,true,true
3.5104,true,true
7.6744,true,false
3.1458,true,false
1.6472,true,true
8.5660,true,true
2.7813,true,true
1.3543,true,true
1.3568,true,true
2.1892,true,true
2.1003,true,true
11.9546,true,false
1.2440,true,true
18.0142,true,true
0.9370,true,true
1.6655,true,true
4.1632,true,true
3.3153,true,true
6.6452,true,false
1.2020,true,true
5.5350,true,false
2.5056,true,true
3.8644,true,true
1.1235,true,true
1.3212,true,true
1.0225,true,false
1.8593,true,true
6.6545,true,true
0.8436,true,true
2.2591,true,true
1.1279,true,true
17.0702,true,true
7.7343,true,true
21.1503,true,true
12.6511,true,true
2.9137,true,true
6.8723,true,true
1.8187,true,true
4.0053,true,true
2.6338,true,true
1.1092,true,true
3.0198,true,false
3.5887,true,false
1.4975,true,true
5.0318,true,true
12.4693,true,true
1.5362,true,false
1.1119,true,true
1.5371,true,true
2.9764,true,true
7.5217,true,true
2.0314,true,true
3.5569,true,false
3.0953,true,false
9.6495,true,false
3.6570,true,false
7.2607,true,true
4.5864,true,false
11.4198,true,true
5.6611,true,false
3.3353,true,true
1.7915,true,true
1.4770,true,true
1.0878,true,true
3.3612,true,true
0.8084,true,true
2.1147,true,true
0.5914,true,false
1.1475,true,true
0.6110,true,true
1.1590,true,true
0.9684,true,true
3.2243,true,true
0.6605,true,true
4.1560,true,true
1.8887,true,true
4.7416,true,true
1.6754,true,true
7.3361,true,true
4.4654,true,true
1.4323,true,true
4.8462,true,true
11.5528,true,false
15.8125,true,true
0.7365,true,true
1.3719,true,true
25.8633,true,true
4.0407,true,false
1.4689,true,true
0.9997,true,true
3.3756,true,false
2.0990,true,true
3.1904,true,true
11.3459,true,false
9.0022,true,false
3.1702,true,true
20.1541,true,true
8.8872,true,true
2.9182,true,true
1.5199,true,true
14.4133,true,true
1.5310,true,true
1.0611,true,true
0.6570,true,true
1.5177,true,true
6.4209,true,true
1.0633,true,true
9.8246,true,true
3.5949,true,false
3.4778,true,true
1.1570,true,true
2.3080,true,true
0.8683,true,true
2.1070,true,true
0.6110,true,true
2.6355,true,true
6.1279,true,true
3.0225,true,true
2.6151,true,true
6.2067,true,true
11.3425,true,true
1.8071,true,true
6.7459,true,true
12.7585,true,true
11.5435,true,false
8.9506,true,false
4.3525,true,true
8.8520,true,true
3.1879,true,false
0.6484,true,true
1.4129,true,true
6.7888,true,true
4.9719,true,true
1.9212,true,true
1.6904,true,true
6.0434,true,true
1.5937,true,true
5.5859,true,false
1.0054,true,true
4.8692,true,true
5.8671,true,false
10.1934,true,false
6.1473,true,false
3.8672,true,true
2.7517,true,false
3.5689,true,true
1.1406,true,true
9.3800,true,true
3.8926,true,true
1.8414,true,true
20.7573,true,true
8.4405,true,true
0.8744,true,true
4.2881,true,false
2.3766,true,true
0.8114,true,true
1.9198,true,true
2.3029,true,true
6.0164,true,false
11.6096,true,true
18.2787,true,true
2.8365,true,true
1.7361,true,true
8.8049,true,true
11.9955,true,true
6.4217,true,true
0.7048,true,true
1.8720,true,true
6.0781,true,true
9.9930,true,true
13.2057,true,true
5.0222,true,true
9.4874,true,true
2.0348,true,true
10.2549,true,true
1.8525,true,true
2.1986,true,true
11.6740,true,false
0.8395,true,true
1.6320,true,true
1.4075,true,true
6.0653,true,false
2.6088,true,true
2.6818,true,true
1.8037,true,true
5.4720,true,true
1.3086,true,true
5.4143,true,false
1.1345,true,true
5.1688,true,true
1.5498,true,true
3.6562,true,true
1.3989,true,true
3.5051,true,true
1.0185,true,true
15.3789,true,true
4.6133,true,true
3.7928,true,true
1.7059,true,true
4.9106,true,true
8.5437,true,true
3.0096,true,true
7.2236,true,true
1.4329,true,true
2.8743,true,true
1.3362,true,true
0.9689,true,true
1.5895,true,false
1.9698,true,true
2.1944,true,true
0.6418,true,true
1.3793,true,true
2.8259,true,false
2.0118,true,true
2.7577,true,true
9.1279,true,true
1.3403,true,true
0.8030,true,true
1.4562,true,true
1.2345,true,true
4.8739,true,true
2.7339,true,true
2.7034,true,true
3.9480,true,true
1.2276,true,true
8.5806,true,true
2.0324,true,true
5.5547,true,true
22.0854,true,true
1.3475,true,true
16.2268,true,true
22.8548,true,true
5.3814,true,false
18.1383,true,true
2.6537,true,true
2.7530,true,true
1.1581,true,true
7.3115,true,true
6.4449,true,true
3.8489,true,true
10.8958,true,true
1.7146,true,true
6.0388,true,false
3.1413,true,true
2.2683,true,false
3.1689,true,true
1.7644,true,true
1.9869,true,true
7.1180,true,false
1.6856,true,true
6.8038,true,true
1.8613,true,true
1.4473,true,true
3.6036,true,true
1.0468,true,true
1.7680,true,true
2.0007,true,true
3.1869,true,true
4.3030,true,true
1.3402,true,true
1.6698,true,true
8.7331,true,true
1.0227,true,true
17.4660,true,true
4.1449,true,true
1.8626,true,true
6.1886,true,true
1.7514,true,true
15.9092,true,true
1.1242,true,false
0.7800,true,true
8.9762,true,true
5.1428,true,true
8.2690,true,true
2.1554,true,false
0.6428,true,true
14.0955,true,true
1.2257,true,true
3.3253,true,true
6.3719,true,false
3.9109,true,true
5.3257,true,true
8.4890,true,true
3.7167,true,true
2.5300,true,false
1.0075,true,true
4.4121,true,true
3.2087,true,true
1.0869,true,true
0.5719,true,false
1.0897,true,true
0.5307,true,true
1.0772,true,true
2.9900,true,true
10.1902,true,true
4.7619,true,true
1.8328,true,true
1.6715,true,true
1.2759,true,true
1.5815,true,true
5.5097,true,false
2.9552,true,false
1.4845,true,false
1.1535,true,true
0.7969,true,true
1.2730,true,true
0.7307,true,true
1.4698,true,true
4.1767,true,false
1.6652,true,true
1.9909,true,true
3.3116,true,true
2.8689,true,false
3.7774,true,true
1.5155,true,true
1.5002,true,true
5.9649,true,true
3.7565,true,true
2.7519,true,false
1.5478,true,true
6.0008,true,false
1.5084,true,true
3.0573,true,true
3.3874,true,true
0.7651,true,true
1.3814,true,true
1.0761,true,true
0.6253,true,true
3.7564,true,true
1.2730,true,true
1.5588,true,true
1.1412,true,true
0.6576,true,true
1.2383,true,true
0.7597,true,true
1.3748,true,true
1.0954,true,true
5.4368,true,false
1.0704,true,true
6.2884,true,true
9.5599,true,false
0.8680,true,true
7.1449,true,true
1.4118,true,true
1.1649,true,true
5.2453,true,true
4.9243,true,false
2.7836,true,true
1.4047,true,true
1.7700,true,true
1.8680,true,true
1.6657,true,true
2.6744,true,true
1.2303,true,true
7.8274,true,true
3.5601,true,false
0.9459,true,true
1.7585,true,true
1.6240,true,true
8.3540,true,true
0.6783,true,false
5.1905,true,true
12.1109,true,true
9.1224,true,true
1.8253,true,true
16.0781,true,false
1.1097,true,true
0.9812,true,true
17.1396,true,true
10.9091,true,true
6.3076,true,true
28.6018,true,true
0.7777,true,true
10.3279,true,true
4.9723,true,true
1.4556,true,true
3.5348,true,true
1.2272,true,true
5.5763,true,true
0.8459,true,true
1.9311,true,true
1.4726,true,true
2.3044,true,false
4.9425,true,false
4.0635,true,true
3.1966,true,true
0.6411,true,false
11.5024,true,true
1.5840,true,true
6.0001,true,true
10.8282,true,true
1.2563,true,true
22.4002,true,true
1.1626,true,true
6.6053,true,true
13.2963,true,true
0.8092,true,true
1.4114,true,true
4.3377,true,false
6.1783,true,true
3.6836,true,true
3.8715,true,false
4.6902,true,true
1.7791,true,true
2.0068,true,true
8.1522,true,false
2.9375,true,true
1.7611,true,true
1.5207,true,true
19.0859,true,true
2.0476,true,true
1.2519,true,true
0.8917,true,true
4.0447,true,true
4.5480,true,true
1.7969,true,true
1.8638,true,true
8.2116,true,true
2.3901,true,true
24.5337,true,true
9.8719,true,false
1.7453,true,true
1.7318,true,true
9.9032,true,true
7.0401,true,false
1.8499,true,true
1.5492,true,true
4.2744,true,true
1.5145,true,true
2.5252,true,true
3.8732,true,false
1.5793,true,true
7.9020,true,false
1.5297,true,true
14.1621,true,true
9.4427,true,true
10.1198,true,true
1.7169,true,true
5.5853,true,false
3.7176,true,true
1.1084,true,true
1.7998,true,true
10.5081,true,false
0.9364,true,true
6.7525,true,false
12.5305,true,true
34.8329,true,true
1.2111,true,true
7.0716,true,true
5.8391,true,true
3.3173,true,true
0.7366,true,true
1.4952,true,true
2.6935,true,true
5.5328,true,true
1.7244,true,true
8.6843,true,false
1.5097,true,true
8.2887,true,false
3.9513,true,true
4.0718,true,false
3.6634,true,true
1.0830,true,true
1.9316,true,true
3.0517,true,true
5.0628,true,true
2.0558,true,true
9.7826,true,true
0.6732,true,true
3.2232,true,true
5.5870,true,true
1.8468,true,true
7.2976,true,false
1.7345,true,true
6.8080,true,true
4.7730,true,true
5.6364,true,true
2.5774,true,true
10.5633,true,true
2.8097,true,false
1.4867,true,true
18.7118,true,true
3.8189,true,false
1.2320,true,true
3.2268,true,false
2.7480,true,true
9.6371,true,false
1.0303,true,true
8.9756,true,true
1.3018,true,true
2.6606,true,true
1.3983,true,true
8.0349,true,false
1.8259,true,true
5.6082,true,true
1.0715,true,true
0.8474,true,true
1.4966,true,true
1.0294,true,true
1.7237,true,true
2.6509,true,true
5.7983,true,true
1.1567,true,true
2.4355,true,true
0.8576,true,true
1.9929,true,true
1.5487,true,true
7.3111,true,true
1.4949,true,true
6.6484,true,false
2.1376,true,true
3.4653,true,true
0.7098,true,true
15.3697,true,true
7.3385,true,false
1.5473,true,true
6.4824,true,true
5.2052,true,true
3.8975,true,true
2.0338,true,true
5.2441,true,true
1.8342,true,true
10.1793,true,true
10.7087,true,true
1.6069,true,true
5.9173,true,true
1.4679,true,true
1.1660,true,false
1.7526,true,true
8.8219,true,false
10.4667,true,true
21.1406,true,true
26.5129,true,true
4.5987,true,true
13.4877,true,true
11.9994,true,false
6.8720,true,true
22.7658,true,true
4.6346,true,true
20.8521,true,true
5.1121,true,false
2.7001,true,true
3.4198,true,false
8.7426,true,true
5.6782,true,true
1.4470,true,true
9.1982,true,false
3.3453,true,false
5.0876,true,true
3.0046,true,false
1.6132,true,true
4.9279,true,false
3.8564,true,false
1.2658,true,true
1.0631,true,true
0.4800,true,true
1.1118,true,true
1.1810,true,true
0.8393,true,true
8.5019,true,false
3.2968,true,false
0.9601,true,true
7.1505,true,true
1.4022,true,true
2.6464,true,true
9.8363,true,false
1.2807,true,true
0.9561,true,true
10.3650,true,false
8.0341,true,true
1.4822,true,true
1.1814,true,true
3.5931,true,false
1.8049,true,true
1.5104,true,true
11.9183,true,false
3.5297,true,false
1.0239,true,true
6.2623,true,false
4.1107,true,false
10.1298,true,false
1.5421,true,true
5.3116,true,true
2.4383,true,false
2.2527,true,false
18.1281,true,true
22.5786,true,false
1.5404,true,true
1.6209,true,true
2.4145,true,true
25.7708,true,true
10.2264,true,false
1.2870,true,true
38.9783,true,true
1.2007,true,true
2.5915,true,true
1.6002,true,true
1.3190,true,true
1.0415,true,true
6.5356,true,true
0.7806,true,true
7.8494,true,true
1.5486,true,true
8.4770,true,false
0.8244,true,true
8.2054,true,true
4.3346,true,false
1.6516,true,true
9.4817,true,true
16.5787,true,true
7.5523,true,false
14.6066,true,true
0.8881,true,true
7.6674,true,true
3.1041,true,true
6.7983,true,true
1.9526,true,true
1.7582,true,true
10.1009,true,false
1.3595,true,true
1.3009,true,true
6.1137,true,true
5.0596,true,true
7.0949,true,true
10.9228,true,false
4.7571,true,true
1.2435,true,true
5.3806,true,true
3.8045,true,false
4.4490,true,true
1.0915,true,true
5.0895,true,true
6.3257,true,false
0.7887,true,true
7.2310,true,true
1.3935,true,true
0.9541,true,true
1.6130,true,true
1.1585,true,true
0.7775,true,true
1.5703,true,true
1.2703,true,true
3.2782,true,false
6.0879,true,false
1.7449,true,true
14.5456,true,true
6.1407,true,false
12.4023,true,true
6.7482,true,true
5.6568,true,true
1.6149,true,true
11.5542,true,true
10.0649,true,false
9.7955,true,true
2.6450,true,true
8.9586,true,true
1.4610,true,true
7.7513,true,false
15.2242,true,true
1.3436,true,true
1.4705,true,true
1.2906,true,true
5.2583,true,true
1.0683,true,true
11.6374,true,false
5.8243,true,true
9.7569,true,true
20.6693,true,true
1.6294,true,true
6.4363,true,true
7.2350,true,true
2.1926,true,true
9.7722,true,true
1.2259,true,true
10.1076,true,true
1.1056,true,true
9.8036,true,true
1.0701,true,true
4.4512,true,false
3.9381,true,false
0.8745,true,true
4.0056,true,true
6.8840,true,true
15.4032,true,true
3.1688,true,true
0.7439,true,true
8.9630,true,true
2.3324,true,false
2.3450,true,true
0.8215,true,true
1.5965,true,true
2.0057,true,true
3.0992,true,true
1.5102,true,true
3.4710,true,true
10.3817,true,true
2.9063,true,true
6.0374,true,true
12.4661,true,false
10.8475,true,false
1.6291,true,true
1.2759,true,true
3.2221,true,true
7.1004,true,true
3.8361,true,true
16.0580,true,true
0.9696,true,true
5.3340,true,true
1.4281,true,true
9.0240,true,true
1.4840,true,true
5.7849,true,true
1.2103,true,true
2.7760,true,true
2.4402,true,true
5.9035,true,false
11.3499,true,true
5.3728,true,false
2.8099,true,true
1.9820,true,true
4.5412,true,false
14.3947,true,false
11.3683,true,true
2.2454,true,true
8.7277,true,false
5.6376,true,true
1.0745,true,true
0.6580,true,true
1.4973,true,true
5.8718,true,false
5.4401,true,true
3.5091,true,false
6.7919,true,true
3.5763,true,true
10.1890,true,true
1.2203,true,true
8.7969,true,true
1.1310,true,true
0.7914,true,true
4.3305,true,false
1.6161,true,true
4.8272,true,true
2.6454,true,true
1.2015,true,true
1.8520,true,true
6.4422,true,true
1.0528,true,true
2.4165,true,false
6.5503,true,false
0.9186,true,true
1.4354,true,false
4.5372,true,true
1.7833,true,true
1.6228,true,true
4.6743,true,false
7.8698,true,false
2.2171,true,true
5.6094,true,false
3.1535,true,false
0.5486,true,true
1.2413,true,true
2.7340,true,true
3.8755,true,false
1.6197,true,true
7.3572,true,false
1.2872,true,true
3.9674,true,true
3.1901,true,true
0.9678,true,true
1.7203,true,true
4.9433,true,true
1.5536,true,true
2.7744,true,true
1.3057,true,true
2.8610,true,true
13.0014,true,true
7.8027,true,true
5.0451,true,true
5.6702,true,true
2.2529,true,true
0.9152,true,true
7.5330,true,true
1.1118,true,true
1.8540,true,true
30.7746,true,true
5.3430,true,true
3.6267,true,true
3.7540,true,true
3.1562,true,true
8.3837,true,true
3.1417,true,true
0.6277,true,true
1.4151,true,true
1.0840,true,true
2.0204,true,true
6.3658,true,true
0.7553,true,false
1.3877,true,false
1.6809,true,true
3.0052,true,true
3.1566,true,true
2.4373,true,true
3.0439,true,true
11.3100,true,true
2.2064,true,true
5.8448,true,true
2.7364,true,true
1.6345,true,true
8.2236,true,true
1.7957,true,true
3.8928,true,true
1.7574,true,true
5.9078,true,true
1.2881,true,true
2.1040,true,true
6.1563,true,true
3.8713,true,true
4.0056,true,true
1.5091,true,true
1.1241,true,true
3.7228,true,false
1.1806,true,true
4.6204,true,true
1.3642,true,true
0.9851,true,true
1.7962,true,true
5.5405,true,false
0.9662,true,true
1.5103,true,true
1.0173,true,true
1.5620,true,true
1.0278,true,true
2.4102,true,true
1.4737,true,true
1.2878,true,true
5.8359,true,false
11.8563,true,true
6.0117,true,true
4.8888,true,false
5.2988,true,false
3.0789,true,true
2.4825,true,true
8.3700,true,true
2.6253,true,true
12.0038,true,true
4.3709,true,false
1.7893,true,true
1.4886,true,true
1.0289,true,true
1.5172,true,true
0.9703,true,true
2.8633,true,true
2.6357,true,true
1.3040,true,true
0.9858,true,true
1.6498,true,true
2.1889,true,true
8.6324,true,true
28.8360,true,true
1.3096,true,true
8.3674,true,true
15.4002,true,true
1.7539,true,true
1.3889,true,true
1.1510,true,true
11.6293,true,true
2.6302,true,true
1.2514,true,true
4.6069,true,false
1.1886,true,true
2.4418,true,true
1.3829,true,true
1.0479,true,true
0.7118,true,true
2.7470,true,true
9.6304,true,true
2.5664,true,true
9.8668,true,true
6.8953,true,false
1.0603,true,true
2.5566,true,true
1.0555,true,true
3.3801,true,true
0.6254,true,true
2.0260,true,true
1.8818,true,true
4.5777,true,true
1.4635,true,true
4.8999,true,true
18.3109,true,true
5.8941,true,true
2.3860,true,true
12.9910,true,true
1.0399,true,true
7.7785,true,false
2.7918,true,true
3.0312,true,true
3.0006,true,true
1.5374,true,true
1.1859,true,true
4.9840,true,true
4.1447,true,true
1.7568,true,true
1.6355,true,true
18.8344,true,true
2.0753,true,true
0.9008,true,true
1.7593,true,true
1.4161,true,true
15.8013,true,true
23.0251,true,true
20.3480,true,true
1.4571,true,false
4.9757,true,true
2.2656,true,true
13.8425,true,true
1.5610,true,true
5.3789,true,true
13.0108,true,true
1.0342,true,true
1.7331,true,true
5.5549,true,true
2.1128,true,true
0.8049,true,true
3.7004,true,true
1.7068,true,true
1.3853,true,true
2.8860,true,true
1.4933,true,true
21.5806,true,true
1.7413,true,true
4.0190,true,false
1.3908,true,true
0.9263,true,true
1.4876,true,true
5.8495,true,false
1.3503,true,true
1.4992,true,true
10.1170,true,true
1.1805,true,true
2.0866,true,false
2.4210,true,true
2.3517,true,true
1.4068,true,true
3.2524,true,true
7.7683,true,true
3.8540,true,true
8.3588,true,false
3.0801,true,true
0.6822,true,true
1.2614,true,true
2.9936,true,true
9.9185,true,true
2.0790,true,true
7.1137,true,false
2.8722,true,true
4.4290,true,true
3.9656,true,false
0.8954,true,true
1.6124,true,true
4.4049,true,true
1.2506,true,true
9.8344,true,true
14.2179,true,false
2.9276,true,false
9.3744,true,true
1.9906,true,true
6.8432,true,true
1.3784,true,true
10.7868,true,false
1.0784,true,true
0.8166,true,true
2.0133,true,true
1.5241,true,true
1.0613,true,true
2.2930,true,true
0.7875,true,false
1.2930,true,true
0.8959,true,true
1.5401,true,true
1.0467,true,true
1.5336,true,true
3.5820,true,false
3.3752,true,false
1.2650,true,true
1.0328,true,true
7.8504,true,true
4.0546,true,true
3.5478,true,true
0.9478,true,true
1.5063,true,true
6.3677,true,false
0.8068,true,true
6.5891,true,false
1.2593,true,true
4.4587,true,true
12.0891,true,true
9.9317,true,true
1.7394,true,true
6.6407,true,true
0.8904,true,true
1.7972,true,true
9.6876,true,true
3.5208,true,true
3.6921,true,false
0.9437,true,true
1.9768,true,true
1.5838,true,true
1.2398,true,true
3.0592,true,false
2.6144,true,true
9.1890,true,true
2.6874,true,true
10.7882,true,true
4.9741,true,true
3.0241,true,false
2.7066,true,true
1.1643,true,true
2.3687,true,true
0.8863,true,true
2.2080,true,true
0.7488,true,true
1.2804,true,true
1.5851,true,true
1.1651,true,true
10.0837,true,true
8.6404,true,false
2.7783,true,true
7.0534,true,true
3.3000,true,false
3.7896,true,false
1.3591,true,true
1.0569,true,true
5.8894,true,true
2.9104,true,true
4.2942,true,true
2.8655,true,true
2.6537,true,true
2.6878,true,true
1.0711,true,true
7.5326,true,false
4.5394,true,true
2.9283,true,true
1.5021,true,true
1.1645,true,true
1.0115,true,true
4.6846,true,true
2.6259,true,true
1.1881,true,true
1.3476,true,true
1.0331,true,true
3.5462,true,true
0.7171,true,true
3.8241,true,true
9.8872,true,false
1.9853,true,true
2.1416,true,true
8.4862,true,true
6.8080,true,true
1.1242,true,true
4.2899,true,true
11.5434,true,false
1.5146,true,true
14.6799,true,true
3.2223,true,true
0.9543,true,true
16.6621,true,true
23.3792,true,true
1.7434,true,true
11.1430,true,false
2.1730,true,true
1.3639,true,true
1.0029,true,true
2.8044,true,false
1.4100,true,true
3.8828,true,true
2.6850,true,true
1.1446,true,true
7.5057,true,true
9.9352,true,true
1.2549,true,true
13.0829,true,true
12.1582,true,false
2.8618,true,true
8.3461,true,true
21.9506,true,true
0.7652,true,true
16.7908,true,true
1.4721,true,true
7.7673,true,true
1.9693,true,true
6.0375,true,true
3.2440,true,true
0.7254,true,true
13.2451,true,true
3.7736,true,true
4.0655,true,true
1.7387,true,true
8.9347,true,false
16.4080,true,true
1.2856,true,true
1.0355,true,true
2.2285,true,true
5.8325,true,true
1.4167,true,true
1.2145,true,true
11.8616,true,false
4.5219,true,false
2.2322,true,true
2.7590,true,false
1.2972,true,true
0.8232,true,true
1.4497,true,true
4.0367,true,false
1.2197,true,true
3.6373,true,true
0.9448,true,true
1.5998,true,true
3.4830,true,true
7.8767,true,true
11.0216,true,true
2.6581,true,true
1.5946,true,true
7.4521,true,true
1.7380,true,true
1.4982,true,true
1.0992,true,true
0.7373,true,true
2.0165,true,true
3.1854,true,false
0.6992,true,true
3.3055,true,true
1.3234,true,true
4.2685,true,true
2.7702,true,false
1.9624,true,true
1.7576,true,true
2.9212,true,true
2.5461,true,true
1.6164,true,true
1.4487,true,true
1.8693,true,true
1.4309,true,true
0.9378,true,true
7.2339,true,false
1.5757,true,true
6.5761,true,false
6.3891,true,true
1.4395,true,true
15.2601,true,true
1.6458,true,true
6.1217,true,false
9.9694,true,true
16.3342,true,true
3.3224,true,true
1.0183,true,true
1.6719,true,true
6.1107,true,false
3.4189,true,true
1.4047,true,true
7.9403,true,true
15.4215,true,false
7.3916,true,true
4.4310,true,true
1.6123,true,true
1.1283,true,true
1.2376,true,true
3.8642,true,true
4.1236,true,true
3.6443,true,true
1.1558,true,true
1.1280,true,true
4.8577,true,true
1.5026,true,true
3.0929,true,true
10.5535,true,true
1.6675,true,true
1.3063,true,true
0.9150,true,true
1.3949,true,true
1.3707,true,true
5.8689,true,true
4.2426,true,false
0.7741,true,true
7.6932,true,true
1.5831,true,true
1.2008,true,true
8.6238,true,true
2.8771,true,true
6.4459,true,false
1.4427,true,true
7.0287,true,true
4.3113,true,true
4.4272,true,true
6.2239,true,true
3.1332,true,true
2.6495,true,true
9.5634,true,true
1.7612,true,false
1.4819,true,true
1.0924,true,false
3.9433,true,false
2.2309,true,true
5.8853,true,true
2.0303,true,true
8.8248,true,true
1.2210,true,true
1.1133,true,true
8.7462,true,true
0.9298,true,true
1.6674,true,true
8.2662,true,true
4.4829,true,true
2.0617,true,true
17.0371,true,true
1.7730,true,true
12.9959,true,true
3.8550,true,true
13.4835,true,true
1.6292,true,true
8.2624,true,false
7.7543,true,true
1.6552,true,true
4.3310,true,true
1.2826,true,true
7.9990,true,true
12.0812,true,true
1.2525,true,true
5.4459,true,true
8.9846,true,true
2.0162,true,true
4.6874,true,true
17.3199,true,true
2.1227,true,true
13.2316,true,false
17.2903,true,true
1.5143,true,true
5.9182,true,true
1.8043,true,true
1.3955,true,true
1.1618,true,true
3.5459,true,true
3.0393,true,true
1.4333,true,true
1.0696,true,true
0.5568,true,true
1.9063,true,true
4.5392,true,false
1.3422,true,true
1.8010,true,true
8.7201,true,true
0.8731,true,true
1.3952,true,true
1.5971,true,true
1.2078,true,true
2.2305,true,true
3.7055,true,true
3.8888,true,true
2.5502,true,true
1.0674,true,true
1.7106,true,true
1.4833,true,true
1.1070,true,true
0.6858,true,true
1.7398,true,true
6.4355,true,true
10.1632,true,false
3.0204,true,false
4.1474,true,true
4.2978,true,true
4.7234,true,true
2.1216,true,true
9.9152,true,false
0.8033,true,true
1.6659,true,true
1.3428,true,true
1.1500,true,true
7.0982,true,true
2.2883,true,true
1.9327,true,true
1.5473,true,true
1.0410,true,true
1.6455,true,false
1.4748,true,true
0.9829,true,true
1.5361,true,true
1.1433,true,true
0.7993,true,true
1.3983,true,true
2.6794,true,true
1.5467,true,true
8.8020,true,false
1.3795,true,true
5.1539,true,false
1.5480,true,true
7.2781,true,false
12.8076,true,true
2.3458,true,true
12.3561,true,true
2.1522,true,true
0.7349,true,true
12.4068,true,true
1.6857,true,true
18.0318,true,false
1.0685,true,true
3.3126,true,true
1.9099,true,true
1.6964,true,true
2.0558,true,true
4.2027,true,false
1.5178,true,true
1.0825,true,true
0.7205,true,true
1.2935,true,true
2.1558,true,true
0.5926,true,true
19.5557,true,true
3.7468,true,true
24.1512,true,true
12.1639,true,true
20.0728,true,false
4.4944,true,true
19.4433,true,false
4.0833,true,true
13.7775,true,false
1.7054,true,true
28.2196,true,true
0.7120,true,true
6.1018,true,true
3.4294,true,true
14.4401,true,true
12.5311,true,true
10.0294,true,true
4.5619,true,false
3.1142,true,true
3.1877,true,true
0.5718,true,true
1.1753,true,true
0.7423,true,true
3.6078,true,false
3.0379,true,true
9.3225,true,true
1.6982,true,true
9.6920,true,true
2.3107,true,true
0.8069,true,true
1.4742,true,true
1.7112,true,true
5.3172,true,true
4.2185,true,false
1.1395,true,true
9.2948,true,true
4.7061,true,false
1.6095,true,true
1.3384,true,true
6.5997,true,false
0.8456,true,true
5.2933,true,true
2.8368,true,true
4.9564,true,false
4.4995,true,true
3.8740,true,true
20.4157,true,true
3.9048,true,true
11.1598,true,false
1.8854,true,true
14.8125,true,true
20.6419,true,true
4.0970,true,true
4.3936,true,true
11.3111,true,true
3.1521,true,true
19.7247,true,true
4.9989,true,false
11.4104,true,true
2.3748,true,true
1.4231,true,true
0.9935,true,true
3.8947,true,false
1.9473,true,true
3.1078,true,true
3.2787,true,true
1.0030,true,true
4.8279,true,true
1.3939,true,true
8.8878,true,true
3.2626,true,true
1.1700,true,true
10.0216,true,false
3.0802,true,true
1.6544,true,true
3.7004,true,false
1.1851,true,true
4.6558,true,false
7.9588,true,true
1.7554,true,true
3.1082,true,true
1.6561,true,true
17.2613,true,true
2.5457,true,true
1.1216,true,true
10.6583,true,true
3.0057,true,true
2.0266,true,true
2.3992,true,true
4.2579,true,true
2.6876,true,true
3.7459,true,false
1.1710,true,true
2.0018,true,true
1.9414,true,true
9.1582,true,true
2.7258,true,true
2.7669,true,true
2.7228,true,true
5.5473,true,false
6.7659,true,true
4.0253,true,false
1.1384,true,true
0.8565,true,true
3.2128,true,true
2.8174,true,false
6.7514,true,true
1.0874,true,true
0.6183,true,true
3.0498,true,true
3.2076,true,false
5.7374,true,true
9.5579,true,true
2.3981,true,true
12.9276,true,true
6.8161,true,false
10.0066,true,true
5.2653,true,true
2.1942,true,true
23.3861,true,true
1.1735,true,true
8.0794,true,true
2.2204,true,true
3.0618,true,false
1.6904,true,true
1.3228,true,true
0.9162,true,true
2.0597,true,true
2.5426,true,true
9.6994,true,false
16.6585,true,true
1.1158,true,true
12.0429,true,true
1.3345,true,true
11.8795,true,true
2.5399,true,true
1.6545,true,true
1.3942,true,true
12.4382,true,false
3.0972,true,false
11.4517,true,true
3.2794,true,true
12.2168,true,false
5.3286,true,false
2.8077,true,true
1.9921,true,true
11.7247,true,true
10.6804,true,true
9.1425,true,true
3.8301,true,true
10.5371,true,true
1.3451,true,true
1.4235,true,true
9.0928,true,false
3.6591,true,true
3.7349,true,true
2.6104,true,true
3.8284,true,false
7.6013,true,true
3.9996,true,true
1.1741,true,true
10.2308,true,true
0.8975,true,true
1.6462,true,true
27.1271,true,true
9.5444,true,true
4.7052,true,false
1.7284,true,false
5.8976,true,true
5.2491,true,false
2.6316,true,false
1.7460,true,true
3.0459,true,true
2.0519,true,true
7.3050,true,true
2.2321,true,true
0.9440,true,true
17.9299,true,true
9.0030,true,true
1.8616,true,true
1.6286,true,true
5.1223,true,false
4.4102,true,true
3.2605,true,true
0.7597,true,true
1.2860,true,true
1.3474,true,true
3.6578,true,true
3.2436,true,true
0.9177,true,true
4.8793,true,true
1.4548,true,true
1.9637,true,true
7.6913,true,true
1.7318,true,true
1.4891,true,true
5.6012,true,false
22.3713,true,true
1.1409,true,true
0.6666,true,true
8.6189,true,true
2.6596,true,true
8.1291,true,true
1.5948,true,false
1.1295,true,true
0.7396,true,true
4.1588,true,false
3.2058,true,true
0.8185,true,true
20.8790,true,true
0.5382,true,true
1.2292,true,true
0.8183,true,true
2.1446,true,true
0.5023,true,true
10.0472,true,true
3.1341,true,true
1.0950,true,true
9.0074,true,false
13.2405,true,true
1.2360,true,true
0.7321,true,true
3.1544,true,true
0.5938,true,true
1.8211,true,true
1.3766,true,true
1.0606,true,true
1.6470,true,true
1.3111,true,true
3.9774,true,true
1.7567,true,true
6.0007,true,false
3.5554,true,false
2.4090,true,true
3.3646,true,true
0.8474,true,true
11.1009,true,true
3.9751,true,true
1.8939,true,true
9.7682,true,true
2.0517,true,true
8.1719,true,true
1.7416,true,true
1.5714,true,true
8.7637,true,false
1.3024,true,true
5.8650,true,true
3.7369,true,true
1.5680,true,true
29.9309,true,true
13.0345,true,true
1.4991,true,true
1.8583,true,true
2.0166,true,true
22.0360,true,true
2.5239,true,true
2.6540,true,true
2.8668,true,true
29.6139,true,true
10.1911,true,true
7.4200,true,true
11.5635,true,true
2.4050,true,true
7.3342,true,false
25.4590,true,false
3.6411,true,true
19.4615,true,true
17.9428,true,false
2.4939,true,true
8.9483,true,false
3.7585,true,true
2.8628,true,true
1.9401,true,true
2.3517,true,true
8.6228,true,true
1.0959,true,true
0.6970,true,true
7.2018,true,true
1.7079,true,true
1.3386,true,true
0.9712,true,false
1.4759,true,true
2.1326,true,true
8.8960,true,true
1.9265,true,true
5.7641,true,false
9.1247,true,true
1.4096,true,true
3.8888,true,true
1.0750,true,true
2.9848,true,true
1.9610,true,true
11.7028,true,true
3.5293,true,true
1.9414,true,true
1.5891,true,true
15.7375,true,true
2.1418,true,true
0.6940,true,true
1.1774,true,true
1.0555,true,true
1.6425,true,true
1.4187,true,true
15.0006,true,true
7.1951,true,true
1.9117,true,true
5.2445,true,true
3.2017,true,true
2.7306,true,true
9.0846,true,true
6.4033,true,false
0.6577,true,true
1.3318,true,true
1.6452,true,true
1.0956,true,true
1.0520,true,true
1.8188,true,true
1.3864,true,true
1.1690,true,true
5.0444,true,true
2.3023,true,true
1.0765,true,true
2.9826,true,true
1.6180,true,true
2.4108,true,true
13.4076,true,false
1.1293,true,true
31.3277,true,true
13.1768,true,true
0.6977,true,true
36.2212,true,true
12.4019,true,true
3.4186,true,true
3.6398,true,false
2.9849,true,false
4.6691,true,true
5.2454,true,false
3.3364,true,true
0.7455,true,true
2.6194,true,false
6.8401,true,true
1.0154,true,true
4.4943,true,false
2.0526,true,true
14.8020,true,true
1.1763,true,true
14.1664,true,true
10.5125,true,true
1.2360,true,true
15.1565,true,true
2.6809,true,true
1.2000,true,true
1.3885,true,true
1.1495,true,true
1.3063,true,true
0.9819,true,true
4.2693,true,true
4.1669,true,true
4.2394,true,false
1.5227,true,true
4.3642,true,true
1.2441,true,true
4.4153,true,true
6.8366,true,false
1.6030,true,true
14.9714,true,true
11.8939,true,true
2.5946,true,true
10.1054,true,true
1.4359,true,true
1.3186,true,true
12.5937,true,true
6.1101,true,true
3.2063,true,false
2.2697,true,true
0.7807,true,true
1.8703,true,true
6.7257,true,false
1.5340,true,true
1.1871,true,true
3.2650,true,true
3.3049,true,true
0.7643,true,true
5.1793,true,true
1.1260,true,true
8.2375,true,true
2.1190,true,true
12.8796,true,false
4.8477,true,false
3.1151,true,false
1.6186,true,true
2.1536,true,true
0.6744,true,true
6.6436,true,true
13.8673,true,true
4.6226,true,true
23.4429,true,true
17.7579,true,true
4.2388,true,true
1.2638,true,true
25.4628,true,false
15.1049,true,false
1.6089,true,true
22.7345,true,true
9.8949,true,false
42.1720,true,true
7.9369,true,true
5.6744,true,true
9.4479,true,false
3.5120,true,true
1.9762,true,true
1.6977,true,true
5.0973,true,true
3.3133,true,true
1.7321,true,true
5.7459,true,false
13.2843,true,true
1.2672,true,true
1.0173,true,true
7.3093,true,true
3.3494,true,true
7.6880,true,true
4.0173,true,true
1.6306,true,true
1.4299,true,true
1.0790,true,true
8.1914,true,true
3.8832,true,true
7.8606,true,true
5.4673,true,false
10.5538,true,true
5.7844,true,false
3.6467,true,true
1.1129,true,true
2.3014,true,true
0.9117,true,true
2.0995,true,true
2.4605,true,true
18.7718,true,true
16.3216,true,false
3.9633,true,false
1.2990,true,true
14.0689,true,true
2.5209,true,true
2.5862,true,true
2.4381,true,true
0.9417,true,true
1.6699,true,true
1.3269,true,true
0.9526,true,true
2.1940,true,true
0.7245,true,true
1.3689,true,true
2.0055,true,true
7.0987,true,true
20.2697,true,true
5.2884,true,false
8.6687,true,true
4.5753,true,false
20.5629,true,true
2.1148,true,true
30.9507,true,true
7.2513,true,true
7.8686,true,true
2.0241,true,true
6.3747,true,true
2.1464,true,true
0.7469,true,true
2.7190,true,true
1.4953,true,true
18.2201,true,true
9.5567,true,false
15.8917,true,false
6.9103,true,false
23.0766,true,true
1.4894,true,true
3.2744,true,true
0.6663,true,true
1.3516,true,true
1.4156,true,true
1.1185,true,true
1.9537,true,true
7.7077,true,true
1.9525,true,true
5.5411,true,false
0.9951,true,false
1.6702,true,true
7.3071,true,true
1.2870,true,true
3.0023,true,false
3.1992,true,true
1.1630,true,true
0.8951,true,true
1.5808,true,true
1.8443,true,true
1.5971,true,true
1.2674,true,true
0.9875,true,true
1.5810,true,true
2.6564,true,true
4.9270,true,true
4.1454,true,true
3.1168,true,true
2.6542,true,false
1.3575,true,false
6.5660,true,true
0.9040,true,true
1.5470,true,true
2.9532,true,false
1.4249,true,true
1.0510,true,true
3.3445,true,true
0.6506,true,true
1.8433,true,true
9.2829,true,true
7.2519,true,true
4.5129,true,false
1.5506,true,true
1.8219,true,true
1.6101,true,false
5.2830,true,true
0.6844,true,true
1.2531,true,true
2.6964,true,false
2.3012,true,true
5.6387,true,false
16.3190,true,true
1.1599,true,true
5.1268,true,true
14.9172,true,true
3.5229,true,false
4.3713,true,true
1.1386,true,true
6.5675,true,false
10.0859,true,false
0.7288,true,true
5.3066,true,true
4.1090,true,true
2.4733,true,true
1.7750,true,true
6.6462,true,false
1.2275,true,true
0.9846,true,true
1.6566,true,true
5.7286,true,true
1.2006,true,true
1.5852,true,true
12.4814,true,true
4.5358,true,true
2.4485,true,true
13.3875,true,true
0.9063,true,true
1.4223,true,true
1.0512,true,true
0.5032,true,true
1.2840,true,true
2.2896,true,true
1.1857,true,true
10.3322,true,true
16.6009,true,true
1.5590,true,true
9.0080,true,false
1.3544,true,true
8.4491,true,false
0.6297,true,true
4.8217,true,false
1.7957,true,true
2.6961,true,false
6.1854,true,false
1.7743,true,true
1.5886,true,true
11.0211,true,true
4.6210,true,true
1.2495,true,true
5.8602,true,false
3.4849,true,false
0.7888,true,false
2.5978,true,true
6.4217,true,true
0.8302,true,true
16.5011,true,true
1.5425,true,true
2.8169,true,true
1.5715,true,true
12.1052,true,true
2.7659,true,true
1.7632,true,true
4.6834,true,false
4.3349,true,true
3.8467,true,true
10.6611,true,false
2.1242,true,true
0.5994,true,true
13.1495,true,true
4.5787,true,true
1.2698,true,false
1.0381,true,true
7.6010,true,true
2.4517,true,true
4.7431,true,false
1.4255,true,true
7.6537,true,true
1.4564,true,true
5.4814,true,false
1.0141,true,true
4.1726,true,true
2.9894,true,true
1.4100,true,true
1.1554,true,true
5.3218,true,false
0.7236,true,true
1.3037,true,true
0.9018,true,true
1.3782,true,true
6.7895,true,true
4.7483,true,true
7.6227,true,false
1.5034,true,true
14.3006,true,true
6.4688,true,true
11.4285,true,true
3.5979,true,true
2.8667,true,true
6.8553,true,false
1.3697,true,true
4.4569,true,true
1.0200,true,true
6.1409,true,true
1.8194,true,true
7.6965,true,true
2.3659,true,true
0.8505,true,true
1.4627,true,true
1.0974,true,true
0.4901,true,true
1.2131,true,true
3.8312,true,false
1.2804,true,true
1.9891,true,false
2.1530,true,true
1.0512,true,true
5.9908,true,true
7.6302,true,true
5.1485,true,true
2.5274,true,true
2.4686,true,true
1.4586,true,true
1.5292,true,true
2.0850,true,true
9.7768,true,false
13.7811,true,true
2.8082,true,true
10.8917,true,true
8.1788,true,true
2.0163,true,true
10.1321,true,true
0.8050,true,true
13.5012,true,true
8.9786,true,false
1.1497,true,true
0.8989,true,true
1.4965,true,true
9.8549,true,true
1.0959,true,true
2.8496,true,true
1.8582,true,true
6.6319,true,false
1.1687,true,true
6.0304,true,true
4.4055,true,true
4.1989,true,true
3.4465,true,true
0.6649,true,false
1.3025,true,true
2.7003,true,false
1.1216,true,true
0.8131,true,true
2.0296,true,true
9.6390,true,true
0.7781,true,true
2.4235,true,false
12.9733,true,true
10.1040,true,false
3.8725,true,true
2.7994,true,true
7.3991,true,true
2.3664,true,true
1.0862,true,false
8.0429,true,true
1.4181,true,true
1.4101,true,true
1.2859,true,true
0.8834,true,true
4.1154,true,true
1.4752,true,true
7.9045,true,true
6.4610,true,false
1.0978,true,true
4.4996,true,true
2.6766,true,true
4.7334,true,true
3.4371,true,false
0.9112,true,true
2.2587,true,true
0.7663,true,true
1.4480,true,true
1.1515,true,true
0.9508,true,true
2.4248,true,true
0.8739,true,true
1.5127,true,false
2.0936,true,true
0.8533,true,true
11.2557,true,true
11.5465,true,false
6.6720,true,true
4.5150,true,false
13.7461,true,true
4.9903,true,false
1.8924,true,true
5.2481,true,true
4.4111,true,true
1.7132,true,true
23.0861,true,true
19.3608,true,true
1.3177,true,true
5.7259,true,true
13.8974,true,false
1.6005,true,true
1.9210,true,true
1.7042,true,true
1.3866,true,true
21.7531,true,true
4.1837,true,true
3.1226,true,true
2.5638,true,false
4.9150,true,true
8.5537,true,true
8.6207,true,true
2.5724,true,true
1.1057,true,false
7.9649,true,true
1.3929,true,true
1.0294,true,true
1.6773,true,true
1.1506,true,true
0.7354,true,true
3.2739,true,true
4.4498,true,true
1.4583,true,true
1.1366,true,true
0.9109,true,true
2.2544,true,true
1.0638,true,true
7.9596,true,true
1.5128,true,true
1.2566,true,true
2.1210,true,true
0.7295,true,true
1.8605,true,true
1.4794,true,true
1.1364,true,true
0.7781,true,true
9.6124,true,true
2.4844,true,false
2.1991,true,true
1.3676,true,true
8.4402,true,true
12.4048,true,true
1.5475,true,true
5.4475,true,false
3.5686,true,true
0.8704,true,false
1.5343,true,true
2.8822,true,true
1.3765,true,true
1.0548,true,true
3.2472,true,true
3.0936,true,true
7.0511,true,true
1.6026,true,true
7.0277,true,true
1.6677,true,true
4.8608,true,true
1.3573,true,true
5.8988,true,true
4.3841,true,false
7.2819,true,true
1.3259,true,true
1.1885,true,true
11.0261,true,false
1.4407,true,true
9.1112,true,false
1.9185,true,true
2.2666,true,true
0.8730,true,true
1.9271,true,true
9.2179,true,true
1.5267,true,true
1.0092,true,true
2.1885,true,true
0.6625,true,true
1.7702,true,true
1.3743,true,true
1.8702,true,true
2.3788,true,true
0.8037,true,true
1.5708,true,true
1.1382,true,true
8.5865,true,true
2.3931,true,true
1.1217,true,true
1.2349,true,true
1.5127,true,true
5.8705,true,true
9.8960,true,true
4.3324,true,false
8.3048,true,false
2.4358,true,true
18.7432,true,true
2.8970,true,true
12.7012,true,true
1.0424,true,true
1.6784,true,true
1.2558,true,true
17.5389,true,true
7.4071,true,true
1.9863,true,true
1.7799,true,true
9.7733,true,false
1.2163,true,true
5.3519,true,true
3.7546,true,true
1.2003,true,true
1.1833,true,true
10.8765,true,true
4.1614,true,true
1.6372,true,true
1.4243,true,true
1.1033,true,true
5.6740,true,true
1.2612,true,true
2.0611,true,true
8.9546,true,true
3.8578,true,true
3.4101,true,true
0.9432,true,true
4.0964,true,true
1.8603,true,true
7.4227,true,true
1.6015,true,true
1.3879,true,true
6.4309,true,true
4.5286,true,true
7.9382,true,false
1.8647,true,true
1.4983,true,true
1.0784,true,true
24.6880,true,true
1.3179,true,true
3.8415,true,false
1.6187,true,true
1.4491,true,true
1.1462,true,true
10.7496,true,true
2.4933,true,true
6.5324,true,true
1.7545,true,true
9.5851,true,true
12.7434,true,false
1.7426,true,true
1.6764,true,false
8.5250,true,true
15.6123,true,true
6.2240,true,true
3.1065,true,true
4.5609,true,true
1.5818,true,true
1.3121,true,true
2.1794,true,true
17.8840,true,true
5.9972,true,true
1.6253,true,true
7.0449,true,false
2.7484,true,true
1.2693,true,true
1.3573,true,true
6.2542,true,true
3.1038,true,true
4.5387,true,true
1.7265,true,true
4.1468,true,false
1.2923,true,true
1.3979,true,true
1.1263,true,true
5.0735,true,true
1.6185,true,true
3.5311,true,false
1.3683,true,true
1.9815,true,true
2.9971,true,true
10.3661,true,true
1.8054,true,true
6.7215,true,false
2.5233,true,false
2.7814,true,true
4.9603,true,true
8.3370,true,true
3.7086,true,true
0.8331,true,true
1.6648,true,true
3.0180,true,true
2.9041,true,true
2.9287,true,true
2.7515,true,true
2.8368,true,true
4.2641,true,true
1.5680,true,true
7.5983,true,true
2.1332,true,true
0.8191,true,true
15.0051,true,true
9.3742,true,true
0.7441,true,true
6.1871,true,false
2.3626,true,true
1.2109,true,true
8.1407,true,true
4.7462,true,false
3.9431,true,true
3.4668,true,false
4.2429,true,false
1.1258,true,true
3.6140,true,false
3.5703,true,true
11.5915,true,true
3.7898,true,true
13.8743,true,true
7.4833,true,true
1.3050,true,false
4.5048,true,true
1.0363,true,true
3.3996,true,true
0.7914,true,true
1.4063,true,true
5.1242,true,false
2.6841,true,true
1.0825,true,true
2.5037,true,false
0.9788,true,true
3.1202,true,true
1.5407,true,true
4.4923,true,false
1.4137,true,true
1.1934,true,true
0.9524,true,false
7.5979,true,true
1.0486,true,true
1.6047,true,true
1.2867,true,true
0.9458,true,true
6.1627,true,true
1.7605,true,true
1.5876,true,true
3.6698,true,true
3.9173,true,false
3.3607,true,true
8.5895,true,true
2.9453,true,true
9.8035,true,false
1.0426,true,true
1.8611,true,true
1.5537,true,true
17.2833,true,true
8.4624,true,false
1.1721,true,true
11.4583,true,false
10.9421,true,true
2.2845,true,true
9.8777,true,true
1.3491,true,true
1.9538,true,true
19.7238,true,true
2.4112,true,true
10.3209,true,true
24.7245,true,true
21.8606,true,true
12.8017,true,true
3.7559,true,true
3.8354,true,true
13.2777,true,true
7.3947,true,true
1.2078,true,true
1.4358,true,true
2.7961,true,true
1.3399,true,true
1.7709,true,true
7.6993,true,true
1.8488,true,true
4.1454,true,true
1.5678,true,true
4.4738,true,true
1.3769,true,true
1.0955,true,true
7.3496,true,true
3.4247,true,true
8.7002,true,true
2.6627,true,false
3.6695,true,true
1.1745,true,true
0.8315,true,true
3.1801,true,false
0.8803,true,false
5.9968,true,true
2.5789,true,true
9.4018,true,true
0.8879,true,true
9.0303,true,true
1.3500,true,true
2.5717,true,true
1.1031,true,true
3.2345,true,true
6.4698,true,true
0.5883,true,true
5.2517,true,false
10.3206,true,true
4.5154,true,true
1.7502,true,true
21.4192,true,true
1.6647,true,true
19.2626,true,true
13.8274,true,true
4.9913,true,true
8.1211,true,false
1.5069,true,true
10.0950,true,true
1.3582,true,true
5.6559,true,false
1.0896,true,true
0.7439,true,true
3.7807,true,false
4.4128,true,true
2.8906,true,true
1.4167,true,true
1.1688,true,true
3.0423,true,true
6.6944,true,true
3.0890,true,true
8.6429,true,true
3.3161,true,true
3.5413,true,true
5.7887,true,false
2.6702,true,true
1.1744,true,true
0.8033,true,true
2.6245,true,true
7.4046,true,true
1.2964,true,true
1.1764,true,true
3.3031,true,false
0.7912,true,true
3.1931,true,true
1.0684,true,true
5.6305,true,true
1.0475,true,true
1.6637,true,true
1.2639,true,true
2.2426,true,true
2.0207,true,true
9.3835,true,true
1.9394,true,true
1.6676,true,false
2.0091,true,true
4.0417,true,true
1.6276,true,true
11.0573,true,true
1.7972,true,true
4.3360,true,true
1.5955,true,true
1.4359,true,true
8.3029,true,true
3.1242,true,true
2.4053,true,true
2.0508,true,true
12.5863,true,true
16.9540,true,true
4.5043,true,true
9.9383,true,true
4.0354,true,true
1.3173,true,true
0.9896,true,true
1.7013,true,true
14.7169,true,true
4.8513,true,true
11.7403,true,true
37.7382,true,true
3.0663,true,true
3.5172,true,true
13.1849,true,true
18.6740,true,true
9.9821,true,true
4.9349,true,false
2.1873,true,true
3.6237,true,true
10.1476,true,true
1.6816,true,true
5.3384,true,false
0.8961,true,true
1.6532,true,true
1.4507,true,true
7.7762,true,true
2.1547,true,true
2.7412,true,false
1.2480,true,true
2.9327,true,true
1.8815,true,true
6.6388,true,false
11.2504,true,true
3.0300,true,true
7.5414,true,false
3.4696,true,true
1.5784,true,true
12.3096,true,true
6.2596,true,false
9.4717,true,true
1.1513,true,true
0.7429,true,true
1.5343,true,false
4.2647,true,true
2.8904,true,true
1.8626,true,true
12.3694,true,true
9.7352,true,false
1.1299,true,true
5.0583,true,false
29.6899,true,true
6.3994,true,true
10.1373,true,false
4.6575,true,true
3.9659,true,false
1.5945,true,true
5.8165,true,true
7.4102,true,true
4.8287,true,true
2.1727,true,true
9.3514,true,false
1.6602,true,true
8.6193,true,true
13.8144,true,true
1.1583,true,true
10.7991,true,true
4.6562,true,false
8.8839,true,true
1.7743,true,true
2.5962,true,false
2.3542,true,false
1.3867,true,true
3.1264,true,false
3.7186,true,true
2.0682,true,false
0.5324,true,true
9.1064,true,true
1.8789,true,true
5.2083,true,true
9.7949,true,false
0.6262,true,true
1.2941,true,true
0.8169,true,true
1.9466,true,true
2.3248,true,true
5.4349,true,false
5.0108,true,true
1.6105,true,true
6.5017,true,false
0.7695,true,true
17.5100,true,true
4.2802,true,false
1.9769,true,true
9.9529,true,true
1.3599,true,true
6.5154,true,true
12.7928,true,true
13.0228,true,true
6.9234,true,true
10.7153,true,true
1.4823,true,true
16.7684,true,true
7.5236,true,false
2.8143,true,true
25.7822,true,true
1.8937,true,true
23.9690,true,false
14.6758,true,true
9.1343,true,false
3.5497,true,true
2.1011,true,false
4.5211,true,true
4.9966,true,true
3.2928,true,true
0.6846,true,true
10.8237,true,true
1.3158,true,true
2.0929,true,true
13.4423,true,true
1.7203,true,false
15.1356,true,true
5.7910,true,true
1.3271,true,true
0.9088,true,true
1.4633,true,true
1.3982,true,true
5.6494,true,true
1.2973,true,true
5.9837,true,false
2.2979,true,true
5.5227,true,true
2.2721,true,false
3.0688,true,false
2.1333,true,true
0.6931,true,true
1.4040,true,true
0.9618,true,true
2.6008,true,false
1.1125,true,true
3.4174,true,true
3.5437,true,true
1.4809,true,true
1.3211,true,true
7.9889,true,true
5.9538,true,true
1.5299,true,true
6.2779,true,true
1.1162,true,true
7.5887,true,true
1.8579,true,true
5.1514,true,true
4.1823,true,true
8.3303,true,false
2.9754,true,false
2.9840,true,true
1.4470,true,true
1.1571,true,true
0.7252,true,true
4.2254,true,true
7.2108,true,true
1.5312,true,false
5.8550,true,true
1.8981,true,true
2.8048,true,true
3.5492,true,true
14.5577,true,false
1.7526,true,true
12.8133,true,true
25.2161,true,true
9.6895,true,false
0.8777,true,true
6.8816,true,false
5.1566,true,true
13.9391,true,true
3.6996,true,true
7.9073,true,true
21.0759,true,true
1.1625,true,true
8.9449,true,false
1.3100,true,true
20.1100,true,true
4.4581,true,true
2.4080,true,false
9.6149,true,false
13.0609,true,false
2.4259,true,true
3.8598,true,true
1.0978,true,false
23.9803,true,true
33.8689,true,true
5.9888,true,true
4.4945,true,true
1.3941,true,true
3.3377,true,true
0.7345,true,true
1.2400,true,true
2.0382,true,true
1.7181,true,true
8.2781,true,true
7.0045,true,true
1.8497,true,true
8.5077,true,true
5.7055,true,true
3.3469,true,true
0.8298,true,true
1.4648,true,true
1.0666,true,true
0.6389,true,true
1.1382,true,true
0.8092,true,true
6.8857,true,false
6.3483,true,true
0.9516,true,true
5.5511,true,false
1.6530,true,true
1.1903,true,true
0.9006,true,true
1.7305,true,true
9.7737,true,true
8.9840,true,true
3.4448,true,true
1.9464,true,true
8.1937,true,true
7.7475,true,false
5.0986,true,true
2.8893,true,true
1.7716,true,true
6.9372,true,false
29.1084,true,true
5.5834,true,true
1.8198,true,true
2.9515,true,false
1.7322,true,true
13.7667,true,true
5.4053,true,true
2.3036,true,true
9.1139,true,false
1.4420,true,true
25.6485,true,true
39.8391,true,true
6.4498,true,false
15.7013,true,false
1.1066,true,false
5.5337,true,true
11.2498,true,true
18.8281,true,true
4.5567,true,false
1.8171,true,true
1.4623,true,true
2.4294,true,true
2.3445,true,false
0.9539,true,true
1.4928,true,true
3.6981,true,true
1.3575,true,true
7.5546,true,true
2.4053,true,true
1.6771,true,true
11.9833,true,true
11.1330,true,false
9.0890,true,false
3.1850,true,true
0.7330,true,true
2.6418,true,false
1.4071,true,true
1.7840,true,true
8.2846,true,true
1.5851,true,true
1.1641,true,true
0.7252,true,true
3.9226,true,true
1.3375,true,true
1.0514,true,true
1.8150,true,true
5.7483,true,false
3.7590,true,true
1.2362,true,true
0.9266,true,true
1.5904,true,true
1.1533,true,true
0.7652,true,true
1.8461,true,true
2.9784,true,true
2.8732,true,true
13.9420,true,true
17.2152,true,true
14.2307,true,true
8.2579,true,true
2.3713,true,true
1.4698,true,true
12.3404,true,true
8.1405,true,true
5.4854,true,true
2.6477,true,true
2.1616,true,true
15.2410,true,true
12.6514,true,true
0.8078,true,true
23.7435,true,true
3.2052,true,true
1.2092,true,true
4.1225,true,true
3.4335,true,true
1.5377,true,true
12.9516,true,true
1.3181,true,true
5.9869,true,true
1.3517,true,true
0.9935,true,true
2.2103,true,true
3.4168,true,true
4.7344,true,true
16.0577,true,true
1.1429,true,true
20.3180,true,true
1.3119,true,true
8.7436,true,true
1.2665,true,true
5.1201,true,false
2.3323,true,true
1.2051,true,true
8.4391,true,true
12.5631,true,true
0.6742,true,true
1.3076,true,false
1.0365,true,true
2.3508,true,true
4.0235,true,false
5.2560,true,true
6.5068,true,false
10.4925,true,true
4.0144,true,true
17.8895,true,true
18.4525,true,true
10.8189,true,true
2.5275,true,true
6.4810,true,true
9.8434,true,true
16.2012,true,true
2.3981,true,true
0.8758,true,true
1.4925,true,true
3.4919,true,false
0.8805,true,true
3.4488,true,false
2.4964,true,true
0.9603,true,true
1.5381,true,true
1.0765,true,true
1.2802,true,true
0.9981,true,true
10.4238,true,true
6.2487,true,true
3.7863,true,true
11.8241,true,false
1.0910,true,true
1.1497,true,true
9.9540,true,false
1.0307,true,true
3.3552,true,true
0.8997,true,true
20.9583,true,true
3.6881,true,true
2.7096,true,true
1.6481,true,true
8.6613,true,true
2.9379,true,true
1.4905,true,true
0.9964,true,true
1.5365,true,true
0.9974,true,true
7.6277,true,false
1.8342,true,true
7.3363,true,true
4.1575,true,true
2.0176,true,true
8.6628,true,true
1.4870,true,true
4.6971,true,false
2.3679,true,true
5.8223,true,false
1.8101,true,true
2.0316,true,true
10.0146,true,true
13.5553,true,true
4.5304,true,true
6.0807,true,true
4.6815,true,true
3.4043,true,true
1.0413,true,true
1.7135,true,true
1.8575,true,false
2.3039,true,true
1.5501,true,true
1.6349,true,true
13.2660,true,true
26.8490,true,true
2.2771,true,true
12.4684,true,true
9.3631,true,false
8.5541,true,true
1.2460,true,true
6.7697,true,true
2.4074,true,true
1.4932,true,true
4.9254,true,false
1.8751,true,true
10.6103,true,true
5.4210,true,true
0.9653,true,true
4.9428,true,true
12.7276,true,false
0.6865,true,true
1.2734,true,true
0.9902,true,true
4.6290,true,true
3.3872,true,true
4.9043,true,false
1.8064,true,true
1.4521,true,true
1.2111,true,true
0.9450,true,true
1.8974,true,true
1.5821,true,true
10.0458,true,false
9.0098,true,false
7.3569,true,false
7.0393,true,true
1.6218,true,true
6.4902,true,true
2.4106,true,true
4.1574,true,true
2.1641,true,false
14.7314,true,false
10.2157,true,true
1.1154,true,true
9.7673,true,false
16.8653,true,true
4.0102,true,true
2.6957,true,true
3.2083,true,true
2.3017,true,true
0.8124,true,true
11.7824,true,true
0.9589,true,true
2.7772,true,true
4.2570,true,false
9.0121,true,true
4.8228,true,true
2.4247,true,true
9.6997,true,true
2.7231,true,false
1.9798,true,true
1.7204,true,true
1.3755,true,true
4.0334,true,false
2.5173,true,true
0.9733,true,true
1.6012,true,true
1.9344,true,true
2.0385,true,true
7.9622,true,true
1.7467,true,true
1.5029,true,true
4.3406,true,true
1.0592,true,true
1.7413,true,true
8.2506,true,true
1.8890,true,true
5.4044,true,false
0.8719,true,true
1.6032,true,true
7.7947,true,true
2.8416,true,true
2.1231,true,true
0.6775,true,true
3.5616,true,false
2.5022,true,true
1.3227,true,true
11.3063,true,false
9.1955,true,true
2.1230,true,true
1.2052,true,true
0.8911,true,true
1.9214,true,true
2.7451,true,false
1.2932,true,true
1.6355,true,true
2.8313,true,true
18.7926,true,true
1.7693,true,true
1.4082,true,true
8.2490,true,true
2.2462,true,true
1.0489,true,true
0.7072,true,true
1.3643,true,true
0.9165,true,true
1.8381,true,true
1.3344,true,true
4.3170,true,true
8.3910,true,false
2.1957,true,true
0.8622,true,true
13.5062,true,true
1.6516,true,true
23.1684,true,true
2.3749,true,true
2.4529,true,true
1.3003,true,true
1.0417,true,true
1.6496,true,true
1.2606,true,true
1.5148,true,true
2.8709,true,true
3.1898,true,true
9.8112,true,false
0.7435,true,true
1.3849,true,true
18.9758,true,true
0.7619,true,true
2.7300,true,true
10.6278,true,true
0.9638,true,true
10.4877,true,true
9.6720,true,true
3.5575,true,true
0.9978,true,true
9.7373,true,true
0.8893,true,true
4.4117,true,false
10.2040,true,true
11.6452,true,false
10.0080,true,true
9.9700,true,false
1.3059,true,true
5.7339,true,false
9.8989,true,true
1.1724,true,true
3.3783,true,true
19.6836,true,true
1.6450,true,true
5.3229,true,false
0.9695,true,true
4.9511,true,true
2.8249,true,false
1.2817,true,true
1.4857,true,true
11.0742,true,true
14.6008,true,true
6.2593,true,true
3.6240,true,true
9.9357,true,true
1.1144,true,true
6.0328,true,false
1.3569,true,true
3.9394,true,false
0.8930,true,true
2.3666,true,true
1.8634,true,true
1.6984,true,true
1.3008,true,true
14.0725,true,true
1.0999,true,true
6.0676,true,true
12.4065,true,true
2.0652,true,true
8.0364,true,true
2.3367,true,true
17.0234,true,true
2.2955,true,true
0.8517,true,true
1.3469,true,true
0.9657,true,true
2.3511,true,true
0.9572,true,true
1.7468,true,true
3.0435,true,true
1.5439,true,true
3.3974,true,false
6.7910,true,true
3.2053,true,true
9.9212,true,true
4.3489,true,true
2.3260,true,false
1.2963,true,true
5.2430,true,true
0.6833,true,true
4.2507,true,false
1.1812,true,true
1.0883,true,true
6.3182,true,true
0.7941,true,true
13.6006,true,true
17.8252,true,true
1.8700,true,true
6.1381,true,true
10.5345,true,true
13.8045,true,true
17.2402,true,true
1.5305,true,true
6.9926,true,true
1.2296,true,true
4.3606,true,true
1.2481,true,true
2.2205,true,true
3.4331,true,true
1.1776,true,true
10.9827,true,true
1.4445,true,true
2.7783,true,true
23.1348,true,true
1.0167,true,true
7.1587,true,false
1.6878,true,true
1.7564,true,true
5.6937,true,false
1.2053,true,true
10.7057,true,true
1.0353,true,true
2.5435,true,true
2.0567,true,true
8.8828,true,true
2.7131,true,true
1.1321,true,true
3.8531,true,false
3.8031,true,true
2.9049,true,true
2.0571,true,true
1.0430,true,true
6.2451,true,false
1.7860,true,true
7.4707,true,true
5.1652,true,true
5.4584,true,true
8.9544,true,true
12.3906,true,false
1.6139,true,true
4.9337,true,true
1.4884,true,true
1.8159,true,true
1.4928,true,true
1.3141,true,true
3.0553,true,false
2.2684,true,true
3.3722,true,true
0.7660,true,true
2.1306,true,true
0.7114,true,true
1.3235,true,true
0.8826,true,true
2.9483,true,true
1.4521,true,true
4.2514,true,true
2.1883,true,true
2.9628,true,true
7.6391,true,true
2.9109,true,false
4.1993,true,false
2.0620,true,true
1.7531,true,true
8.1021,true,false
1.5811,true,true
3.5711,true,true
2.4600,true,true
1.5309,true,true
1.2198,true,true
3.7518,true,false
3.9274,true,true
1.1336,true,true
2.6438,true,true
2.1658,true,true
1.9819,true,true
11.3695,true,true
5.2575,true,true
8.9108,true,true
3.4297,true,true
0.8689,true,true
1.5293,true,true
1.2538,true,true
0.9379,true,true
1.5647,true,true
4.3789,true,true
1.2550,true,true
3.6017,true,false
2.1239,true,true
0.8344,true,true
6.0249,true,true
4.2960,true,true
3.3146,true,true
9.7037,true,true
0.9480,true,true
8.6725,true,true
2.0380,true,true
7.9250,true,true
2.2102,true,true
9.2869,true,true
6.4832,true,false
0.7711,true,true
1.3451,true,true
0.8256,true,true
2.8032,true,true
2.4345,true,true
2.8004,true,true
1.3112,true,true
3.1775,true,true
1.1671,true,true
0.8342,true,false
11.4073,true,true
2.7617,true,true
3.5276,true,true
3.1899,true,true
15.7796,true,true
4.3087,true,true
2.2133,true,false
22.5266,true,true
6.9959,true,true
10.4431,true,false
2.2934,true,true
0.7392,true,true
1.4358,true,true
7.5751,true,true
1.7823,true,true
6.5351,true,true
0.9715,true,true
8.3540,true,true
4.0188,true,true
7.6484,true,false
3.7177,true,true
12.5258,true,true
0.5913,true,true
6.8737,true,false
5.1853,true,true
0.5143,true,true
1.2910,true,true
1.5717,true,true
8.6597,true,true
1.5265,true,true
1.2317,true,true
0.8437,true,true
2.0481,true,true
1.6291,true,true
20.9113,true,true
0.6678,true,true
1.3538,true,true
0.7945,true,true
1.4740,true,true
1.5748,true,true
1.4091,true,true
6.3294,true,false
2.4911,true,false
9.5428,true,true
6.4832,true,true
0.8743,true,true
2.9220,true,true
2.0107,true,true
11.6023,true,true
9.2469,true,true
3.6449,true,true
3.4362,true,false
8.7936,true,true
6.4557,true,false
0.7826,true,true
5.9152,true,true
1.6024,true,true
2.6873,true,true
2.5934,true,true
9.0614,true,true
2.3740,true,true
8.1415,true,true
2.1510,true,true
13.5403,true,true
4.6741,true,false
2.0893,true,true
0.6551,true,true
1.9570,true,true
2.6389,true,true
2.6440,true,true
1.6264,true,true
7.2047,true,false
1.2294,true,true
17.5877,true,true
3.9612,true,true
7.8571,true,true
6.2081,true,false
1.7410,true,true
7.0711,true,true
1.9560,true,true
1.6914,true,true
1.1657,true,true
7.9174,true,true
6.7023,true,true
2.0698,true,true
11.5751,true,true
5.7513,true,true
1.3559,true,true
5.4107,true,false
0.7763,true,true
1.6712,true,true
10.8655,true,true
1.9826,true,true
7.2461,true,true
1.5336,true,true
1.1401,true,true
0.7400,true,true
1.9990,true,true
2.3853,true,true
3.7903,true,false
1.1191,true,true
0.6549,true,true
1.3096,true,false
0.7618,true,true
1.2770,true,true
2.1191,true,true
0.6174,true,true
4.2535,true,true
4.3881,true,false
1.3876,true,true
8.1928,true,true
4.6163,true,true
1.7482,true,true
11.4523,true,true
0.6381,true,true
10.8000,true,true
1.5313,true,true
3.3791,true,false
0.7557,true,true
2.8251,true,true
1.4878,true,true
2.6269,true,true
13.5477,true,true
5.4228,true,false
8.7684,true,true
2.0932,true,true
12.7656,true,true
6.5577,true,true
9.6875,true,true
2.1758,true,true
1.8074,true,false
1.7033,true,true
4.8651,true,true
1.4210,true,true
1.9140,true,true
4.0034,true,true
1.3656,true,true
1.4596,true,true
1.2427,true,true
8.4967,true,true
8.6701,true,true
7.8745,true,true
8.0039,true,true
5.3057,true,true
1.0460,true,true
5.5938,true,false
2.5885,true,true
1.3325,true,true
0.9773,true,true
7.3189,true,true
5.0577,true,true
2.2742,true,true
4.5981,true,true
2.4790,true,true
15.3067,true,true
3.7510,true,false
2.8411,true,true
1.3950,true,true
1.7230,true,true
1.3215,true,true
4.5468,true,true
2.0024,true,true
6.4051,true,false
0.6741,true,true
5.7623,true,true
5.5517,true,true
9.8681,true,true
1.6863,true,true
1.8465,true,true
13.0061,true,true
1.0969,true,true
0.7727,true,true
5.9141,true,true
18.6583,true,true
3.7652,true,true
2.3769,true,true
1.1947,true,true
4.6107,true,false
16.2862,true,true
22.7236,true,true
10.4512,true,true
4.4367,true,true
5.3125,true,true
2.6799,true,true
2.8495,true,true
4.6075,true,true
4.0841,true,false
1.0618,true,true
3.7395,true,true
2.7349,true,false
6.7428,true,false
8.0987,true,true
14.3790,true,true
5.5573,true,true
1.4132,true,false
1.5060,true,true
8.2261,true,true
15.2757,true,true
2.7685,true,true
1.2260,true,false
1.4114,true,true
3.4242,true,false
4.2764,true,true
1.1793,true,true
0.7395,true,true
2.1457,true,true
3.6914,true,false
1.1411,true,true
1.3219,true,true
1.3371,true,true
9.4943,true,true
0.6946,true,true
1.8763,true,true
1.5600,true,true
3.3031,true,false
0.6485,true,true
1.2717,true,true
1.7080,true,true
4.9221,true,true
2.8686,true,false
3.8118,true,true
1.2984,true,true
7.3428,true,true
1.7820,true,true
11.9018,true,true
7.2385,true,true
4.0225,true,true
25.1033,true,true
3.5487,true,true
4.5896,true,true
1.5005,true,true
16.8770,true,true
1.5134,true,true
5.2473,true,false
2.1528,true,true
5.4738,true,false
2.0242,true,true
8.1128,true,true
2.6323,true,true
3.4860,true,false
2.4778,true,true
5.7202,true,false
1.1172,true,true
3.8307,true,false
2.4563,true,true
1.5357,true,true
1.2300,true,true
0.8197,true,true
4.5190,true,true
4.9293,true,false
1.9885,true,true
3.4115,true,true
0.9050,true,true
12.0318,true,true
3.5414,true,true
1.0663,true,false
5.1646,true,true
3.2655,true,true
0.8025,true,true
1.4131,true,true
0.9931,true,true
2.0003,true,true
8.6638,true,true
2.8904,true,true
2.0767,true,true
13.1387,true,true
2.1925,true,true
0.7808,true,true
3.1592,true,true
0.7738,true,true
10.0846,true,true
8.5485,true,true
2.8520,true,true
12.7705,true,true
6.5362,true,true
0.8343,true,true
3.1470,true,true
1.6252,true,true
1.2364,true,true
1.4634,true,true
1.3466,true,true
5.1322,true,true
1.5518,true,true
1.0718,true,true
3.5088,true,true
0.9036,true,true
1.5370,true,true
2.5510,true,true
1.8865,true,true
1.7294,true,true
12.1274,true,true
7.6518,true,true
5.4829,true,true
4.3837,true,false
3.4693,true,true
7.7103,true,true
1.4389,true,false
2.2049,true,false
4.0166,true,true
0.9327,true,true
13.6096,true,false
0.7945,true,false
1.5335,true,true
1.8226,true,true
2.0946,true,true
3.1026,true,true
0.6285,true,true
1.2623,true,true
0.9644,true,false
1.6108,true,true
2.4352,true,true
6.3908,true,true
1.1843,true,true
0.8390,true,true
1.5218,true,true
1.2594,true,true
0.7544,true,true
1.4541,true,true
1.0891,true,true
3.3692,true,true
1.1410,true,false
0.7950,true,true
1.4214,true,true
0.9887,true,true
20.9438,true,true
1.3658,true,true
7.8815,true,true
3.1952,true,true
0.7092,true,true
1.3993,true,true
17.4974,true,false
1.3669,true,true
0.9422,true,true
1.6305,true,true
3.1530,true,true
0.7386,true,true
1.3384,true,true
1.4891,true,true
5.6620,true,true
1.1055,true,true
10.7695,true,true
1.1089,true,true
2.0721,true,true
0.5304,true,true
3.4610,true,true
1.2301,true,true
5.5672,true,true
2.1725,true,true
1.6159,true,true
9.5982,true,true
12.7796,true,true
0.6838,true,true
1.3509,true,true
1.7721,true,true
3.7835,true,true
1.4651,true,true
6.1283,true,true
1.4461,true,true
5.2358,true,true
0.9646,true,true
7.5341,true,true
1.4903,true,true
5.8182,true,true
4.0784,true,true
1.3843,true,true
1.7602,true,true
1.3465,true,true
5.3260,true,true
3.0509,true,true
2.2320,true,true
2.2804,true,true
3.1700,true,true
13.0529,true,false
0.6316,true,true
10.5170,true,true
1.0228,true,true
1.9321,true,true
13.9348,true,true
2.1740,true,true
5.4012,true,true
15.2557,true,false
12.4177,true,false
3.1737,true,true
26.2387,true,true
1.6633,true,true
1.5060,true,true
1.6653,true,true
9.7406,true,true
5.1428,true,true
2.5020,true,false
1.5003,true,true
1.2884,true,true
0.8975,true,true
11.9902,true,true
7.3742,true,true
1.3170,true,true
4.6568,true,false
3.2810,true,true
0.8751,true,true
2.8309,true,true
6.1846,true,true
1.5281,true,true
2.6687,true,true
2.4742,true,true
2.4303,true,true
4.2055,true,true
2.9920,true,true
4.1201,true,true
1.6080,true,true
1.8015,true,true
1.4336,true,true
1.1293,true,true
0.7377,true,true
4.1915,true,true
2.2906,true,true
1.5933,true,true
2.4274,true,true
1.2678,true,true
17.9916,true,true
1.4205,true,true
12.2527,true,true
7.9556,true,true
1.7453,true,true
2.2071,true,true
14.0415,true,true
12.2636,true,true
17.3530,true,true
11.0415,true,true
1.6866,true,true
16.7276,true,true
24.1863,true,true
6.7030,true,true
19.2359,true,false
16.7687,true,false
1.4469,true,true
4.6208,true,true
11.2647,true,false
8.5389,true,false
1.0569,true,true
23.1576,true,true
0.8433,true,true
1.4025,true,true
1.1567,true,true
0.8160,true,true
1.4397,true,true
5.6956,true,true
3.3291,true,true
3.2777,true,true
1.9909,true,true
8.5242,true,false
3.1933,true,true
0.6687,true,true
1.4645,true,true
1.0898,true,true
0.6285,true,false
1.2909,true,true
5.5824,true,false
1.1438,true,true
4.3122,true,true
1.5591,true,true
5.5547,true,true
0.9952,true,true
4.2809,true,true
10.6096,true,true
0.9238,true,true
6.3099,true,false
0.5278,true,true
1.5137,true,true
13.0066,true,true
16.1540,true,true
10.2329,true,false
1.1425,true,true
0.7951,true,true
1.4852,true,true
1.3897,true,true
11.8081,true,false
6.6342,true,true
0.9312,true,true
29.3876,true,true
4.8076,true,true
9.3814,true,true
3.3784,true,true
6.6689,true,true
0.7781,true,true
1.5491,true,true
9.2324,true,true
1.4597,true,true
7.7512,true,true
1.7498,true,true
1.7842,true,true
2.9026,true,true
6.7421,true,true
1.1217,true,false
0.7430,true,true
1.4579,true,true
1.0803,true,true
0.5903,true,true
1.1377,true,true
2.2959,true,true
7.6132,true,true
6.5127,true,true
4.8115,true,false
2.7280,true,true
4.1517,true,true
5.7584,true,false
3.1851,true,false
1.1251,true,true
1.4413,true,true
1.2443,true,true
1.0198,true,true
7.9565,true,true
6.5407,true,true
1.1403,true,true
8.7949,true,false
1.4487,true,true
8.8119,true,false
3.0707,true,true
9.6779,true,true
33.9909,true,true
3.1005,true,false
8.5488,true,true
3.3362,true,true
0.9157,true,true
8.0155,true,true
15.4493,true,true
5.9042,true,true
3.6315,true,true
22.1382,true,true
28.5526,true,true
26.6532,true,false
15.8082,true,false
3.5101,true,true
6.8044,true,true
23.6996,true,true
1.9124,true,true
6.5239,true,true
19.0463,true,true
0.9163,true,true
4.6942,true,false
4.2053,true,true
1.6867,true,true
52.0916,true,true
1.6775,true,false
1.2645,true,true
0.9284,true,true
4.5308,true,true
1.8012,true,true
2.0389,true,true
1.7431,true,true
1.4487,true,true
1.1442,true,true
2.4556,true,true
2.6387,true,false
1.8372,true,true
1.5387,true,true
7.0349,true,false
1.6085,true,true
10.2054,true,false
4.4115,true,true
1.9601,true,true
2.3724,true,true
4.0920,true,true
4.2411,true,true
13.3973,true,true
11.5076,true,true
8.8720,true,true
8.6531,true,true
7.9609,true,false
18.3314,true,false
15.5010,true,true
8.2652,true,false
6.6928,true,true
1.2688,true,true
1.4462,true,true
9.7116,true,false
24.7802,true,true
1.6811,true,false
5.5073,true,true
10.9898,true,true
2.5482,true,true
3.1681,true,true
6.4383,true,false
0.6350,true,true
13.3761,true,true
3.2502,true,true
3.8873,true,true
0.8741,true,true
3.0242,true,true
3.1220,true,true
1.6394,true,true
1.3051,true,true
1.3343,true,true
2.0789,true,true
5.5915,true,false
1.5170,true,true
1.1816,true,true
0.8518,true,true
1.3939,true,true
2.7478,true,true
2.5228,true,true
1.0798,true,true
0.8930,true,true
1.5700,true,true
3.7186,true,true
2.1295,true,true
5.9723,true,true
1.7753,true,true
5.1985,true,true
2.1568,true,true
8.7310,true,false
1.4722,true,true
33.0067,true,true
6.3047,true,false
1.1159,true,true
0.6285,true,true
1.8879,true,true
5.7963,true,true
1.3024,true,true
5.6541,true,true
2.5627,true,true
13.7518,true,true
2.8589,true,true
4.2843,true,true
1.4397,true,true
3.4134,true,true
0.8223,true,true
6.6586,true,true
3.6874,true,true
1.1017,true,true
1.9704,true,true
1.6072,true,true
1.7134,true,false
12.4493,true,true
3.3504,true,true
0.8081,true,true
8.4753,true,true
13.9736,true,true
33.8324,true,true
5.8456,true,true
4.0349,true,false
6.4722,true,true
3.8706,true,false
4.5525,true,true
4.6067,true,true
1.5866,true,false
1.2177,true,true
7.9772,true,false
14.4678,true,true
1.6171,true,true
1.2982,true,true
2.5145,true,true
1.0542,true,true
3.1573,true,false
2.0035,true,true
4.8530,true,true
1.7645,true,true
1.7218,true,false
8.2496,true,true
5.0606,true,false
1.6496,true,true
7.2448,true,true
1.2903,true,true
2.3214,true,true
4.3101,true,true
10.5594,true,true
1.2099,true,true
7.4878,true,true
0.8683,true,true
4.2749,true,false
3.8632,true,true
2.4654,true,true
0.9346,true,true
3.8549,true,false
6.7966,true,false
11.7088,true,true
9.5386,true,true
6.6693,true,true
0.8710,true,true
5.1107,true,false
4.5088,true,false
2.2190,true,true
8.9109,true,false
2.3234,true,true
15.4787,true,true
1.5386,true,true
8.8101,true,true
6.5332,true,true
0.9473,true,true
4.7274,true,true
10.0894,true,true
3.8547,true,true
1.3313,true,true
9.0792,true,true
1.3309,true,true
0.8795,true,true
6.3407,true,true
3.4093,true,true
0.5837,true,true
5.3179,true,false
8.8423,true,true
3.7016,true,true
2.7488,true,false
6.9800,true,false
5.4168,true,true
5.4225,true,true
1.0154,true,true
8.0998,true,true
9.8412,true,true
4.9130,true,true
8.0558,true,true
3.3187,true,false
0.7159,true,true
27.5350,true,true
3.9952,true,true
1.2033,true,true
3.8295,true,true
1.9344,true,true
1.7337,true,true
1.9687,true,true
1.5985,true,false
14.9807,true,false
0.9382,true,true
1.4455,true,true
0.9616,true,true
1.6327,true,true
2.6675,true,true
1.1285,true,true
1.3562,true,true
1.0123,true,true
1.5577,true,true
3.7308,true,true
1.8417,true,true
4.2624,true,true
3.7128,true,true
5.9021,true,false
1.8856,true,true
6.5368,true,true
3.6037,true,true
3.8965,true,true
10.2452,true,true
1.6994,true,true
1.4490,true,true
18.4756,true,true
1.3593,true,true
1.1726,true,true
4.9050,true,true
1.7913,true,true
1.8325,true,true
11.2509,true,true
9.1269,true,true
1.4124,true,true
12.0708,true,true
7.2234,true,false
1.6745,true,true
12.5901,true,true
2.1569,true,true
7.8595,true,false
5.1556,true,false
6.2471,true,true
4.0567,true,false
24.0016,true,true
3.5645,true,false
0.8205,true,true
6.0091,true,true
5.6810,true,true
15.5498,true,true
9.8530,true,true
1.2825,true,true
7.6071,true,true
4.5043,true,true
0.9323,true,true
4.7441,true,false
8.5740,true,true
3.4817,true,true
3.3771,true,false
2.8096,true,true
1.5583,true,true
2.0133,true,true
3.9557,true,true
1.5164,true,true
18.9649,true,true
1.8713,true,true
18.8944,true,true
1.2806,true,false
11.8333,true,false
6.4130,true,false
1.8533,true,true
12.9174,true,true
2.7606,true,true
6.0063,true,true
5.2323,true,false
3.3405,true,true
6.8920,true,true
1.1824,true,true
2.5879,true,true
9.5473,true,false
0.5993,true,true
1.3427,true,true
5.0357,true,false
1.5327,true,true
1.8291,true,true
1.4047,true,true
1.0507,true,true
3.0907,true,true
1.5579,true,true
1.0851,true,true
13.0162,true,true
3.0371,true,true
11.9408,true,true
19.6807,true,true
24.4431,true,true
12.9972,true,false
2.2191,true,true
30.7962,true,true
4.2438,true,true
8.9613,true,true
19.2284,true,true
16.7072,true,true
2.2846,true,true
34.0139,true,false
47.3703,true,true
2.9115,true,true
9.6649,true,true
3.8881,true,true
1.0994,true,false
1.2460,true,true
5.5284,true,true
1.3600,true,true
6.9701,true,true
2.2792,true,true
8.9087,true,true
1.2937,true,true
10.6728,true,true
6.0923,true,true
3.4681,true,true
4.2506,true,true
1.4112,true,true
8.3244,true,true
0.7341,true,true
7.4453,true,true
2.6145,true,true
4.0014,true,false
1.1386,true,true
0.7970,true,true
2.9080,true,true
7.8370,true,true
2.2075,true,true
0.8256,true,true
13.3568,true,true
1.7930,true,true
7.3621,true,true
1.4073,true,true
1.0517,true,true
2.2924,true,true
0.8710,true,true
3.5549,true,true
3.6251,true,true
1.4907,true,true
2.7568,true,true
2.9591,true,true
1.7001,true,true
2.1260,true,true
9.4445,true,true
1.2631,true,true
1.5446,true,true
1.5386,true,true
9.6841,true,true
4.4638,true,true
1.3319,true,true
5.5208,true,false
1.0898,true,true
5.7180,true,false
2.9584,true,true
6.1491,true,true
2.2852,true,true
3.8405,true,true
2.6068,true,false
7.7361,true,true
1.8135,true,true
14.5376,true,false
12.5149,true,true
9.5665,true,false
5.1837,true,true
11.6197,true,true
3.3060,true,true
4.4956,true,true
1.4079,true,true
1.0735,true,true
0.8196,true,true
11.2281,true,true
2.2478,true,true
2.4472,true,true
5.1487,true,false
2.0451,true,true
1.6154,true,true
1.3893,true,true
6.6844,true,true
1.4830,true,true
1.0647,true,true
0.6733,true,true
1.4841,true,true
6.3522,true,true
0.6454,true,true
10.7413,true,false
1.8342,true,true
7.3505,true,true
2.1513,true,true
12.6606,true,false
4.1170,true,true
3.7988,true,true
1.7392,true,true
1.5272,true,true
4.0978,true,true
9.9683,true,true
11.5180,true,false
8.4599,true,true
3.3174,true,true
2.4270,true,true
31.1829,true,true
1.6093,true,true
12.3131,true,false
1.4043,true,true
0.9480,true,true
1.6829,true,true
2.1327,true,true
5.3948,true,true
1.1397,true,true
1.9818,true,true
8.0719,true,false
2.2776,true,true
9.4361,true,false
13.7973,true,true
5.9942,true,true
4.2752,true,false
0.8555,true,true
2.3603,true,false
8.8011,true,true
9.1266,true,true
4.2399,true,true
1.4625,true,true
1.7533,true,true
25.0147,true,true
0.6036,true,true
4.4580,true,true
3.8128,true,true
4.4424,true,true
0.9094,true,true
4.3370,true,true
0.8300,true,true
2.1378,true,true
0.5586,true,true
1.3890,true,true
2.4676,true,true
2.3020,true,true
0.8294,true,true
5.0664,true,false
5.4014,true,true
12.7700,true,true
1.4304,true,true
7.7737,true,false
6.1679,true,true
7.2600,true,false
11.6392,true,true
3.7537,true,true
1.2808,true,true
8.2763,true,false
1.6341,true,false
8.1391,true,true
5.1519,true,false
1.6028,true,true
3.0525,true,true
4.1475,true,true
3.7716,true,true
10.8753,true,true
2.9977,true,false
4.3138,true,true
0.9355,true,true
6.0419,true,true
1.4820,true,true
1.9164,true,true
5.2187,true,true
2.7951,true,true
1.3097,true,true
1.3246,true,true
0.9594,true,true
1.9494,true,true
5.7476,true,true
1.0779,true,true
4.1595,true,false
2.2749,true,true
0.6763,true,true
2.4410,true,true
1.2132,true,true
10.6444,true,true
10.3057,true,true
0.9315,true,true
2.6583,true,true
7.5274,true,true
10.8008,true,true
1.4501,true,true
1.2216,true,true
1.6280,true,true
14.0885,true,true
2.8718,true,true
13.8896,true,true
10.7683,true,true
1.5340,true,true
1.1923,true,true
2.5303,true,false
0.9713,true,true
3.3073,true,true
0.7673,true,true
1.4711,true,true
1.8459,true,true
3.4031,true,false
0.8100,true,true
4.8539,true,true
3.0320,true,true
2.0601,true,true
0.5564,true,true
3.0034,true,true
1.9401,true,false
6.8422,true,true
3.3072,true,true
7.2724,true,true
4.0900,true,true
2.0099,true,true
1.6599,true,true
2.3830,true,true
6.8112,true,true
1.0385,true,true
2.4361,true,true
1.0551,true,true
4.7112,true,false
1.2611,true,true
2.9301,true,false
1.4165,true,true
3.1110,true,false
1.5744,true,true
3.1866,true,true
1.9070,true,true
9.4335,true,true
0.7483,true,true
8.3745,true,true
4.3855,true,false
2.0945,true,true
5.5022,true,false
1.1155,true,true
4.9336,true,true
2.9066,true,true
2.9384,true,true
1.5254,true,true
2.4083,true,true
0.8363,true,true
1.9096,true,true
8.4158,true,true
8.9429,true,false
2.6009,true,true
18.5397,true,true
1.6275,true,true
9.8362,true,true
1.0468,true,false
1.6011,true,true
1.6670,true,true
15.0988,true,true
3.5713,true,true
1.7267,true,true
10.2016,true,true
13.6681,true,true
1.4704,true,true
3.8817,true,true
1.2666,true,true
1.1785,true,true
5.0708,true,true
1.6710,true,true
1.4337,true,true
1.6289,true,true
1.3995,true,true
2.9043,true,true
1.3025,true,true
2.7479,true,true
1.1436,true,true
0.8136,true,true
1.8367,true,true
2.6441,true,true
10.8460,true,false
5.3254,true,true
2.7833,true,true
3.5317,true,false
0.8841,true,true
2.1729,true,true
2.1582,true,true
0.5558,true,true
1.3690,true,true
3.8474,true,false
3.5172,true,false
3.1002,true,true
6.4057,true,false
0.7590,true,true
5.2479,true,true
0.6788,true,true
7.6664,true,false
1.9712,true,true
1.6402,true,true
1.2739,true,true
2.5364,true,true
0.9457,true,true
4.3330,true,false
2.2351,true,true
1.0351,true,true
4.8896,true,false
1.9619,true,true
10.3061,true,true
4.1200,true,true
7.5096,true,false
1.8484,true,true
5.8109,true,true
3.4780,true,true
0.8023,true,false
1.2934,true,true
1.0058,true,true
1.7316,true,true
2.4623,true,true
6.4572,true,true
21.3418,true,true
3.8317,true,true
4.2196,true,true
11.1318,true,true
1.9810,true,true
21.0804,true,true
1.6285,true,true
11.1510,true,true
13.4803,true,true
1.9729,true,true
10.3020,true,true
2.6228,true,false
1.4920,true,true
12.5887,true,true
2.2254,true,true
0.7816,true,true
1.3676,true,true
4.6034,true,true
3.6302,true,true
3.8078,true,false
1.1349,true,true
1.6644,true,true
6.9754,true,true
3.7765,true,false
1.8664,true,true
4.6028,true,true
2.7213,true,true
1.1868,true,true
0.8389,true,true
3.2040,true,false
0.6734,true,true
4.6207,true,true
3.1509,true,true
0.8864,true,true
1.7490,true,true
1.3172,true,true
6.2340,true,true
3.5446,true,false
3.7025,true,false
1.1491,true,true
0.8979,true,true
1.6432,true,true
1.3368,true,true
0.8601,true,true
1.3781,true,true
1.0879,true,true
6.3682,true,false
9.7429,true,true
0.7805,true,true
8.2954,true,true
5.4797,true,true
5.3496,true,true
4.5213,true,false
6.0810,true,true
2.9595,true,true
1.4648,true,true
2.9762,true,true
1.5616,true,true
7.6709,true,true
1.5864,true,true
7.1410,true,true
4.5581,true,true
1.6930,true,true
1.3260,true,true
2.3145,true,true
0.9846,true,true
4.6090,true,false
7.0774,true,true
4.2375,true,true
6.3073,true,true
0.9520,true,true
10.0511,true,true
1.7511,true,true
13.5153,true,true
4.5092,true,true
1.5831,true,true
11.8600,true,true
23.2590,true,true
2.5313,true,true
1.0106,true,true
4.8537,true,true
3.3816,true,true
1.0702,true,true
1.5977,true,true
4.8772,true,false
3.2675,true,true
2.1587,true,true
0.6947,true,true
4.8771,true,true
1.7555,true,true
1.7292,true,true
1.4203,true,true
1.8695,true,true
7.7063,true,true
6.0923,true,false
3.3093,true,true
1.6072,true,true
1.4388,true,true
9.6968,true,true
1.1838,true,true
5.2335,true,true
0.6504,true,true
2.0663,true,true
0.5875,true,true
1.3288,true,true
0.8110,true,true
3.9381,true,true
3.0666,true,false
1.9224,true,true
12.9405,true,true
1.0099,true,true
1.8484,true,true
2.0325,true,true
1.7664,true,true
7.1486,true,false
4.1547,true,false
4.2586,true,true
2.2308,true,true
0.8189,true,true
2.8594,true,true
2.4498,true,true
1.1555,true,true
1.0083,true,true
0.6192,true,true
7.8807,true,true
4.9940,true,true
1.6883,true,true
6.8994,true,true
1.1933,true,true
0.8362,true,true
1.4875,true,true
2.2320,true,true
5.8016,true,true
1.1595,true,true
0.8882,true,false
1.5478,true,true
1.7708,true,true
2.0117,true,true
4.5783,true,false
1.5953,true,true
1.1663,true,true
3.8914,true,true
0.7887,true,true
2.1192,true,true
2.0648,true,true
0.6551,true,true
11.6298,true,true
2.5579,true,true
0.9766,true,true
13.9811,true,true
3.1145,true,false
1.0956,true,true
6.3037,true,false
3.7074,true,true
1.7643,true,true
17.9024,true,true
13.0856,true,false
16.3879,true,true
4.3750,true,false
9.0685,true,false
1.5715,true,true
7.8860,true,false
37.4265,true,true
13.2648,true,true
4.2385,true,true
7.4947,true,true
14.1674,true,true
11.3555,true,false
2.9933,true,true
19.0930,true,true
7.3440,true,true
11.5069,true,true
2.0365,true,true
9.1541,true,true
1.5968,true,true
10.0443,true,true
3.1510,true,true
0.5784,true,true
7.2827,true,true
5.1262,true,true
3.5394,true,true
1.6724,true,true
11.3599,true,true
10.7727,true,true
5.0073,true,true
2.0111,true,true
2.3468,true,true
4.1900,true,true
4.2869,true,false
18.8514,true,true
3.7466,true,true
1.2343,true,true
1.4049,true,true
3.7552,true,true
1.1110,true,true
0.6617,true,true
1.1472,true,true
2.1415,true,true
3.3307,true,true
0.8739,true,true
10.3689,true,true
5.3674,true,false
14.9849,true,true
4.6837,true,false
3.7812,true,false
1.5439,true,true
1.5955,true,false
9.2943,true,true
1.6341,true,true
1.1122,true,true
2.4081,true,true
0.9778,true,true
0.7186,true,true
7.3967,true,true
0.8052,true,true
6.4456,true,true
2.4629,true,true
1.6442,true,true
2.0047,true,true
4.5313,true,true
1.6470,true,true
8.8558,true,true
4.2903,true,true
11.0435,true,true
20.5397,true,true
4.4469,true,true
1.3975,true,true
5.3124,true,false
15.4007,true,true
2.8390,true,true
1.2282,true,true
0.8826,true,true
1.4588,true,true
0.9131,true,true
1.7377,true,true
5.4919,true,true
3.0351,true,true
2.2875,true,true
16.8790,true,true
2.7404,true,true
13.0518,true,true
1.6036,true,true
18.3659,true,true
9.0262,true,false
1.2478,true,true
0.9267,true,true
16.5968,true,true
5.1067,true,true
9.5979,true,true
17.5220,true,true
11.8772,true,false
4.5936,true,true
23.7216,true,true
15.0422,true,true
18.4310,true,true
2.3167,true,true
7.2341,true,false
26.3536,true,true
12.7144,true,false
23.9589,true,true
8.3106,true,true
11.4554,true,true
4.3397,true,false
3.4647,true,true
0.7664,true,true
11.0891,true,false
1.3667,true,true
4.6110,true,false
1.6152,true,true
3.6648,true,true
3.1917,true,true
1.0948,true,true
3.3863,true,true
0.6332,true,true
8.4058,true,true
1.1809,true,true
2.5411,true,true
2.7282,true,true
9.2977,true,true
16.5836,true,true
1.0231,true,true
6.1558,true,true
2.7851,true,true
19.3646,true,true
28.5860,true,true
23.5734,true,true
15.9023,true,true
8.4980,true,true
17.6110,true,true
8.3266,true,true
2.3912,true,true
15.3593,true,true
9.0502,true,true
1.4301,true,true
5.6427,true,false
3.4011,true,true
3.2869,true,true
38.6441,true,true
2.6769,true,true
1.2064,true,true
2.8056,true,false
1.3321,true,true
0.8076,true,true
1.4966,true,true
1.1121,true,true
0.5425,true,true
1.9244,true,true
3.9593,true,false
3.0209,true,true
1.4863,true,true
1.0997,true,true
0.6494,true,true
1.2546,true,true
3.2689,true,false
13.1447,true,true
7.5853,true,true
1.3754,true,true
5.7501,true,true
1.1067,true,true
14.7745,true,true
4.5444,true,true
6.2220,true,false
3.8700,true,true
1.4795,true,true
4.7419,true,true
3.7796,true,true
1.5157,true,true
8.1011,true,true
3.1541,true,true
0.7321,true,true
4.1248,true,true
14.1789,true,true
2.5454,true,true
11.0181,true,true
14.5270,true,true
3.1232,true,true
9.7885,true,true
1.7456,true,true
10.7039,true,true
4.6063,true,true
15.0810,true,true
7.5778,true,true
1.7495,true,true
9.3677,true,true
6.5942,true,true
6.6025,true,true
3.6794,true,true
2.2809,true,true
0.8563,true,true
1.8909,true,false
6.7151,true,true
4.8683,true,true
4.1039,true,true
12.3771,true,false
33.8130,true,false
12.5540,true,false
5.2898,true,true
11.3272,true,true
14.1361,true,true
5.2659,true,true
2.8740,true,true
13.8069,true,false
1.7487,true,true
12.5423,true,true
0.5501,true,true
1.2010,true,true
4.5628,true,true
1.8820,true,true
5.0308,true,true
2.7042,true,true
11.4908,true,true
6.9577,true,true
1.4596,true,true
1.8915,true,true
8.2571,true,false
1.6705,true,true
2.9701,true,true
5.9813,true,true
1.5417,true,true
5.9681,true,true
1.9983,true,true
10.2264,true,true
1.7309,true,true
8.4623,true,true
2.6127,true,true
1.7033,true,true
3.0118,true,true
8.1660,true,false
2.8684,true,true
9.3614,true,false
16.2335,true,true
2.1665,true,true
8.6358,true,true
1.4144,true,true
27.3929,true,true
6.4417,true,true
4.0014,true,false
12.0132,true,true
9.6818,true,false
6.5849,true,false
2.4360,true,true
1.6564,true,true
18.9526,true,true
18.7897,true,false
6.9490,true,true
2.6835,true,true
12.4362,true,false
29.5033,true,true
1.8924,true,true
25.5457,true,true
11.4511,true,true
9.2253,true,true
26.0825,true,true
7.3645,true,true
5.1214,true,false
13.3257,true,false
4.4848,true,false
2.0596,true,true
7.5098,true,true
2.4135,true,true
3.8260,true,true
1.2715,true,true
11.0800,true,true
3.9877,true,false
1.3193,true,true
0.8722,true,true
1.6245,true,true
1.2725,true,true
9.6326,true,true
0.8451,true,true
1.4174,true,true
2.5674,true,true
6.6768,true,false
1.3910,true,true
5.7125,true,false
9.7373,true,true
9.7595,true,true
9.2682,true,true
3.6217,true,true
16.9867,true,true
7.7288,true,true
1.9159,true,true
5.7581,true,true
37.1254,true,true
31.0266,true,true
3.4227,true,true
41.8466,true,true
1.2697,true,true
16.9028,true,true
25.6548,true,true
10.9262,true,true
3.0392,true,true
1.5954,true,true
1.7856,true,true
1.3450,true,true
1.0874,true,true
8.6190,true,true
1.3748,true,true
8.1668,true,true
7.1597,true,true
1.7187,true,true
3.7854,true,false
1.1982,true,true
1.2701,true,true
6.1255,true,true
1.8842,true,true
7.0853,true,true
1.7397,true,true
1.3639,true,true
8.0941,true,true
1.6035,true,true
1.7342,true,true
4.2752,true,false
1.3642,true,true
2.7322,true,true
2.7517,true,true
1.2152,true,true
1.0199,true,true
1.5440,true,true
4.3065,true,true
2.8771,true,true
9.4318,true,false
0.7444,true,true
18.8175,true,true
22.3892,true,true
2.1337,true,true
9.4787,true,true
8.0204,true,true
2.1890,true,true
24.3431,true,true
6.6721,true,true
12.9262,true,true
1.9544,true,true
2.6101,true,true
8.0384,true,true
1.5240,true,true
4.0051,true,false
2.0265,true,true
1.5949,true,true
15.5331,true,true
1.4749,true,true
3.1675,true,true
2.8950,true,true
1.3002,true,true
0.9262,true,true
1.5550,true,true
1.4155,true,false
7.5979,true,true
1.2583,true,true
7.0041,true,true
1.9585,true,true
5.6067,true,false
16.1752,true,true
2.4327,true,true
1.5559,true,true
1.3962,true,true
7.6841,true,true
1.0907,true,true
6.1797,true,true
1.9269,true,true
6.3086,true,true
1.2620,true,true
6.4979,true,false
2.5018,true,true
16.4085,true,false
1.1607,true,true
12.1455,true,true
3.4003,true,true
4.1451,true,true
8.5665,true,true
4.2673,true,false
8.3633,true,false
1.3226,true,true
9.6219,true,true
4.0611,true,true
2.4374,true,true
2.5563,true,true
0.9686,true,true
1.7087,true,true
2.9020,true,false
1.6658,true,true
6.7522,true,false
6.0871,true,false
5.0502,true,true
2.2007,true,true
0.9944,true,true
5.0702,true,true
3.3067,true,true
2.5091,true,true
9.1941,true,true
1.4884,true,true
2.4510,true,true
0.9177,true,true
1.6607,true,true
6.0772,true,true
5.1122,true,true
5.4528,true,true
0.9917,true,true
9.5771,true,true
3.5800,true,true
0.8667,true,true
2.1840,true,true
1.3700,true,true
1.0559,true,true
13.1882,true,true
5.9086,true,true
3.4735,true,true
7.6666,true,true
2.4173,true,true
1.4590,true,true
9.2936,true,true
1.5347,true,true
1.3255,true,true
0.8937,true,true
4.5947,true,false
3.2094,true,true
2.8044,true,true
14.5413,true,true
2.0823,true,true
6.2468,true,true
2.8725,true,false
1.4069,true,true
9.6566,true,false
3.6860,true,true
1.8300,true,true
1.7283,true,true
5.8865,true,false
4.7143,true,true
13.5080,true,true
8.2729,true,true
11.4731,true,true
1.8021,true,true
16.1443,true,true
1.1460,true,true
1.3465,true,true
20.2552,true,true
11.0054,true,true
3.4582,true,true
2.4609,true,true
1.4600,true,true
20.9420,true,true
1.0149,true,true
5.3858,true,false
1.6377,true,true
6.3007,true,true
1.9165,true,true
11.8267,true,true
2.5871,true,true
5.7882,true,true
9.5034,true,false
0.8605,true,true
5.0466,true,true
5.2883,true,true
3.2155,true,true
6.3414,true,true
5.8091,true,false
14.8369,true,true
12.0793,true,false
6.5622,true,true
23.3366,true,true
18.3665,true,false
3.2747,true,true
0.9112,true,true
14.6459,true,true
8.5677,true,false
1.6806,true,true
5.5962,true,true
1.0011,true,true
1.5526,true,true
4.9602,true,true
4.9677,true,true
1.5808,true,true
9.5507,true,true
0.9587,true,true
4.6259,true,true
1.0560,true,true
16.9926,true,true
2.8534,true,true
1.3392,true,true
1.5054,true,true
2.8191,true,true
1.4277,true,true
5.4267,true,true
3.4551,true,true
1.0762,true,true
5.9955,true,true
1.3425,true,true
3.8139,true,true
1.6037,true,true
1.1079,true,true
0.7660,true,true
4.6295,true,false
1.2574,true,true
0.8645,true,true
2.2314,true,true
2.4213,true,true
9.6762,true,false
1.0173,true,true
1.9737,true,true
3.1210,true,true
1.6728,true,true
7.4849,true,true
2.4134,true,true
6.2843,true,false
0.5980,true,true
2.5937,true,false
1.1401,true,true
3.3413,true,true
1.8741,true,true
1.5814,true,true
4.0245,true,true
3.4920,true,true
9.4164,true,true
4.1030,true,true
1.5424,true,true
1.3462,true,true
0.9723,true,true
1.6642,true,true
1.9041,true,true
15.3308,true,true
4.6706,true,true
2.8148,true,true
1.3871,true,true
4.1232,true,true
3.7407,true,true
2.9313,true,true
2.4438,true,true
2.8746,true,true
1.5063,true,true
1.2412,true,true
0.8787,true,true
11.7430,true,true
9.4901,true,true
7.2603,true,false
1.0138,true,true
32.8778,true,true
7.9250,true,false
1.7217,true,true
7.4819,true,true
1.2482,true,true
1.1018,true,true
8.8785,true,true
1.8022,true,true
3.8844,true,true
4.7800,true,true
3.1598,true,true
1.7703,true,false
2.2755,true,true
10.8782,true,true
2.3715,true,true
8.9616,true,true
6.8147,true,false
2.1169,true,true
8.9035,true,true
3.0622,true,true
3.2293,true,false
0.7290,true,true
1.4320,true,true
3.4033,true,false
0.7990,true,true
2.0198,true,true
1.8264,true,true
1.7481,true,true
3.7274,true,false
1.8628,true,true
7.1538,true,true
3.3533,true,true
7.8469,true,false
3.2443,true,true
6.3709,true,true
0.7134,true,true
1.4973,true,true
5.2584,true,true
0.6860,true,true
1.3803,true,true
1.8432,true,true
1.6809,true,true
12.2159,true,true
18.6356,true,true
12.0603,true,false
9.4630,true,false
26.9906,true,true
1.6756,true,true
24.6280,true,true
16.1652,true,true
33.9717,true,true
10.2163,true,false
23.3217,true,false
15.3675,true,false
2.4216,true,true
17.1020,true,true
2.6030,true,true
19.1223,true,true
12.7963,true,true
10.2788,true,true
7.6392,true,false
1.8186,true,true
5.1258,true,false
21.4650,true,true
44.0277,true,true
2.2321,true,true
0.6831,true,true
1.3233,true,true
0.8791,true,true
6.4537,true,true
4.0094,true,true
13.1962,true,true
2.8612,true,true
13.7338,true,true
10.0959,true,true
7.1113,true,true
4.0955,true,true
4.1029,true,true
7.7253,true,false
2.1592,true,true
2.1447,true,true
1.0052,true,true
4.4626,true,true
1.4119,true,true
0.9120,true,false
2.2882,true,true
0.7447,true,true
1.2400,true,false
0.6940,true,true
4.1702,true,true
1.4878,true,true
10.8317,true,true
4.8270,true,true
9.2933,true,true
12.5754,true,true
3.6832,true,true
2.6126,true,true
9.7639,true,true
19.6202,true,true
1.0271,true,true
1.7463,true,true
6.6454,true,true
9.8906,true,false
4.1528,true,false
1.0644,true,false
0.7793,true,true
1.5138,true,true
4.1463,true,false
4.5678,true,true
2.6190,true,true
9.1015,true,false
12.9910,true,false
2.5041,true,false
19.0751,true,true
1.3730,true,true
0.9726,true,true
1.5871,true,true
3.6640,true,true
0.9931,true,true
3.1506,true,true
0.6371,true,true
2.8546,true,true
2.8542,true,false
10.3906,true,false
9.6737,true,false
1.3654,true,true
5.9465,true,false
3.4379,true,false
0.7877,true,true
1.4555,true,true
5.2122,true,true
3.9544,true,true
1.5844,true,true
1.8348,true,true
1.5294,true,true
1.4440,true,true
5.3533,true,false
0.7657,true,true
1.3511,true,true
0.8611,true,true
1.4055,true,true
2.5959,true,true
1.1032,true,true
0.9241,true,true
3.2574,true,true
0.6901,true,true
1.8496,true,true
3.2918,true,true
0.6333,true,true
1.5172,true,true
11.0837,true,true
1.7625,true,true
8.6656,true,true
4.0464,true,true
2.0122,true,true
7.4364,true,true
5.4317,true,false
3.7384,true,false
11.2974,true,true
1.9404,true,true
2.9752,true,true
7.5332,true,true
0.9826,true,true
4.1337,true,true
13.6019,true,true
19.7639,true,true
4.7531,true,true
14.2272,true,true
7.3641,true,true
5.9405,true,true
32.0970,true,true
5.5991,true,true
31.6374,true,true
9.8376,true,true
4.4656,true,true
7.7302,true,true
30.0539,true,true
46.0503,true,true
22.1815,true,true
26.5628,true,true
65.7625,true,true
3.9987,true,true
4.3502,true,true
12.4896,true,false
3.3200,true,false
4.4042,true,true
2.6305,true,true
3.1480,true,true
6.3159,true,true
0.7672,true,true
5.0325,true,true
2.3865,true,true
0.9774,true,true
6.4951,true,false
2.8612,true,true
6.0365,true,true
1.5434,true,true
15.9599,true,true
19.2871,true,true
0.9308,true,true
8.0211,true,true
1.4266,true,true
3.4162,true,false
0.9551,true,true
2.1014,true,true
2.4979,true,true
1.5293,true,true
1.0848,true,true
0.7297,true,true
3.6934,true,false
1.1150,true,true
0.6803,true,true
1.1965,true,true
3.1081,true,true
1.8592,true,true
1.6614,true,true
1.3877,true,true
1.0464,true,true
1.4995,true,true
1.0530,true,true
3.4773,true,true
2.2169,true,true
4.6994,true,true
3.6803,true,true
2.1216,true,true
0.8833,true,true
5.2126,true,true
12.1502,true,true
5.9421,true,true
19.4810,true,true
5.5806,true,true
1.1029,true,true
4.3488,true,true
2.3198,true,true
6.7500,true,true
1.0048,true,true
5.3224,true,true
2.6337,true,true
1.5325,true,true
1.4288,true,true
1.2141,true,true
0.8056,true,true
4.6581,true,true
2.7152,true,true
2.8119,true,true
1.2156,true,true
2.5664,true,true
1.0407,true,true
4.6511,true,false
4.5369,true,true
3.3002,true,true
2.6590,true,true
2.6356,true,true
1.5103,true,true
2.6690,true,true
1.1362,true,true
1.9020,true,true
6.8686,true,true
1.6315,true,true
1.2850,true,true
1.5544,true,true
2.0377,true,true
3.0643,true,false
0.6823,true,true
12.2215,true,false
2.9336,true,true
1.4331,true,true
1.0441,true,true
1.6847,true,true
1.2803,true,true
3.5497,true,true
3.7044,true,false
1.4761,true,true
1.4990,true,true
1.2825,true,true
1.1025,true,true
12.1133,true,true
1.7483,true,true
1.3455,true,true
3.2378,true,true
0.7276,true,true
1.6402,true,true
10.0374,true,true
1.8648,true,true
1.9348,true,true
17.3388,true,false
8.1829,true,true
8.1905,true,true
2.9268,true,true
10.4202,true,true
11.6850,true,true
7.0758,true,true
0.9964,true,true
8.4021,true,false
2.3661,true,true
2.7617,true,true
5.5241,true,true
2.8842,true,true
3.0016,true,true
1.4473,true,true
1.1482,true,true
3.6893,true,true
0.8362,true,true
1.5684,true,true
6.3475,true,false
9.5331,true,true
0.8123,true,true
5.2757,true,false
0.7236,true,true
1.5400,true,true
1.4385,true,true
5.2244,true,true
0.6935,true,true
2.9120,true,true
2.6142,true,true
8.3099,true,false
12.3338,true,true
3.1622,true,true
4.1566,true,true
3.0792,true,false
3.2285,true,true
1.0978,true,true
1.8847,true,true
9.5953,true,false
1.0717,true,true
4.3112,true,true
0.8871,true,true
1.5184,true,true
1.2278,true,true
0.8937,true,true
7.5884,true,true
10.1591,true,true
1.8173,true,true
10.2756,true,true
1.4375,true,true
8.6460,true,true
0.8801,true,true
5.8758,true,true
4.4338,true,true
7.6022,true,true
1.4616,true,true
4.2304,true,true
2.6958,true,true
2.6823,true,true
1.1563,true,true
1.1871,true,true
5.4899,true,true
1.7081,true,true
10.9493,true,true
1.2993,true,true
11.0296,true,true
8.1508,true,true
1.7430,true,true
5.7788,true,true
2.4640,true,true
6.7070,true,true
3.3304,true,true
0.8558,true,true
3.2925,true,true
1.0243,true,true
8.4818,true,false
0.8195,true,true
4.2342,true,false
0.8011,true,true
10.3023,true,true
2.1923,true,true
1.0384,true,true
11.6758,true,true
1.4431,true,true
6.5898,true,true
4.0027,true,true
1.5197,true,true
20.7811,true,true
11.6151,true,false
1.7284,true,false
6.6285,true,false
3.4082,true,true
9.4011,true,true
4.2727,true,false
7.6663,true,false
6.5337,true,false
1.3141,true,true
4.9928,true,true
1.7163,true,false
6.9461,true,true
3.1777,true,true
1.4746,true,true
3.8599,true,true
1.3351,true,true
3.3427,true,true
0.8930,true,true
1.5680,true,true
1.2482,true,true
0.8910,true,true
1.4422,true,true
2.8486,true,true
1.3375,true,true
1.0562,true,true
2.8305,true,true
9.3092,true,true
7.2278,true,true
3.2519,true,true
1.2934,true,true
3.4263,true,true
0.8111,true,true
1.7592,true,true
5.8002,true,false
3.3610,true,false
0.7661,true,true
3.3096,true,true
0.6356,true,true
1.2282,true,true
0.8753,true,true
1.3586,true,true
0.8243,true,true
1.5041,true,true
1.4566,true,true
6.6483,true,true
3.6790,true,false
3.9989,true,true
4.1209,true,true
2.9072,true,false
2.4915,true,true
6.1810,true,false
0.6597,true,true
1.3855,true,true
7.1634,true,true
10.0431,true,true
11.2852,true,true
8.4896,true,true
2.2610,true,true
7.3107,true,true
4.1387,true,true
1.4226,true,true
2.2092,true,true
0.7021,true,true
1.1990,true,true
3.0447,true,false
3.4420,true,false
1.2781,true,true
1.3830,true,true
1.0757,true,true
11.6411,true,true
0.8358,true,true
1.3884,true,true
3.6627,true,true
1.2632,true,true
5.5650,true,false
5.4925,true,false
3.4851,true,true
1.1128,true,true
4.7678,true,true
1.2180,true,true
5.2817,true,false
3.1481,true,false
2.3579,true,true
11.1418,true,true
2.3487,true,true
9.5327,true,false
1.1882,true,true
5.4749,true,true
1.3917,true,false
20.1457,true,true
19.5517,true,true
12.0103,true,true
3.1145,true,true
14.4319,true,true
2.3388,true,true
8.7462,true,true
28.4867,true,true
24.0100,true,true
2.3688,true,true
5.2094,true,true
9.6913,true,true
21.2263,true,true
1.3716,true,true
20.7783,true,true
37.2633,true,true
6.0786,true,true
3.0183,true,true
17.3639,true,true
1.4835,true,true
23.7211,true,true
2.8705,true,true
10.5569,true,false
14.0772,true,true
48.5055,true,true
3.2992,true,true
66.0607,true,true
0.9182,true,true
2.5481,true,true
1.1316,true,true
0.6937,true,true
7.8415,true,false
1.1565,true,true
7.3041,true,true
5.4627,true,true
3.3092,true,true
10.5156,true,false
3.4623,true,true
1.8962,true,true
8.7400,true,true
1.1077,true,true
4.7264,true,true
1.7068,true,true
1.2122,true,true
1.0737,true,true
7.8337,true,true
4.9382,true,true
9.1215,true,false
2.0662,true,true
5.4354,true,true
2.4371,true,true
1.5793,true,true
10.7139,true,true
1.6542,true,true
3.7179,true,true
7.0717,true,false
1.4930,true,true
5.2878,true,false
0.9900,true,true
2.1405,true,true
1.0745,true,true
30.1044,true,true
2.4193,true,true
1.5722,true,true
17.4429,true,true
1.3663,true,true
0.8813,true,true
2.1311,true,true
1.3570,true,true
1.2139,true,true
2.6298,true,true
7.8595,true,false
1.6606,true,true
5.0097,true,false
1.4738,true,true
1.0239,true,true
5.5037,true,false
3.0642,true,true
1.5454,true,true
1.0378,true,true
10.2654,true,true
2.9349,true,true
9.6361,true,true
0.9180,true,false
7.2591,true,true
2.3549,true,true
0.7442,true,true
1.5170,true,true
2.6767,true,true
5.3477,true,true
8.2143,true,true
5.8330,true,true
1.3888,true,true
18.3649,true,true
6.4568,true,true
0.7375,true,true
3.2546,true,true
0.8245,true,true
3.3294,true,true
12.9358,true,true
7.2286,true,true
1.2729,true,true
0.8373,true,true
4.6822,true,false
3.8480,true,true
1.7472,true,true
1.3036,true,true
4.2408,true,true
1.2331,true,true
2.6179,true,true
1.5019,true,true
5.1585,true,true
12.3120,true,false
2.4960,true,true
14.7769,true,false
2.1496,true,true
24.9790,true,true
19.2667,true,false
11.1295,true,false
17.6371,true,true
5.1975,true,false
1.1517,true,true
43.1222,true,true
6.8930,true,false
1.4954,true,true
21.3334,true,true
15.3968,true,true
10.9783,true,true
3.3589,true,true
19.6305,true,true
8.5484,true,false
6.8961,true,true
2.5697,true,true
6.5601,true,true
3.0499,true,true
1.6035,true,true
2.7631,true,true
2.2800,true,true
18.6484,true,false
27.6189,true,true
1.7032,true,true
4.8968,true,true
30.6091,true,false
13.9502,true,false
11.0624,true,false
27.2687,true,true
2.9011,true,true
25.0451,true,true
1.9196,true,false
2.2590,true,true
0.9541,true,true
7.5651,true,false
4.1648,true,false
37.4305,true,true
2.4003,true,true
7.5390,true,true
5.3411,true,true
1.0706,true,true
6.1072,true,true
5.5111,true,true
4.7474,true,true
5.2261,true,true
3.2185,true,true
0.8885,true,true
5.9855,true,true
1.9114,true,true
2.0852,true,true
1.2109,true,true
11.1181,true,true
7.2104,true,true
1.9242,true,true
1.5872,true,true
10.1481,true,true
1.2978,true,true
15.4936,true,true
4.7925,true,true
1.5221,true,true
8.7634,true,true
1.3191,true,true
2.4865,true,true
1.2276,true,true
1.1567,true,true
4.2826,true,true
20.4559,true,true
4.8177,true,false
8.5748,true,true
1.2833,true,true
5.8163,true,true
1.4949,true,true
6.3436,true,false
0.6894,true,true
1.3050,true,false
2.0611,true,true
8.8730,true,true
1.3439,true,true
8.4938,true,true
2.6861,true,true
1.1719,true,true
5.6151,true,false
0.9738,true,true
1.8582,true,true
1.4909,true,true
1.8916,true,true
1.4828,true,true
3.7108,true,true
1.2528,true,true
0.9391,true,true
5.7122,true,true
5.7286,true,true
10.1591,true,true
4.3521,true,true
2.7478,true,true
3.1446,true,false
0.9020,true,true
7.7467,true,true
2.2557,true,true
5.5767,true,true
1.1595,true,false
0.9198,true,true
22.3786,true,true
1.2397,true,true
0.8534,true,true
1.4325,true,true
1.1874,true,true
0.8303,true,true
8.3657,true,true
9.7947,true,true
2.6416,true,true
6.9827,true,true
1.1933,true,true
11.3737,true,true
1.6965,true,true
3.8469,true,false
2.8356,true,true
1.4005,true,true
1.3970,true,true
0.9289,true,true
3.8855,true,true
2.4218,true,true
12.7275,true,true
10.5074,true,false
5.4639,true,true
1.6761,true,true
1.5626,true,true
12.8700,true,true
2.2515,true,true
15.0674,true,true
14.8418,true,false
12.3897,true,true
1.6707,true,true
1.2809,true,true
11.0423,true,true
8.4182,true,true
0.9347,true,true
4.4937,true,false
23.7934,true,true
1.4313,true,true
1.9690,true,true
2.9712,true,true
1.4296,true,true
1.0026,true,true
4.5452,true,false
5.0181,true,true
9.6214,true,true
3.2460,true,true
9.3232,true,false
5.7268,true,true
5.2811,true,true
0.7467,true,true
6.7829,true,true
2.2450,true,true
0.9842,true,true
3.1927,true,true
7.2518,true,true
2.0377,true,true
2.7760,true,true
2.0554,true,true
8.9052,true,true
6.8799,true,true
1.2669,true,true
3.1591,true,false
3.0179,true,false
1.9142,true,true
5.4041,true,true
3.4590,true,false
0.8495,true,true
1.5372,true,true
1.0520,true,true
0.6140,true,true
8.8162,true,true
1.6114,true,true
5.5379,true,true
11.5302,true,false
2.5904,true,true
1.6779,true,true
9.6284,true,true
6.6277,true,true
1.1776,true,true
4.9533,true,false
1.6499,true,true
2.7409,true,true
1.5086,true,true
12.1976,true,true
3.8815,true,true
1.5522,true,true
8.4496,true,false
0.6883,true,true
1.2475,true,true
1.4082,true,true
1.3531,true,true
5.3796,true,false
2.0101,true,true
1.5974,true,true
1.6662,true,true
1.3306,true,true
1.5969,true,true
1.1836,true,true
4.0186,true,true
1.0828,true,true
7.5261,true,true
1.1714,true,true
5.3382,true,true
0.6710,true,true
1.2446,true,true
3.7200,true,false
2.2937,true,true
3.6635,true,true
0.8060,true,true
1.4727,true,true
1.0049,true,true
1.9176,true,true
8.0528,true,true
1.7507,true,true
5.0956,true,true
1.5764,true,true
11.4010,true,true
18.1265,true,true
4.1961,true,true
3.4482,true,true
10.2920,true,true
7.5795,true,true
2.9109,true,true
2.3544,true,true
12.1319,true,true
1.5714,true,true
8.2053,true,true
5.8710,true,true
2.3417,true,true
5.6670,true,false
1.2593,true,true
1.6245,true,true
2.5562,true,true
1.0467,true,true
0.7241,true,true
4.6910,true,false
4.7310,true,false
1.9082,true,true
6.6437,true,true
2.0227,true,true
6.3580,true,true
0.6732,true,true
7.0300,true,false
3.4865,true,true
1.6287,true,true
10.5304,true,true
1.5121,true,true
6.5271,true,true
1.1535,true,true
7.9040,true,false
3.4962,true,true
3.4870,true,false
3.6301,true,false
3.8432,true,true
4.7794,true,true
3.6435,true,true
1.2811,true,true
1.0472,true,true
1.7662,true,false
1.6030,true,true
7.9288,true,true
1.2656,true,true
2.5315,true,false
4.5172,true,true
1.8514,true,false
2.8965,true,true
3.1713,true,true
2.6720,true,true
12.3618,true,true
25.1155,true,true
15.7934,true,true
19.0342,true,false
4.3289,true,true
1.9831,true,true
5.9679,true,true
1.3058,true,true
1.7897,true,true
1.4198,true,true
1.2229,true,true
2.5502,true,true
0.9192,true,true
1.5218,true,true
7.6230,true,true
15.5669,true,true
3.9580,true,true
2.0398,true,true
12.3623,true,true
3.3410,true,true
1.3351,true,true
22.1093,true,true
6.7706,true,true
5.0592,true,true
2.2802,true,true
0.7626,true,true
1.3608,true,true
2.7406,true,true
1.3338,true,true
0.8761,true,true
1.4592,true,true
1.0164,true,true
4.2611,true,false
0.8697,true,true
1.5567,true,true
1.5081,true,true
1.7537,true,true
13.4311,true,true
4.1931,true,true
16.7456,true,true
26.1953,true,true
2.2687,true,true
12.6189,true,false
0.7543,true,true
12.4698,true,true
5.3178,true,true
0.8283,true,true
2.1786,true,true
9.6590,true,true
0.8348,true,true
7.1920,true,true
1.6254,true,true
2.0548,true,true
3.1748,true,true
17.6376,true,true
15.3853,true,true
11.7914,true,true
5.6599,true,true
10.1437,true,true
1.2656,true,true
5.5225,true,true
0.9454,true,true
3.3523,true,true
0.7011,true,true
1.1942,true,true
4.4408,true,true
3.5861,true,true
0.9524,true,true
1.7341,true,true
2.9348,true,true
3.4372,true,false
10.9969,true,false
9.9379,true,false
2.2746,true,true
10.3806,true,true
1.0146,true,true
7.2782,true,true
2.7880,true,false
2.0369,true,true
2.2135,true,true
10.1247,true,false
1.7148,true,true
6.3630,true,true
5.6464,true,true
11.9750,true,true
17.3532,true,true
1.7341,true,true
4.9519,true,true
1.6520,true,true
12.4880,true,true
3.1490,true,true
3.4850,true,true
10.1278,true,true
3.5158,true,false
1.0708,true,true
1.4214,true,true
36.5007,true,true
0.6492,true,true
4.7455,true,false
1.6397,true,true
7.5063,true,true
1.3302,true,true
1.4934,true,true
3.0577,true,true
11.5993,true,true
1.1489,true,true
6.0701,true,false
1.5919,true,true
2.9435,true,false
1.5850,true,true
1.2038,true,true
1.2425,true,true
6.6119,true,false
1.3771,true,true
14.3841,true,false
11.3688,true,true
5.1287,true,true
3.7374,true,true
1.6882,true,true
4.1553,true,false
1.3947,true,true
1.4854,true,true
1.1321,true,true
8.6524,true,true
3.8598,true,true
0.9436,true,true
8.8531,true,true
4.9207,true,true
2.6869,true,true
1.2140,true,true
3.1012,true,false
2.4826,true,true
5.6852,true,false
1.5578,true,true
2.7496,true,true
1.2268,true,true
0.8935,true,true
1.4745,true,true
1.2974,true,true
5.5997,true,false
3.9633,true,true
2.1699,true,false
2.3033,true,true
1.3227,true,true
1.1175,true,true
8.2789,true,true
2.2573,true,true
0.9116,true,true
3.8616,true,true
3.7478,true,false
1.1533,true,true
2.5077,true,false
1.0187,true,true
0.5701,true,true
1.3320,true,true
0.9731,true,true
1.5959,true,false
1.1598,true,true
0.8071,true,true
7.5459,true,true
11.9701,true,true
15.3978,true,true
1.7520,true,true
16.1852,true,false
23.1040,true,true
12.6216,true,true
22.8128,true,false
1.8067,true,true
12.9803,true,false
7.7936,true,true
11.2207,true,true
2.9189,true,true
1.4306,true,true
1.0409,true,true
0.6532,true,true
2.8590,true,true
1.7276,true,true
7.1006,true,true
8.7179,true,true
1.6336,true,true
7.4032,true,false
2.2932,true,true
13.7669,true,true
0.9333,true,true
4.7041,true,false
6.3738,true,true
1.8170,true,true
5.1073,true,true
2.1755,true,true
12.1041,true,true
1.1735,true,true
4.3347,true,true
8.8218,true,true
1.2715,true,true
6.6894,true,false
2.9235,true,true
20.1874,true,true
2.7572,true,true
3.7515,true,true
2.5587,true,true
1.5356,true,true
3.4788,true,false
0.8001,true,true
3.3499,true,true
0.9701,true,true
2.3729,true,true
0.8739,true,true
4.3508,true,false
1.4781,true,true
1.1753,true,true
6.6558,true,true
1.4888,true,true
3.1113,true,true
18.8300,true,true
0.8520,true,true
1.5073,true,true
14.6100,true,true
1.1136,true,true
0.6080,true,true
9.9806,true,false
2.5623,true,true
0.9833,true,true
3.1723,true,true
1.9317,true,true
1.4037,true,true
2.5411,true,true
1.0411,true,true
4.2886,true,true
1.7839,true,true
4.4901,true,true
1.5005,true,true
1.2642,true,true
1.9690,true,true
14.8135,true,true
2.5308,true,true
2.7173,true,true
9.3374,true,false
22.9623,true,true
1.6787,true,true
17.5811,true,true
2.4228,true,true
6.7167,true,true
1.1216,true,true
3.6671,true,true
3.2080,true,true
7.9916,true,true
3.6808,true,true
19.3907,true,true
1.3208,true,true
5.7473,true,false
1.1673,true,true
1.2411,true,true
2.6062,true,true
5.8456,true,false
5.7785,true,true
3.2813,true,true
10.5363,true,true
17.5955,true,true
1.9151,true,true
14.4601,true,false
3.0434,true,true
14.2670,true,true
1.9511,true,true
13.9201,true,true
1.5177,true,true
1.6975,true,true
10.2877,true,false
20.4121,true,false
2.6262,true,true
7.3669,true,false
1.2414,true,true
17.9540,true,true
11.9220,true,true
2.5863,true,false
1.6413,true,true
13.9236,true,true
8.5577,true,true
12.0205,true,true
1.1801,true,true
4.3662,true,true
1.5537,true,true
7.8436,true,true
1.3378,true,true
10.8806,true,false
5.3323,true,true
0.9157,true,true
1.5875,true,true
1.1332,true,true
4.8071,true,true
4.0980,true,true
2.2374,true,true
5.5571,true,true
0.9409,true,true
2.9555,true,true
1.3524,true,true
4.2771,true,false
4.0581,true,true
1.3063,true,true
8.3748,true,false
0.7600,true,true
13.9684,true,true
1.0332,true,true
1.7799,true,true
15.9576,true,true
19.1566,true,true
9.7993,true,true
0.9642,true,true
8.0132,true,true
2.1265,true,true
19.0047,true,true
0.7677,true,true
1.3441,true,true
10.4870,true,true
1.5636,true,true
9.2451,true,false
2.1147,true,true
1.4776,true,true
11.9440,true,true
0.9711,true,true
2.1554,true,true
1.2529,true,true
0.9173,true,true
1.5715,true,false
1.1009,true,true
2.3664,true,true
1.0348,true,true
6.9768,true,true
2.1055,true,true
0.7472,true,true
2.2438,true,true
0.7331,true,true
1.4205,true,true
6.1988,true,true
5.2882,true,true
2.2554,true,true
2.3643,true,false
3.6127,true,true
1.8950,true,true
5.1282,true,true
1.5879,true,true
1.8325,true,true
1.4631,true,true
4.6626,true,false
1.1747,true,true
2.4746,true,true
0.9611,true,true
8.8249,true,true
2.1593,true,true
8.2922,true,true
2.1261,true,true
0.6362,true,true
1.2618,true,true
0.8680,true,true
3.3664,true,false
0.6800,true,true
1.2053,true,true
2.5401,true,true
3.1805,true,false
0.8013,true,true
4.8556,true,true
5.4302,true,true
1.3682,true,true
4.4479,true,true
1.7239,true,true
11.4350,true,true
0.5941,true,true
4.6393,true,true
5.1491,true,false
2.9832,true,false
1.3789,true,true
1.0460,true,true
1.6781,true,true
1.1675,true,false
10.6970,true,true
7.8143,true,true
3.2869,true,true
3.3027,true,true
2.0003,true,true
19.2441,true,true
1.0058,true,false
29.2365,true,true
11.6087,true,true
14.7411,true,true
0.7971,true,true
4.8263,true,true
3.4822,true,true
1.0492,true,true
0.7542,true,true
3.7696,true,true
12.7149,true,true
3.0912,true,true
9.0980,true,false
3.9615,true,true
1.4159,true,true
10.1473,true,true
20.6819,true,true
2.8609,true,true
2.0206,true,true
10.4063,true,false
7.7173,true,true
17.6591,true,true
24.0425,true,true
5.4979,true,true
1.1469,true,true
7.6306,true,true
5.0917,true,false
2.0326,true,true
1.7998,true,true
10.1527,true,true
3.0195,true,true
16.2992,true,true
8.4090,true,true
0.9660,true,true
13.6016,true,false
17.1642,true,true
7.0460,true,true
5.7129,true,true
1.4693,true,true
9.3264,true,true
7.1866,true,true
2.9555,true,true
6.7262,true,true
12.1214,true,false
3.7610,true,true
2.7893,true,true
1.4610,true,true
1.1444,true,true
0.9132,true,true
6.0698,true,false
4.4513,true,true
1.4335,true,true
1.0939,true,true
7.5540,true,true
10.4541,true,true
6.2057,true,true
11.4179,true,true
2.6100,true,true
2.5344,true,true
9.5276,true,true
15.2908,true,true
42.7000,true,true
5.2550,true,true
2.2615,true,true
0.9510,true,true
2.2706,true,true
0.8605,true,true
1.4567,true,true
1.2268,true,true
6.6556,true,false
1.0311,true,true
4.8694,true,false
4.2720,true,true
3.8619,true,true
0.8685,true,true
7.7603,true,true
5.4189,true,true
3.2616,true,true
13.6705,true,true
1.4241,true,true
1.1451,true,true
0.8461,true,true
1.3500,true,true
2.6861,true,true
4.2571,true,true
1.0926,true,true
8.5420,true,true
9.4742,true,true
3.0192,true,true
3.0686,true,true
12.2212,true,true
11.4432,true,false
12.0006,true,true
6.8727,true,true
4.6562,true,false
14.1728,true,true
4.1982,true,true
8.3716,true,true
5.2072,true,true
3.5465,true,true
2.7467,true,true
9.5074,true,true
0.7223,true,true
1.5469,true,true
2.0746,true,true
34.3276,true,true
3.2100,true,true
1.0902,true,true
0.7864,true,false
7.6543,true,true
1.5319,true,true
1.1904,true,true
1.5440,true,true
1.7307,true,true
1.9589,true,true
6.5368,true,true
1.7883,true,true
8.5627,true,true
0.8786,true,true
4.2317,true,true
7.8065,true,true
1.1169,true,false
0.7065,true,true
3.9771,true,true
7.3064,true,true
1.9900,true,true
1.5137,true,true
1.7930,true,true
4.4061,true,true
3.9102,true,false
1.5370,true,true
6.7818,true,false
1.3748,true,true
6.3866,true,false
2.8735,true,true
8.2640,true,true
2.2891,true,true
0.9234,true,true
4.0689,true,false
13.6896,true,true
1.5250,true,true
2.2212,true,true
23.6532,true,true
1.9525,true,true
9.7949,true,true
1.2523,true,true
8.3999,true,true
3.2324,true,false
0.6525,true,true
1.1271,true,true
0.6838,true,true
1.7022,true,true
1.3050,true,true
3.6550,true,true
1.8045,true,true
9.8705,true,true
1.1685,true,true
5.8437,true,false
1.2463,true,true
6.8871,true,false
1.2075,true,true
11.9230,true,true
5.2099,true,true
0.7517,true,true
13.2528,true,true
5.0668,true,false
2.7347,true,true
1.3427,true,true
0.8261,true,true
4.5522,true,true
1.5227,true,true
2.9160,true,true
6.5113,true,true
3.4428,true,true
1.8215,true,true
5.8901,true,false
9.0894,true,false
2.7048,true,true
3.2740,true,true
10.0077,true,true
1.7746,true,true
6.5823,true,false
1.2345,true,true
6.2110,true,false
1.8899,true,true
9.1199,true,true
4.2979,true,true
13.7177,true,true
7.6941,true,false
10.9295,true,true
2.5045,true,true
8.0131,true,true
1.7925,true,true
4.2926,true,true
3.0968,true,true
6.8883,true,true
1.0618,true,true
0.5056,true,true
1.0706,true,true
3.5827,true,false
1.0846,true,true
0.6771,true,true
2.9705,true,true
5.1228,true,true
3.4994,true,true
3.4460,true,true
3.2852,true,true
6.4215,true,true
0.8275,true,true
4.0905,true,false
1.8809,true,true
7.6649,true,true
1.5325,true,true
1.1250,true,true
5.1586,true,true
2.4332,true,true
1.3346,true,true
9.4629,true,true
0.8285,true,true
5.0392,true,true
3.3640,true,true
1.3024,true,true
2.3811,true,true
9.5923,true,true
0.9313,true,true
4.9252,true,false
2.8854,true,true
1.3953,true,true
3.8588,true,true
10.8703,true,true
9.3733,true,true
3.3182,true,true
6.6701,true,true
3.3345,true,false
3.1729,true,true
0.6429,true,true
1.3437,true,true
0.8382,true,true
1.4754,true,true
1.5934,true,true
1.7119,true,true
1.8088,true,true
1.3851,true,false
1.5695,true,true
2.7585,true,true
1.3319,true,true
1.2858,true,true
5.0009,true,false
2.0395,true,true
2.3439,true,true
0.9382,true,true
4.0993,true,true
11.0285,true,true
5.4369,true,true
15.0220,true,true
6.3646,true,true
12.7362,true,true
0.7430,true,true
7.1815,true,true
1.2721,true,true
4.7989,true,true
13.7944,true,true
4.5385,true,true
10.9742,true,true
1.8500,true,true
1.4005,true,true
11.5888,true,true
4.9617,true,true
2.5805,true,true
8.2050,true,true
16.2463,true,true
15.2498,true,true
31.2545,true,true
10.5670,true,true
1.2664,true,true
6.0598,true,true
36.9814,true,true
2.6662,true,true
19.7001,true,false
27.0562,true,true
4.5035,true,true
14.6254,true,false
3.9954,true,true
13.8566,true,false
3.9341,true,false
2.5116,true,true
2.1045,true,true
0.8519,true,true
1.6179,true,true
1.7566,true,true
1.2217,true,true
0.8702,true,true
2.9966,true,true
2.0284,true,true
4.2095,true,true
0.7980,true,true
6.1946,true,false
2.3615,true,true
0.8524,true,true
3.8024,true,true
6.5960,true,true
2.0624,true,true
9.3938,true,true
3.1686,true,true
1.0205,true,true
2.4742,true,true
11.0607,true,true
4.4281,true,true
9.1914,true,true
3.1870,true,true
0.6616,true,true
1.3645,true,true
5.7322,true,true
12.1267,true,true
3.6357,true,true
11.7716,true,true
1.3414,true,true
1.6922,true,true
3.7663,true,true
1.8580,true,true
15.2347,true,true
1.2054,true,true
0.8619,true,true
1.8665,true,true
1.4441,true,true
9.3190,true,true
1.5516,true,true
1.2326,true,true
2.2670,true,true
0.7787,true,true
1.8518,true,true
3.3081,true,true
0.8155,true,true
11.3061,true,true
1.6163,true,false
1.3933,true,true
1.0361,true,true
7.6689,true,true
0.9107,true,true
2.2737,true,true
0.6578,true,true
2.4315,true,true
6.3483,true,true
3.2473,true,true
2.1512,true,true
9.9625,true,true
0.8120,true,true
3.2082,true,false
0.8816,true,true
6.1533,true,true
1.5603,true,true
1.3162,true,true
1.0252,true,true
1.6355,true,true
3.7178,true,false
2.3585,true,true
1.0613,true,true
1.6514,true,true
1.2819,true,true
8.7550,true,true
1.5942,true,true
2.3734,true,true
1.1537,true,true
8.8898,true,true
1.1925,true,true
2.4396,true,true
3.0501,true,false
6.8723,true,true
7.7322,true,true
5.8389,true,false
4.6954,true,false
3.4844,true,false
0.9918,true,true
1.7686,true,true
1.4601,true,true
5.6253,true,true
2.5036,true,true
1.5485,true,true
3.6887,true,false
1.3058,true,true
4.4392,true,false
5.9595,true,false
6.4381,true,true
1.6197,true,true
9.0867,true,false
6.3093,true,true
13.1689,true,true
8.3557,true,false
1.0910,true,true
1.6773,true,true
36.8080,true,true
13.2691,true,true
10.3590,true,true
3.9574,true,true
1.6188,true,true
3.7224,true,true
1.1605,true,true
0.9664,true,true
4.3919,true,false
0.8843,true,true
4.9617,true,false
2.3074,true,true
6.1027,true,true
3.4882,true,true
1.0014,true,true
10.8734,true,true
1.0196,true,true
1.6411,true,true
2.2473,true,false
0.6917,true,true
2.1066,true,true
0.7065,true,true
1.8637,true,true
3.0373,true,true
1.4806,true,true
3.2386,true,true
2.4085,true,true
4.7283,true,true
7.6741,true,true
2.4579,true,true
5.6932,true,true
1.1517,true,true
0.8022,true,true
1.4493,true,true
3.4934,true,true
1.5646,true,true
5.7870,true,true
1.2368,true,true
4.5461,true,false
2.0962,true,true
4.4155,true,true
1.8311,true,true
12.2844,true,true
3.1255,true,true
7.2676,true,true
2.4973,true,false
6.8434,true,false
1.2246,true,true
14.1297,true,true
2.2381,true,true
4.2576,true,true
0.9974,true,true
5.5294,true,true
0.8449,true,true
2.1283,true,true
0.9702,true,true
4.9846,true,false
7.1105,true,true
2.9611,true,true
7.6606,true,true
3.2699,true,true
1.0006,true,true
1.8496,true,true
1.4342,true,true
0.8837,true,true
1.7499,true,true
6.2882,true,false
3.3450,true,false
1.3180,true,true
0.9957,true,true
0.8024,true,true
2.5022,true,true
1.1728,true,true
8.2192,true,true
5.2685,true,false
3.5674,true,false
0.5477,true,true
3.5960,true,false
0.9096,true,true
1.5496,true,true
2.3161,true,true
0.6902,true,true
1.1681,true,true
0.7854,true,true
1.4038,true,true
0.9952,true,true
1.7455,true,true
2.1083,true,true
0.5500,true,false
2.8587,true,true
4.9123,true,true
1.5517,true,true
7.8868,true,true
6.8791,true,true
3.2768,true,false
0.7039,true,true
1.8565,true,true
5.9180,true,true
1.2043,true,true
1.7083,true,true
7.9613,true,true
7.0843,true,false
1.7661,true,true
4.4304,true,true
1.0178,true,true
6.0780,true,true
4.7138,true,true
2.4766,true,true
1.5451,true,true
1.2483,true,true
2.6714,true,true
1.6681,true,true
4.1307,true,false
1.7711,true,true
1.5477,true,true
7.9072,true,true
1.3349,true,true
1.0473,true,true
3.6512,true,true
6.0974,true,true
2.3163,true,true
10.9764,true,true
5.9173,true,true
3.0286,true,true
2.6214,true,false
9.7546,true,false
4.7942,true,true
9.8098,true,true
3.6829,true,true
1.1218,true,true
0.6512,true,true
2.4483,true,true
2.4089,true,true
0.8367,true,true
1.6744,true,true
5.6015,true,false
0.9793,true,true
2.1474,true,true
0.9804,true,true
11.3641,true,true
1.5881,true,true
12.1541,true,true
1.8814,true,true
1.6341,true,true
6.6621,true,true
0.9824,true,true
4.4097,true,true
11.8878,true,false
6.9260,true,true
1.2465,true,true
17.1788,true,true
8.4675,true,false
5.3456,true,true
13.1238,true,false
4.1751,true,false
24.7004,true,true
3.2232,true,true
12.6223,true,true
0.6212,true,true
3.4390,true,true
0.7805,true,true
5.3815,true,false
4.1153,true,true
6.8829,true,false
3.3158,true,false
6.6438,true,true
1.0415,true,true
7.3383,true,true
1.7673,true,false
1.4974,true,true
1.8549,true,true
1.4130,true,true
1.4195,true,true
0.9405,true,true
5.4468,true,false
1.5281,true,true
1.4906,true,true
1.2063,true,true
24.5342,true,true
12.3516,true,true
1.9167,true,true
1.6765,true,true
1.3930,true,false
4.8042,true,true
6.9664,true,false
4.4393,true,true
1.6080,true,true
12.7794,true,true
0.9069,true,true
10.5684,true,false
0.9297,true,true
2.8035,true,true
1.3883,true,true
1.3693,true,true
4.7400,true,true
1.2811,true,true
2.9011,true,true
6.6814,true,true
4.4930,true,false
1.1777,true,true
5.1580,true,true
3.5821,true,true
2.9159,true,true
2.2368,true,true
0.7539,true,true
1.3312,true,true
14.4441,true,true
1.5640,true,true
3.4352,true,true
0.8506,true,true
1.5948,true,true
1.1895,true,true
0.9946,true,true
1.5086,true,true
1.7611,true,true
2.9803,true,true
1.5752,true,true
2.6685,true,true
3.2196,true,true
1.4363,true,true
1.0592,true,true
3.1508,true,false
2.8120,true,true
2.7851,true,true
13.4799,true,true
4.3376,true,true
14.1351,true,true
3.9416,true,false
2.3610,true,true
4.8161,true,true
6.5589,true,true
2.6820,true,true
1.3735,true,true
10.1339,true,true
6.6803,true,true
10.3729,true,true
40.7137,true,true
11.5342,true,true
1.7766,true,true
8.3515,true,false
11.5664,true,true
5.9025,true,true
2.8709,true,true
21.7304,true,true
4.3394,true,true
7.6668,true,true
1.8602,true,true
5.5399,true,true
1.2942,true,true
0.7473,true,false
2.2423,true,true
0.8131,true,true
1.7393,true,true
2.9586,true,true
6.0932,true,true
6.2541,true,true
19.6585,true,true
4.1755,true,true
2.5555,true,true
1.0612,true,true
1.6374,true,true
1.6935,true,true
4.5888,true,true
1.8499,true,true
9.1149,true,true
1.5023,true,true
19.5523,true,true
3.7203,true,true
1.2646,true,true
5.1841,true,true
0.6525,true,true
4.8759,true,true
1.4506,true,true
5.2311,true,true
3.6075,true,true
10.0361,true,false
1.2528,true,true
4.7401,true,false
5.0965,true,true
2.1603,true,true
10.2533,true,true
2.4825,true,true
1.0056,true,true
1.6710,true,true
1.4316,true,true
1.0987,true,true
7.5792,true,true
3.5010,true,false
1.5577,true,true
1.9473,true,true
5.2084,true,true
2.1218,true,true
11.6356,true,true
0.8462,true,true
1.5896,true,true
1.2485,true,true
2.4710,true,true
1.0666,true,true
1.9428,true,true
1.6307,true,true
9.3359,true,true
2.8660,true,true
5.3885,true,false
3.7501,true,true
16.5232,true,true
8.4311,true,true
5.5469,true,true
11.9615,true,true
3.1308,true,true
2.3651,true,true
2.5080,true,true
1.2009,true,true
23.5602,true,true
2.0782,true,true
5.2435,true,true
2.3485,true,true
1.0011,true,true
1.7035,true,true
1.9269,true,true
2.2662,true,true
9.4778,true,true
0.7664,true,true
1.5072,true,true
1.2216,true,true
4.0172,true,true
2.4995,true,true
1.0170,true,true
1.5718,true,true
1.3171,true,true
1.0111,true,true
3.5993,true,true
1.6173,true,true
1.1937,true,true
3.2640,true,false
0.7327,true,true
2.7739,true,false
1.8519,true,true
2.0341,true,true
5.9401,true,true
1.7778,true,true
1.5758,true,true
10.3508,true,true
1.3344,true,true
1.1625,true,true
0.9622,true,true
7.5563,true,false
3.4226,true,false
0.9227,true,true
2.1856,true,true
0.6843,true,true
5.0214,true,true
16.0218,true,true
1.0742,true,true
7.3419,true,false
24.9319,true,true
1.8476,true,true
5.9268,true,false
12.4010,true,true
19.0740,true,true
3.0279,true,true
10.2909,true,true
1.7855,true,true
9.7770,true,false
1.5081,true,true
1.2486,true,true
6.4048,true,true
0.9671,true,true
6.7405,true,true
8.2371,true,true
3.4570,true,true
7.1079,true,false
0.9308,true,true
1.6826,true,true
1.2750,true,true
0.9541,true,true
4.2580,true,false
1.5335,true,true
2.8528,true,true
2.9218,true,false
1.4600,true,true
3.6542,true,true
1.6171,true,true
14.1846,true,true
11.4080,true,false
6.3991,true,true
10.4434,true,true
0.7815,true,true
1.6122,true,true
2.2190,true,true
14.7178,true,true
3.9859,true,false
1.4220,true,true
0.9592,true,true
1.6970,true,true
5.1982,true,false
1.0963,true,true
5.7906,true,true
1.6753,true,true
1.6407,true,true
1.4759,true,true
1.3764,true,true
5.5588,true,false
1.0114,true,true
11.4281,true,true
3.7575,true,true
1.2632,true,true
5.6004,true,true
3.0284,true,true
1.5159,true,true
2.3863,true,true
3.1344,true,true
6.4043,true,true
2.7360,true,true
1.7459,true,true
2.0938,true,true
1.2658,true,true
3.2528,true,false
1.2938,true,true
0.8384,true,true
1.5874,true,true
6.8313,true,false
1.0338,true,true
3.9000,true,false
2.9038,true,true
1.5778,true,true
13.0118,true,true
1.1429,true,true
12.1370,true,true
5.8698,true,true
3.4472,true,false
3.1881,true,false
0.7147,true,true
6.3935,true,true
0.8168,true,true
10.3622,true,true
1.7421,true,false
3.7242,true,false
1.1512,true,true
2.7218,true,true
1.3807,true,true
1.2687,true,false
0.9811,true,true
1.6411,true,true
1.3674,true,true
0.8845,true,true
1.4287,true,true
3.5179,true,true
1.0236,true,true
6.2667,true,false
0.5655,true,true
3.2608,true,false
0.7510,true,true
2.9720,true,true
1.4128,true,false
2.0508,true,true
8.4508,true,true
0.8165,true,true
4.2448,true,true
0.5604,true,true
1.2818,true,true
4.9157,true,false
1.4538,true,true
3.4102,true,false
3.8519,true,true
7.1448,true,true
11.0373,true,true
3.7674,true,false
3.8263,true,true
1.1407,true,true
0.7856,true,true
3.3952,true,true
1.3957,true,true
1.0338,true,true
1.6909,true,true
3.8838,true,true
1.1869,true,true
0.9560,true,true
5.3444,true,false
1.5386,true,true
9.6045,true,true
1.2799,true,true
4.1197,true,true
15.0128,true,false
27.9765,true,true
18.9173,true,true
1.1246,true,true
5.5986,true,false
44.5445,true,true
10.5952,true,true
1.3158,true,true
27.6071,true,true
1.0437,true,true
1.5897,true,true
11.7570,true,true
3.0464,true,true
9.4476,true,false
0.7434,true,true
1.5311,true,true
14.1017,true,true
8.4513,true,true
0.8058,true,true
1.4886,true,true
3.2197,true,false
1.0970,true,true
3.2393,true,true
10.4610,true,true
0.8909,true,true
6.8800,true,true
4.3272,true,false
2.4323,true,true
0.8138,true,true
1.3254,true,true
1.3840,true,true
1.3406,true,true
9.0550,true,true
4.1918,true,false
5.0972,true,false
2.1313,true,true
1.1868,true,true
2.6624,true,true
1.4019,true,true
11.0685,true,true
4.3059,true,true
1.2659,true,true
1.0459,true,true
6.9427,true,true
1.1399,true,true
0.6311,true,true
2.8906,true,true
3.6088,true,false
2.1113,true,true
7.9548,true,true
3.1594,true,false
4.0364,true,false
1.4836,true,true
1.1624,true,true
2.3478,true,true
5.2420,true,true
2.8165,true,true
2.3949,true,true
2.0968,true,true
8.3702,true,true
5.9612,true,true
3.8993,true,true
1.3968,true,true
2.5956,true,false
2.4514,true,true
2.8545,true,true
10.6801,true,true
3.2520,true,true
13.5382,true,true
3.9413,true,true
2.0338,true,true
5.4016,true,true
10.3067,true,true
2.3664,true,true
22.3529,true,true
0.8498,true,true
2.3743,true,true
2.5380,true,true
2.9069,true,false
3.2999,true,false
1.3207,true,true
1.0107,true,true
1.8186,true,true
1.4056,true,true
2.6738,true,true
8.2470,true,false
4.2352,true,false
2.9227,true,true
1.4585,true,true
1.7400,true,true
7.7248,true,true
5.7048,true,true
4.0193,true,true
4.0250,true,true
6.7413,true,false
3.1132,true,true
1.2292,true,true
8.6647,true,true
21.4789,true,true
1.3666,true,true
0.9200,true,true
1.7042,true,true
2.5843,true,false
1.1515,true,true
0.7111,true,true
3.7838,true,false
2.0941,true,true
6.0312,true,true
1.5726,true,true
1.9796,true,true
18.0293,true,true
2.5823,true,true
1.3654,true,true
4.9207,true,true
1.4865,true,true
1.0347,true,true
8.6604,true,true
14.3346,true,true
2.3186,true,true
14.2465,true,false
21.0908,true,true
2.5347,true,true
11.9847,true,true
24.7825,true,true
15.6366,true,false
9.4665,true,false
0.9486,true,true
6.9303,true,true
1.6767,true,true
8.6414,true,false
10.1358,true,false
1.0827,true,true
5.3703,true,true
0.9961,true,true
5.1617,true,false
3.9246,true,false
1.3630,true,true
2.1726,true,true
2.8627,true,true
1.5093,true,false
11.8744,true,true
1.0627,true,true
1.3190,true,true
2.6728,true,true
1.0927,true,true
0.6573,true,true
6.7739,true,true
1.3624,true,true
8.2648,true,true
1.9538,true,true
8.7284,true,false
3.7312,true,true
2.7760,true,true
12.2494,true,true
2.9754,true,false
5.6612,true,true
5.2146,true,true
8.8614,true,false
2.6505,true,true
6.2233,true,true
5.9086,true,true
1.3737,true,true
5.3388,true,true
3.8839,true,false
3.9167,true,false
1.3788,true,true
1.0687,true,true
0.7836,true,true
1.2887,true,true
4.8581,true,false
3.7916,true,true
1.1999,true,true
0.9947,true,true
1.8451,true,true
10.4459,true,true
1.9659,true,true
2.9569,true,false
1.4914,true,true
1.0620,true,true
1.5896,true,false
1.1884,true,true
2.2612,true,true
0.7888,true,true
1.6911,true,true
6.1463,true,true
2.9673,true,true
7.2471,true,true
1.7393,true,true
7.3444,true,false
4.8138,true,true
2.0442,true,true
11.5426,true,true
0.7072,true,true
1.2528,true,true
1.1446,true,true
2.4227,true,true
1.2430,true,true
5.9316,true,true
10.4002,true,true
3.6665,true,true
1.3331,true,true
12.0744,true,false
9.4891,true,false
1.4032,true,true
1.2288,true,true
4.4929,true,false
3.7337,true,true
5.8495,true,true
2.1873,true,true
8.3844,true,false
2.6631,true,true
4.0234,true,false
5.0896,true,true
1.9961,true,true
11.7157,true,true
1.0745,true,true
6.5488,true,true
0.6650,true,true
1.1807,true,false
2.4245,true,true
5.7552,true,true
1.0043,true,true
1.6510,true,true
1.3759,true,false
1.0132,true,true
1.6659,true,true
1.2945,true,true
1.0085,true,true
1.7595,true,true
9.7268,true,true
1.0046,true,true
3.6036,true,true
1.0616,true,true
3.3523,true,true
0.6391,true,true
1.4040,true,true
2.0814,true,true
1.8282,true,true
12.9847,true,true
1.2565,true,true
8.8549,true,true
10.8233,true,true
35.2122,true,true
1.8137,true,true
16.2597,true,true
22.8013,true,true
1.8589,true,true
10.3522,true,false
29.2797,true,true
2.4227,true,true
21.7916,true,false
1.9107,true,true
9.5157,true,false
2.0361,true,true
1.6538,true,true
18.2009,true,true
1.2328,true,true
31.4252,true,true
0.7587,true,true
1.3940,true,true
1.1218,true,true
1.8019,true,false
2.6915,true,true
6.3953,true,false
10.4905,true,true
16.8848,true,true
14.3018,true,true
4.5192,true,true
4.4584,true,true
1.4953,true,true
3.2176,true,true
0.6441,true,true
7.0980,true,true
2.3281,true,true
0.8166,true,true
1.2804,true,true
0.8612,true,true
1.5018,true,true
2.8340,true,false
4.8546,true,true
1.5627,true,true
8.3471,true,false
1.2245,true,true
10.4562,true,true
1.8626,true,true
2.2520,true,true
8.6066,true,true
6.1792,true,true
17.5812,true,true
1.7212,true,true
5.1906,true,false
0.5185,true,true
1.2846,true,true
5.0564,true,false
1.9984,true,true
0.6945,true,true
1.1936,true,true
0.6938,true,true
1.6037,true,true
5.8714,true,true
2.9638,true,true
1.6336,true,true
12.6530,true,true
0.7260,true,true
10.5800,true,false
0.9716,true,true
1.4727,true,true
2.1573,true,false
3.0818,true,false
1.5644,true,true
1.3607,true,true
3.9504,true,true
0.9833,true,true
1.5138,true,true
1.0859,true,true
0.7597,true,true
1.5509,true,true
6.4005,true,true
4.3107,true,true
1.9716,true,true
5.7213,true,true
1.1438,true,true
0.9624,true,true
1.6574,true,true
1.5167,true,true
1.2160,true,true
5.1349,true,true
2.2884,true,true
3.7276,true,false
4.3341,true,true
2.5710,true,true
1.9518,true,true
6.5075,true,false
1.5160,true,true
11.3497,true,true
5.2314,true,true
0.9042,true,true
13.5281,true,true
1.5866,true,true
4.4514,true,true
1.7647,true,true
1.3455,true,true
1.4858,true,true
2.6071,true,true
5.8710,true,true
1.1265,true,true
0.6639,true,true
1.2449,true,true
6.4400,true,true
2.7251,true,true
17.1161,true,false
29.1046,true,true
13.5807,true,true
26.7775,true,true
33.0548,true,false
18.4586,true,false
7.0277,true,false
3.9408,true,true
4.1862,true,true
1.8772,true,true
1.7707,true,true
37.6545,true,true
23.5732,true,true
2.0762,true,true
6.6597,true,false
2.9979,true,false
1.4625,true,true
2.7053,true,true
2.5668,true,true
2.5946,true,true
6.8281,true,false
4.5403,true,false
2.0245,true,true
0.7215,true,true
8.3307,true,true
2.9818,true,true
1.4896,true,true
1.1460,true,true
0.7337,true,true
2.7531,true,true
2.7691,true,false
2.4179,true,false
5.3827,true,true
2.3871,true,true
0.8703,true,true
2.2654,true,true
0.7686,true,true
9.1220,true,true
10.5841,true,false
14.7659,true,true
2.3767,true,true
7.9256,true,false
4.2406,true,true
1.5986,true,true
1.6645,true,true
1.2888,true,true
6.0049,true,true
1.4162,true,true
1.8801,true,false
30.5983,true,true
1.0235,true,true
1.7190,true,true
1.5982,true,false
1.2604,true,true
5.5609,true,true
3.2834,true,true
0.7203,true,true
9.0394,true,true
3.8107,true,false
1.7583,true,true
9.4341,true,true
4.0611,true,true
1.7320,true,true
1.3492,true,false
0.9612,true,true
1.6749,true,true
1.2367,true,true
0.9171,true,true
4.4159,true,false
1.6245,true,true
1.1177,true,true
0.7471,true,true
3.8026,true,true
1.8179,true,true
11.6760,true,true
8.8219,true,false
7.4019,true,true
1.4862,true,true
5.8866,true,true
2.6932,true,true
2.7918,true,false
1.4507,true,true
6.5404,true,true
3.5915,true,false
0.9974,true,true
3.1880,true,false
0.7131,true,false
5.0922,true,true
4.9800,true,true
2.8310,true,true
1.3298,true,false
1.8305,true,true
5.6957,true,true
1.1027,true,true
3.6976,true,true
1.5285,true,true
7.0900,true,true
4.1582,true,true
2.4684,true,true
8.8134,true,true
2.6728,true,true
1.8290,true,true
3.2682,true,false
0.7170,true,true
1.4354,true,true
3.5934,true,true
2.0309,true,false
3.1946,true,true
0.6691,true,true
4.7019,true,true
1.4898,true,true
1.2571,true,true
5.7493,true,false
4.6059,true,true
1.9133,true,true
10.8436,true,false
1.4004,true,true
12.7400,true,false
4.1383,true,true
1.1331,true,true
10.8053,true,true
14.1508,true,true
1.7621,true,true
1.9309,true,true
7.3924,true,true
0.9258,true,true
6.0801,true,true
4.0422,true,true
10.4020,true,true
1.8648,true,true
37.1336,true,true
3.8538,true,true
9.2182,true,true
4.3371,true,true
1.7353,true,false
21.0258,true,true
3.2467,true,true
0.7110,true,true
2.6713,true,true
2.7958,true,false
1.3438,true,false
1.2867,true,true
14.1784,true,true
1.2996,true,true
1.0340,true,true
1.9101,true,true
1.6010,true,true
1.5893,true,true
8.5463,true,true
2.8081,true,true
9.6108,true,false
0.9424,true,true
5.3282,true,true
3.1812,true,true
0.6258,true,true
5.3910,true,false
0.8949,true,true
4.4782,true,false
2.4733,true,false
3.0982,true,true
10.5245,true,true
2.7359,true,true
1.3577,true,true
3.9675,true,true
7.1097,true,true
3.9066,true,true
1.4469,true,true
2.9980,true,true
28.9117,true,true
4.0590,true,true
1.5068,true,true
1.1716,true,true
3.5639,true,true
1.9922,true,true
4.7580,true,true
2.9197,true,true
1.4614,true,true
3.1419,true,true
0.5653,true,true
3.7551,true,true
11.7387,true,true
2.4945,true,true
15.8258,true,false
11.3772,true,true
7.7592,true,true
10.9546,true,true
2.8017,true,true
13.5329,true,true
10.5298,true,false
25.4416,true,true
11.9529,true,false
11.7931,true,true
1.9778,true,true
8.3251,true,true
3.2559,true,true
8.1538,true,true
4.2870,true,true
2.1705,true,true
1.5707,true,true
26.6536,true,true
1.9251,true,true
14.8565,true,false
12.3524,true,true
38.2947,true,true
2.4866,true,true
1.0501,true,true
1.8074,true,true
1.8906,true,true
1.7549,true,true
4.9041,true,true
1.3423,true,true
2.6010,true,true
1.1154,true,true
0.5977,true,true
1.1637,true,true
0.8609,true,true
1.4207,true,true
1.0128,true,true
4.3138,true,false
1.8440,true,true
4.4154,true,true
16.9389,true,true
7.8916,true,false
1.9905,true,true
16.4690,true,true
1.7328,true,false
5.4864,true,true
0.9572,true,true
14.4097,true,true
1.5371,true,true
3.3042,true,false
1.8927,true,true
2.8932,true,true
6.1571,true,true
1.6338,true,true
5.7951,true,true
2.1382,true,true
3.1739,true,true
0.6564,true,true
1.1478,true,false
0.8237,true,true
4.6915,true,true
4.8381,true,true
11.8953,true,false
3.4051,true,true
10.2179,true,false
0.9373,true,true
1.4955,true,true
4.1710,true,true
4.6777,true,true
1.5939,true,true
1.1463,true,true
3.7163,true,false
2.1697,true,true
2.0307,true,true
2.0862,true,true
9.3199,true,false
6.6230,true,true
1.0466,true,true
0.7055,true,true
4.0178,true,true
1.5104,true,true
7.2712,true,true
3.6395,true,true
1.1111,true,true
0.6423,true,true
4.9817,true,false
4.8062,true,true
1.8504,true,true
1.6291,true,true
1.3414,true,true
2.6527,true,true
4.5492,true,true
2.3040,true,false
0.7060,true,true
1.2745,true,true
0.8519,true,true
1.4683,true,true
1.0506,true,true
1.7152,true,true
1.3951,true,true
1.3298,true,true
4.8756,true,false
1.4055,true,true
0.8934,true,true
3.7427,true,true
3.0109,true,true
2.8598,true,true
1.4786,true,true
6.7701,true,true
2.5619,true,true
3.4718,true,true
0.8810,true,true
3.0265,true,true
1.5184,true,true
7.4575,true,true
1.5389,true,true
1.3387,true,true
7.8886,true,true
3.6887,true,false
1.6255,true,true
1.6766,true,true
3.4803,true,false
0.9082,true,true
1.5119,true,true
3.6565,true,true
1.9737,true,true
2.9000,true,false
1.8292,true,true
1.4711,true,true
2.9216,true,true
16.2622,true,true
3.7795,true,false
2.6291,true,true
13.8192,true,true
2.7048,true,true
19.6257,true,true
10.9290,true,true
9.4972,true,true
1.2562,true,true
0.9784,true,true
11.6961,true,false
8.9946,true,true
1.1297,true,true
0.8133,true,true
1.5063,true,true
5.3898,true,true
0.7190,true,true
2.1985,true,true
1.4339,true,true
5.1844,true,true
1.8478,true,true
14.5738,true,true
8.3863,true,true
18.5388,true,true
6.5033,true,true
0.8523,true,true
4.6514,true,true
1.2626,true,true
16.9354,true,true
2.2794,true,true
0.7550,true,true
1.4325,true,true
1.0405,true,true
1.6822,true,true
1.4245,true,true
1.1118,true,true
0.6051,true,true
1.3665,true,true
5.0449,true,false
1.5559,true,true
1.8166,true,true
3.5959,true,false
3.0164,true,true
9.2919,true,true
5.2864,true,true
0.8425,true,true
7.1780,true,true
1.9983,true,false
2.3647,true,true
12.5287,true,true
1.9716,true,true
2.3850,true,true
2.6305,true,true
7.4562,true,true
3.5741,true,true
5.0723,true,false
5.8989,true,true
6.2177,true,true
0.8498,true,true
5.5841,true,true
4.0465,true,true
1.1433,true,true
0.7844,true,true
2.2782,true,true
5.1871,true,true
6.6158,true,true
3.8759,true,true
4.9470,true,true
1.8742,true,true
1.6517,true,true
6.5351,true,true
4.4870,true,false
3.6226,true,true
2.1137,true,true
1.8754,true,true
9.7320,true,true
1.1460,true,true
6.6519,true,false
0.8097,true,true
6.7685,true,true
1.2684,true,true
1.1640,true,true
5.7227,true,false
12.3512,true,true
1.6759,true,true
1.1570,true,true
0.7745,true,true
11.5423,true,true
0.6647,true,true
1.4290,true,true
1.5461,true,true
1.3146,true,true
8.7058,true,false
2.9791,true,true
1.5857,true,true
6.6004,true,false
4.8876,true,false
2.3852,true,true
5.6129,true,true
10.2668,true,true
4.0148,true,false
7.3552,true,false
4.3470,true,false
1.9835,true,true
6.8479,true,true
1.6753,true,true
1.3631,true,true
1.0079,true,true
1.9871,true,true
6.1668,true,false
3.0966,true,true
4.9649,true,false
2.8628,true,true
1.5575,true,true
9.8360,true,true
1.5862,true,true
1.3222,true,true
5.8967,true,true
2.9662,true,true
3.0623,true,true
6.5334,true,true
2.6811,true,true
11.8123,true,true
1.5201,true,true
17.3970,true,true
5.1759,true,true
13.2597,true,true
1.1901,true,true
2.1160,true,true
0.5472,true,true
1.3112,true,true
0.9155,true,true
1.5612,true,true
1.1265,true,true
1.2135,true,true
3.9268,true,true
2.5397,true,true
5.8129,true,false
4.3201,true,true
0.9791,true,true
4.2280,true,true
0.7316,true,true
3.5819,true,false
1.1475,true,true
0.8985,true,true
5.0402,true,true
3.1257,true,true
8.0991,true,true
2.7907,true,false
3.0178,true,true
2.8422,true,true
1.4430,true,true
1.3932,true,true
0.9871,true,true
1.5822,true,true
1.4957,true,true
2.2617,true,true
2.1400,true,false
22.0685,true,true
0.8703,true,true
4.2732,true,false
1.4782,true,true
1.5258,true,true
5.6858,true,false
1.5534,true,true
1.6670,true,true
8.1648,true,true
5.2523,true,true
3.8945,true,true
0.8805,true,true
1.5244,true,true
1.3565,true,true
0.9303,true,false
30.2314,true,true
2.4801,true,false
1.5526,true,true
1.3887,true,true
7.7875,true,false
3.2390,true,true
0.7692,true,true
4.9854,true,true
1.9750,true,false
1.6180,true,true
1.2412,true,true
0.8050,true,true
1.4545,true,true
1.0379,true,true
0.8536,true,true
4.7786,true,true
2.6964,true,true
6.5685,true,false
1.2754,true,true
5.3782,true,false
2.5069,true,true
6.7194,true,true
1.0990,true,true
0.5432,true,true
7.3572,true,true
1.4549,true,true
10.7580,true,true
1.4412,true,true
7.7453,true,false
9.5845,true,true
2.5679,true,true
9.4658,true,false
7.1280,true,false
2.9915,true,true
16.5829,true,true
7.4891,true,false
16.3330,true,true
10.1046,true,false
3.8707,true,true
1.3478,true,true
8.3503,true,true
27.4734,true,true
0.9725,true,true
4.1429,true,true
1.6110,true,true
1.2194,true,true
4.2688,true,true
6.1965,true,false
3.0953,true,false
1.6401,true,true
4.7661,true,true
16.4820,true,true
2.3246,true,true
6.5360,true,true
4.3543,true,true
0.8960,true,true
8.6936,true,true
5.8828,true,false
5.7142,true,true
3.9259,true,true
1.0810,true,true
15.4228,true,false
3.4848,true,true
1.0541,true,true
31.0996,true,true
4.5399,true,true
1.5781,true,false
1.2345,true,true
0.9860,true,true
2.3072,true,true
0.6832,true,true
1.3105,true,true
0.7627,true,true
1.2421,true,false
0.9428,true,false
6.0275,true,true
4.7195,true,true
3.0035,true,true
2.1192,true,true
1.0676,true,true
0.7069,true,true
1.2211,true,false
3.6736,true,true
1.4489,true,true
5.9762,true,true
11.6452,true,true
1.7781,true,true
1.6880,true,true
18.0411,true,true
15.3955,true,true
3.9418,true,true
13.5639,true,false
1.6289,true,true
26.5414,true,true
1.2614,true,true
4.5029,true,true
0.9235,true,true
3.9759,true,true
7.1245,true,true
5.4819,true,true
3.7599,true,true
1.0293,true,true
3.1897,true,true
0.6847,true,true
7.9028,true,true
1.3145,true,true
0.7756,true,true
1.5160,true,true
2.0895,true,true
5.6682,true,true
1.0177,true,true
2.3180,true,true
1.9270,true,true
3.9981,true,true
10.3160,true,true
1.7699,true,true
11.1234,true,true
17.4113,true,true
2.3836,true,true
2.3129,true,true
0.8564,true,true
1.5848,true,true
1.6935,true,true
2.0204,true,true
10.9067,true,true
1.6023,true,true
10.0433,true,true
8.0057,true,false
4.3758,true,false
7.6947,true,false
2.7992,true,true
4.3811,true,false
9.1062,true,true
3.7710,true,true
1.3077,true,true
11.2822,true,false
1.4977,true,true
8.2121,true,true
6.3794,true,false
1.4156,true,true
5.4702,true,false
1.0048,true,true
4.2843,true,true
2.9364,true,true
1.6187,true,true
1.4432,true,true
1.3020,true,true
6.3449,true,true
1.0742,true,true
10.5727,true,false
1.3410,true,true
30.4514,true,true
3.3150,true,true
0.8376,true,true
17.5433,true,true
4.7155,true,true
5.3660,true,true
1.3793,true,true
5.1784,true,true
2.7475,true,true
1.1794,true,true
7.8758,true,false
1.5745,true,true
6.6575,true,false
1.0819,true,true
10.5244,true,true
3.2015,true,true
0.5967,true,true
1.2495,true,true
4.7365,true,false
4.4644,true,true
1.8325,true,true
1.4359,true,true
3.4261,true,false
0.8530,true,true
1.6153,true,true
7.3672,true,true
6.7719,true,false
3.1781,true,true
6.8249,true,true
1.3264,true,true
4.6674,true,false
5.5273,true,false
3.9444,true,false
1.3703,true,true
8.4922,true,true
1.1868,true,true
0.9306,true,true
1.5767,true,true
5.8471,true,false
10.6822,true,true
3.5105,true,true
10.9318,true,true
14.0837,true,true
7.8449,true,false
2.9855,true,true
6.2539,true,false
0.5183,true,true
3.9367,true,true
1.4872,true,true
9.3182,true,false
3.4442,true,true
0.9524,true,true
2.3190,true,true
1.0808,true,true
6.3862,true,true
0.5934,true,true
1.1376,true,true
1.2790,true,true
1.0360,true,true
0.7172,true,true
4.7333,true,true
12.7106,true,true
0.9867,true,true
4.9953,true,false
3.9433,true,true
5.2322,true,true
7.7109,true,true
7.3296,true,true
2.1390,true,true
0.9588,true,true
1.4958,true,true
3.0448,true,true
17.3726,true,true
2.2324,true,true
4.1780,true,false
7.7718,true,false
2.7077,true,true
6.1765,true,true
1.5528,true,true
1.2668,true,true
3.3428,true,false
0.8074,true,true
2.5059,true,true
5.2627,true,false
1.3234,true,true
10.6170,true,true
1.1930,true,true
8.2609,true,true
11.5436,true,true
22.4111,true,true
1.7243,true,true
12.8173,true,false
0.9571,true,true
10.5600,true,true
7.5835,true,false
3.8736,true,true
1.1406,true,true
0.9361,true,true
5.6722,true,true
3.2464,true,false
0.6237,true,true
1.3954,true,true
1.2535,true,true
1.7637,true,true
1.4216,true,true
1.0453,true,true
1.7730,true,true
1.3395,true,true
5.0495,true,true
1.8521,true,true
5.5812,true,true
1.0042,true,true
1.8143,true,true
6.7710,true,false
1.4184,true,true
5.2538,true,false
2.7863,true,true
1.9112,true,true
8.6448,true,false
7.5570,true,true
14.1555,true,true
2.7323,true,true
1.2512,true,true
1.5279,true,false
8.8271,true,true
4.4039,true,true
1.6598,true,true
1.6316,true,true
4.8829,true,true
1.2975,true,true
1.3069,true,true
1.2084,true,true
7.4815,true,true
5.3759,true,true
0.9991,true,true
7.1159,true,true
1.3781,true,true
1.7334,true,true
1.9617,true,true
6.9209,true,false
4.1660,true,true
13.8457,true,true
5.6430,true,true
3.6417,true,true
11.9850,true,false
1.2726,true,true
8.3682,true,true
37.0078,true,true
8.2921,true,true
2.1032,true,true
6.9425,true,true
0.7903,true,true
4.8393,true,true
15.2728,true,true
2.0702,true,true
5.8561,true,false
2.0075,true,true
2.1080,true,true
1.0753,true,true
8.4965,true,true
0.7289,true,true
1.3495,true,true
1.0571,true,true
1.6616,true,true
1.3271,true,true
1.0015,true,true
4.7426,true,true
1.1860,true,true
0.9410,true,true
5.1924,true,true
2.2740,true,true
3.0320,true,false
1.6811,true,true
14.2853,true,true
22.0508,true,true
1.1206,true,true
1.5236,true,true
8.5566,true,false
1.3914,true,true
1.0357,true,true
4.5032,true,false
1.7248,true,true
1.3570,true,true
2.3195,true,true
2.8080,true,true
2.5608,true,true
1.2534,true,true
17.2277,true,true
12.3062,true,true
1.4428,true,true
2.6549,true,true
2.6564,true,true
3.1797,true,true
9.7589,true,true
4.1376,true,false
3.9160,true,true
9.9767,true,true
4.0003,true,false
1.2887,true,true
21.3392,true,true
1.4218,true,true
4.7039,true,true
1.3778,true,true
6.1428,true,true
1.4754,true,true
1.1089,true,true
0.5255,true,true
1.7789,true,true
3.0235,true,false
4.3409,true,true
7.5709,true,true
3.9315,true,false
13.8286,true,true
1.1002,true,true
4.9749,true,false
5.3556,true,true
9.1161,true,false
1.7674,true,true
1.4826,true,true
9.0375,true,true
13.1822,true,true
2.7631,true,true
1.5786,true,true
1.3737,true,true
5.9940,true,false
12.3599,true,true
1.6420,true,true
5.5920,true,false
1.5385,true,true
9.0568,true,true
3.0407,true,true
1.5440,true,true
1.1660,true,true
4.0321,true,true
2.1573,true,true
2.2199,true,true
2.8422,true,false
1.3256,true,true
0.9556,true,true
1.4608,true,true
0.9588,true,true
3.7907,true,true
1.7053,true,true
8.0027,true,true
1.9080,true,true
6.5772,true,true
4.6313,true,false
2.3109,true,true
0.8583,true,true
2.8316,true,true
10.0466,true,true
3.2468,true,true
3.0571,true,true
9.9764,true,false
1.1230,true,true
3.5847,true,true
1.1096,true,true
2.8438,true,true
2.7393,true,true
1.2763,true,true
2.2544,true,true
4.0176,true,true
17.5537,true,true
24.1489,true,true
21.5175,true,false
3.1072,true,true
28.7845,true,true
1.9077,true,true
11.8252,true,true
18.1927,true,false
17.0648,true,true
5.0359,true,true
1.9117,true,true
1.4230,true,true
2.6854,true,true
2.3782,true,true
0.8613,true,true
2.0293,true,true
1.7493,true,true
4.5205,true,true
5.5086,true,false
1.6244,true,true
10.2162,true,true
2.9284,true,true
10.4836,true,true
1.5253,true,false
21.7459,true,true
4.7307,true,true
1.2994,true,true
5.2987,true,true
0.7572,true,true
16.9670,true,true
3.2077,true,true
1.4017,true,true
4.7555,true,true
4.9786,true,true
2.7766,true,true
3.0912,true,false
0.8987,true,true
6.0527,true,true
2.4423,true,true
0.9758,true,true
5.5574,true,true
2.6545,true,true
10.4403,true,false
8.1405,true,false
2.6982,true,true
1.5328,true,true
8.6457,true,true
5.6644,true,true
1.1618,true,true
4.4142,true,true
2.1945,true,true
1.6383,true,true
16.5246,true,true
1.5060,true,true
5.6095,true,false
1.7957,true,true
11.3940,true,true
3.9766,true,true
13.6936,true,true
18.3552,true,true
3.1908,true,true
1.8075,true,true
10.6059,true,true
1.9215,true,true
5.0700,true,true
13.2404,true,false
1.5548,true,true
26.9349,true,true
6.3965,true,true
2.9272,true,false
2.3105,true,true
0.8885,true,true
7.2377,true,false
1.6919,true,true
2.0533,true,true
4.1445,true,false
3.5095,true,false
6.9920,true,true
0.8332,true,true
3.8712,true,true
2.3904,true,true
7.3839,true,false
0.8587,true,true
6.5181,true,true
5.1570,true,false
6.5532,true,true
0.8168,true,true
4.8935,true,true
13.2864,true,true
1.2943,true,true
3.5124,true,true
0.9066,true,true
3.1119,true,true
4.0250,true,true
4.0678,true,true
1.9993,true,true
6.0447,true,true
10.9423,true,true
2.7160,true,true
21.4420,true,true
5.8741,true,true
2.9338,true,true
1.4067,true,true
32.4097,true,true
2.2138,true,true
3.5873,true,true
0.9029,true,true
2.1159,true,true
0.7166,true,true
1.6670,true,true
1.3651,true,true
1.1207,true,true
2.5388,true,true
1.3090,true,true
8.4374,true,false
0.8728,true,true
5.2216,true,false
2.7071,true,false
7.1784,true,true
1.9293,true,true
3.3720,true,true
2.5359,true,false
12.7080,true,true
3.0026,true,true
4.4905,true,true
1.4816,true,true
8.6897,true,true
4.2272,true,true
1.5704,true,true
1.7966,true,true
14.7008,true,true
0.6904,true,true
1.1595,true,true
0.6940,true,true
4.4528,true,false
0.9909,true,true
1.7308,true,true
2.5755,true,true
1.0297,true,true
0.8198,true,true
7.7705,true,true
4.4941,true,true
1.3966,true,true
5.4967,true,true
0.9530,true,true
5.8189,true,true
2.5748,true,true
1.8829,true,true
8.5150,true,true
2.4798,true,false
0.9842,true,true
2.4174,true,true
2.1314,true,true
0.8174,true,true
1.3847,true,true
2.5049,true,false
1.0649,true,true
1.9956,true,true
2.0260,true,true
6.4774,true,true
0.8021,true,true
1.5499,true,true
5.3122,true,false
0.9951,true,true
1.7499,true,true
1.3957,true,true
1.0470,true,true
0.5705,true,true
2.0328,true,true
1.7723,true,true
1.9918,true,true
1.5792,true,true
3.0595,true,true
1.6216,true,true
1.4458,true,true
5.9771,true,true
12.0562,true,true
10.5681,true,true
4.4135,true,true
8.2259,true,true
2.8508,true,true
2.1489,true,true
9.4000,true,true
1.6541,true,true
17.6017,true,false
14.5568,true,true
24.7649,true,true
3.5297,true,false
2.5823,true,true
3.1616,true,false
3.6589,true,true
1.1769,true,true
10.8864,true,true
5.3662,true,true
4.1846,true,true
1.0961,true,false
11.1875,true,true
1.5827,true,true
4.3081,true,false
1.2946,true,true
8.7446,true,true
1.7277,true,true
1.6850,true,true
1.3604,true,true
7.6276,true,true
2.6932,true,true
1.4707,true,true
8.2739,true,true
3.3056,true,true
28.8360,true,true
0.8401,true,true
4.6510,true,true
4.4737,true,true
2.5586,true,true
1.1915,true,true
11.3654,true,true
15.3685,true,true
3.6503,true,true
1.1153,true,false
1.3518,true,true
1.7822,true,true
3.2697,true,true
0.9399,true,true
4.2507,true,true
0.7470,true,true
1.3845,true,true
1.0063,true,true
1.5210,true,true
7.0139,true,true
1.6932,true,true
4.9253,true,false
13.6332,true,true
1.9809,true,true
19.5203,true,true
8.3388,true,true
3.6754,true,true
2.4004,true,true
0.8817,true,true
2.1629,true,true
0.7390,true,true
3.6978,true,false
2.1927,true,true
0.8760,true,true
11.4785,true,true
2.3526,true,true
11.2481,true,true
5.6597,true,true
1.0926,true,false
5.7489,true,false
2.8237,true,true
5.9061,true,true
3.8163,true,true
2.0757,true,true
0.5926,true,true
12.9420,true,true
0.9753,true,true
6.2888,true,true
0.5665,true,true
9.0535,true,true
1.8482,true,false
5.2659,true,true
2.2919,true,false
1.3526,true,true
2.6986,true,true
1.1835,true,true
9.0623,true,false
5.3280,true,true
8.4992,true,true
5.3953,true,true
11.4930,true,true
0.7564,true,true
13.8046,true,true
1.7215,true,true
6.2967,true,true
12.6917,true,true
2.7285,true,true
3.9511,true,true
1.3338,true,true
2.3913,true,true
5.7267,true,true
1.7925,true,true
1.7917,true,true
14.5615,true,true
8.6975,true,true
2.5386,true,true
5.5080,true,true
2.8914,true,true
12.7659,true,true
1.0705,true,true
3.0308,true,true
14.0300,true,false
1.7050,true,true
25.4073,true,true
0.9513,true,true
32.7565,true,true
1.9387,true,true
5.7033,true,false
1.1090,true,true
1.3762,true,true
0.9034,true,true
1.5980,true,true
1.1505,true,true
0.8623,true,true
11.4668,true,true
0.4980,true,true
3.8665,true,true
1.1899,true,true
0.8303,true,true
2.1794,true,true
0.7357,true,true
8.8645,true,true
2.8933,true,true
6.1959,true,false
4.5235,true,true
1.7557,true,true
7.7781,true,true
3.3823,true,true
1.5855,true,true
15.4980,true,true
12.6683,true,true
8.8986,true,true
2.0581,true,false
8.7348,true,true
13.0730,true,true
1.1375,true,true
7.4701,true,true
2.7786,true,false
2.4164,true,true
0.9120,true,true
3.3263,true,true
0.7174,true,true
1.9775,true,true
4.7179,true,true
2.1708,true,true
0.7130,true,true
7.3278,true,true
1.1379,true,true
3.1860,true,true
0.8345,true,true
1.6414,true,true
3.5625,true,false
4.1042,true,true
1.0680,true,true
0.5162,true,true
1.2547,true,true
0.8386,true,true
4.4952,true,true
4.6548,true,true
1.8203,true,true
9.6251,true,true
2.4332,true,true
6.1202,true,false
1.5280,true,true
2.1844,true,true
0.8152,true,true
4.2668,true,true
1.2809,true,true
8.6828,true,true
4.6811,true,true
1.6651,true,true
2.0341,true,true
1.6933,true,true
2.7864,true,true
1.1953,true,true
1.0188,true,true
7.1089,true,true
1.4733,true,true
1.0715,true,true
2.2360,true,true
6.8505,true,false
8.7579,true,true
5.6697,true,true
2.9556,true,true
8.5606,true,true
2.7014,true,true
13.4205,true,false
4.1952,true,true
1.5147,true,true
12.5885,true,true
3.1857,true,true
1.2169,true,true
3.8683,true,true
0.8211,true,true
2.1725,true,true
0.7354,true,true
1.2078,true,true
0.8496,true,true
4.5755,true,true
2.6010,true,true
1.0037,true,true
6.2040,true,false
10.3251,true,true
7.6643,true,false
3.1783,true,true
1.4581,true,true
8.8526,true,true
2.4217,true,true
6.4235,true,false
1.3891,true,true
1.3857,true,true
5.3507,true,true
12.9473,true,true
2.2030,true,true
3.5373,true,true
3.3449,true,true
0.8938,true,true
2.5885,true,false
1.0255,true,true
9.3065,true,true
5.2859,true,true
4.7372,true,true
1.5055,true,true
7.4362,true,true
0.8889,true,true
6.7696,true,true
1.0184,true,true
3.3570,true,true
0.7857,true,true
1.4148,true,false
1.0600,true,true
1.5852,true,true
2.7958,true,true
1.2723,true,true
6.1681,true,true
3.3036,true,true
1.7607,true,true
1.4584,true,true
11.2410,true,false
2.7522,true,true
2.4600,true,true
0.8480,true,true
1.4143,true,true
1.6625,true,true
4.9114,true,false
1.7365,true,true
6.6729,true,true
4.8065,true,true
17.4112,true,true
2.5980,true,true
8.1672,true,true
1.9486,true,true
11.3997,true,false
24.4444,true,true
2.6434,true,true
19.1210,true,true
4.0583,true,true
1.0968,true,true
1.5055,true,true
1.3113,true,true
4.4940,true,true
1.9561,true,true
8.9514,true,true
7.5042,true,false
1.3564,true,true
0.9757,true,true
4.0177,true,true
1.3434,true,true
2.9184,true,true
7.3127,true,true
1.6848,true,true
1.3300,true,true
3.6344,true,true
21.3011,true,true
3.8092,true,true
3.3947,true,true
1.1483,true,true
3.0147,true,false
24.5072,true,true
18.7678,true,true
2.6918,true,true
2.1457,true,true
0.7929,true,true
12.5006,true,true
2.8846,true,true
1.7228,true,true
36.6353,true,true
0.8507,true,true
37.2944,true,true
7.5965,true,true
2.1228,true,true
0.9032,true,true
1.5039,true,true
10.9094,true,true
6.5128,true,true
2.5511,true,true
2.2676,true,true
12.3237,true,true
2.7520,true,true
9.0343,true,false
17.2913,true,true
26.9814,true,false
8.7490,true,true
1.2726,true,true
4.6983,true,true
10.2157,true,true
1.8882,true,true
1.5882,true,true
1.2468,true,true
0.7759,true,true
2.8648,true,true
13.1078,true,true
7.0526,true,false
5.3063,true,false
2.2183,true,true
1.5475,true,true
3.5562,true,false
1.1220,true,true
0.8072,true,true
1.5055,true,true
1.1232,true,true
5.4480,true,false
3.2731,true,false
0.7354,true,true
7.1565,true,true
3.2003,true,true
0.7714,true,true
12.0130,true,false
7.8901,true,true
2.1658,true,true
0.6627,true,true
1.4889,true,true
3.7519,true,true
1.5556,true,true
19.4149,true,true
1.4187,true,true
9.9531,true,false
3.9777,true,true
1.2407,true,true
0.8442,true,false
19.9525,true,true
0.9354,true,true
4.6700,true,false
1.6108,true,true
1.1283,true,true
3.5972,true,true
0.8043,true,true
4.0565,true,true
4.7958,true,false
14.1864,true,true
12.4254,true,true
6.2738,true,false
0.9515,true,true
2.8788,true,true
2.0807,true,true
9.7030,true,true
3.8459,true,true
1.2464,true,true
24.4052,true,true
10.3419,true,true
2.7649,true,true
5.1547,true,true
3.2334,true,true
11.1510,true,true
2.0943,true,true
3.5360,true,true
1.6844,true,true
1.4822,true,true
1.2840,true,true
3.0242,true,true
1.6544,true,true
13.0274,true,true
1.1686,true,true
0.8799,true,true
2.2633,true,true
0.6578,true,true
1.1444,true,true
3.9372,true,true
1.3934,true,true
3.3843,true,true
4.3793,true,false
1.8520,true,true
2.2374,true,true
2.6363,true,true
10.2205,true,true
8.8870,true,false
1.7753,true,true
3.7442,true,true
1.7366,true,true
16.6825,true,true
1.5629,true,true
14.2088,true,true
22.6532,true,true
3.8047,true,false
1.2556,true,true
10.3582,true,true
2.7014,true,true
12.2636,true,true
1.9207,true,true
22.7795,true,true
15.8352,true,true
12.8285,true,true
4.6447,true,false
2.2707,true,true
0.7961,true,true
10.4679,true,false
8.2665,true,false
1.6718,true,true
1.1484,true,true
3.3957,true,true
0.6574,true,true
1.3609,true,true
1.1445,true,true
3.1404,true,true
3.2173,true,false
2.2929,true,true
1.1258,true,true
4.9659,true,false
1.5693,true,true
1.1572,true,true
0.7634,true,true
1.6827,true,true
5.3680,true,true
0.6641,true,true
2.4729,true,true
1.5595,true,true
1.3361,true,true
10.8119,true,true
3.3708,true,false
0.9182,true,true
1.5092,true,true
1.0536,true,true
11.3336,true,true
2.7271,true,true
3.5687,true,true
1.7828,true,true
5.6099,true,true
1.1129,true,true
0.8683,true,true
1.4738,true,true
1.3348,true,true
1.0070,true,true
5.1682,true,true
7.8723,true,true
5.0948,true,true
1.8004,true,true
5.1054,true,false
2.2832,true,true
0.6623,true,true
2.5753,true,true
0.9775,true,true
1.9040,true,true
5.5435,true,true
9.6282,true,true
4.5705,true,true
14.3266,true,true
4.5561,true,false
11.4247,true,true
7.6838,true,true
3.7804,true,true
9.9712,true,true
1.7463,true,true
5.9937,true,true
3.8437,true,true
1.4015,true,true
10.5618,true,true
3.4884,true,true
1.5810,true,true
1.4579,true,true
9.8470,true,true
1.1158,true,true
5.8366,true,true
1.1905,true,true
2.8973,true,true
1.3712,true,true
2.5688,true,true
2.5287,true,true
5.1493,true,true
1.7406,true,true
5.9467,true,true
6.2653,true,true
10.6566,true,true
3.0865,true,false
7.8177,true,true
1.6255,true,true
1.4281,true,true
5.9144,true,true
4.9686,true,true
2.3545,true,true
0.8049,true,true
12.9440,true,true
2.1880,true,true
0.6050,true,true
2.8779,true,true
2.4249,true,false
1.4503,true,true
1.5850,true,true
1.2144,true,true
0.7282,true,false
3.0682,true,true
5.6608,true,false
2.5963,true,true
1.1863,true,true
13.9370,true,true
17.1852,true,true
1.0659,true,true
0.5788,true,true
1.2578,true,true
3.1782,true,true
3.3390,true,false
0.5567,true,true
5.1298,true,true
3.7444,true,true
0.6753,true,false
6.8600,true,true
5.6181,true,false
1.5796,true,true
9.3306,true,false
12.9375,true,true
8.2592,true,true
1.8146,true,true
6.2317,true,true
1.7365,true,false
1.4737,true,true
1.1967,true,true
1.0205,true,true
4.3845,true,false
0.7389,true,true
2.0192,true,true
1.6088,true,true
1.2385,true,false
1.6743,true,true
15.9207,true,true
7.9256,true,true
11.0586,true,false
1.6872,true,true
14.2507,true,true
1.4621,true,true
1.3190,true,true
4.9288,true,true
1.4756,true,true
0.9709,true,true
3.8648,true,false
4.4970,true,false
1.4626,true,true
4.7095,true,false
2.5590,true,true
3.3347,true,true
11.0076,true,true
2.1155,true,true
0.7529,true,true
17.9127,true,false
2.4982,true,true
1.5137,true,true
18.9746,true,false
16.0995,true,true
22.8006,true,true
5.9864,true,false
3.4857,true,false
3.2205,true,false
0.5893,true,true
1.4278,true,true
6.0094,true,true
6.5634,true,true
1.7775,true,true
11.1259,true,false
2.0627,true,true
9.7138,true,true
0.6882,true,true
1.8532,true,true
7.1472,true,false
1.6423,true,true
1.9511,true,true
1.5920,true,true
1.3340,true,true
21.2314,true,true
2.3747,true,true
7.1474,true,false
2.6506,true,true
2.7935,true,true
1.2887,true,true
7.6721,true,true
2.2732,true,true
1.2191,true,true
8.7579,true,true
1.0330,true,true
14.0449,true,true
2.5531,true,true
1.3251,true,true
5.2772,true,false
5.2934,true,false
1.4430,true,true
9.3580,true,true
8.2021,true,false
5.1165,true,true
1.7934,true,true
8.6653,true,false
3.6150,true,true
1.2242,true,true
2.6880,true,true
5.8133,true,true
2.2930,true,true
0.8572,true,true
7.4096,true,true
4.8126,true,false
1.9061,true,true
8.3117,true,true
6.9242,true,true
5.0372,true,true
25.2453,true,true
1.5291,true,true
7.3983,true,true
28.2618,true,false
1.1633,true,true
4.3437,true,true
7.4955,true,true
26.4248,true,true
17.2374,true,false
12.2340,true,false
26.2605,true,true
1.4380,true,true
3.6139,true,true
3.3814,true,true
2.3857,true,true
0.8493,true,true
1.5304,true,true
1.7198,true,true
1.4106,true,true
2.2587,true,true
8.5322,true,true
1.2255,true,true
0.9173,true,true
10.5129,true,true
1.2547,true,true
6.9262,true,true
2.2146,true,true
6.3668,true,false
1.4038,true,true
1.1705,true,true
1.5454,true,true
2.9398,true,false
2.9888,true,false
3.1059,true,false
0.6915,true,true
3.1779,true,true
3.1933,true,true
5.3315,true,true
9.4090,true,false
6.3072,true,false
3.9539,true,true
1.5333,true,true
6.0860,true,false
1.4757,true,true
1.1138,true,true
0.6043,true,true
1.1867,true,true
0.7995,true,true
8.4911,true,true
2.4857,true,true
12.1208,true,true
7.4986,true,true
1.7050,true,true
1.3550,true,true
1.6889,true,true
17.9627,true,true
10.4640,true,true
1.2149,true,true
4.3621,true,true
2.5951,true,true
1.2453,true,true
0.8462,true,true
7.1918,true,true
1.5548,true,true
2.5893,true,false
1.1501,true,true
2.1343,true,true
8.7758,true,true
13.1311,true,true
9.0599,true,false
5.9767,true,true
1.6948,true,false
1.3015,true,true
8.0864,true,true
2.0079,true,true
9.6416,true,true
1.4934,true,true
9.6653,true,false
19.2003,true,true
16.9805,true,true
3.3787,true,true
22.2008,true,true
13.1869,true,false
7.0853,true,true
0.9474,true,true
10.5109,true,false
0.8757,true,true
1.6911,true,true
1.4257,true,true
1.1188,true,true
0.5768,true,true
2.8556,true,true
4.0985,true,true
7.3513,true,true
1.9104,true,true
1.5125,true,true
6.7012,true,true
1.1007,true,true
5.5740,true,false
0.9185,true,true
1.6148,true,true
4.0728,true,false
1.5473,true,true
9.1634,true,true
3.1092,true,false
1.6126,true,true
3.1102,true,true
4.9801,true,true
8.3206,true,true
1.8896,true,true
6.0365,true,true
4.0326,true,true
3.4311,true,true
2.1687,true,true
4.2633,true,true
1.1634,true,true
12.4884,true,true
3.5357,true,true
4.9819,true,true
9.0721,true,true
12.2770,true,true
3.9516,true,true
17.5957,true,true
1.9752,true,true
40.1907,true,true
1.8431,true,true
1.6404,true,true
1.3946,true,true
6.5357,true,true
1.3005,true,true
1.0000,true,true
1.6178,true,true
1.2559,true,true
0.8890,true,true
3.8894,true,true
1.4198,true,true
1.8031,true,true
1.9606,true,true
7.8254,true,true
2.6525,true,false
11.6069,true,true
4.6071,true,true
8.6069,true,false
5.8521,true,true
19.7211,true,true
16.6257,true,true
5.0876,true,true
8.6434,true,false
2.5541,true,true
6.7893,true,true
36.2256,true,true
8.4325,true,true
5.5083,true,false
6.0480,true,true
13.1825,true,true
3.0938,true,false
6.4193,true,true
0.7258,true,true
13.8441,true,true
1.1084,true,true
9.2490,true,true
3.0792,true,true
6.9128,true,true
13.5584,true,true
3.1479,true,true
17.0163,true,true
1.4664,true,true
9.3399,true,false
15.8231,true,true
13.3913,true,true
1.9970,true,true
7.1249,true,true
1.6449,true,true
5.5639,true,true
3.2639,true,true
2.0766,true,true
0.6162,true,true
1.1415,true,true
2.3548,true,true
1.1205,true,true
6.1483,true,false
1.7957,true,true
9.5164,true,true
0.7561,true,true
9.5566,true,false
3.7562,true,true
7.5313,true,true
2.6897,true,false
1.3721,true,true
1.2946,true,true
9.2489,true,true
1.5082,true,true
1.0573,true,true
3.2519,true,true
3.7745,true,false
1.2316,true,true
7.7858,true,true
1.7228,true,true
1.5317,true,true
10.9116,true,true
1.9253,true,true
1.5556,true,true
1.2961,true,true
0.9613,true,true
6.2411,true,false
10.3512,true,true
7.2435,true,true
1.7661,true,true
2.2210,true,true
10.8189,true,true
2.2559,true,true
0.9946,true,true
5.1504,true,true
0.5426,true,true
7.9064,true,true
5.3586,true,true
3.1268,true,true
15.8840,true,false
0.7501,true,true
10.3547,true,true
20.7404,true,true
2.5848,true,true
1.9068,true,true
10.8716,true,true
3.3388,true,false
0.9796,true,true
6.5038,true,true
1.4192,true,true
1.1778,true,true
4.7839,true,false
1.4017,true,true
5.8275,true,false
6.4278,true,false
0.7666,true,true
6.3655,true,false
2.3617,true,true
8.0110,true,true
2.3788,true,true
12.4318,true,false
7.2138,true,false
1.4711,true,false
5.9409,true,false
5.1645,true,true
2.3921,true,true
2.9585,true,true
1.3799,true,true
1.0183,true,true
1.5908,true,true
1.9222,true,true
1.6519,true,true
3.1993,true,true
6.3924,true,false
1.0286,true,true
2.4610,true,true
15.8522,true,true
0.8232,true,true
10.8837,true,true
1.5378,true,false
5.8150,true,true
1.8804,true,true
5.0221,true,true
1.6415,true,true
1.4434,true,true
4.0429,true,true
3.4703,true,true
1.3855,true,true
1.4497,true,true
8.7948,true,true
2.4153,true,true
11.2628,true,true
2.7354,true,false
1.3013,true,true
0.8192,true,true
1.3002,true,true
1.0103,true,true
1.6747,true,true
5.9066,true,true
9.6888,true,true
4.6634,true,true
15.8463,true,true
1.4131,true,true
5.0398,true,true
18.5032,true,true
30.8023,true,true
19.2522,true,true
3.8224,true,true
14.8595,true,false
1.0795,true,true
6.6486,true,false
9.9781,true,true
1.1140,true,true
17.1125,true,true
1.7123,true,true
2.8291,true,true
1.3792,true,true
1.5547,true,true
1.1659,true,true
2.3830,true,true
0.8587,true,true
1.3554,true,true
0.9402,true,true
4.7871,true,true
2.5060,true,true
1.9523,true,true
8.8784,true,true
6.1728,true,true
2.9984,true,false
7.1633,true,true
3.4257,true,false
0.7447,true,true
1.3858,true,true
4.1711,true,true
1.9134,true,true
1.6162,true,true
2.8694,true,false
6.3595,true,false
0.6694,true,true
10.9316,true,false
15.0253,true,true
9.3893,true,true
20.1337,true,true
17.6942,true,false
11.9418,true,true
3.1848,true,true
15.9912,true,false
2.1159,true,true
22.4873,true,true
19.5832,true,false
15.2818,true,true
10.0721,true,true
2.0970,true,true
12.0963,true,true
1.4202,true,true
1.7105,true,true
14.6063,true,true
18.5000,true,true
9.4731,true,true
1.8699,true,true
3.1124,true,true
4.0422,true,true
2.3499,true,true
1.4942,true,true
1.0646,true,true
4.1204,true,true
3.9043,true,false
4.1286,true,false
7.0827,true,false
1.8406,true,true
1.6003,true,true
12.3055,true,true
9.6071,true,true
5.3092,true,false
2.3169,true,true
0.8814,true,true
2.1906,true,true
2.9942,true,false
1.4466,true,true
1.3643,true,true
1.6772,true,true
1.3663,true,true
4.4272,true,false
2.4577,true,true
13.5326,true,true
1.9072,true,true
10.4283,true,false
1.5475,true,true
1.8072,true,true
8.7707,true,true
6.2790,true,true
2.7470,true,false
1.1973,true,true
4.0628,true,false
2.0656,true,true
2.2018,true,true
1.2430,true,true
6.6156,true,true
2.2626,true,true
2.0583,true,true
1.8183,true,true
2.0148,true,true
15.2506,true,true
1.2813,true,true
8.2770,true,true
1.6160,true,true
1.8026,true,true
9.7739,true,false
3.5957,true,true
3.5201,true,true
7.2074,true,true
3.6935,true,false
1.6957,true,true
4.7982,true,false
1.9346,true,true
3.2967,true,true
0.8059,true,true
10.9757,true,true
1.1442,true,true
1.3339,true,true
3.7344,true,false
1.9780,true,true
8.8239,true,true
1.5843,true,true
16.4975,true,true
3.0437,true,true
1.6383,true,true
11.9301,true,true
15.0909,true,true
6.9232,true,false
6.6176,true,true
1.0900,true,true
6.4044,true,true
3.4320,true,true
0.9992,true,true
0.7269,true,true
1.4632,true,true
1.3227,true,true
5.0451,true,true
18.8168,true,true
0.9441,true,true
5.4341,true,true
0.8299,true,true
5.8916,true,false
4.9529,true,true
1.8865,true,true
8.5653,true,true
1.3350,true,true
1.2124,true,true
1.5434,true,true
1.1404,true,true
3.1632,true,false
2.3032,true,false
1.4992,true,true
5.0068,true,true
7.5053,true,true
4.4591,true,true
8.0146,true,true
3.3466,true,false
0.8190,true,true
4.3798,true,false
4.6086,true,true
5.1313,true,true
10.6071,true,false
1.9049,true,true
22.5241,true,true
1.2470,true,true
1.5720,true,true
13.5019,true,true
1.8095,true,true
5.1546,true,false
2.1398,true,true
6.1697,true,true
2.2504,true,true
0.8032,true,true
2.8484,true,false
6.6809,true,true
3.6917,true,true
4.5741,true,false
4.2359,true,true
2.2071,true,true
3.0863,true,false
1.7091,true,true
5.1213,true,true
4.3155,true,true
2.2361,true,true
11.8866,true,true
3.8771,true,true
2.7558,true,true
3.4685,true,false
2.2755,true,true
2.0831,true,true
8.7103,true,true
9.7638,true,true
3.7700,true,true
7.2917,true,true
16.6943,true,true
1.1537,true,true
14.7118,true,true
25.3914,true,true
0.9069,true,true
1.7202,true,true
7.6669,true,true
1.5316,true,true
5.7691,true,true
2.7402,true,true
1.3246,true,true
0.8345,true,true
1.5071,true,true
1.7836,true,true
1.3953,true,true
1.6957,true,true
5.6621,true,false
3.9141,true,false
1.5026,true,true
1.6875,true,true
8.7434,true,true
1.4684,true,true
8.9270,true,true
2.7128,true,true
2.2392,true,true
0.7954,true,true
4.6794,true,true
1.3831,true,true
0.9856,true,true
1.6661,true,true
3.7555,true,true
1.1922,true,true
0.9168,true,true
3.9870,true,true
11.5809,true,true
4.4857,true,false
7.8408,true,true
3.5607,true,true
1.1494,true,true
0.8243,true,true
1.4942,true,true
2.2738,true,true
0.9753,true,true
1.5895,true,true
6.0326,true,true
3.5043,true,true
0.9706,true,true
23.1571,true,true
1.5251,true,true
1.2282,true,true
10.9808,true,true
2.2558,true,true
5.6298,true,true
2.4335,true,false
11.8095,true,true
0.9161,true,true
6.1699,true,false
3.0458,true,true
1.5243,true,true
6.9051,true,true
5.1943,true,true
3.9668,true,true
16.0192,true,true
3.7255,true,true
16.3240,true,true
8.7228,true,true
12.0532,true,false
16.1262,true,true
1.3088,true,true
39.2636,true,true
6.6739,true,true
0.9583,true,true
38.8271,true,true
1.4209,true,true
5.8837,true,true
4.0489,true,true
1.2569,true,true
3.7720,true,true
1.6049,true,true
8.7085,true,true
13.3129,true,true
8.0809,true,true
1.9456,true,true
1.7267,true,true
1.3167,true,true
3.5663,true,false
2.7417,true,true
2.7648,true,true
25.1397,true,true
1.9356,true,true
6.3818,true,false
0.9398,true,true
2.9047,true,true
17.1196,true,true
2.9927,true,true
7.7713,true,true
2.5311,true,true
1.4098,true,true
17.3694,true,true
14.2742,true,true
10.3371,true,true
1.8437,true,true
10.6503,true,true
9.4286,true,false
3.3567,true,false
0.6798,true,true
5.2343,true,true
3.3992,true,true
0.5995,true,true
2.3756,true,false
3.0250,true,true
6.9897,true,false
1.4435,true,true
1.0509,true,true
6.9419,true,true
1.8983,true,true
1.5447,true,false
1.3968,true,true
2.7011,true,true
1.5932,true,true
9.7131,true,false
5.2439,true,false
3.6533,true,true
1.9267,true,true
1.5411,true,true
8.2203,true,true
1.5525,true,true
5.4321,true,true
15.3233,true,true
13.2965,true,true
4.0798,true,true
1.4758,true,true
8.7852,true,true
4.0861,true,true
3.2490,true,true
0.6718,true,true
3.0097,true,true
9.5099,true,true
0.8275,true,true
13.8153,true,false
6.7194,true,false
1.2082,true,true
6.7741,true,true
1.8661,true,true
5.7517,true,true
1.4482,true,true
7.2598,true,true
1.0131,true,true
4.4295,true,true
1.5932,true,true
1.1447,true,true
0.7144,true,true
1.3826,true,true
8.3739,true,true
5.6228,true,false
2.7815,true,true
1.1735,true,true
0.8326,true,true
1.6067,true,true
1.4556,true,true
1.1605,true,true
0.7779,true,true
2.9169,true,true
3.3338,true,false
3.4876,true,false
1.2892,true,true
0.9152,true,true
4.7496,true,false
1.7769,true,true
3.2707,true,false
0.7038,true,true
1.8716,true,true
3.4040,true,true
0.9546,true,true
10.9664,true,true
4.2694,true,true
1.3167,true,true
1.0417,true,true
2.3868,true,true
0.8390,true,true
1.4827,true,true
7.0027,true,true
5.0930,true,true
3.0897,true,true
5.1677,true,true
7.6836,true,true
2.7521,true,true
2.0663,true,true
10.2351,true,false
18.1636,true,true
4.1224,true,false
4.2177,true,false
3.3460,true,false
1.6435,true,false
5.7476,true,false
2.3938,true,true
1.5026,true,true
1.9100,true,true
9.8783,true,true
13.8912,true,true
2.0522,true,true
1.6883,true,true
3.7337,true,true
7.4342,true,true
2.2898,true,true
11.0860,true,true
4.9129,true,true
9.7362,true,false
5.3946,true,true
2.6016,true,true
9.7512,true,true
3.9276,true,true
2.3931,true,true
1.1279,true,true
7.3287,true,false
6.1266,true,false
2.1332,true,true
7.8505,true,true
1.9284,true,true
1.7260,true,true
1.6994,true,true
6.0062,true,true
8.9579,true,false
1.5185,true,true
1.3781,true,false
11.2772,true,false
1.5747,true,true
11.2164,true,true
5.3619,true,true
2.3146,true,true
11.2438,true,true
17.8628,true,true
4.4009,true,true
3.8014,true,false
11.3413,true,true
3.3679,true,true
3.2638,true,true
0.9667,true,true
11.5469,true,true
4.0991,true,false
2.3495,true,false
0.8254,true,true
1.3819,true,true
1.2086,true,true
0.9489,true,true
8.3118,true,true
1.4108,true,true
5.3777,true,true
2.5699,true,true
1.1559,true,true
1.2085,true,true
3.3128,true,true
2.4084,true,true
5.8161,true,true
15.6017,true,true
1.6317,true,false
1.4350,true,true
4.2916,true,true
2.1852,true,true
5.3938,true,true
0.7728,true,true
1.3959,true,true
1.1102,true,true
4.5569,true,true
1.1435,true,true
0.8557,true,true
2.2283,true,true
2.9070,true,false
4.1943,true,false
2.6281,true,true
4.2211,true,true
3.3724,true,true
1.2104,true,true
5.7679,true,true
1.6074,true,true
2.9323,true,true
2.0680,true,true
3.2938,true,true
3.1115,true,false
1.7057,true,true
1.6145,true,true
12.7403,true,true
3.7262,true,false
6.0597,true,true
5.6868,true,true
2.5954,true,true
1.3015,true,true
14.4746,true,true
8.6117,true,true
1.8148,true,true
8.4852,true,true
2.4547,true,true
12.1732,true,false
16.4905,true,true
1.4140,true,true
1.6935,true,true
1.5027,true,true
10.4495,true,true
1.7796,true,true
6.0212,true,false
4.6354,true,true
12.0399,true,true
11.1224,true,true
4.0482,true,true
4.1904,true,true
17.5046,true,true
15.5681,true,true
15.0492,true,true
3.2241,true,true
1.7695,true,true
30.9741,true,true
5.9786,true,false
2.9980,true,true
1.7264,true,true
9.5149,true,true
0.6717,true,true
23.0353,true,true
1.3594,true,true
1.0360,true,true
4.1021,true,true
5.0105,true,true
3.3672,true,true
0.8580,true,true
14.6925,true,true
2.8016,true,true
2.3498,true,false
1.3735,true,true
1.1552,true,true
0.7384,true,true
11.2414,true,false
1.9724,true,true
3.6937,true,true
13.4818,true,true
10.7766,true,true
1.3300,true,true
4.4860,true,true
11.0509,true,true
7.9291,true,false
15.0305,true,false
1.6887,true,true
1.4628,true,true
9.7685,true,true
1.5898,true,true
13.8293,true,true
8.3792,true,true
28.6839,true,true
1.2704,true,true
20.7989,true,true
24.2462,true,true
9.1622,true,false
6.9964,true,true
5.6047,true,true
6.6813,true,true
4.0630,true,false
10.3251,true,true
1.2358,true,true
0.8662,true,true
1.6914,true,true
1.3068,true,true
1.5315,true,true
5.5327,true,true
0.9376,true,true
1.4349,true,true
1.1057,true,false
0.6619,true,true
1.1732,true,true
2.4298,true,true
6.1131,true,false
3.5080,true,true
1.5553,true,true
5.5538,true,true
14.5820,true,true
11.9440,true,true
5.7103,true,true
2.6117,true,false
24.4953,true,true
2.7376,true,false
4.1225,true,false
0.6554,true,true
3.7837,true,false
2.8698,true,true
1.4307,true,true
8.1353,true,true
7.4827,true,true
7.1662,true,false
17.2622,true,true
6.9138,true,false
5.1436,true,false
1.7940,true,true
1.7988,true,true
12.5392,true,false
9.4759,true,false
0.5608,true,true
1.1748,true,true
1.5559,true,true
3.0369,true,true
6.8206,true,true
1.1290,true,true
0.7512,true,true
2.6181,true,true
1.1378,true,true
0.6449,true,true
2.7600,true,true
1.2384,true,true
0.8469,true,true
2.1025,true,true
0.6419,true,true
6.2867,true,false
0.8362,true,false
7.9945,true,false
4.7805,true,true
4.5003,true,true
2.4383,true,true
0.8991,true,true
1.6768,true,true
4.5281,true,true
2.6199,true,true
5.0261,true,false
2.1771,true,true
7.6910,true,true
3.7986,true,true
1.0926,true,true
2.8899,true,false
1.2992,true,true
0.9391,true,true
2.0474,true,true
1.7526,true,true
1.5842,true,true
5.1252,true,true
1.6585,true,true
8.0599,true,true
12.2345,true,true
12.9709,true,true
13.9130,true,true
5.0182,true,true
23.8573,true,false
2.2214,true,true
31.8717,true,true
1.7681,true,true
27.0332,true,true
5.7298,true,true
44.5176,true,true
22.8467,true,false
1.7307,true,true
21.6645,true,true
10.3933,true,true
8.0721,true,false
3.3246,true,true
63.2223,true,true
0.8266,true,true
7.8005,true,false
1.1725,true,true
1.3473,true,true
3.5973,true,true
1.1957,true,true
3.0130,true,true
3.1266,true,true
0.6624,true,true
7.7448,true,true
0.9724,true,true
6.1725,true,false
9.4882,true,true
3.5920,true,true
1.2011,true,true
0.7905,true,true
10.5127,true,true
2.1177,true,true
0.7825,true,true
5.0294,true,true
3.3093,true,true
1.1994,true,true
7.7651,true,true
13.3149,true,true
5.4116,true,false
3.0526,true,true
4.4326,true,true
0.9746,true,true
4.3675,true,true
3.4774,true,true
1.3505,true,true
6.7888,true,true
0.9890,true,true
1.6498,true,true
1.8602,true,true
2.0680,true,true
5.6916,true,true
3.3327,true,true
0.8328,true,true
1.5362,true,true
5.2006,true,false
0.6200,true,true
1.9129,true,true
1.5664,true,true
2.8175,true,true
5.7926,true,true
1.2061,true,true
4.9221,true,false
2.2463,true,true
1.1341,true,true
4.4446,true,true
2.3955,true,true
2.8726,true,false
2.9812,true,true
2.0681,true,true
8.1030,true,true
2.8622,true,true
6.0523,true,true
4.9293,true,true
9.3750,true,true
8.9591,true,true
3.1071,true,true
12.5168,true,false
3.0536,true,true
1.6221,true,true
11.9226,true,true
3.0900,true,true
8.5694,true,true
2.1137,true,false
8.5818,true,true
15.4892,true,true
2.1364,true,true
10.1554,true,true
20.3133,true,true
26.6931,true,true
1.8906,true,true
5.2973,true,true
1.6132,true,true
1.5214,true,true
5.6579,true,true
1.0428,true,true
3.1372,true,true
1.1286,true,true
0.9230,true,true
3.3614,true,true
0.7249,true,true
1.4164,true,true
8.5055,true,true
1.0668,true,true
4.2370,true,true
9.3645,true,false
2.7510,true,true
1.5692,true,true
5.7382,true,true
4.1030,true,false
1.7511,true,true
5.8986,true,false
3.7900,true,true
1.9249,true,false
14.1610,true,true
12.2954,true,true
3.1271,true,false
0.4812,true,true
1.3008,true,true
0.9070,true,true
1.6145,true,true
1.6702,true,true
7.1326,true,false
7.0147,true,true
1.7362,true,true
4.9956,true,true
9.3442,true,true
1.8433,true,true
8.1969,true,true
2.2806,true,true
9.2953,true,false
7.6937,true,true
4.7600,true,true
3.7760,true,true
10.4613,true,true
1.3806,true,true
2.7100,true,true
1.8265,true,true
3.1134,true,true
1.8462,true,true
6.3082,true,true
0.6225,true,true
4.4372,true,true
3.1245,true,true
0.8985,true,true
4.1849,true,true
1.6273,true,true
1.3003,true,true
2.5200,true,true
26.5250,true,true
3.0748,true,true
1.6189,true,true
9.1523,true,true
1.3539,true,true
1.6160,true,true
1.2621,true,true
0.9277,true,true
1.4029,true,true
2.5808,true,true
1.1037,true,true
0.7774,true,true
3.6451,true,true
1.0473,true,true
1.3030,true,true
0.9385,true,true
2.4953,true,true
7.5252,true,true
1.7428,true,true
1.3462,true,true
4.8569,true,true
1.1734,true,true
0.8173,true,true
6.1456,true,true
1.3848,true,true
3.2678,true,true
8.1415,true,true
2.7638,true,true
1.8824,true,true
1.0520,true,true
14.3122,true,true
2.6182,true,true
22.1246,true,true
9.6365,true,true
3.4720,true,true
21.9041,true,true
1.9341,true,true
18.4563,true,true
1.8989,true,true
11.8899,true,true
19.3260,true,true
1.8326,true,true
4.9872,true,true
1.9269,true,true
36.7112,true,true
13.2096,true,false
42.3347,true,true
26.5863,true,true
3.8543,true,true
15.3122,true,true
6.0017,true,false
3.1367,true,true
2.2605,true,true
14.9767,true,false
1.4610,true,true
0.9654,true,true
1.9196,true,true
7.7623,true,false
1.8344,true,true
16.3172,true,false
13.9337,true,true
4.7477,true,true
21.2695,true,true
5.2889,true,true
13.0783,true,true
0.6553,true,true
4.8742,true,false
2.8052,true,true
1.9939,true,true
1.7218,true,false
8.2242,true,true
1.7976,true,true
3.1960,true,true
1.0978,true,false
4.2838,true,false
11.3354,true,false
10.1446,true,false
1.4352,true,true
25.6280,true,true
1.0647,true,true
1.1482,true,true
7.2566,true,false
2.0338,true,true
9.3291,true,true
7.4956,true,false
1.8528,true,true
6.1202,true,true
22.7693,true,true
4.1931,true,true
1.4772,true,true
17.1224,true,true
1.5154,true,true
2.3004,true,true
0.7662,true,true
2.6529,true,true
6.1908,true,false
1.7634,true,true
2.3171,true,true
1.0003,true,true
5.5391,true,false
1.5791,true,true
5.8252,true,true
2.2445,true,true
37.5121,true,true
7.3204,true,false
2.4743,true,false
9.3886,true,true
19.3322,true,true
27.2221,true,true
8.5595,true,false
1.0393,true,true
21.5343,true,true
1.7766,true,true
8.5801,true,false
13.3009,true,true
3.8475,true,false
1.4145,true,true
7.1534,true,true
0.9820,true,true
2.2377,true,true
0.9131,true,true
1.7236,true,true
8.2929,true,false
3.3532,true,true
0.6059,true,true
1.4814,true,true
1.1234,true,true
7.4697,true,false
3.6457,true,true
1.2189,true,true
0.8848,true,true
4.0885,true,false
1.8052,true,true
3.2059,true,true
14.5462,true,true
2.0693,true,true
9.2441,true,true
2.1091,true,true
0.6456,true,true
1.8343,true,true
1.9619,true,true
2.3691,true,true
0.8057,true,true
5.4026,true,true
0.8619,true,true
5.8806,true,true
2.6513,true,true
1.1156,true,true
0.7046,true,true
1.6391,true,true
6.6300,true,false
1.2342,true,true
1.5223,true,true
1.2761,true,false
2.2699,true,true
0.7141,true,true
2.6749,true,true
2.2456,true,false
0.7714,true,false
3.8338,true,false
1.3084,true,true
0.9625,true,true
2.0395,true,true
6.6445,true,false
7.0930,true,false
1.3961,true,true
5.4294,true,true
1.0970,true,true
6.2808,true,true
1.7296,true,true
4.8721,true,false
1.3770,true,true
1.6613,true,true
1.7031,true,true
19.2891,true,true
1.5708,true,true
12.1766,true,true
19.4547,true,true
17.1684,true,true
1.7889,true,true
4.9836,true,true
2.1067,true,true
0.5309,true,true
4.0855,true,false
1.1791,true,true
0.9162,true,true
1.4816,true,true
6.4653,true,false
3.4977,true,true
0.7436,true,true
2.0592,true,true
9.0049,true,true
7.7908,true,false
2.0376,true,true
8.7599,true,true
2.8723,true,true
7.5663,true,true
1.3901,true,true
1.0178,true,true
3.6333,true,true
8.0246,true,true
3.8818,true,false
1.2707,true,true
1.0189,true,true
4.8686,true,true
7.9639,true,true
1.7790,true,true
7.3302,true,true
1.8309,true,true
6.4209,true,true
9.7327,true,false
0.8551,true,true
1.5829,true,true
14.6149,true,true
11.6114,true,true
2.8142,true,true
1.9918,true,true
10.7440,true,false
2.2660,true,true
2.4259,true,true
1.1406,true,true
4.2739,true,true
0.6650,true,false
4.1613,true,true
1.4454,true,true
1.1532,true,true
1.8222,true,false
1.4330,true,false
1.2451,true,true
1.5660,true,true
1.9293,true,true
6.2958,true,true
16.8198,true,true
2.2856,true,true
0.8061,true,true
1.4644,true,true
1.0839,true,true
1.4107,true,true
1.2236,true,true
0.7974,true,true
3.7463,true,false
3.9874,true,true
1.4345,true,true
4.4481,true,true
1.4164,true,true
1.1224,true,true
2.1699,true,true
0.6135,true,true
3.0677,true,true
1.6858,true,true
6.6262,true,true
1.0110,true,true
1.5416,true,true
2.6573,true,true
8.3715,true,false
3.8450,true,false
0.7762,true,true
1.3232,true,true
0.8963,true,true
1.6471,true,true
1.6583,true,true
13.6618,true,true
9.5259,true,true
3.0047,true,false
15.6353,true,false
1.0499,true,true
27.3968,true,true
15.0302,true,true
7.4148,true,false
15.3086,true,true
2.9926,true,false
2.0113,true,true
2.2472,true,true
2.5569,true,true
6.2129,true,false
9.3636,true,false
1.6017,true,true
2.5431,true,true
4.1149,true,false
1.2626,true,true
7.5388,true,true
2.4618,true,true
0.9776,true,true
1.6687,true,true
1.3526,true,true
12.5794,true,true
7.6680,true,true
11.0904,true,true
3.9607,true,false
3.5615,true,true
12.5590,true,true
0.9625,true,true
7.7476,true,false
1.5657,true,true
1.1133,true,true
1.9334,true,true
7.5880,true,true
11.0585,true,true
2.3319,true,true
3.0452,true,true
6.7071,true,false
8.4411,true,true
4.8484,true,true
1.8954,true,true
12.0175,true,true
9.1818,true,true
1.7087,true,false
7.1096,true,true
2.6764,true,true
1.3770,true,true
6.7754,true,true
1.2806,true,true
6.4513,true,false
0.6539,true,true
2.0175,true,true
4.8989,true,true
2.8384,true,true
1.6882,true,true
1.2333,true,true
9.2777,true,true
1.4630,true,true
1.2641,true,true
4.6466,true,false
1.0022,true,true
1.6167,true,true
1.8127,true,true
6.9906,true,true
1.4671,true,true
1.0203,true,false
2.3531,true,true
6.2676,true,true
2.3855,true,true
1.3641,true,true
29.6788,true,true
1.5793,true,true
11.6154,true,true
1.4963,true,true
6.8630,true,false
22.9577,true,true
2.8321,true,true
1.3754,true,true
4.0514,true,true
2.8503,true,false
1.5709,true,true
9.2415,true,true
2.9452,true,true
1.4590,true,true
7.7421,true,true
1.7343,true,true
2.8302,true,true
1.2468,true,true
0.9896,true,true
2.8350,true,true
7.3678,true,false
5.4693,true,false
3.4975,true,true
0.9575,true,true
2.4444,true,true
1.0840,true,true
6.3324,true,false
0.4649,true,true
2.4271,true,true
7.3127,true,true
1.1005,true,true
0.5226,true,true
3.9527,true,true
8.7678,true,true
1.9264,true,true
5.5224,true,true
3.7051,true,true
3.6785,true,true
1.1421,true,true
4.3331,true,true
4.6798,true,false
1.8566,true,true
2.8384,true,true
1.3408,true,false
6.2499,true,true
13.8045,true,true
10.7152,true,true
4.2416,true,true
11.3317,true,true
1.8594,true,true
6.3631,true,true
0.6355,true,true
13.2864,true,true
2.8312,true,true
1.2745,true,true
0.7494,true,true
1.2052,true,true
0.7829,true,true
2.3802,true,true
5.6069,true,true
1.0358,true,true
6.1444,true,true
9.7396,true,true
1.0207,true,true
7.6801,true,false
1.6199,true,true
7.6559,true,true
1.7413,true,true
11.7791,true,true
8.3545,true,true
5.1443,true,true
4.5392,true,true
1.6185,true,true
4.0591,true,true
2.4437,true,true
1.3251,true,true
2.3482,true,false
8.7409,true,true
1.1183,true,true
0.7635,true,true
23.4792,true,true
1.2256,true,true
0.9899,true,true
15.8654,true,true
9.2473,true,false
2.0162,true,true
11.8599,true,true
3.8565,true,false
0.9804,true,true
11.0476,true,true
1.4260,true,true
5.7635,true,true
2.7725,true,true
5.9411,true,false
1.3473,true,true
3.8173,true,false
1.6253,true,true
3.0305,true,true
4.1340,true,true
1.6058,true,true
8.3117,true,true
2.7159,true,true
3.6486,true,true
2.7645,true,true
24.3295,true,true
5.3358,true,true
35.1403,true,true
29.1655,true,false
7.9096,true,true
21.4259,true,false
4.1644,true,true
38.6618,true,true
1.8647,true,true
8.2218,true,false
2.1609,true,true
18.9001,true,true
1.3291,true,true
4.6096,true,true
42.1925,true,true
14.5481,true,true
1.6644,true,true
1.3942,true,true
1.2767,true,true
1.5041,true,true
12.2446,true,true
1.5039,true,true
5.8403,true,false
1.1044,true,true
2.2839,true,true
6.7158,true,true
1.6213,true,true
12.8948,true,true
1.0313,true,true
1.5244,true,true
3.5641,true,true
1.1819,true,true
4.7487,true,false
1.2447,true,true
0.8699,true,true
2.0993,true,true
0.4878,true,true
1.7570,true,true
1.9252,true,true
3.0607,true,true
1.5869,true,true
2.2553,true,true
15.4663,true,true
5.4633,true,false
2.4277,true,true
1.1017,true,true
14.4892,true,true
17.7152,true,true
1.6264,true,true
1.4764,true,true
6.2306,true,false
0.6750,true,true
10.3549,true,true
4.7290,true,true
1.6719,true,true
7.9657,true,true
1.3688,true,true
2.1373,true,true
6.7910,true,true
3.4428,true,false
2.7591,true,true
1.9038,true,true
3.4051,true,true
0.8381,true,true
1.4314,true,true
1.3910,true,true
3.6047,true,false
1.0713,true,true
11.6384,true,false
0.8153,true,false
1.4019,true,true
0.8650,true,true
3.2802,true,true
0.8188,true,true
4.0424,true,true
2.2006,true,true
12.2419,true,true
1.8145,true,true
19.6955,true,true
5.0612,true,true
2.1111,true,true
16.4290,true,true
4.2078,true,true
0.7329,true,true
4.2511,true,false
28.2001,true,true
2.5372,true,false
5.9721,true,true
1.7926,true,true
11.5464,true,true
2.8609,true,false
4.9197,true,false
1.9028,true,true
1.6052,true,true
1.2646,true,true
1.2175,true,true
5.4989,true,true
1.6995,true,true
2.1049,true,true
12.0983,true,false
6.8432,true,true
1.1719,true,true
1.0136,true,true
5.6055,true,true
6.2587,true,true
3.1571,true,true
15.5464,true,true
4.8832,true,true
16.6072,true,true
1.6106,true,true
20.4685,true,true
2.8297,true,true
9.5804,true,false
19.1495,true,true
16.4493,true,true
1.7421,true,true
1.7986,true,true
8.3841,true,false
0.7365,true,true
16.7392,true,true
1.4670,true,true
3.2341,true,true
0.7046,true,true
2.6143,true,false
2.1514,true,true
5.6335,true,true
0.9231,true,true
6.1600,true,true
1.7830,true,true
11.1747,true,true
11.5783,true,false
8.8706,true,false
3.8626,true,true
9.3201,true,true
6.1819,true,false
9.7152,true,false
4.4005,true,true
1.8736,true,true
1.5047,true,true
1.6927,true,true
3.3305,true,false
7.5342,true,true
1.3218,true,true
3.9887,true,false
2.4981,true,false
7.7934,true,true
3.1883,true,true
1.3756,true,true
1.0579,true,true
1.6509,true,true
1.2525,true,true
1.0593,true,true
5.6120,true,true
0.9875,true,true
1.8087,true,true
1.5910,true,true
1.2985,true,true
2.3961,true,true
15.5352,true,true
1.5491,true,true
1.1293,true,true
0.8523,true,true
1.6774,true,true
1.5349,true,true
2.3848,true,false
1.0160,true,true
18.7659,true,true
0.7649,true,true
1.4408,true,true
0.9900,true,true
1.8567,true,true
3.6562,true,true
1.5235,true,true
13.5547,true,true
1.0941,true,true
2.0243,true,true
1.5965,true,true
6.2832,true,true
2.2996,true,true
7.3318,true,false
3.0906,true,true
1.6108,true,true
2.7778,true,true
1.1865,true,true
0.9828,true,true
1.6311,true,true
2.9162,true,true
1.4375,true,true
1.2698,true,true
3.9745,true,true
5.3188,true,false
2.2155,true,true
8.6530,true,false
4.1393,true,true
4.3458,true,false
0.9200,true,true
6.1466,true,true
2.3045,true,true
6.0579,true,true
9.3037,true,false
1.8101,true,true
7.2838,true,true
1.4790,true,true
1.1694,true,true
0.7528,true,true
1.3804,true,true
1.0451,true,true
1.7895,true,false
3.1444,true,true
2.9781,true,false
2.1119,true,false
1.2147,true,true
1.4158,true,true
1.1729,true,true
0.7940,true,true
1.4424,true,true
3.5484,true,true
1.2626,true,true
0.8515,true,true
1.3145,true,true
0.9467,true,true
14.4295,true,true
1.3713,true,true
0.8993,true,true
3.2493,true,true
3.8357,true,false
1.5829,true,true
1.5055,true,true
0.9878,true,true
2.4713,true,true
6.2474,true,true
1.8020,true,true
5.3956,true,false
1.3577,true,true
23.6767,true,true
6.1338,true,false
4.1534,true,true
1.8655,true,true
4.9924,true,false
5.0489,true,true
1.4882,true,true
4.6314,true,false
0.9643,true,true
1.5815,true,true
3.0464,true,true
1.4962,true,true
1.0131,true,true
1.6833,true,true
1.8912,true,true
1.4866,true,true
0.9226,true,true
1.5071,true,true
3.3913,true,false
1.0780,true,true
4.3282,true,false
0.8754,true,true
1.5701,true,true
5.9370,true,true
2.7613,true,true
1.2191,true,true
1.4457,true,true
1.0747,true,true
0.7283,true,true
7.0297,true,true
5.7186,true,true
10.0501,true,true
6.1615,true,true
1.6615,true,true
2.9313,true,true
16.4520,true,true
11.1106,true,false
1.8460,true,true
1.4724,true,true
1.2648,true,true
1.0663,true,true
22.6979,true,true
2.9510,true,true
7.0510,true,true
2.8067,true,true
1.3486,true,true
1.2447,true,true
1.1465,true,true
10.1177,true,true
2.8397,true,false
1.3456,true,true
1.0039,true,true
2.0754,true,true
2.9238,true,true
1.9537,true,true
5.6206,true,true
1.2335,true,true
7.6035,true,true
1.3415,true,true
6.2202,true,true
2.1743,true,true
1.9132,true,true
8.4435,true,false
1.1857,true,true
7.4489,true,true
17.1528,true,true
16.5071,true,true
1.2368,true,true
2.6541,true,true
2.5284,true,true
1.0216,true,true
3.3342,true,true
1.2604,true,true
2.7091,true,true
9.1906,true,false
2.5953,true,false
1.2748,true,true
8.7683,true,true
3.2591,true,false
0.7030,true,true
2.3695,true,true
5.8271,true,false
1.4557,true,true
1.1875,true,true
6.4110,true,true
5.5372,true,false
3.2327,true,false
8.7365,true,true
3.4306,true,true
2.6886,true,true
8.7603,true,true
2.5521,true,true
4.0204,true,true
1.2781,true,true
17.0564,true,true
10.8089,true,true
0.9839,true,true
4.0298,true,false
4.6310,true,true
2.1767,true,true
1.0147,true,true
5.3927,true,true
0.8189,true,true
1.6043,true,true
1.2381,true,true
0.8317,true,true
5.6785,true,false
7.6571,true,false
1.5153,true,true
5.5323,true,true
18.2628,true,true
3.0428,true,true
6.3676,true,true
0.8365,true,true
31.9786,true,true
1.2711,true,true
21.1186,true,true
2.0809,true,true
0.6475,true,true
4.8443,true,false
4.4558,true,true
4.7161,true,true
3.0384,true,true
2.2668,true,true
0.9621,true,true
5.6452,true,true
0.9189,true,true
1.5329,true,true
5.4688,true,true
3.2262,true,true
0.7712,true,true
3.9471,true,false
3.2544,true,true
0.7610,true,true
5.6589,true,true
1.1237,true,true
2.3196,true,true
1.1393,true,true
1.2585,true,true
0.8886,true,true
7.4119,true,false
2.0687,true,true
30.8639,true,true
4.7931,true,false
3.0576,true,true
13.0335,true,true
1.6452,true,true
1.1588,true,true
4.3812,true,false
1.8786,true,true
5.6783,true,true
1.1410,true,true
0.8118,true,true
5.1892,true,true
4.7278,true,true
1.7540,true,true
1.2963,true,true
0.7528,true,true
1.7651,true,true
2.3822,true,true
8.6389,true,true
13.1311,true,true
0.9720,true,true
3.2312,true,true
5.3119,true,true
2.7454,true,false
1.1995,true,true
1.0135,true,true
3.5291,true,true
6.7863,true,false
1.0169,true,false
10.6570,true,false
0.9557,true,true
1.6910,true,true
5.8315,true,true
31.1493,true,true
8.9953,true,false
7.0537,true,true
3.9887,true,true
1.7769,true,true
10.7075,true,true
1.5882,true,true
6.1874,true,false
3.5498,true,true
0.7067,true,true
13.7553,true,true
11.8012,true,true
9.2576,true,false
32.9479,true,true
2.0611,true,true
6.4021,true,true
10.1757,true,false
0.8184,true,true
1.7544,true,true
7.1397,true,true
1.2945,true,true
4.6036,true,true
2.0018,true,true
9.5548,true,true
5.7663,true,false
2.6550,true,true
2.3804,true,true
0.8561,true,true
1.5221,true,true
2.6772,true,false
2.2791,true,true
1.0683,true,true
5.0041,true,true
10.0124,true,true
2.1179,true,true
6.1896,true,true
1.6528,true,true
1.3644,true,true
1.0493,true,true
3.4633,true,false
4.8359,true,true
1.7879,true,true
10.4338,true,true
1.7598,true,true
2.2755,true,true
8.8793,true,true
6.7385,true,false
1.1624,true,true
1.6955,true,true
5.4599,true,true
26.2341,true,true
1.5631,true,true
2.6131,true,true
2.4476,true,true
7.8040,true,true
1.6908,true,true
8.5570,true,true
7.9875,true,false
6.2650,true,false
2.1353,true,false
4.1715,true,true
23.5698,true,true
18.7886,true,true
26.5542,true,false
4.5719,true,true
22.2349,true,true
10.3552,true,false
17.4806,true,true
5.6244,true,false
2.7143,true,false
17.7510,true,true
4.1518,true,true
2.6091,true,true
2.2380,true,true
11.6837,true,false
9.2695,true,true
1.9260,true,true
6.1664,true,true
2.2869,true,true
1.5712,true,true
1.6079,true,true
4.0398,true,true
3.5025,true,true
3.5994,true,true
1.2254,true,true
7.0794,true,false
0.8875,true,true
2.1177,true,true
0.6707,true,true
1.3598,true,true
0.9395,true,true
1.6777,true,true
6.1046,true,true
1.4726,true,true
1.6092,true,true
8.2398,true,true
1.7584,true,true
5.3358,true,false
0.7254,true,true
1.4096,true,true
2.1286,true,true
25.2636,true,false
3.5997,true,true
1.6582,true,true
2.7959,true,true
1.3459,true,true
3.4375,true,false
3.7468,true,false
1.6084,true,true
6.1786,true,true
1.5592,true,true
1.4472,true,true
5.6228,true,true
1.2140,true,true
1.1645,true,true
11.1980,true,true
1.7392,true,true
12.8435,true,true
6.1233,true,false
3.4196,true,false
0.8806,true,true
3.8390,true,false
2.4822,true,true
1.5364,true,true
7.9889,true,true
11.9122,true,true
1.6854,true,true
5.1775,true,false
1.7494,true,true
8.7689,true,true
2.0691,true,true
10.5550,true,true
2.2465,true,false
9.6526,true,true
2.2284,true,true
1.1567,true,true
2.6313,true,false
2.5165,true,false
0.9920,true,true
2.4600,true,true
7.6274,true,true
5.6977,true,true
6.4868,true,true
0.9196,true,true
6.5374,true,true
0.8169,true,false
2.9231,true,true
2.3636,true,true
11.9995,true,true
1.2028,true,true
2.9185,true,false
9.4943,true,true
3.3541,true,false
2.7188,true,true
1.4518,true,true
1.1637,true,true
4.3610,true,true
0.8911,true,true
1.4233,true,true
1.6725,true,true
1.5449,true,true
4.2293,true,true
0.8677,true,true
5.3351,true,false
1.1677,true,true
7.0656,true,true
3.8355,true,false
10.0057,true,true
3.6693,true,true
13.1379,true,false
1.2473,true,true
8.3671,true,true
1.1679,true,true
9.0398,true,false
1.7459,true,true
7.4067,true,false
1.5527,true,true
30.2645,true,true
1.9348,true,true
6.3727,true,true
0.8044,true,true
1.4700,true,true
1.2205,true,false
1.9333,true,true
2.2796,true,true
11.6707,true,false
9.6590,true,false
3.8347,true,true
2.2960,true,true
1.0797,true,true
0.7044,true,true
7.1009,true,true
3.1430,true,true
2.0048,true,true
2.2499,true,true
0.8559,true,false
11.5790,true,true
0.6440,true,true
1.2043,true,true
0.7886,true,true
1.5218,true,false
1.0875,true,true
0.7728,true,true
1.5847,true,true
4.7344,true,true
1.3326,true,false
11.9326,true,true
4.2283,true,false
2.5120,true,true
1.5798,true,true
1.1581,true,true
7.8849,true,true
3.6990,true,true
1.6810,true,true
8.5464,true,false
2.0679,true,true
0.5900,true,true
1.3522,true,false
1.1895,true,true
4.4467,true,true
3.7085,true,false
14.0801,true,true
2.2890,true,true
3.1566,true,true
0.6575,true,true
10.2403,true,true
14.6397,true,true
2.1232,true,true
4.8256,true,false
2.4958,true,true
2.8313,true,true
1.4381,true,true
6.6009,true,true
3.4627,true,true
0.9858,true,true
2.3110,true,true
1.8269,true,true
10.3263,true,false
2.8692,true,true
1.6807,true,true
7.4338,true,true
2.6485,true,true
6.3214,true,true
22.1483,true,true
2.0265,true,true
7.4740,true,true
6.5354,true,false
7.5705,true,true
1.4033,true,true
15.5667,true,true
12.6765,true,true
8.8747,true,true
2.6643,true,true
11.9659,true,true
9.1679,true,true
3.3919,true,true
0.8974,true,true
7.7337,true,false
2.2841,true,true
5.4793,true,false
1.4278,true,true
8.3418,true,false
1.9068,true,true
9.9911,true,true
19.5447,true,true
7.5980,true,true
3.3979,true,true
4.1458,true,true
1.0658,true,false
3.5687,true,true
0.9490,true,true
3.3651,true,true
0.7577,true,true
1.3853,true,true
1.0464,true,true
3.0584,true,false
7.6020,true,true
1.4692,true,true
9.5003,true,true
0.8756,true,true
7.2618,true,false
11.3027,true,true
2.9938,true,true
4.0822,true,true
5.2333,true,false
13.3965,true,true
1.0654,true,true
0.6278,true,true
7.0712,true,true
3.6498,true,true
1.0912,true,true
0.6260,true,true
1.1381,true,true
0.6400,true,true
5.0691,true,true
2.1350,true,true
3.0505,true,true
6.8575,true,false
1.3972,true,true
9.3168,true,true
12.5426,true,true
0.7485,true,true
6.7170,true,true
1.8486,true,true
4.0943,true,true
1.5146,true,true
1.1156,true,true
0.7691,true,true
2.9204,true,true
1.3442,true,true
3.1409,true,false
0.5347,true,true
1.2767,true,true
1.6899,true,true
3.9874,true,true
3.8558,true,false
1.2836,true,true
0.8588,true,true
1.4192,true,true
1.0866,true,true
3.1582,true,true
0.6865,true,true
9.4651,true,false
2.4037,true,false
1.0102,true,true
6.9851,true,true
1.2559,true,true
1.3968,true,true
7.8065,true,true
5.4497,true,true
2.3943,true,true
0.9409,true,true
1.6669,true,true
7.9453,true,true
2.8535,true,true
2.5398,true,true
7.5626,true,false
1.3477,true,true
1.2390,true,true
6.6130,true,false
1.8942,true,false
1.6291,true,false
1.4583,true,true
1.2903,true,true
7.9917,true,false
2.2924,true,true
16.6295,true,true
5.0681,true,false
11.0042,true,true
17.3705,true,true
5.4275,true,true
7.6547,true,true
5.1095,true,true
5.6198,true,true
1.5415,true,true
7.1331,true,false
2.9951,true,false
11.3893,true,true
6.5840,true,false
3.5400,true,false
13.0184,true,false
4.6223,true,true
7.9090,true,true
4.1098,true,true
3.3894,true,true
3.1605,true,false
0.5827,true,true
7.3022,true,true
2.1628,true,true
2.3594,true,true
0.8684,true,true
1.5732,true,true
2.0441,true,true
4.2413,true,false
10.6531,true,true
1.9246,true,true
1.5641,true,true
3.4150,true,true
2.3733,true,true
0.8943,true,true
1.4486,true,true
1.1378,true,true
5.3484,true,true
6.2888,true,true
3.1654,true,true
10.3952,true,true
4.4995,true,true
2.3151,true,true
3.1496,true,true
2.0469,true,true
5.2339,true,true
2.9805,true,true
1.7097,true,true
6.0815,true,true
1.9745,true,true
4.0690,true,true
1.5152,true,true
1.0792,true,true
3.2913,true,true
8.9860,true,false
4.1878,true,true
1.4339,true,true
5.6946,true,true
3.1390,true,true
3.1770,true,true
9.7841,true,true
0.8121,true,true
19.8968,true,true
17.6011,true,true
4.1768,true,true
6.9157,true,false
2.2666,true,true
1.4421,true,true
20.8475,true,true
8.4197,true,true
15.0540,true,true
1.3678,true,true
27.2265,true,true
0.7392,true,true
1.4369,true,true
1.6353,true,true
14.9198,true,true
3.6833,true,true
16.3194,true,true
10.8577,true,false
24.9626,true,false
18.6976,true,true
3.6867,true,true
13.9192,true,true
20.0626,true,false
5.4391,true,true
16.7037,true,true
1.1232,true,true
16.0465,true,true
7.0310,true,false
2.7616,true,false
1.6641,true,true
1.3034,true,true
1.9574,true,true
6.3250,true,true
0.5869,true,true
2.0105,true,true
2.2880,true,true
9.4830,true,false
0.8178,true,true
6.0030,true,true
1.5406,true,true
25.3505,true,true
3.7332,true,true
1.1306,true,true
2.5840,true,true
1.1031,true,false
0.5807,true,true
1.2803,true,true
2.9013,true,true
13.9173,true,false
1.7435,true,true
1.5403,true,true
12.5591,true,true
0.5778,true,true
21.0674,true,true
1.4722,true,true
5.3869,true,true
2.4949,true,true
5.9303,true,true
1.6902,true,true
6.1754,true,true
2.1825,true,true
0.8474,true,true
5.8047,true,true
1.0659,true,true
4.5319,true,false
1.1476,true,false
0.9754,true,true
10.2556,true,true
5.9753,true,false
3.6203,true,true
1.3914,true,true
11.1574,true,true
10.9837,true,true
4.8324,true,true
24.0070,true,true
1.9254,true,true
2.5902,true,true
9.0729,true,true
1.2590,true,true
1.0212,true,true
9.8081,true,false
6.9594,true,true
1.7534,true,true
11.1878,true,true
9.9247,true,true
4.0630,true,false
1.6195,true,true
4.7481,true,false
1.3230,true,true
5.3548,true,true
8.1084,true,true
1.9257,true,true
5.1780,true,true
1.8596,true,true
5.8450,true,true
3.2781,true,false
1.1265,true,true
2.4749,true,true
0.8874,true,true
3.7831,true,true
2.4006,true,true
8.8219,true,false
2.7195,true,false
3.4943,true,true
0.8301,true,true
4.9870,true,false
4.3673,true,false
1.4667,true,true
2.5764,true,true
6.5088,true,false
4.1952,true,false
1.0978,true,true
4.5710,true,true
1.6668,true,true
1.3551,true,true
1.1081,true,true
2.3162,true,true
0.7475,true,true
1.3487,true,true
2.2034,true,false
1.5221,true,true
5.0146,true,false
1.8531,true,true
9.5359,true,true
1.5267,true,true
7.4357,true,false
1.1864,true,true
0.8238,true,true
1.4191,true,true
0.9484,true,true
2.0186,true,true
0.4831,true,true
1.1317,true,true
0.7547,true,true
1.3922,true,true
0.9582,true,true
1.7506,true,true
1.5844,true,true
3.2658,true,true
1.2123,true,true
1.1591,true,true
3.3349,true,true
2.3611,true,true
18.1488,true,true
1.7768,true,true
2.9589,true,true
12.0328,true,true
3.3060,true,false
16.2475,true,true
0.9608,true,true
21.4755,true,true
2.2714,true,true
5.5310,true,false
2.9808,true,true
1.4853,true,true
5.4453,true,false
7.5653,true,true
1.6949,true,true
5.3748,true,true
1.2021,true,true
2.5695,true,true
1.0292,true,true
3.1491,true,true
5.2737,true,true
3.7292,true,true
1.6269,true,true
7.2241,true,false
1.6413,true,true
5.4224,true,false
1.3264,true,true
0.8121,true,true
1.5112,true,true
1.8667,true,true
2.5390,true,false
1.1236,true,true
0.7318,true,true
1.3141,true,true
0.7935,true,true
3.0687,true,true
5.8689,true,false
12.2175,true,true
2.9895,true,true
4.0694,true,true
4.4082,true,false
1.5044,true,true
1.2497,true,true
0.9228,true,true
4.3314,true,true
1.5627,true,true
1.0443,true,true
0.6638,true,true
5.6302,true,true
0.9479,true,true
2.2847,true,true
9.5905,true,false
0.9767,true,true
4.4961,true,true
1.7682,true,true
14.1441,true,true
4.2289,true,true
2.3188,true,true
9.0524,true,true
18.8233,true,false
40.9661,true,true
33.7525,true,true
39.5429,true,true
33.2214,true,true
20.8296,true,true
5.5080,true,true
15.3407,true,true
25.8727,true,true
6.7583,true,true
1.1447,true,true
50.4128,true,true
31.8058,true,true
1.8691,true,false
14.4497,true,true
24.1575,true,false
29.5946,true,false
10.9064,true,true
2.1997,true,true
1.3255,true,true
0.9516,true,true
14.1772,true,true
1.3667,true,true
2.4363,true,true
1.6873,true,true
1.2798,true,true
6.7065,true,true
2.7961,true,true
10.2756,true,true
1.3999,true,true
1.7464,true,true
3.0307,true,true
1.5609,true,true
1.7319,true,true
1.4984,true,true
27.3550,true,true
6.7701,true,true
1.2532,true,true
8.6138,true,true
7.8897,true,false
5.6329,true,true
2.2414,true,true
0.8000,true,true
9.5080,true,true
0.7323,true,true
1.8383,true,true
1.4463,true,true
1.1041,true,true
0.8016,true,true
4.3880,true,false
6.1442,true,true
3.0996,true,true
1.8936,true,true
1.7096,true,true
5.2680,true,true
2.9674,true,false
1.7238,true,true
5.8763,true,false
1.9712,true,true
10.1201,true,true
4.2173,true,true
0.7112,true,true
1.4433,true,true
15.8625,true,true
4.7067,true,true
1.6478,true,true
8.1571,true,true
1.6184,true,true
0.9454,true,true
1.7802,true,true
5.7238,true,false
3.9981,true,true
1.2443,true,true
0.9598,true,true
8.0406,true,true
3.1173,true,true
22.5545,true,true
7.2745,true,false
1.3446,true,true
1.0474,true,true
0.5053,true,false
1.8406,true,true
1.6181,true,true
1.1212,true,true
5.2097,true,true
4.1970,true,true
7.6632,true,false
1.8397,true,false
1.5874,true,true
5.7831,true,false
3.8519,true,true
5.0511,true,true
9.2711,true,false
2.5746,true,true
5.8446,true,false
6.7934,true,true
4.3547,true,true
6.9896,true,true
7.3243,true,false
0.9529,true,true
10.1307,true,true
2.1489,true,true
9.0578,true,true
5.4117,true,false
5.7065,true,false
3.3732,true,true
0.9814,true,true
3.7501,true,true
1.1885,true,true
1.9402,true,false
1.8531,true,true
3.3315,true,true
13.2481,true,true
2.0168,true,true
1.8025,true,true
1.9113,true,true
2.1178,true,true
1.6045,true,true
5.9745,true,false
32.1783,true,true
2.1025,true,true
5.5579,true,true
3.6866,true,true
7.2059,true,true
4.2221,true,true
1.2424,true,true
1.5876,true,true
4.5082,true,false
1.4122,true,true
1.4082,true,true
10.5444,true,true
1.6942,true,true
1.4318,true,true
8.5912,true,true
13.3736,true,true
1.8926,true,true
4.6582,true,false
1.4498,true,true
5.6391,true,true
1.0369,true,true
1.8530,true,false
1.9604,true,true
8.5069,true,true
8.3943,true,true
1.7335,true,true
6.6551,true,false
10.3669,true,true
2.1605,true,true
3.8181,true,false
10.1449,true,true
0.9151,true,true
36.8984,true,true
1.0204,true,true
1.8704,true,true
7.3098,true,true
1.4388,true,true
1.2808,true,false
6.2739,true,true
2.9324,true,true
1.6329,true,true
1.2627,true,true
1.0715,true,true
0.7827,true,true
7.6074,true,true
6.0942,true,true
4.2410,true,true
10.5867,true,false
1.6873,true,true
16.1274,true,false
1.1020,true,true
10.8150,true,true
1.0528,true,true
2.2193,true,true
0.7138,true,true
4.7313,true,true
1.7205,true,true
2.1465,true,true
1.8514,true,false
4.3179,true,true
1.5365,true,true
10.1321,true,true
2.2469,true,false
0.6475,true,true
1.5046,true,true
6.2429,true,true
0.5762,true,true
4.1251,true,true
3.1709,true,true
2.8610,true,true
1.3355,true,true
1.0532,true,true
4.5419,true,false
1.1318,true,true
0.6391,true,true
2.5143,true,true
12.6121,true,true
10.2748,true,true
1.4255,true,true
9.2573,true,true
2.0908,true,true
1.6740,true,true
4.9116,true,false
1.4785,true,true
1.0949,true,true
7.6718,true,true
4.8973,true,true
1.8179,true,true
1.3634,true,true
14.8223,true,true
3.3843,true,true
0.9142,true,false
1.4375,true,true
1.1853,true,true
6.6097,true,true
1.4250,true,true
6.8201,true,true
1.2057,true,true
4.8557,true,false
1.2634,true,true
1.0107,true,true
1.6529,true,true
1.2791,true,true
0.7778,true,true
2.9892,true,true
1.4525,true,true
5.7068,true,true
1.1334,true,true
1.1745,true,true
0.8898,true,true
1.3591,true,true
3.2088,true,false
0.5706,true,true
1.3295,true,false
1.6734,true,true
6.1443,true,true
1.4597,true,true
11.2099,true,true
1.3076,true,true
1.0100,true,true
3.8479,true,true
2.6883,true,true
10.2977,true,true
1.2208,true,true
2.9588,true,false
1.4483,true,true
1.0948,true,true
5.5658,true,true
3.2863,true,false
0.7027,true,true
17.7696,true,true
5.8622,true,false
1.8698,true,true
3.1136,true,true
9.8667,true,false
13.9123,true,true
3.9780,true,true
4.2338,true,true
3.4487,true,false
0.5414,true,true
10.1234,true,false
4.8782,true,true
10.8833,true,true
5.3384,true,true
3.2191,true,true
17.1099,true,true
3.9103,true,true
7.8480,true,true
1.4270,true,true
9.1072,true,true
5.0240,true,true
1.6358,true,true
6.9711,true,true
1.1091,true,true
0.6588,true,true
4.2117,true,true
0.5866,true,true
1.2904,true,true
1.4786,true,true
1.2677,true,true
10.8020,true,false
14.0260,true,true
4.8096,true,true
1.9580,true,true
1.5417,true,true
1.1906,true,true
0.8268,true,true
1.5145,true,true
3.6637,true,false
4.5396,true,false
6.0823,true,true
1.8516,true,true
7.6704,true,true
2.0087,true,true
4.7094,true,false
1.6323,true,true
1.2487,true,true
2.6242,true,true
3.4358,true,false
0.7506,true,true
1.6508,true,true
2.6978,true,true
1.4048,true,true
10.8880,true,true
7.7594,true,true
9.2866,true,true
1.8795,true,false
8.1755,true,false
2.1942,true,true
8.5926,true,true
1.0254,true,false
6.2652,true,true
0.6326,true,true
1.3448,true,true
0.9995,true,true
1.5790,true,true
2.7505,true,true
5.9303,true,true
6.5447,true,true
0.9360,true,true
5.5752,true,true
12.7574,true,true
2.7055,true,true
10.5391,true,true
1.6128,true,true
7.8800,true,true
15.2426,true,true
1.3425,true,true
0.9438,true,true
1.7957,true,false
1.9689,true,true
4.0631,true,true
6.3107,true,false
5.1240,true,true
26.1591,true,true
4.2956,true,false
10.2263,true,true
16.4957,true,true
13.4946,true,false
1.5625,true,true
25.3174,true,true
1.0554,true,true
8.2320,true,false
1.7203,true,true
4.3585,true,false
1.8606,true,true
2.1827,true,true
0.7237,true,true
2.1666,true,true
6.1072,true,false
12.0447,true,false
1.6287,true,true
5.2959,true,false
17.8584,true,true
1.2600,true,true
1.7647,true,true
8.2793,true,true
11.8244,true,true
16.9803,true,true
1.4356,true,true
7.8600,true,false
11.7812,true,false
9.8674,true,false
4.0410,true,false
4.1292,true,true
1.4304,true,true
2.5723,true,true
1.1576,true,true
0.8758,true,true
8.7390,true,false
1.5600,true,true
10.2116,true,true
1.2317,true,true
9.5278,true,true
0.7691,true,true
1.3853,true,true
12.9383,true,true
1.4628,true,false
8.0611,true,true
5.3992,true,true
11.6858,true,true
1.1548,true,true
4.3380,true,true
0.8766,true,true
4.9820,true,false
2.0479,true,true
3.6521,true,true
10.8470,true,false
6.3816,true,true
8.7786,true,true
2.6564,true,true
1.4807,true,true
10.1508,true,true
16.4199,true,true
10.0866,true,true
43.3369,true,true
6.2580,true,true
10.0452,true,true
4.1084,true,true
2.9650,true,false
3.8241,true,true
1.2464,true,true
0.9899,true,false
1.8059,true,true
5.3425,true,true
0.8030,true,true
1.9566,true,false
7.1088,true,false
1.6657,true,true
3.2957,true,true
3.4442,true,false
7.5611,true,true
3.6336,true,true
8.9306,true,false
5.0414,true,true
1.9023,true,true
6.8843,true,false
2.7653,true,true
1.2897,true,true
3.4593,true,false
5.3833,true,true
1.2424,true,true
4.5977,true,false
1.6698,true,true
5.9774,true,true
1.4622,true,true
7.7947,true,false
1.6036,true,true
4.6075,true,false
1.8214,true,true
7.1140,true,true
18.5086,true,true
5.5152,true,true
10.4039,true,true
23.2383,true,true
17.0373,true,true
16.1856,true,true
7.4008,true,true
17.1371,true,false
1.6381,true,true
1.6002,true,true
39.3833,true,true
2.6171,true,true
16.1721,true,true
22.6497,true,true
16.7596,true,true
6.8740,true,false
3.9179,true,true
1.0430,true,true
5.9446,true,false
3.2653,true,true
2.6458,true,false
2.5427,true,true
1.0741,true,true
1.1935,true,true
0.9040,true,false
1.6374,true,true
1.4027,true,true
1.2253,true,true
6.5575,true,false
1.0308,true,true
4.2866,true,false
4.3823,true,true
2.9539,true,true
6.8557,true,true
4.4505,true,false
7.7075,true,true
3.4412,true,true
8.6522,true,true
11.8784,true,true
7.9073,true,true
2.2119,true,true
15.5039,true,true
6.2918,true,false
2.0772,true,false
1.3306,true,true
14.3882,true,true
3.5410,true,true
1.6802,true,true
12.2484,true,true
15.4976,true,false
2.3496,true,true
1.0624,true,true
2.5625,true,true
12.1127,true,true
1.2225,true,true
0.7774,true,true
4.1292,true,false
1.4809,true,true
3.5456,true,false
0.9747,true,true
1.8052,true,true
6.5737,true,false
1.8960,true,true
6.7360,true,true
2.3775,true,true
2.9919,true,false
1.6350,true,true
5.4050,true,true
0.7331,true,true
1.3388,true,true
0.9421,true,true
4.1240,true,false
1.7663,true,true
1.4249,true,true
1.1805,true,true
0.8177,true,true
1.4739,true,true
0.9955,true,true
6.4891,true,false
9.6307,true,true
5.1626,true,false
4.7071,true,false
1.4671,true,true
4.7139,true,false
3.4240,true,false
0.8810,true,true
4.4762,true,true
1.5912,true,true
1.1399,true,true
0.7752,true,true
4.5730,true,true
10.7356,true,true
1.4670,true,true
5.9065,true,true
5.8180,true,false
4.3395,true,true
3.5029,true,true
3.1458,true,false
1.8475,true,true
2.9809,true,true
2.5936,true,true
3.5246,true,true
3.8869,true,false
1.1527,true,true
0.9136,true,true
1.7521,true,true
1.5399,true,true
1.2366,true,true
11.3383,true,true
1.5946,true,true
1.2657,true,true
5.9929,true,false
1.3517,true,true
1.0439,true,false
4.3533,true,false
8.3613,true,true
2.2082,true,true
0.7371,true,true
7.3213,true,false
3.5622,true,true
1.0003,true,true
5.1651,true,false
8.4975,true,true
2.2687,true,true
1.2085,true,true
1.0187,true,true
0.6770,true,true
1.3223,true,true
2.6758,true,true
1.0707,true,true
0.5549,true,true
3.7653,true,false
3.9891,true,true
8.0309,true,true
12.7503,true,false
6.6555,true,true
18.0156,true,true
10.2388,true,false
4.0763,true,true
32.4507,true,true
1.5445,true,true
6.8291,true,false
4.7074,true,true
1.6113,true,true
18.7136,true,true
2.4253,true,true
1.0538,true,true
2.8025,true,true
1.3813,true,true
36.1126,true,true
1.6335,true,true
8.5001,true,true
5.4219,true,true
2.8787,true,true
3.9320,true,false
1.5077,true,true
22.0174,true,true
0.7257,true,true
1.2724,true,true
0.7934,true,true
3.4663,true,true
10.6546,true,true
1.2940,true,true
9.7118,true,true
1.0099,true,true
1.7385,true,true
3.2287,true,true
2.2586,true,true
1.2827,true,true
2.2199,true,true
0.5985,true,true
1.3333,true,true
3.5763,true,true
0.9732,true,true
1.6230,true,true
2.7380,true,true
1.1919,true,true
3.7466,true,false
7.0371,true,false
4.5360,true,false
3.4747,true,false
1.1882,true,true
4.8942,true,false
1.5750,true,true
1.3126,true,true
3.5506,true,true
6.5251,true,true
1.2297,true,true
6.7246,true,true
1.0567,true,true
0.5883,true,true
4.3226,true,false
0.8538,true,false
4.9646,true,false
1.5052,true,true
1.6014,true,true
8.4225,true,true
3.6284,true,true
0.8655,true,true
1.7814,true,true
6.8997,true,true
1.5139,true,true
14.8986,true,true
1.1777,true,true
5.2007,true,false
3.1021,true,true
1.6091,true,true
1.2581,true,true
0.8488,true,true
1.5199,true,true
1.0516,true,false
1.5818,true,true
1.2946,true,true
6.8761,true,true
0.9951,true,true
3.9614,true,true
1.6025,true,true
11.6954,true,true
5.5367,true,false
2.2913,true,true
0.7676,true,true
1.6078,true,true
9.1274,true,true
2.9398,true,true
2.6578,true,true
4.3555,true,false
0.9311,true,true
8.2072,true,true
3.0565,true,false
1.4513,true,false
0.9192,true,true
3.5788,true,true
2.0426,true,true
2.5173,true,true
7.3809,true,true
1.1325,true,true
3.1300,true,false
3.7295,true,true
8.1021,true,false
2.0421,true,true
12.5415,true,true
1.8033,true,true
2.7536,true,true
15.2413,true,true
1.5876,true,true
11.3443,true,true
5.9260,true,false
1.3596,true,true
0.8706,true,true
13.5449,true,true
1.9043,true,true
4.7455,true,true
2.0828,true,true
3.0569,true,true
10.4212,true,true
4.5784,true,true
4.4253,true,false
4.9704,true,false
4.0115,true,true
1.5606,true,true
1.7494,true,true
1.4025,true,true
1.3009,true,true
0.9210,true,true
3.2517,true,true
0.7228,true,true
15.1008,true,false
3.0862,true,true
12.4984,true,true
1.8329,true,true
10.7650,true,true
15.8699,true,false
6.9302,true,true
4.9667,true,true
1.8948,true,true
5.3041,true,false
0.6446,true,true
3.2973,true,false
2.4760,true,true
1.0077,true,true
1.7593,true,true
5.4414,true,true
0.7762,true,true
2.5421,true,true
6.4964,true,false
4.7469,true,true
1.3795,true,true
5.3305,true,false
0.7082,true,true
5.3805,true,true
2.4621,true,true
8.7687,true,true
1.9201,true,true
8.5126,true,true
21.7265,true,true
15.9794,true,true
5.9981,true,true
2.5315,true,true
1.4128,true,true
8.3370,true,true
1.6444,true,true
5.5004,true,true
1.4938,true,true
5.1367,true,false
3.2292,true,false
6.7394,true,true
4.3697,true,false
1.4292,true,true
3.2070,true,true
1.2980,true,true
1.2394,true,true
4.6933,true,false
1.2586,true,true
1.6453,true,true
2.8901,true,true
1.9978,true,true
1.5809,true,true
2.7336,true,true
1.7947,true,true
1.4066,true,false
1.0111,true,true
1.6462,true,true
1.2341,true,true
0.8440,true,true
1.9183,true,true
16.6693,true,true
14.0464,true,true
5.8394,true,true
3.5335,true,true
10.0245,true,true
1.0524,true,false
2.2172,true,true
22.2221,true,true
0.8917,true,true
4.2783,true,true
1.6130,true,true
7.8781,true,true
3.2885,true,true
0.8188,true,false
2.9875,true,false
14.2608,true,false
2.4641,true,true
20.2879,true,true
2.0092,true,true
15.1904,true,true
2.2310,true,true
16.4145,true,false
22.7039,true,true
1.8908,true,false
12.7753,true,true
4.1802,true,true
1.5406,true,true
1.3172,true,true
4.8196,true,true
2.7080,true,true
1.8444,true,true
6.0856,true,true
11.4031,true,true
3.2884,true,true
0.6253,true,true
3.8083,true,true
7.2556,true,true
1.3045,true,true
1.6331,true,true
4.2790,true,true
1.4192,true,true
11.4960,true,true
0.6327,true,true
1.3160,true,true
0.9197,true,true
1.7722,true,true
2.0499,true,true
9.0115,true,true
1.1573,true,false
0.8516,true,true
8.4051,true,true
1.0474,true,true
9.6839,true,false
3.5108,true,true
9.9535,true,true
4.2676,true,false
1.1783,true,true
0.9165,true,true
7.7486,true,false
1.1543,true,true
0.8373,true,true
2.7737,true,true
3.2989,true,true
1.4635,true,true
7.0545,true,true
4.6993,true,false
2.0767,true,true
1.8542,true,true
8.5538,true,true
29.6241,true,true
1.6680,true,true
7.9748,true,false
11.6502,true,true
0.8405,true,true
9.8733,true,true
0.9012,true,true
6.1401,true,true
4.8644,true,true
1.6389,true,true
5.4892,true,false
1.5264,true,true
1.7267,true,true
2.8287,true,true
3.0784,true,true
3.4395,true,false
6.5962,true,true
2.6238,true,true
5.3477,true,true
0.7612,true,true
4.4355,true,false
1.2540,true,true
11.6540,true,true
1.8257,true,true
8.1709,true,true
1.5308,true,true
8.8245,true,true
2.4701,true,true
3.9064,true,true
1.0886,true,true
2.5296,true,true
9.0859,true,true
6.5893,true,true
1.5439,true,true
2.8138,true,true
2.9601,true,true
1.4639,true,false
1.0240,true,false
4.1997,true,true
5.0126,true,true
8.3773,true,true
8.8597,true,false
1.5006,true,false
9.1310,true,true
15.6902,true,true
2.2036,true,true
39.8017,true,true
10.5842,true,true
23.7662,true,true
14.4922,true,false
27.4803,true,true
7.0029,true,true
10.5312,true,true
1.1883,true,true
4.6294,true,true
35.5199,true,true
1.2316,true,true
27.2551,true,true
2.1780,true,true
12.4962,true,true
1.6933,true,true
4.8325,true,false
12.1231,true,true
1.3551,true,true
6.3917,true,true
2.0452,true,true
5.6128,true,false
10.2381,true,true
1.3136,true,true
0.9449,true,true
1.6721,true,true
2.0545,true,true
1.4634,true,true
4.6807,true,false
2.8546,true,true
1.3516,true,true
0.8807,true,true
2.8489,true,true
8.6933,true,true
3.2369,true,true
5.3880,true,false
5.8609,true,true
5.9532,true,false
25.7431,true,true
1.3303,true,true
5.6992,true,true
1.1185,true,true
0.6558,true,true
1.2406,true,true
2.3094,true,true
2.4462,true,false
0.9167,true,true
2.3060,true,true
0.6859,true,true
1.3958,true,true
1.5854,true,true
1.7115,true,true
8.0096,true,true
2.2231,true,true
1.0061,true,true
1.6656,true,true
2.8296,true,false
1.4438,true,true
6.0820,true,false
1.5166,true,true
5.1225,true,false
1.6056,true,true
1.8322,true,true
6.2484,true,true
1.9343,true,false
1.6360,true,true
1.2376,true,true
0.8613,true,true
3.8737,true,true
1.7204,true,true
5.1837,true,false
1.5953,true,true
3.5739,true,true
0.9910,true,true
4.0915,true,true
3.6836,true,true
1.1537,true,true
0.7782,true,true
13.8028,true,true
0.9963,true,true
2.3212,true,true
3.1647,true,false
0.4759,true,true
4.8135,true,true
14.0825,true,true
4.7645,true,true
9.5175,true,true
0.9674,true,true
5.6355,true,true
15.1657,true,true
1.0770,true,true
0.4529,true,true
1.4816,true,true
8.7762,true,true
2.6062,true,true
1.6295,true,true
6.9306,true,true
1.3003,true,true
1.5192,true,true
1.3795,true,true
2.5657,true,true
16.1093,true,true
2.8854,true,true
6.4179,true,true
3.1227,true,true
7.6506,true,true
1.1560,true,true
8.1712,true,true
4.0941,true,false
3.3326,true,true
1.7630,true,true
14.8039,true,true
9.9345,true,true
3.9835,true,false
4.0951,true,true
1.3924,true,true
3.2798,true,false
0.7065,true,true
1.2047,true,true
0.9899,true,true
4.3987,true,true
2.2990,true,false
0.7533,true,false
2.0192,true,true
8.2855,true,true
7.9424,true,true
1.7218,true,true
5.6107,true,true
5.3356,true,true
4.1946,true,false
5.1900,true,false
6.7045,true,false
4.1943,true,false
10.8758,true,true
2.6401,true,true
9.0277,true,true
1.4236,true,true
10.6008,true,true
0.9947,true,true
7.2501,true,false
1.8990,true,true
35.1818,true,true
1.5148,true,true
5.5136,true,false
0.8407,true,true
1.3615,true,true
1.5533,true,true
1.4324,true,true
2.7339,true,true
1.1718,true,true
0.8383,true,true
2.1629,true,true
0.6717,true,true
4.6455,true,true
1.1014,true,true
2.5395,true,true
1.2371,true,true
10.1889,true,true
0.9618,true,true
1.7621,true,true
2.6572,true,true
1.2363,true,true
2.3589,true,true
0.8221,true,true
1.6348,true,true
7.1860,true,true
1.2250,true,true
0.8938,true,true
1.5317,true,true
3.5336,true,true
9.4875,true,true
2.4060,true,true
6.9783,true,false
2.2081,true,true
12.4131,true,true
3.1489,true,false
0.5692,true,true
2.9421,true,false
6.6694,true,false
8.4917,true,false
5.4106,true,true
4.5959,true,false
4.2462,true,true
1.1274,true,true
6.2149,true,true
1.6718,true,true
2.4670,true,true
9.1288,true,true
8.1490,true,false
14.4196,true,true
12.6402,true,true
4.7876,true,true
4.4236,true,true
11.6236,true,false
14.8888,true,true
2.4921,true,true
6.1628,true,false
1.8677,true,true
5.4756,true,true
9.5172,true,true
1.3798,true,true
2.6879,true,false
6.4991,true,true
3.4749,true,true
2.6120,true,true
6.1945,true,true
4.9970,true,false
3.2137,true,true
3.4940,true,true
4.0000,true,true
7.5249,true,false
1.9510,true,true
4.1290,true,true
1.6182,true,true
1.4196,true,true
6.0792,true,true
2.3861,true,true
12.2164,true,true
1.5324,true,true
2.9850,true,true
16.3769,true,true
1.3398,true,true
11.8244,true,true
0.9760,true,true
1.5645,true,true
2.8421,true,true
4.3707,true,true
4.4856,true,true
1.3851,true,true
8.1088,true,true
10.6192,true,false
4.6014,true,true
1.2546,true,true
11.2331,true,true
2.1361,true,true
12.1333,true,true
1.3589,true,true
10.0536,true,true
2.2366,true,false
0.8251,true,true
1.5747,true,true
3.7910,true,true
1.3112,true,true
4.8981,true,true
3.8636,true,true
2.0949,true,true
1.4045,true,true
7.6897,true,true
2.8452,true,true
1.2529,true,true
4.5078,true,true
8.2444,true,true
6.9087,true,true
3.8638,true,true
0.7960,true,true
12.5588,true,true
0.6194,true,true
18.9622,true,true
4.3572,true,true
15.7982,true,true
1.0201,true,true
4.3477,true,true
14.4283,true,true
11.5168,true,true
1.1175,true,true
0.7846,true,true
2.8419,true,true
1.7290,true,true
2.5103,true,true
10.2261,true,true
2.1443,true,false
1.0474,true,true
8.0476,true,false
5.4534,true,true
2.4657,true,true
0.8922,true,true
1.4352,true,true
2.8682,true,true
1.2766,true,false
1.0665,true,true
3.4222,true,false
0.7862,true,true
3.5231,true,false
4.6464,true,true
1.2724,true,true
7.1985,true,true
13.6148,true,true
1.4086,true,true
4.2175,true,true
1.6794,true,true
1.8508,true,true
7.4644,true,true
1.2428,true,true
7.5229,true,true
11.3203,true,true
2.3519,true,true
0.8161,true,true
2.1974,true,true
0.6345,true,true
2.9106,true,true
1.9844,true,true
5.9789,true,false
7.6175,true,true
15.4020,true,true
4.9768,true,true
8.7213,true,false
1.0631,true,true
6.9782,true,true
1.3411,true,true
20.6425,true,true
2.0302,true,true
1.6248,true,true
1.8198,true,true
1.4958,true,true
1.2232,true,true
4.6706,true,false
4.5148,true,true
6.3861,true,true
2.8796,true,true
7.1887,true,false
1.8000,true,true
6.6649,true,true
3.5904,true,true
1.6119,true,true
5.6757,true,true
1.2954,true,true
1.0262,true,true
4.1520,true,true
1.6538,true,true
2.6637,true,true
2.7996,true,false
4.2222,true,true
12.4203,true,true
9.3212,true,true
2.0730,true,true
2.3461,true,true
11.0163,true,true
10.4264,true,true
6.3910,true,true
9.5660,true,false
25.3440,true,true
2.6662,true,true
1.6309,true,true
15.3769,true,true
9.3757,true,true
6.6495,true,false
0.8585,true,true
5.6932,true,true
1.1193,true,true
3.0572,true,true
2.1722,true,false
2.3245,true,false
8.8946,true,true
4.2203,true,true
2.4303,true,true
6.4372,true,true
0.7895,true,true
14.9367,true,true
3.0191,true,true
1.4558,true,true
1.6217,true,true
2.3078,true,true
6.2185,true,true
5.7418,true,true
1.3579,true,true
1.7473,true,true
1.6158,true,true
8.9720,true,false
18.3483,true,true
12.8695,true,true
2.3375,true,true
1.1143,true,true
5.8351,true,true
12.7799,true,true
0.8622,true,true
1.4298,true,true
1.0494,true,true
1.8272,true,true
1.4931,true,true
1.6199,true,true
2.4329,true,false
0.9570,true,true
1.5627,true,true
1.3302,true,true
5.5459,true,true
1.5661,true,true
1.4650,true,true
2.6286,true,true
1.2736,true,false
2.4863,true,true
2.6319,true,true
1.7913,true,true
1.3732,true,true
1.1459,true,true
2.2019,true,true
9.7205,true,true
18.3697,true,false
7.2266,true,true
5.0356,true,true
1.8732,true,true
5.7048,true,false
1.2086,true,true
2.7571,true,true
2.7906,true,true
1.4007,true,true
5.2395,true,true
2.8499,true,true
1.9519,true,true
1.6285,true,true
1.4455,true,true
1.0149,true,true
1.5699,true,true
3.0154,true,true
9.8267,true,false
1.0067,true,true
1.6858,true,true
2.9214,true,false
6.4134,true,true
3.4074,true,true
0.6407,true,true
1.3337,true,true
2.1963,true,true
8.7727,true,true
3.7163,true,true
1.1016,true,true
8.9419,true,true
1.1898,true,true
0.7551,true,true
2.8857,true,true
2.9895,true,true
4.9685,true,true
1.8614,true,true
8.3292,true,true
0.6555,true,false
4.0758,true,false
2.5981,true,true
6.6947,true,true
0.9467,true,true
1.4988,true,true
2.4959,true,true
1.8055,true,true
9.1121,true,true
4.3682,true,true
14.6768,true,true
0.8149,true,true
7.1539,true,true
2.6239,true,true
1.0600,true,true
0.9123,true,true
9.2171,true,true
6.1352,true,true
14.7487,true,false
2.1451,true,true
18.8381,true,true
1.5643,true,true
16.7635,true,false
10.0689,true,false
18.6929,true,true
28.2217,true,true
3.2371,true,true
9.6615,true,true
0.8997,true,true
13.4110,true,true
5.9918,true,true
4.0624,true,true
15.2913,true,true
6.4888,true,true
4.5825,true,true
12.5039,true,true
6.2920,true,true
21.0477,true,true
16.4410,true,false
1.4902,true,true
27.5326,true,true
4.5082,true,true
32.8605,true,false
24.1067,true,true
18.1643,true,false
2.5587,true,true
14.4781,true,true
31.1577,true,true
2.0480,true,true
37.1451,true,true
6.1562,true,false
18.9504,true,true
31.4808,true,true
10.2836,true,true
4.0723,true,true
1.1152,true,false
9.4914,true,true
0.6678,true,true
5.4809,true,true
3.2279,true,true
0.6886,true,true
1.8449,true,true
5.3644,true,true
2.5777,true,true
1.2105,true,true
5.3599,true,true
2.3702,true,true
2.3260,true,true
0.9044,true,false
3.1394,true,true
0.4815,true,true
3.0785,true,true
6.2056,true,false
6.2390,true,true
4.1448,true,true
1.5799,true,true
1.1737,true,true
7.2929,true,true
4.5125,true,false
1.6031,true,false
2.6184,true,false
2.4138,true,false
2.6824,true,true
1.2818,true,true
4.6609,true,false
1.3345,true,true
4.4496,true,true
5.1497,true,true
11.4948,true,true
8.3892,true,true
20.9208,true,true
14.7000,true,true
1.0283,true,true
22.0754,true,true
6.9751,true,true
2.8193,true,true
1.5374,true,true
8.7616,true,true
1.5975,true,true
8.8327,true,true
2.2943,true,true
6.5087,true,false
25.8870,true,true
2.4821,true,true
2.3060,true,false
1.3173,true,true
3.8813,true,true
10.1495,true,true
17.0540,true,true
1.7792,true,true
23.1937,true,true
1.5991,true,true
12.5158,true,false
0.5902,true,true
23.6152,true,true
3.3663,true,false
0.7494,true,true
8.7478,true,true
5.6695,true,true
2.7803,true,true
2.3488,true,false
0.7586,true,false
1.4829,true,true
2.8929,true,false
2.0931,true,true
3.1204,true,true
2.3115,true,true
8.9281,true,true
5.8432,true,true
5.5210,true,true
3.3338,true,true
0.9867,true,true
2.7959,true,true
1.2580,true,true
4.1026,true,true
1.1109,true,true
0.6950,true,true
2.3461,true,true
5.7686,true,true
1.1413,true,true
2.1575,true,true
0.9836,true,true
4.1300,true,true
1.7220,true,true
5.5223,true,true
0.8353,true,true
2.5534,true,false
1.2101,true,true
0.9046,true,false
2.9259,true,true
2.6062,true,false
1.1218,true,true
3.3666,true,true
0.6663,true,true
1.8799,true,true
7.6374,true,true
1.6394,true,true
1.2673,true,true
1.0228,true,true
3.8045,true,true
3.6726,true,true
1.1819,true,true
2.4069,true,true
6.6066,true,true
1.2196,true,true
1.5253,true,true
4.6726,true,true
1.1407,true,true
21.3627,true,true
19.9992,true,true
4.6717,true,false
5.9944,true,false
5.9537,true,true
8.4162,true,true
2.7812,true,true
7.3443,true,true
1.2834,true,true
1.5189,true,true
1.5576,true,false
2.1078,true,true
11.9559,true,true
1.3942,true,true
6.0200,true,true
2.7683,true,true
4.0099,true,true
3.5442,true,true
13.4169,true,true
1.5646,true,true
19.0977,true,true
3.7906,true,true
4.8903,true,true
11.1183,true,true
1.3468,true,true
4.6617,true,true
10.9297,true,false
8.9973,true,true
4.2629,true,true
4.3865,true,true
3.5414,true,true
1.0332,true,true
3.5492,true,true
2.4034,true,true
1.4817,true,true
9.5510,true,true
0.9337,true,true
7.3636,true,true
2.0953,true,true
2.3645,true,false
0.8297,true,true
1.6184,true,true
9.4220,true,true
7.2833,true,true
3.9880,true,true
1.6538,true,true
8.1077,true,true
2.9810,true,true
5.6608,true,false
5.7385,true,false
1.4505,true,true
6.1318,true,false
1.6187,true,true
3.2966,true,true
4.1185,true,true
3.4317,true,false
0.7817,true,true
1.5127,true,true
1.7170,true,true
1.4553,true,true
5.8517,true,true
3.1908,true,true
8.1513,true,true
2.1000,true,true
7.0702,true,true
2.0597,true,false
0.5659,true,true
2.7407,true,true
7.2020,true,true
1.2513,true,true
3.2800,true,false
2.0246,true,true
9.0230,true,true
1.9130,true,true
2.2672,true,true
3.7854,true,false
0.8518,true,true
3.7170,true,false
1.5615,true,true
9.1563,true,true
1.7745,true,true
7.1428,true,true
1.6597,true,true
1.3464,true,true
0.9529,true,true
1.3937,true,true
1.7457,true,true
1.5538,true,true
6.4762,true,true
2.8048,true,false
9.4954,true,false
13.3299,true,true
4.6222,true,true
2.7804,true,true
22.5758,true,false
19.0026,true,true
13.2613,true,false
5.7662,true,true
2.1616,true,false
7.8048,true,true
23.4710,true,true
2.0916,true,true
0.6182,true,false
33.9644,true,true
1.1742,true,true
0.6581,true,true
1.5370,true,true
1.2322,true,true
1.0399,true,true
1.7159,true,true
1.8907,true,true
4.1192,true,true
10.2660,true,true
4.7172,true,true
9.7555,true,true
3.5444,true,true
1.0468,true,false
16.0221,true,true
4.0439,true,true
1.0688,true,true
4.6569,true,false
1.7419,true,true
1.3247,true,true
4.7305,true,true
5.1820,true,false
3.5308,true,true
0.9165,true,true
4.0604,true,false
4.5313,true,true
4.2227,true,false
0.8388,true,true
7.8116,true,true
4.5567,true,false
6.8298,true,true
4.0334,true,false
3.4805,true,true
0.9024,true,true
1.7026,true,false
2.8282,true,true
1.8909,true,true
4.7614,true,false
1.3117,true,true
6.7780,true,true
1.5007,true,true
1.2566,true,true
2.4406,true,true
0.9744,true,true
2.8151,true,true
1.2673,true,true
3.2060,true,true
0.6941,true,true
1.4141,true,true
3.8196,true,false
1.0525,true,true
4.6976,true,true
1.8684,true,true
1.4805,true,true
1.1544,true,true
2.3161,true,true
1.0581,true,true
6.8646,true,true
1.1732,true,true
0.6569,true,true
2.5379,true,true
11.3158,true,true
9.3388,true,false
3.2080,true,true
0.6779,true,true
1.3535,true,false
1.0807,true,true
0.7643,true,true
1.2586,true,true
0.8003,true,true
5.1730,true,false
4.1912,true,true
2.8238,true,false
4.6683,true,true
1.6588,true,true
2.0030,true,true
0.8746,true,true
1.5487,true,true
9.7039,true,true
0.9148,true,true
1.6730,true,true
1.2617,true,true
5.7467,true,true
1.4454,true,true
1.8642,true,true
9.7588,true,true
1.0281,true,true
1.7440,true,true
2.0450,true,true
0.6564,true,true
2.0274,true,true
6.7949,true,false
7.7814,true,true
2.6519,true,true
2.2163,true,true
11.6098,true,true
0.8228,true,true
1.5744,true,true
16.4001,true,true
1.2631,true,true
0.9766,true,true
1.7983,true,true
2.5451,true,true
1.1070,true,true
1.3117,true,true
0.9605,true,true
1.7749,true,true
3.6321,true,true
1.2794,true,true
3.9416,true,true
3.9761,true,true
2.7765,true,false
3.0124,true,true
10.9807,true,true
14.5350,true,false
21.7042,true,true
7.2327,true,false
2.2186,true,true
8.7995,true,false
15.1977,true,true
13.9446,true,true
1.5167,true,true
9.4279,true,true
8.9035,true,true
9.8722,true,true
1.8843,true,true
9.0708,true,true
12.4704,true,false
3.5663,true,true
2.2890,true,true
1.5880,true,true
7.2950,true,true
16.5805,true,false
2.2423,true,true
1.0302,true,true
12.1570,true,true
9.3375,true,true
16.5923,true,true
1.5828,true,false
2.8366,true,true
2.2001,true,true
19.5135,true,false
17.0028,true,true
16.5588,true,true
2.0331,true,true
15.4142,true,true
5.0149,true,true
2.7359,true,true
41.6733,true,true
1.8819,true,true
27.2493,true,true
3.6772,true,true
27.9634,true,true
20.1331,true,true
4.7930,true,false
1.7772,true,true
1.6131,true,true
7.5904,true,false
40.7426,true,true
10.7992,true,true
7.8195,true,false
1.4523,true,true
4.6468,true,true
8.5801,true,true
0.8603,true,true
1.7435,true,true
5.1468,true,false
3.9786,true,true
1.3216,true,false
2.4990,true,true
2.3787,true,true
2.2006,true,true
15.1674,true,false
19.7470,true,true
10.8943,true,true
14.3668,true,true
2.5977,true,true
4.4316,true,false
1.1237,true,true
4.4468,true,true
1.8203,true,true
2.1740,true,true
1.7533,true,true
6.7586,true,true
3.0715,true,false
1.6715,true,true
1.5118,true,true
5.8081,true,true
3.3858,true,true
2.3812,true,true
6.4490,true,true
3.3454,true,true
10.9060,true,true
2.5368,true,true
6.0480,true,true
3.8459,true,true
4.1433,true,false
1.3302,true,true
0.8692,true,true
1.9797,true,true
4.2388,true,true
1.7343,true,true
13.9598,true,true
5.2527,true,true
2.4700,true,true
3.8395,true,true
2.2518,true,true
4.7631,true,true
6.9885,true,true
3.8419,true,true
10.2993,true,true
5.2764,true,false
9.4748,true,true
0.9730,true,true
29.3608,true,true
1.9277,true,true
8.2032,true,true
6.6001,true,false
17.2459,true,true
3.9801,true,true
2.7518,true,true
1.2475,true,true
3.5599,true,false
1.0018,true,true
9.4378,true,true
0.8191,true,true
1.5022,true,true
1.9920,true,true
6.3390,true,false
3.3453,true,true
1.6695,true,true
5.0942,true,true
3.4840,true,false
3.8384,true,true
1.4174,true,true
7.3448,true,true
1.6036,true,true
6.0474,true,false
1.4744,true,false
1.8885,true,true
5.0263,true,true
4.7650,true,false
6.4175,true,true
2.3223,true,true
5.8142,true,true
10.6919,true,false
2.3656,true,true
0.9351,true,true
3.0658,true,true
1.7923,true,true
7.0550,true,true
1.4163,true,true
0.9946,true,true
2.1014,true,true
8.3997,true,false
7.3656,true,true
2.0837,true,true
0.6222,true,true
2.7427,true,true
1.2575,true,true
0.8827,true,true
1.7530,true,true
1.5443,true,true
11.0121,true,true
6.5149,true,true
19.6733,true,true
3.9992,true,false
1.4987,true,true
14.2221,true,true
5.2737,true,true
2.4396,true,true
5.5863,true,false
1.2077,true,true
1.0125,true,true
4.9406,true,false
2.8690,true,true
1.3116,true,true
1.0752,true,true
1.7374,true,true
5.1803,true,false
0.6001,true,true
4.7358,true,true
4.2225,true,true
1.3919,true,true
7.8885,true,true
2.9327,true,true
2.8245,true,true
1.3030,true,true
1.5384,true,true
6.7824,true,true
1.5307,true,true
3.8577,true,true
1.2168,true,true
1.9707,true,true
7.4416,true,true
1.5024,true,true
3.8056,true,true
3.0975,true,true
1.5401,true,true
1.7003,true,true
6.4586,true,true
0.8076,true,true
3.1125,true,true
1.6081,true,true
1.3258,true,true
1.3787,true,true
6.5588,true,false
1.6518,true,true
1.1508,true,true
1.6205,true,true
2.9248,true,true
17.2269,true,true
2.1759,true,true
9.4968,true,false
0.6688,true,true
7.9505,true,true
3.6652,true,false
2.3764,true,true
5.8870,true,false
1.3328,true,true
1.1077,true,true
3.9379,true,false
1.1077,true,true
3.2387,true,true
11.7869,true,true
2.8797,true,false
9.6151,true,false
2.2881,true,true
2.1680,true,false
6.5530,true,true
0.7555,true,true
1.4001,true,true
3.0338,true,true
1.8142,true,true
4.6139,true,true
2.7143,true,true
10.2195,true,true
2.6743,true,true
3.3631,true,true
1.8974,true,true
1.5526,true,true
1.1266,true,true
0.7897,true,true
1.4953,true,true
4.7743,true,true
7.9453,true,true
4.3660,true,true
1.3944,true,true
7.0252,true,true
0.9733,true,true
1.7105,true,true
1.4536,true,true
5.0718,true,true
2.5836,true,true
12.0703,true,true
18.3510,true,true
5.9739,true,true
9.7041,true,false
0.9845,true,true
6.2303,true,true
2.2184,true,true
8.6601,true,false
6.6459,true,true
5.1447,true,true
2.5589,true,true
1.3338,true,true
5.4487,true,false
9.3905,true,true
1.1306,true,true
13.9634,true,false
5.8313,true,false
12.6521,true,false
1.4046,true,true
5.2502,true,true
1.1700,true,true
3.0903,true,true
9.4687,true,true
9.0336,true,true
5.2577,true,true
0.6979,true,true
5.9360,true,false
1.4180,true,true
1.2371,true,true
2.0484,true,true
1.7437,true,true
12.6345,true,true
4.8807,true,true
1.8509,true,true
5.3326,true,true
1.6409,true,true
6.4555,true,true
15.3174,true,true
4.6281,true,true
1.7794,true,true
9.8797,true,true
1.7148,true,true
3.1172,true,true
2.3315,true,true
6.3742,true,true
1.0058,true,true
18.5814,true,true
15.8429,true,true
3.6045,true,true
1.5211,true,true
7.3340,true,false
5.2774,true,false
2.5013,true,true
15.5143,true,true
7.2582,true,true
1.8340,true,true
5.8731,true,false
1.3161,true,true
1.3336,true,true
8.1869,true,true
9.4069,true,true
3.5994,true,true
0.8170,true,true
1.4754,true,true
2.6592,true,false
2.0965,true,true
0.6567,true,true
2.9923,true,true
1.4726,true,false
1.8045,true,true
4.7295,true,true
3.8555,true,false
3.3455,true,false
0.7179,true,true
7.7619,true,true
1.6054,true,true
9.7861,true,false
5.6972,true,true
3.3154,true,false
0.7376,true,true
10.9537,true,true
1.8544,true,true
1.5467,true,true
1.0995,true,true
0.5996,true,true
1.1970,true,true
5.8127,true,true
2.0020,true,true
2.4521,true,true
0.9876,true,true
1.5878,true,true
2.5301,true,true
7.9795,true,true
24.4308,true,true
1.3714,true,true
8.2085,true,false
1.5820,true,true
11.9456,true,true
2.7907,true,true
1.3490,true,true
1.0557,true,true
1.7218,true,true
1.4740,true,true
5.1219,true,true
1.7859,true,true
1.9765,true,true
1.7434,true,true
5.1427,true,false
1.6140,true,true
1.1891,true,true
1.4861,true,true
3.9305,true,true
13.3075,true,true
3.3817,true,true
13.5881,true,true
1.1707,true,true
8.2907,true,true
7.0701,true,true
1.8084,true,true
12.2190,true,true
2.4122,true,true
1.2126,true,true
0.9310,true,true
1.8045,true,true
1.7707,true,true
15.0494,true,true
1.1871,true,true
28.1614,true,true
3.6390,true,true
3.5786,true,true
1.1178,true,true
8.8869,true,true
1.2493,true,true
0.9208,true,true
3.0018,true,true
2.0287,true,true
1.7868,true,true
6.2297,true,true
1.6558,true,true
1.1501,true,true
0.6435,true,true
1.8498,true,true
5.5052,true,true
8.3705,true,false
5.3432,true,true
6.1576,true,true
1.8877,true,true
4.8932,true,true
10.2765,true,true
1.8835,true,true
5.3787,true,false
9.8242,true,false
4.1411,true,false
27.1588,true,true
1.8545,true,true
9.0678,true,true
3.5784,true,true
1.0220,true,true
1.9060,true,true
1.6200,true,true
1.3932,true,true
3.3996,true,false
2.2466,true,true
7.0707,true,true
1.0703,true,true
3.0609,true,false
23.4351,true,true
6.1498,true,false
3.4344,true,true
6.8822,true,false
3.5023,true,false
0.9346,true,true
1.3902,true,true
3.2054,true,false
5.2409,true,false
2.6166,true,true
2.6602,true,true
3.7056,true,true
1.5965,true,true
6.1944,true,false
3.3628,true,true
1.4232,true,true
0.9109,true,true
3.9819,true,true
1.5012,true,true
1.3390,true,true
11.3482,true,true
1.7946,true,true
5.8562,true,true
1.7305,true,true
2.9752,true,true
1.4835,true,true
1.2910,true,true
1.4826,true,true
1.4290,true,true
1.0897,true,true
8.9869,true,true
3.1312,true,true
0.5874,true,true
4.5480,true,true
1.4537,true,true
7.9861,true,true
3.0007,true,true
1.4412,true,true
1.5760,true,true
1.2380,true,true
0.7565,true,true
4.1483,true,true
1.4899,true,true
1.0903,true,true
4.2384,true,false
0.5671,true,true
7.2560,true,true
1.3836,true,true
6.8611,true,true
1.1478,true,true
3.9585,true,true
1.3195,true,true
1.0338,true,true
3.3682,true,true
3.7437,true,true
4.1123,true,true
2.1645,true,true
0.9702,true,true
15.1819,true,true
3.0680,true,true
3.0347,true,true
1.4277,true,true
1.0036,true,false
1.6309,true,true
1.1808,true,true
1.4450,true,true
1.0482,true,true
8.4333,true,true
8.1175,true,true
6.6779,true,false
2.1390,true,true
0.8204,true,true
7.3262,true,false
0.5817,true,true
3.5478,true,true
1.7732,true,true
27.9690,true,true
1.5157,true,true
1.1711,true,true
5.6898,true,true
0.9656,true,true
1.6884,true,true
1.4829,true,true
1.0689,true,true
1.7901,true,true
7.3412,true,false
1.4214,true,true
1.0415,true,true
2.2979,true,true
0.8120,true,true
1.5223,true,true
1.4658,true,true
7.3539,true,false
1.1652,true,true
3.9233,true,true
1.4965,true,true
1.6403,true,true
1.1627,true,true
3.7952,true,true
0.8877,true,false
7.7052,true,true
1.1821,true,false
0.8734,true,true
1.6538,true,true
5.2770,true,true
0.6052,true,true
1.9592,true,true
1.9587,true,true
11.3170,true,true
2.6379,true,true
1.4418,true,true
12.9211,true,true
3.4376,true,true
3.7531,true,false
0.8858,true,true
1.4934,true,true
2.8265,true,true
1.3361,true,true
1.7497,true,true
11.1801,true,false
4.9536,true,true
9.1841,true,false
3.8082,true,false
1.6260,true,true
7.3653,true,true
1.2328,true,true
2.0307,true,true
1.7095,true,true
12.3347,true,true
1.5748,true,true
14.7349,true,true
1.0291,true,true
4.6189,true,true
1.1693,true,true
0.7976,true,true
18.4960,true,true
1.3541,true,true
1.0564,true,true
12.5981,true,true
1.2362,true,true
1.6446,true,true
18.0459,true,true
15.3587,true,true
13.1586,true,true
1.9511,true,true
6.0294,true,false
1.4623,true,true
3.0081,true,true
4.0762,true,true
10.4560,true,true
2.0715,true,true
2.0550,true,true
2.5156,true,false
2.7095,true,true
4.2746,true,true
1.3463,true,true
2.6832,true,true
1.2103,true,true
2.1738,true,true
6.3666,true,true
1.1458,true,true
0.7786,true,true
4.5994,true,false
7.9209,true,false
14.9673,true,true
3.5458,true,true
15.8435,true,true
3.3319,true,false
6.8055,true,true
0.8478,true,true
1.6943,true,true
6.2102,true,true
1.6657,true,true
1.3557,true,true
0.9455,true,true
3.3222,true,true
2.3559,true,true
4.7035,true,false
1.6364,true,true
1.7831,true,true
4.9642,true,true
11.5912,true,true
4.6296,true,true
1.3348,true,true
6.3937,true,true
0.5678,true,true
1.8703,true,true
1.9874,true,true
10.7366,true,true
1.6135,true,true
2.4413,true,true
12.0915,true,true
10.1871,true,true
1.6678,true,true
2.9858,true,false
9.7540,true,true
1.1505,true,true
17.9349,true,true
1.6196,true,true
21.7261,true,true
10.8747,true,true
9.2002,true,false
3.3782,true,true
5.0839,true,true
2.4285,true,true
1.6172,true,true
1.6854,true,true
21.9683,true,true
0.7782,true,true
2.2773,true,true
11.6868,true,true
1.2409,true,true
9.3131,true,true
11.2078,true,true
1.9141,true,false
5.8688,true,false
5.2370,true,true
8.5399,true,true
18.2003,true,true
15.7372,true,true
3.8648,true,true
13.5915,true,true
3.6568,true,false
0.7021,true,true
1.9801,true,true
1.7095,true,true
1.3830,true,true
5.3899,true,false
4.6122,true,true
2.4992,true,true
9.1639,true,false
12.7152,true,true
0.8108,true,true
1.4441,true,true
0.9656,true,true
2.3243,true,true
1.6439,true,false
7.1211,true,true
1.2879,true,true
0.9167,true,true
10.3298,true,true
2.2181,true,true
1.3739,true,true
7.6577,true,true
15.8851,true,true
1.0025,true,true
1.8702,true,true
8.1210,true,true
2.3762,true,true
0.8899,true,true
1.7584,true,true
5.7380,true,true
1.2476,true,true
2.6532,true,false
5.0741,true,false
1.9796,true,true
7.4638,true,false
1.9882,true,true
1.7825,true,true
1.4093,true,true
1.3013,true,true
5.6024,true,true
1.7385,true,true
1.3917,true,true
4.8063,true,true
1.8523,true,true
1.6069,true,true
8.8282,true,true
13.8034,true,true
1.6570,true,true
11.5315,true,true
18.6396,true,true
25.7136,true,true
11.3369,true,true
1.9645,true,true
24.1297,true,true
0.9604,true,true
11.5792,true,true
22.6071,true,true
0.8314,true,true
2.7114,true,false
7.2181,true,false
3.2551,true,true
6.6041,true,false
0.8037,true,true
1.8351,true,true
2.2933,true,true
1.8738,true,false
6.8334,true,true
10.8344,true,true
21.3017,true,true
1.3288,true,true
4.5006,true,true
1.1562,true,true
4.4980,true,true
3.1829,true,true
0.6661,true,true
1.2461,true,true
0.8079,true,true
1.6751,true,true
7.1499,true,true
1.2506,true,true
0.9776,true,true
3.0890,true,true
1.8242,true,true
8.3345,true,true
0.9889,true,true
1.6844,true,true
1.9926,true,true
1.4968,true,true
1.6160,true,true
1.2320,true,true
3.8470,true,false
0.7816,true,true
3.5357,true,true
6.6751,true,true
0.9182,true,true
3.6141,true,true
6.5032,true,true
2.4184,true,true
12.5658,true,false
10.5729,true,true
13.7636,true,true
7.5682,true,false
36.4029,true,true
4.4828,true,true
32.1604,true,true
24.7550,true,true
6.8625,true,false
16.1602,true,false
9.0404,true,true
27.8582,true,true
16.1121,true,true
1.2275,true,true
38.8462,true,true
14.9873,true,false
27.5583,true,true
3.6145,true,true
1.8913,true,true
16.8692,true,true
2.2951,true,true
8.7356,true,true
24.4170,true,true
1.2663,true,true
7.4021,true,false
14.0473,true,false
1.3261,true,true
64.7891,true,true
8.7563,true,false
2.6011,true,true
5.2904,true,false
0.7211,true,true
7.7925,true,true
1.5291,true,true
10.0781,true,true
5.8344,true,false
1.3980,true,true
0.9906,true,true
7.3486,true,true
0.6060,true,true
3.0620,true,true
0.6133,true,true
2.2669,true,true
6.5868,true,false
1.2176,true,true
8.3412,true,false
2.6055,true,true
19.5882,true,true
1.6237,true,true
1.2573,true,true
1.4539,true,true
1.7838,true,true
4.1588,true,true
1.7198,true,true
2.0033,true,true
5.3098,true,true
9.9178,true,true
13.6936,true,true
1.2550,true,true
1.0116,true,true
8.3559,true,true
0.5145,true,true
1.0091,true,true
1.9345,true,true
5.4355,true,true
0.8597,true,false
2.1755,true,true
5.2807,true,true
9.6700,true,true
0.8363,true,true
5.2265,true,true
1.2892,true,true
10.9454,true,true
3.3968,true,true
0.8500,true,true
3.9881,true,false
1.3091,true,true
0.9209,true,true
2.0259,true,true
2.8945,true,true
9.5835,true,false
0.7826,true,true
19.8689,true,true
18.0112,true,true
3.9502,true,true
6.1181,true,true
1.6130,true,true
5.4622,true,false
1.0038,true,true
29.1641,true,true
2.1325,true,true
2.3181,true,true
12.5038,true,true
6.5659,true,true
3.2796,true,false
6.6120,true,false
0.7165,true,true
19.7650,true,true
1.7623,true,true
5.7471,true,false
2.2934,true,false
1.2850,true,true
1.3779,true,true
1.0267,true,true
11.8592,true,true
0.8968,true,true
1.8767,true,true
1.9864,true,true
11.3428,true,true
4.1906,true,true
16.9461,true,true
4.1759,true,true
1.5326,true,true
2.6351,true,true
2.6031,true,true
2.7476,true,false
3.6201,true,true
0.9997,true,true
4.5957,true,true
3.8828,true,true
3.5458,true,true
1.2514,true,true
0.9337,true,false
1.5169,true,true
14.1641,true,true
6.0027,true,false
4.3378,true,true
1.6170,true,true
2.4177,true,true
15.1550,true,true
1.7745,true,true
9.1114,true,true
3.1455,true,true
1.9015,true,true
28.3020,true,true
0.8094,true,true
1.6463,true,true
13.9080,true,true
1.4393,true,true
1.7664,true,true
1.2917,true,true
2.5912,true,true
1.0681,true,true
0.8285,true,true
3.8294,true,true
5.4330,true,true
1.1417,true,true
6.0758,true,false
1.5094,true,true
5.1487,true,true
8.8862,true,true
4.0224,true,true
3.9793,true,false
3.1925,true,true
2.0673,true,true
0.5438,true,true
1.1759,true,true
1.4847,true,true
1.0296,true,true
1.5674,true,true
1.6852,true,true
2.0457,true,true
1.7446,true,true
1.2673,true,true
1.0142,true,true
6.2371,true,true
2.1569,true,true
4.7581,true,true
6.0800,true,false
2.1251,true,true
8.4986,true,true
5.4238,true,false
0.7131,true,true
2.9489,true,true
1.9099,true,true
2.9384,true,true
4.1734,true,true
1.9516,true,true
4.4225,true,true
12.4278,true,true
7.3303,true,false
10.7043,true,true
1.8573,true,true
9.0163,true,true
3.2495,true,true
0.6389,true,true
1.9547,true,true
3.1347,true,true
1.0418,true,true
4.8561,true,true
5.4839,true,false
8.7540,true,true
3.5551,true,true
1.4935,true,true
1.1191,true,true
2.4420,true,true
1.0418,true,true
1.7288,true,true
3.5446,true,false
3.2021,true,false
0.6850,true,true
2.0343,true,true
1.7179,true,true
1.3105,true,true
0.8389,true,true
3.1329,true,true
0.5609,true,true
1.5587,true,true
2.3561,true,true
10.1151,true,false
3.5182,true,true
0.9658,true,true
1.6413,true,true
1.8673,true,true
2.8787,true,true
1.4204,true,true
1.0726,true,true
0.7112,true,true
2.1020,true,true
0.7404,true,true
5.3290,true,true
3.6603,true,true
8.4965,true,false
3.2290,true,true
2.7761,true,true
9.6269,true,false
4.3399,true,false
1.9158,true,false
10.2310,true,false
1.6375,true,true
1.5157,true,true
1.1907,true,true
0.9985,true,true
4.5443,true,false
5.0239,true,false
3.0224,true,true
12.9882,true,true
16.1983,true,true
1.5262,true,true
10.2540,true,true
4.4923,true,false
1.3751,true,true
19.2995,true,true
0.9432,true,true
1.5592,true,true
2.8035,true,true
2.8226,true,true
4.3037,true,true
9.8432,true,false
3.3902,true,true
12.5652,true,false
22.6410,true,true
7.1740,true,true
3.2085,true,true
12.6672,true,true
6.4499,true,true
23.1106,true,true
1.2899,true,true
0.8920,true,true
1.5228,true,true
1.1325,true,true
0.7746,true,true
1.3524,true,true
3.3409,true,false
5.1028,true,true
9.9441,true,true
1.4235,true,true
5.8604,true,true
4.1935,true,true
2.0086,true,true
2.0247,true,true
1.6198,true,true
4.1923,true,true
1.3393,true,true
0.9355,true,true
4.2793,true,false
1.5154,true,true
5.4264,true,true
1.0230,true,true
13.8744,true,true
7.3706,true,true
0.9091,true,true
6.7573,true,true
1.0637,true,true
1.1605,true,true
14.4423,true,true
11.5355,true,true
8.9743,true,true
3.0778,true,true
3.2219,true,true
7.8791,true,true
1.5570,true,true
4.8072,true,true
9.4559,true,true
0.9962,true,true
6.0141,true,true
2.9821,true,true
1.5032,true,true
3.5937,true,true
7.3181,true,true
0.8499,true,true
1.5819,true,true
10.2023,true,true
1.8332,true,true
1.5967,true,true
1.2602,true,true
1.0138,true,true
8.7865,true,true
5.9184,true,true
3.4939,true,true
1.0740,true,true
0.6353,true,true
1.1941,true,true
1.2731,true,true
2.5965,true,true
1.4138,true,true
2.5209,true,true
9.2917,true,true
1.9924,true,true
7.2083,true,false
4.0470,true,true
1.7037,true,true
3.5469,true,true
2.5145,true,true
10.0001,true,false
1.0926,true,false
0.6417,true,false
3.0515,true,true
1.7259,true,true
5.6756,true,true
1.0214,true,true
0.6810,true,true
6.5854,true,true
0.8543,true,false
1.3950,true,true
2.4603,true,true
1.7341,true,true
9.0081,true,true
1.8493,true,false
8.8547,true,false
2.6676,true,true
1.0889,true,true
0.6369,true,true
1.2128,true,true
4.3905,true,false
1.0017,true,true
1.6602,true,true
7.5213,true,true
4.3990,true,true
1.2754,true,true
2.4582,true,true
1.2694,true,false
8.4414,true,false
0.6739,true,true
3.5185,true,false
1.4401,true,true
1.7912,true,true
3.1273,true,false
2.8716,true,false
1.3291,true,true
0.8100,true,true
1.4656,true,true
2.8612,true,true
2.6206,true,true
1.1951,true,true
5.7005,true,true
3.3693,true,true
3.9081,true,true
9.5912,true,true
3.3813,true,true
1.7575,true,true
15.1296,true,true
18.6831,true,false
4.6824,true,true
1.7280,true,true
2.4419,true,false
3.4963,true,true
0.8427,true,true
1.7287,true,true
1.4913,true,false
1.1198,true,true
2.7700,true,true
1.5999,true,true
14.5754,true,true
18.2184,true,true
15.0263,true,true
3.0354,true,true
2.3180,true,true
9.1436,true,false
12.7599,true,true
20.0381,true,true
1.1120,true,true
7.7659,true,true
1.7467,true,true
4.8270,true,true
1.9865,true,true
8.6023,true,false
0.9990,true,true
4.2550,true,true
8.6265,true,true
4.8293,true,false
3.9804,true,true
1.5457,true,true
1.8307,true,true
6.9596,true,true
1.2406,true,true
0.8933,true,true
3.3262,true,true
1.6205,true,true
8.3749,true,true
6.4783,true,true
4.9305,true,true
6.9894,true,true
3.8893,true,true
1.2347,true,true
0.9637,true,true
33.1006,true,true
5.1714,true,true
6.6070,true,true
0.9642,true,true
4.4641,true,true
1.0513,true,true
0.5013,true,true
1.8737,true,true
2.1483,true,true
8.7434,true,true
3.7809,true,false
1.6436,true,true
5.4460,true,true
2.3628,true,true
1.9473,true,false
1.5099,true,true
2.7253,true,true
1.1915,true,true
0.8170,true,true
1.2965,true,true
1.5803,true,true
1.4933,true,true
9.7301,true,false
1.3504,true,true
4.5835,true,true
1.0165,true,true
5.5477,true,false
3.0363,true,true
3.5458,true,false
0.9288,true,true
1.6123,true,true
1.9864,true,true
2.9537,true,false
2.8134,true,false
2.2598,true,true
7.8585,true,false
5.0342,true,false
4.0060,true,true
7.8540,true,true
3.9094,true,false
7.7299,true,true
1.8520,true,true
1.7835,true,true
3.2999,true,false
0.7838,true,true
19.6129,true,true
1.5464,true,true
3.8131,true,true
2.0008,true,true
2.9021,true,true
5.5496,true,true
3.5146,true,true
17.8947,true,true
7.3053,true,true
4.3323,true,true
0.8499,true,true
7.0025,true,false
1.1386,true,true
2.0921,true,true
2.7813,true,false
4.5405,true,false
2.2509,true,true
1.9797,true,true
12.1175,true,true
12.3529,true,false
1.6678,true,true
10.8363,true,true
5.4597,true,true
7.0915,true,true
1.0889,true,true
0.9963,true,true
1.7534,true,true
1.4051,true,true
15.2060,true,false
1.8227,true,true
7.7097,true,false
5.1429,true,true
4.7759,true,true
1.8127,true,true
3.1329,true,false
2.2432,true,true
1.0957,true,true
11.0041,true,true
3.2664,true,true
26.4939,true,true
4.6487,true,true
2.2210,true,true
0.9522,true,false
19.8453,true,true
18.4366,true,true
12.5650,true,false
0.6039,true,true
1.3883,true,true
6.5909,true,false
3.4705,true,true
4.7181,true,false
2.6990,true,false
1.6420,true,false
7.5563,true,true
7.1535,true,true
1.3968,true,true
2.8395,true,true
12.4393,true,true
1.3261,true,true
7.6154,true,true
10.7811,true,true
14.9126,true,true
7.4939,true,false
7.4375,true,false
2.4562,true,true
6.4356,true,true
1.4172,true,true
14.1039,true,true
1.8388,true,true
5.7587,true,true
2.7585,true,true
4.9384,true,true
2.3210,true,true
7.9791,true,true
2.0175,true,true
4.4916,true,true
2.3054,true,true
0.8847,true,true
3.6572,true,false
1.2919,true,true
5.3868,true,false
1.3557,true,true
1.1547,true,true
6.8428,true,true
3.4124,true,true
1.1460,true,true
0.9260,true,true
1.6792,true,true
1.3578,true,true
6.3489,true,false
0.7347,true,true
2.9440,true,true
3.0496,true,true
4.5221,true,true
3.3161,true,true
2.7211,true,false
15.2955,true,true
12.0640,true,true
5.8559,true,true
10.3887,true,false
2.2404,true,true
21.2886,true,true
3.1021,true,true
11.5490,true,false
3.6172,true,true
0.8838,true,true
7.7283,true,false
7.7114,true,false
1.4072,true,true
6.1210,true,true
22.2715,true,false
19.4124,true,true
11.5837,true,true
3.0882,true,true
6.3853,true,true
2.5005,true,true
1.7105,true,true
22.5301,true,true
1.4087,true,true
2.5768,true,true
1.1552,true,true
5.8209,true,true
8.0778,true,true
13.1186,true,false
6.9312,true,false
4.9077,true,false
1.4871,true,true
5.2490,true,true
0.8385,true,true
6.8593,true,true
1.6716,true,true
19.1580,true,true
16.7621,true,true
4.3421,true,true
1.5968,true,true
13.4314,true,true
2.3181,true,true
22.1552,true,true
1.2846,true,true
9.4269,true,true
20.0365,true,true
1.3478,true,true
1.9735,true,true
8.1394,true,true
12.1656,true,true
7.3779,true,true
1.6466,true,true
5.8245,true,true
13.7363,true,false
1.3638,true,true
6.1374,true,true
1.7663,true,true
2.4472,true,true
10.9700,true,true
4.0609,true,true
7.4253,true,false
1.2148,true,true
0.9083,true,true
2.1666,true,true
1.1302,true,true
0.9754,true,true
2.0592,true,true
8.4985,true,true
1.8965,true,true
2.4085,true,true
1.2657,true,true
1.9637,true,true
2.2054,true,true
0.9546,true,true
4.1463,true,true
11.6059,true,false
3.3285,true,true
13.9151,true,false
8.6604,true,true
12.2488,true,true
32.2897,true,true
4.4188,true,true
1.6577,true,true
8.2062,true,false
11.8579,true,false
4.1799,true,true
4.4723,true,false
7.4494,true,false
1.4769,true,true
9.7498,true,true
7.3300,true,false
6.0330,true,true
2.8934,true,false
7.1496,true,true
1.5145,true,true
6.9871,true,true
4.0385,true,false
2.6397,true,true
1.6677,true,true
1.2328,true,false
0.7135,true,true
1.3513,true,true
1.5919,true,true
2.7922,true,true
12.0651,true,false
15.6336,true,true
0.6834,true,true
6.6451,true,true
10.3005,true,false
16.6843,true,true
2.7686,true,false
1.4241,true,true
7.7097,true,false
1.2256,true,true
7.6179,true,true
2.3360,true,true
2.4974,true,true
1.9409,true,true
13.7571,true,true
17.4162,true,true
5.2186,true,true
27.1639,true,true
2.6095,true,true
1.4951,true,true
2.6810,true,true
16.6124,true,true
1.3846,true,true
0.8598,true,true
1.3472,true,true
1.3076,true,true
5.9186,true,true
1.3560,true,true
1.0805,true,true
5.6274,true,true
1.5560,true,true
1.2859,true,true
6.3974,true,true
2.1865,true,true
0.8524,true,true
4.5273,true,true
2.1081,true,true
1.4722,true,true
1.4213,true,true
20.2307,true,true
1.3363,true,true
2.0299,true,true
22.2770,true,true
2.2227,true,true
0.6856,true,true
3.0417,true,true
18.8967,true,true
0.9699,true,true
7.1726,true,true
1.5700,true,true
1.1123,true,true
2.9527,true,false
1.4885,true,true
1.2243,true,true
2.5104,true,true
7.2823,true,true
2.6587,true,true
5.6641,true,false
1.3309,true,true
6.3439,true,false
5.5925,true,true
4.1914,true,false
9.8910,true,true
5.9434,true,false
3.1624,true,true
0.7183,true,true
6.5739,true,true
3.5934,true,true
4.9465,true,false
1.7649,true,true
12.4241,true,false
1.8566,true,true
8.9563,true,false
6.4271,true,false
1.8714,true,true
2.9544,true,false
1.5016,true,true
1.7071,true,true
1.2323,true,true
0.7988,true,true
3.0267,true,true
1.5413,true,true
2.1110,true,true
5.6771,true,true
1.5635,true,true
1.4254,true,true
5.7827,true,true
3.0170,true,true
9.7548,true,true
7.1535,true,false
4.5921,true,true
1.5129,true,true
2.9466,true,false
2.6359,true,true
1.1422,true,true
2.9818,true,true
4.1047,true,false
1.4454,true,true
0.8838,true,true
8.5031,true,true
1.9854,true,true
8.2726,true,true
7.3348,true,true
4.2934,true,false
1.5512,true,true
2.9698,true,true
1.5319,true,true
1.3062,true,false
5.8597,true,true
1.1366,true,true
1.2232,true,true
6.3913,true,true
0.8712,true,true
4.0476,true,false
1.5720,true,true
1.8410,true,true
1.5661,true,true
2.8967,true,true
1.4354,true,true
1.5587,true,true
4.7212,true,false
10.1548,true,true
3.8544,true,true
7.2266,true,true
2.8464,true,true
3.6014,true,true
4.6169,true,true
11.5113,true,false
2.3396,true,true
21.1542,true,true
25.5250,true,true
7.0712,true,true
22.6641,true,false
20.7725,true,false
2.0857,true,true
9.7188,true,false
6.7205,true,false
19.2611,true,true
4.8224,true,true
1.7227,true,true
1.3581,true,true
11.3091,true,true
7.3054,true,true
3.3650,true,true
1.1042,true,true
0.7981,true,true
13.1768,true,true
1.4262,true,true
5.0491,true,true
17.7182,true,true
8.3786,true,false
0.7815,true,true
7.4805,true,true
5.0456,true,true
1.6061,true,true
1.2003,true,true
1.3225,true,true
0.9377,true,true
1.6149,true,true
1.2324,true,true
1.6654,true,true
5.2735,true,true
0.5580,true,true
1.2834,true,true
4.1553,true,true
1.3079,true,true
7.8270,true,true
1.3612,true,true
3.4340,true,true
1.0318,true,false
6.3733,true,true
1.1218,true,true
1.0428,true,true
1.8369,true,true
5.9325,true,true
1.8879,true,true
2.1794,true,true
24.0068,true,true
7.2833,true,true
3.1204,true,true
2.2708,true,true
8.5505,true,true
1.8136,true,true
1.5118,true,true
6.2915,true,false
5.8660,true,true
5.0509,true,false
2.3623,true,true
0.8660,true,true
4.9351,true,true
3.5225,true,true
2.5607,true,true
1.5706,true,true
2.5808,true,true
2.5855,true,true
1.1389,true,true
0.9798,true,true
1.5512,true,true
4.8562,true,true
8.8586,true,true
2.9038,true,true
3.1185,true,true
1.6910,true,true
1.2921,true,true
0.8048,true,true
4.3867,true,false
1.3919,true,true
0.9304,true,true
1.7370,true,true
8.1399,true,true
7.5559,true,true
1.1747,true,true
9.3817,true,true
7.3983,true,true
4.0631,true,true
2.6270,true,true
9.8087,true,true
16.2046,true,true
1.2980,true,true
5.4508,true,false
2.4191,true,true
1.1839,true,true
0.9096,true,true
14.0214,true,true
1.3397,true,true
14.7746,true,true
2.4724,true,true
2.8335,true,true
1.5487,true,true
3.0310,true,true
1.5358,true,true
1.3575,true,true
4.5866,true,false
1.1949,true,true
0.8593,true,true
3.3478,true,true
0.9500,true,true
2.1726,true,true
0.6953,true,true
4.5198,true,true
2.0238,true,false
1.5422,true,true
1.1902,true,true
2.6185,true,true
9.1933,true,true
2.3230,true,true
7.4660,true,false
13.9688,true,false
2.8428,true,true
8.6724,true,true
4.7997,true,true
2.5245,true,false
9.2844,true,true
0.8852,true,true
1.1327,true,true
3.9768,true,true
1.7978,true,true
31.4601,true,true
3.5996,true,true
3.2452,true,false
1.0364,true,true
8.7702,true,false
1.8957,true,true
2.1824,true,true
1.0861,true,true
1.4083,true,true
3.2077,true,true
0.9330,true,true
5.1204,true,true
3.5253,true,false
4.6619,true,true
1.5526,true,true
2.3911,true,true
4.6908,true,false
3.0608,true,true
2.7354,true,true
2.0719,true,true
5.7534,true,true
3.5784,true,true
1.1988,true,true
1.4412,true,true
1.2061,true,true
2.1948,true,true
0.7522,true,true
1.4439,true,true
1.7332,true,true
6.4453,true,false
0.9177,true,true
7.4663,true,true
4.8740,true,false
1.6726,true,true
6.2437,true,true
2.1880,true,true
3.9104,true,true
5.5448,true,true
2.9264,true,true
3.2654,true,true
0.5959,true,true
4.2113,true,true
4.6435,true,false
1.5664,true,true
1.7519,true,true
2.7178,true,true
4.0620,true,false
1.7807,true,true
3.2516,true,true
4.6784,true,true
3.6201,true,false
3.8231,true,true
4.0347,true,true
11.6249,true,true
8.5327,true,false
1.8977,true,false
2.2001,true,true
16.6234,true,true
1.4537,true,true
12.4595,true,true
2.7354,true,true
18.5883,true,true
2.9309,true,true
1.5126,true,true
2.7997,true,true
5.2879,true,true
0.7994,true,true
1.6919,true,true
9.5344,true,true
0.7722,true,true
1.4985,true,true
1.3205,true,true
1.2653,true,true
4.7789,true,true
1.2321,true,true
2.1126,true,true
1.8129,true,true
1.5137,true,true
7.4118,true,false
4.3300,true,true
2.4283,true,true
6.4475,true,false
0.7706,true,true
1.5880,true,true
1.4850,true,true
27.2370,true,true
0.8108,true,true
2.0758,true,true
2.2446,true,true
0.8087,true,true
3.6455,true,false
1.0247,true,true
1.5248,true,true
1.2096,true,true
4.8415,true,false
1.2348,true,true
2.4104,true,true
0.8893,true,true
1.5338,true,true
4.1127,true,false
2.0168,true,true
1.8243,true,true
1.4244,true,true
2.0808,true,true
2.0568,true,true
21.2467,true,true
12.2079,true,true
6.4057,true,true
8.3985,true,true
6.2461,true,true
6.8430,true,true
1.3771,true,true
9.9991,true,false
1.1963,true,true
8.8522,true,true
1.1675,true,true
1.9415,true,false
1.4762,true,true
1.2278,true,true
0.9942,true,true
2.3438,true,true
1.8062,true,true
14.0492,true,true
2.5385,true,true
1.5392,true,true
17.2725,true,true
9.7762,true,true
6.2157,true,true
37.4330,true,true
9.9413,true,false
3.3696,true,true
10.0597,true,false
2.3143,true,true
24.7302,true,true
11.0253,true,true
21.7875,true,true
31.1857,true,false
4.7407,true,true
17.3877,true,false
3.6160,true,false
12.3251,true,true
1.6805,true,true
2.5462,true,true
10.3215,true,true
1.2192,true,true
0.7661,true,true
1.3939,true,false
1.2357,true,true
0.8295,true,true
1.6362,true,true
11.3300,true,true
1.8168,true,true
5.1116,true,false
2.1989,true,true
1.3277,true,true
1.0063,true,true
3.7187,true,true
1.0903,true,true
2.0253,true,true
1.6016,true,true
1.0613,true,true
1.5620,true,true
1.3010,true,true
1.1309,true,true
3.8100,true,false
0.7328,true,true
5.2325,true,true
0.9238,true,true
4.2173,true,true
3.6202,true,false
1.7299,true,true
10.8177,true,true
10.0438,true,true
5.2716,true,true
4.3102,true,false
4.8618,true,true
14.3903,true,true
2.0720,true,true
0.5087,true,true
1.6697,true,true
4.0454,true,true
7.3284,true,true
0.9312,true,true
4.2988,true,false
7.4266,true,false
0.7282,true,true
1.8342,true,true
1.6018,true,true
7.7029,true,true
1.8791,true,true
9.7914,true,false
1.7800,true,false
18.9327,true,true
1.3594,true,true
18.3249,true,true
12.1789,true,true
15.8882,true,true
6.6577,true,true
27.3032,true,true
3.4942,true,true
0.8678,true,true
8.9913,true,true
1.8386,true,true
1.4033,true,true
2.6391,true,false
8.6835,true,true
5.2014,true,false
3.9377,true,true
0.8727,true,true
2.7353,true,true
4.1475,true,true
2.4654,true,true
8.3103,true,false
0.7910,true,true
5.7376,true,true
1.4253,true,true
10.0381,true,true
4.0249,true,true
7.2110,true,true
1.5092,true,true
11.0698,true,true
2.8584,true,true
7.5643,true,false
1.3299,true,true
7.8623,true,true
6.9412,true,false
1.2676,true,true
18.8466,true,true
0.6382,true,true
6.1336,true,true
4.2318,true,true
3.3812,true,true
1.4801,true,true
11.0837,true,true
5.7613,true,false
1.1396,true,true
0.7827,true,true
1.6256,true,false
23.7521,true,true
1.3762,true,true
6.0413,true,false
5.3083,true,true
3.6939,true,true
7.4936,true,true
1.5216,true,true
12.6987,true,true
6.9600,true,false
5.1822,true,true
6.7018,true,true
3.9169,true,true
1.3634,true,true
0.9198,true,true
2.3812,true,true
1.1131,true,true
8.3506,true,true
0.6843,true,true
3.2152,true,true
0.7253,true,true
3.4129,true,true
0.8848,true,true
1.4865,true,true
1.3985,true,true
4.5843,true,true
9.3595,true,true
3.7840,true,true
1.2709,true,true
17.4335,true,true
2.8529,true,true
1.4250,true,true
5.3877,true,true
2.5999,true,true
3.2489,true,true
0.8944,true,true
3.5081,true,true
4.9023,true,false
1.4734,true,true
4.8570,true,false
1.4653,true,true
1.2063,true,true
1.8929,true,true
8.9211,true,true
1.4001,true,true
11.9954,true,true
1.4393,true,true
1.3206,true,true
8.1873,true,false
5.6729,true,true
3.4480,true,true
1.3029,true,true
3.6169,true,true
3.2522,true,false
3.4710,true,true
1.4522,true,true
2.6937,true,false
1.2539,true,false
2.2065,true,true
3.1699,true,true
1.2094,true,true
1.4468,true,true
1.0884,true,true
3.7479,true,true
7.4024,true,false
11.8012,true,false
6.2116,true,true
3.4018,true,true
0.8471,true,true
23.1816,true,true
1.8284,true,true
6.3696,true,true
0.7318,true,false
5.9500,true,true
1.3871,true,true
5.1871,true,false
2.8915,true,true
1.9682,true,true
6.8094,true,false
1.1612,true,true
2.1735,true,true
0.7365,true,true
1.3424,true,true
3.3241,true,true
0.7724,true,true
1.8905,true,false
1.9961,true,true
11.9546,true,true
10.6694,true,true
3.0249,true,true
1.5375,true,true
4.4011,true,true
1.3665,true,true
5.7177,true,true
2.2663,true,true
3.8631,true,false
0.9621,true,true
1.5067,true,true
4.0867,true,true
1.7316,true,true
4.8614,true,false
3.5819,true,true
6.8681,true,false
3.7780,true,false
10.1588,true,true
20.0214,true,false
10.4416,true,false
26.3609,true,true
5.3452,true,true
2.8266,true,true
1.3111,true,true
0.9916,true,true
6.2565,true,false
0.7231,true,true
1.6654,true,true
10.2814,true,true
1.9256,true,true
9.3188,true,false
6.6750,true,true
4.3749,true,true
1.5558,true,true
1.6651,true,true
7.1633,true,true
2.1157,true,true
4.7442,true,true
1.7932,true,true
9.5987,true,true
0.8752,true,true
18.5757,true,true
1.4077,true,true
3.6025,true,true
5.1347,true,false
1.7075,true,true
5.1470,true,false
1.6675,true,true
5.4457,true,true
3.7053,true,false
0.8632,true,true
2.2645,true,true
3.1197,true,true
9.7671,true,true
3.4650,true,true
0.9631,true,true
11.2202,true,true
6.7499,true,false
2.2238,true,true
1.1485,true,true
11.7582,true,false
9.5228,true,true
0.7372,true,true
5.0370,true,true
2.8669,true,true
1.4065,true,true
1.3599,true,true
7.8304,true,false
17.6622,true,true
6.5250,true,false
2.7270,true,true
6.5343,true,true
0.7392,true,true
1.4700,true,true
0.8985,true,true
7.2892,true,true
1.8629,true,true
8.3716,true,true
0.7690,true,true
7.1016,true,false
1.3248,true,true
10.9861,true,true
1.8921,true,true
1.5751,true,true
1.2124,true,true
1.0170,true,true
4.7083,true,true
1.1302,true,true
6.7654,true,true
0.8235,true,true
1.3027,true,true
1.2605,true,true
4.4901,true,false
14.0953,true,true
3.0373,true,true
6.7146,true,true
3.2991,true,true
4.0342,true,true
3.5759,true,true
11.3311,true,true
2.4882,true,true
0.8963,true,true
3.8319,true,true
18.0588,true,true
12.7860,true,false
1.4909,true,true
24.1039,true,true
5.8117,true,true
5.8052,true,true
3.9665,true,true
1.7112,true,true
22.0488,true,true
2.0536,true,true
44.3180,true,true
32.3413,true,true
2.9895,true,false
1.6079,true,true
45.6260,true,false
1.3919,true,true
1.0300,true,true
0.7899,true,true
6.0833,true,false
1.3802,true,true
2.1090,true,true
8.2229,true,true
5.6257,true,true
4.3229,true,false
1.7621,true,true
4.4756,true,false
1.4683,true,true
6.8367,true,false
3.9982,true,true
1.6087,true,true
13.5757,true,true
5.2726,true,false
4.1391,true,true
6.4339,true,true
5.2489,true,false
3.6259,true,true
0.7536,true,true
12.4213,true,true
1.7106,true,true
36.6596,true,true
3.5574,true,false
2.4194,true,true
2.4237,true,false
0.9488,true,true
1.6245,true,true
1.3500,true,true
5.0170,true,false
1.3921,true,true
2.5753,true,true
5.7516,true,false
1.1734,true,true
2.7507,true,true
1.1333,true,false
0.9121,true,true
4.8126,true,true
4.7896,true,true
9.2851,true,true
7.3459,true,true
4.7251,true,true
1.3569,true,true
6.0166,true,true
2.6157,true,true
13.9727,true,false
7.5642,true,true
10.7870,true,true
1.4476,true,true
5.6147,true,true
1.0953,true,true
17.5662,true,true
3.2166,true,true
1.0884,true,true
5.4799,true,true
2.9588,true,true
1.4982,true,true
14.1708,true,true
1.8805,true,true
4.9235,true,true
1.9524,true,true
12.6434,true,true
3.3958,true,true
7.0390,true,false
3.9584,true,true
1.6679,true,true
3.7278,true,false
15.5659,true,true
7.7369,true,true
2.0575,true,true
7.0694,true,true
3.3663,true,true
1.2129,true,true
1.4025,true,true
10.7709,true,true
3.1248,true,true
20.2134,true,true
1.8347,true,true
1.4453,true,true
2.3216,true,true
0.7743,true,true
2.0641,true,true
0.5420,true,true
1.1919,true,true
3.6210,true,true
1.9982,true,true
7.4884,true,true
13.8461,true,true
6.5062,true,false
2.0135,true,true
15.8735,true,true
8.2932,true,true
6.3351,true,true
9.4989,true,false
0.7364,true,true
7.1044,true,true
1.3129,true,true
1.2651,true,false
1.5010,true,true
4.3303,true,true
2.6721,true,true
1.0538,true,true
1.7024,true,true
2.0164,true,true
10.2805,true,true
1.4755,true,false
1.0882,true,true
9.9653,true,true
1.1767,true,true
3.7888,true,false
1.7872,true,true
1.8593,true,true
9.7730,true,true
2.6264,true,true
5.9881,true,true
3.5260,true,true
0.9910,true,true
1.4711,true,true
1.1790,true,true
0.7564,true,true
1.3961,true,false
3.7786,true,false
2.6898,true,true
1.2421,true,true
0.7456,true,true
4.2011,true,true
1.4514,true,true
1.1711,true,true
0.9207,true,true
1.6363,true,true
1.7593,true,true
14.5006,true,true
6.9664,true,true
16.4684,true,false
1.5210,true,true
4.8369,true,true
8.4918,true,true
1.7705,true,false
7.5679,true,true
4.5741,true,false
2.9024,true,false
1.8319,true,true
2.7825,true,true
10.2352,true,true
43.3890,true,true
9.2306,true,true
3.9074,true,true
10.5200,true,false
1.6942,true,true
6.4842,true,true
13.2290,true,true
12.8995,true,true
1.3044,true,true
6.6856,true,true
1.1610,true,true
0.8104,true,true
1.5421,true,true
6.8066,true,true
1.2147,true,true
2.3240,true,true
1.7719,true,false
13.7966,true,true
7.5513,true,false
12.1377,true,true
6.1497,true,false
2.8547,true,true
1.7452,true,true
11.5227,true,true
8.7631,true,false
2.5974,true,true
1.1434,true,true
0.7508,true,true
3.9345,true,true
1.5759,true,true
1.2712,true,true
1.5248,true,true
1.0821,true,true
4.9570,true,true
3.3095,true,true
9.7393,true,true
7.3697,true,false
6.3948,true,true
3.3975,true,true
11.3734,true,true
9.5432,true,true
9.4028,true,true
4.4221,true,true
8.0355,true,true
2.1816,true,true
7.4712,true,true
1.1851,true,true
8.5242,true,true
1.1238,true,false
11.4964,true,true
5.7510,true,true
1.7432,true,true
1.4922,true,true
2.5867,true,false
1.1636,true,true
2.0253,true,true
2.1029,true,true
0.6145,true,true
2.6323,true,true
1.6959,true,true
2.5708,true,true
1.0387,true,false
3.2597,true,true
3.5273,true,false
0.7796,true,true
7.2786,true,true
5.4755,true,true
3.4441,true,true
1.0751,true,true
0.6292,true,true
6.8593,true,true
13.3172,true,false
10.6158,true,false
1.7129,true,true
10.3317,true,false
7.9423,true,true
4.8490,true,false
2.4334,true,true
5.7613,true,true
1.2422,true,true
6.2596,true,true
1.0430,true,true
1.5096,true,true
5.3321,true,true
0.7419,true,true
1.2744,true,true
9.6237,true,true
2.2285,true,true
5.8291,true,true
9.5997,true,true
0.9482,true,true
1.5837,true,true
1.4383,true,true
4.8339,true,true
1.7133,true,true
1.3660,true,true
3.7376,true,true
7.5014,true,true
4.6644,true,false
1.9099,true,true
2.0382,true,true
7.3989,true,false
3.6527,true,false
1.4664,true,true
1.2628,true,true
12.2274,true,true
22.1006,true,true
5.2894,true,true
9.8175,true,true
1.2861,true,true
9.1599,true,false
6.1311,true,false
2.0803,true,true
1.8133,true,true
3.7784,true,false
1.2299,true,true
0.8584,true,true
3.6127,true,true
7.5044,true,true
1.6089,true,true
1.1207,true,true
0.7187,true,true
1.5274,true,true
1.6857,true,true
5.1955,true,true
0.9210,true,true
3.2954,true,true
0.6812,true,true
1.3713,true,true
0.8096,true,true
1.7747,true,true
6.6296,true,true
5.1099,true,false
2.5252,true,false
0.9998,true,true
9.0459,true,true
6.2684,true,false
1.2705,true,true
5.3882,true,true
3.2525,true,true
5.0938,true,true
2.9658,true,true
12.3930,true,false
3.0631,true,true
16.1334,true,true
8.9674,true,true
1.3293,true,true
6.8142,true,true
2.7296,true,true
2.0282,true,true
1.8813,true,true
8.9504,true,true
2.5697,true,true
1.1006,true,true
3.1865,true,false
1.1608,true,true
0.9137,true,true
4.2298,true,true
0.6500,true,true
4.3823,true,true
2.0040,true,true
9.6479,true,true
3.5498,true,true
0.8917,true,false
1.5480,true,true
1.1261,true,true
2.2514,true,true
1.3845,true,true
0.8767,true,true
1.6851,true,true
6.1254,true,true
2.0805,true,true
1.6043,true,true
5.3465,true,true
0.7118,true,true
5.1520,true,false
1.7327,true,true
6.4200,true,true
1.2648,true,true
4.8828,true,true
9.0884,true,true
1.5845,true,true
2.7997,true,true
3.0782,true,true
1.6262,true,true
31.1508,true,true
4.2888,true,true
4.6587,true,true
2.7384,true,true
10.2972,true,true
9.5812,true,true
3.9123,true,true
1.9042,true,true
15.1596,true,true
24.5969,true,true
22.3190,true,true
11.0317,true,false
1.6579,true,true
22.1089,true,false
2.9121,true,true
2.5176,true,true
5.3720,true,false
1.0413,true,true
4.1676,true,false
4.6508,true,false
4.2692,true,true
1.1818,true,true
8.2322,true,true
1.7214,true,true
1.8398,true,false
5.8997,true,true
1.4476,true,true
3.6924,true,true
1.6329,true,true
1.2762,true,true
0.8706,true,true
2.2208,true,true
5.3630,true,true
1.8462,true,true
11.3621,true,true
7.2805,true,true
7.0976,true,false
13.8131,true,true
8.3939,true,true
2.3346,true,true
5.5153,true,true
11.9568,true,true
1.5757,true,true
6.3335,true,true
1.4292,true,true
1.1493,true,false
29.6626,true,true
11.0032,true,true
1.6960,true,true
9.0776,true,false
2.1783,true,true
6.1623,true,false
1.8210,true,true
19.7912,true,true
9.2859,true,true
1.9016,true,false
6.1228,true,false
1.4628,true,true
1.2234,true,true
10.1175,true,true
1.8170,true,true
11.5685,true,true
8.7887,true,true
1.7020,true,true
1.3668,true,false
8.1714,true,true
1.4331,true,true
22.5001,true,true
1.9013,true,true
9.9266,true,true
1.2161,true,true
14.0597,true,true
5.9874,true,true
1.9073,true,true
7.4843,true,false
1.6411,true,true
1.8629,true,true
4.8468,true,true
7.9123,true,true
1.7103,true,true
5.9276,true,true
4.7233,true,false
7.8743,true,false
3.1324,true,false
15.4969,true,true
1.7001,true,true
14.4384,true,true
12.1056,true,false
8.0588,true,true
3.3780,true,true
3.4641,true,false
0.7951,true,true
2.9262,true,true
1.6671,true,true
7.3294,true,true
1.3838,true,true
0.9971,true,true
6.2015,true,true
1.5888,true,true
6.0637,true,true
1.3284,true,true
0.8123,true,true
1.4877,true,true
2.7214,true,true
1.1388,true,true
0.6823,true,true
4.4436,true,false
3.8061,true,false
1.1300,true,true
3.3574,true,true
2.9670,true,true
2.0516,true,true
6.0725,true,true
4.9746,true,true
9.9540,true,false
4.8404,true,true
2.0390,true,true
3.7909,true,false
4.6831,true,false
5.0526,true,true
1.9609,true,true
2.3427,true,true
13.0636,true,true
1.7244,true,true
5.8405,true,true
1.8222,true,true
2.7870,true,true
1.2625,true,true
2.1200,true,true
5.3577,true,false
0.7980,true,true
4.0031,true,false
1.5412,true,true
2.7370,true,true
2.3962,true,true
12.6108,true,false
1.8639,true,true
8.4916,true,true
12.8120,true,true
1.2485,true,true
8.1962,true,true
1.7075,true,true
2.0848,true,true
6.7810,true,true
8.8829,true,false
6.0422,true,false
5.1844,true,false
1.9513,true,true
11.3970,true,true
8.4636,true,true
1.1966,true,true
0.8826,true,true
7.5445,true,true
0.9124,true,true
7.1938,true,true
1.7276,true,true
5.8652,true,true
1.5124,true,true
5.4348,true,false
0.9676,true,true
1.5520,true,true
3.4703,true,true
13.5977,true,true
1.1519,true,false
5.2370,true,true
0.6539,true,true
1.3770,true,true
1.0332,true,true
2.0538,true,true
11.9120,true,true
7.2677,true,true
10.5187,true,true
1.7282,true,true
7.0507,true,true
1.5433,true,false
1.2524,true,true
4.6657,true,true
1.3652,true,true
4.7129,true,true
1.2583,true,true
2.9229,true,false
1.4433,true,true
1.5363,true,true
7.1019,true,true
1.2429,true,true
1.0117,true,true
3.4395,true,true
0.9368,true,true
1.7391,true,true
6.8830,true,true
6.6082,true,true
12.8245,true,true
4.5077,true,true
7.0111,true,true
1.8363,true,true
22.1606,true,true
12.9243,true,true
21.1726,true,true
10.0286,true,true
1.4315,true,true
11.4148,true,true
8.4751,true,true
1.2037,true,true
8.2368,true,true
3.2527,true,true
6.3935,true,false
4.3261,true,true
4.6399,true,false
6.5943,true,true
4.1144,true,true
1.1171,true,true
0.8603,true,true
4.0198,true,true
1.5645,true,false
4.6186,true,false
5.9878,true,false
6.4289,true,false
1.2689,true,true
10.8547,true,false
7.8110,true,false
3.9044,true,true
1.4778,true,true
1.3830,true,true
5.2821,true,true
4.6081,true,true
1.4841,true,true
28.7870,true,true
1.3676,true,true
1.0572,true,true
0.8135,true,true
4.0799,true,true
7.4748,true,false
7.8891,true,true
21.1513,true,true
1.3792,true,true
5.6789,true,false
10.6143,true,true
3.7081,true,false
1.8013,true,false
3.6945,true,true
1.0971,true,true
1.3179,true,true
4.5386,true,true
1.3107,true,true
1.6714,true,true
2.9812,true,true
3.9676,true,false
1.3829,true,true
1.0645,true,true
2.8433,true,true
3.8011,true,true
2.5890,true,true
7.4200,true,true
1.4099,true,true
0.9601,true,true
6.9753,true,true
4.5117,true,true
4.5189,true,true
2.0538,true,true
8.3407,true,false
1.7572,true,true
6.0257,true,false
16.8440,true,true
1.7339,true,true
4.9712,true,true
14.1937,true,true
11.4916,true,false
5.5032,true,true
2.8518,true,true
1.4858,true,true
1.7655,true,true
2.6162,true,true
5.9757,true,true
9.1911,true,true
1.5458,true,true
5.5018,true,false
0.9795,true,true
1.4405,true,true
3.8653,true,true
4.9965,true,true
2.2375,true,true
1.2492,true,true
4.0363,true,true
5.2755,true,false
3.4164,true,false
9.9455,true,true
1.9455,true,false
2.1341,true,true
0.6672,true,true
1.5401,true,true
1.2203,true,true
1.0789,true,false
7.0232,true,false
2.4760,true,true
2.7245,true,true
8.4033,true,true
27.9234,true,true
1.7956,true,true
5.9789,true,false
2.3786,true,false
4.0683,true,true
3.1560,true,true
1.1536,true,true
0.7925,true,false
1.6996,true,true
7.5815,true,false
1.4234,true,true
1.1961,true,true
1.1054,true,true
5.9373,true,true
1.3015,true,true
2.6400,true,false
1.4898,true,true
2.4916,true,true
10.4733,true,true
3.8001,true,true
1.6311,true,true
1.2628,true,true
2.2566,true,true
3.7626,true,true
7.2345,true,false
1.1352,true,true
25.1771,true,true
0.9275,true,true
2.8843,true,true
1.4092,true,true
1.5882,true,true
12.9240,true,true
0.9515,true,true
3.5524,true,true
2.1311,true,true
9.4217,true,false
1.0106,true,true
2.0619,true,true
6.5306,true,true
0.8266,true,true
1.5785,true,true
2.8102,true,true
1.9538,true,true
5.7831,true,true
1.2180,true,true
3.1763,true,true
3.3885,true,true
2.2929,true,true
3.6002,true,true
1.9268,true,false
1.6233,true,true
6.9899,true,false
6.7848,true,true
5.0837,true,true
2.6366,true,true
4.8059,true,true
1.7133,true,true
1.3595,true,true
3.7807,true,true
12.8604,true,true
3.1641,true,true
36.5562,true,true
5.4586,true,true
2.3759,true,true
2.5456,true,true
12.0196,true,true
15.2577,true,true
25.3123,true,true
0.8555,true,true
1.5799,true,true
28.5372,true,true
3.1204,true,false
2.6713,true,true
2.1521,true,true
1.1036,true,true
8.3743,true,false
0.6042,true,true
2.3224,true,false
0.7239,true,true
3.0801,true,true
0.6564,true,true
7.3575,true,true
1.3935,true,true
1.0813,true,true
7.4922,true,false
0.8333,true,true
1.6038,true,true
7.5441,true,true
3.1889,true,true
0.9775,true,true
10.1996,true,true
13.4363,true,false
4.2622,true,false
5.1795,true,false
2.9411,true,true
2.2847,true,true
9.3906,true,true
0.9145,true,true
8.3278,true,true
4.3652,true,false
1.6205,true,true
1.1171,true,true
2.1228,true,false
2.6298,true,false
9.6206,true,true
3.9975,true,true
15.1640,true,false
4.7103,true,false
8.6430,true,true
2.4267,true,true
21.8257,true,true
4.9766,true,true
1.9409,true,true
1.5493,true,true
1.2774,true,true
1.0686,true,true
7.6151,true,true
26.0931,true,true
5.3989,true,true
3.2554,true,false
5.6123,true,false
1.5431,true,true
1.1247,true,true
3.0136,true,true
1.7842,true,true
15.5662,true,true
1.8798,true,true
6.3802,true,false
2.7745,true,false
3.4523,true,false
2.4383,true,false
1.6380,true,false
7.2653,true,true
1.8571,true,true
3.2532,true,true
17.2042,true,true
23.5813,true,true
2.8093,true,false
21.9224,true,true
0.6658,true,true
1.3700,true,true
1.0664,true,true
0.6150,true,true
1.1492,true,true
1.4626,true,true
1.2016,true,true
5.1122,true,true
1.7235,true,true
1.9117,true,true
3.0875,true,true
7.2854,true,true
3.3002,true,true
0.8017,true,true
1.4119,true,true
3.2602,true,true
1.3089,true,true
8.1919,true,true
6.5624,true,false
4.8267,true,false
5.0409,true,true
4.2354,true,false
1.9189,true,true
1.5474,true,true
1.3200,true,true
0.9042,true,true
1.6081,true,true
3.9279,true,true
1.7562,true,true
11.1676,true,true
17.8160,true,true
9.4490,true,true
6.7385,true,true
1.0973,true,true
0.6614,true,true
1.2468,true,true
0.9631,true,true
1.6265,true,true
2.0602,true,true
5.9786,true,true
4.4994,true,false
1.9292,true,true
2.0778,true,true
0.6291,true,true
1.3856,true,true
7.1550,true,false
1.3135,true,true
15.3954,true,true
1.7995,true,true
9.8245,true,true
1.4189,true,true
4.9103,true,false
2.8515,true,false
14.3199,true,true
3.1227,true,true
2.1600,true,true
3.5241,true,true
0.6805,true,true
2.5776,true,true
9.5684,true,true
13.9643,true,false
20.3728,true,true
1.8395,true,true
2.4950,true,true
8.9183,true,true
12.2805,true,false
1.7112,true,true
7.2169,true,true
2.4697,true,true
9.0565,true,true
3.2407,true,false
0.6928,true,true
2.8092,true,true
1.2971,true,true
1.0846,true,false
4.9833,true,true
4.5422,true,false
2.5412,true,true
2.6580,true,true
10.1375,true,true
13.9653,true,true
12.9258,true,false
3.9352,true,true
16.5163,true,false
20.3689,true,true
3.4352,true,true
25.6295,true,true
1.2384,true,true
18.1997,true,true
13.9224,true,false
1.9771,true,true
18.8783,true,true
0.8268,true,true
43.9415,true,true
1.2024,true,true
1.9490,true,true
10.5410,true,true
3.6928,true,true
1.0905,true,true
5.7557,true,true
1.7208,true,true
1.4544,true,true
0.9469,true,true
4.6708,true,true
1.7072,true,true
5.8578,true,false
5.6400,true,false
3.7699,true,true
1.3069,true,true
0.9913,true,true
7.9986,true,true
2.9943,true,true
1.4019,true,true
1.0793,true,true
0.6165,true,true
5.8633,true,true
3.8903,true,true
2.6010,true,true
1.4865,true,true
2.6101,true,true
1.2790,true,false
5.7669,true,true
1.1539,true,true
2.0611,true,false
1.6146,true,false
1.4573,true,true
6.8477,true,true
2.4594,true,true
3.7658,true,false
1.0749,true,false
1.3197,true,true
16.4557,true,true
7.8875,true,false
1.9305,true,true
6.3012,true,false
3.1034,true,true
12.8431,true,true
17.5543,true,true
5.4543,true,false
2.6099,true,true
1.7532,true,true
1.4623,true,true
1.0642,true,true
2.2486,true,true
0.8520,true,true
1.8733,true,true
8.2581,true,true
3.6007,true,false
1.0316,true,true
1.7790,true,true
8.3304,true,true
5.7593,true,true
3.3360,true,false
2.1363,true,true
1.1168,true,true
1.0838,true,true
4.2640,true,true
10.5754,true,true
8.3978,true,true
0.8782,true,true
19.7389,true,true
4.7697,true,true
2.0306,true,true
9.5459,true,true
0.8576,true,true
4.3479,true,true
2.5040,true,true
16.5286,true,true
1.9185,true,true
7.9939,true,false
6.5596,true,true
5.0315,true,true
2.8720,true,true
6.4620,true,true
12.9546,true,true
2.3415,true,true
40.1146,true,true
35.3607,true,true
2.7906,true,true
1.2939,true,true
8.1583,true,false
3.1065,true,false
6.8720,true,true
1.1876,true,true
0.9331,true,true
1.6068,true,true
1.2265,true,true
0.8575,true,true
7.3824,true,true
3.4970,true,false
4.4587,true,true
1.5647,true,true
10.6614,true,true
1.6271,true,true
2.1989,true,true
5.5001,true,false
0.8902,true,true
3.5134,true,true
0.8744,true,true
1.5147,true,true
9.2632,true,false
3.5668,true,false
4.9701,true,false
3.3626,true,true
10.0309,true,true
13.8902,true,true
10.0630,true,true
1.6861,true,true
5.1512,true,true
14.6114,true,false
11.9915,true,true
1.2924,true,true
6.2945,true,true
1.9935,true,true
5.2644,true,false
1.2583,true,true
5.9972,true,false
1.7546,true,true
6.9299,true,true
1.3897,true,true
3.6622,true,true
1.0897,true,true
4.1718,true,true
29.9181,true,true
8.9788,true,false
2.8400,true,true
25.2283,true,true
1.8929,true,true
3.6696,true,true
1.3262,true,true
8.1606,true,false
14.9172,true,false
2.7657,true,true
1.4724,true,true
6.1196,true,true
1.5052,true,true
2.1760,true,false
0.6324,true,true
1.2482,true,true
5.4786,true,true
1.7371,true,true
1.6955,true,true
11.8856,true,true
7.5608,true,true
1.3759,true,false
6.6583,true,true
0.8565,true,true
4.6460,true,true
1.6185,true,true
1.9307,true,true
5.5478,true,true
0.8576,true,true
1.5383,true,true
1.7674,true,true
1.5365,true,true
5.4334,true,true
6.5659,true,true
1.2118,true,true
1.5459,true,true
8.5562,true,true
1.5901,true,true
1.4528,true,true
7.1732,true,true
2.7231,true,true
1.7879,true,true
7.0284,true,true
4.1948,true,false
1.3179,true,true
1.3674,true,true
14.0695,true,true
4.7470,true,true
1.4649,true,true
8.7713,true,true
3.5856,true,false
1.5524,true,true
5.9879,true,false
2.4316,true,true
3.4879,true,true
0.9724,true,true
10.7799,true,true
1.0865,true,true
4.0735,true,true
2.6895,true,true
1.1960,true,true
3.4136,true,true
1.8314,true,true
8.9293,true,true
1.3303,true,true
6.5513,true,true
0.8506,true,true
1.4846,true,true
1.1283,true,true
0.7689,true,true
4.3232,true,true
1.4027,true,true
3.1357,true,true
2.8609,true,true
11.4117,true,true
9.8940,true,true
7.9399,true,false
5.0218,true,true
12.1382,true,true
1.3900,true,true
4.6508,true,true
1.1266,true,true
2.0722,true,true
0.5927,true,true
2.5118,true,false
0.9182,true,true
1.5856,true,true
1.6081,true,true
9.6030,true,true
0.9387,true,true
7.2642,true,true
4.1861,true,false
2.4835,true,true
3.0203,true,false
1.5427,true,true
1.3976,true,true
6.3068,true,true
3.0071,true,false
1.6131,true,true
1.3618,true,true
0.9545,true,true
1.7433,true,true
4.5435,true,true
1.5621,true,true
1.2345,true,true
2.7566,true,true
9.2509,true,true
3.2592,true,true
3.6212,true,true
1.2952,true,false
21.0018,true,true
1.1667,true,true
15.8434,true,true
0.9940,true,true
4.1809,true,true
10.6457,true,true
0.8961,true,true
2.4539,true,true
1.6004,true,true
1.1824,true,true
5.4905,true,true
7.3040,true,true
1.3019,true,true
8.0860,true,false
4.1463,true,false
6.4811,true,true
2.8857,true,false
6.2374,true,true
1.6391,true,true
2.8742,true,true
10.0532,true,true
1.9405,true,true
1.8567,true,true
2.5137,true,true
15.9587,true,false
12.8614,true,true
1.5293,true,true
1.3079,true,true
2.1933,true,true
5.7570,true,true
1.5818,true,true
2.0322,true,true
2.3866,true,true
8.1492,true,true
2.5110,true,true
3.2233,true,true
1.8752,true,true
4.4766,true,true
2.1144,true,true
0.6797,true,true
2.4034,true,true
17.7963,true,true
5.3448,true,false
2.7947,true,true
5.7611,true,true
1.3150,true,true
8.8743,true,true
1.5382,true,true
7.1294,true,false
3.1434,true,true
4.3204,true,true
3.9861,true,true
4.0057,true,true
2.7437,true,true
4.0670,true,false
1.5565,true,true
1.5327,true,true
7.2254,true,true
17.0133,true,true
1.6507,true,true
15.1859,true,true
9.1878,true,true
3.6888,true,false
1.7947,true,true
6.6521,true,true
2.7129,true,false
1.2495,true,true
1.4101,true,true
5.3521,true,false
2.5126,true,true
3.5139,true,true
13.1213,true,true
1.3492,true,true
5.5237,true,true
8.6742,true,true
22.1489,true,true
4.1336,true,true
3.5076,true,true
5.5882,true,true
2.5712,true,true
10.3365,true,true
4.6153,true,true
1.6336,true,true
1.3457,true,true
1.7078,true,true
1.2116,true,true
1.9411,true,true
1.7774,true,true
3.5690,true,true
0.9139,true,true
1.5923,true,true
1.1380,true,true
4.4701,true,true
1.6770,true,true
1.1659,true,true
1.3003,true,true
7.4463,true,true
3.1595,true,true
0.5882,true,false
1.3163,true,true
1.0725,true,true
4.6918,true,false
2.4643,true,true
9.0794,true,true
1.2790,true,true
0.7894,true,true
3.0549,true,true
1.5732,true,true
2.0235,true,true
1.9552,true,true
1.6371,true,true
2.6945,true,false
16.0040,true,true
1.5965,true,true
3.0170,true,true
1.4006,true,true
1.1328,true,true
0.7214,true,true
1.2188,true,false
3.7073,true,true
1.4003,true,true
1.0085,true,true
4.2383,true,false
1.0474,true,true
5.2918,true,true
3.1647,true,true
1.1205,true,true
0.6900,true,true
1.4200,true,true
0.9177,true,true
2.5439,true,true
6.9875,true,true
0.9680,true,true
5.6418,true,true
1.6005,true,true
23.3106,true,true
1.9169,true,true
22.0923,true,true
9.8190,true,false
16.6178,true,true
13.7547,true,true
1.5448,true,true
4.9939,true,false
2.0530,true,true
0.5110,true,true
3.8467,true,true
1.1966,true,true
8.4723,true,true
1.1606,true,true
3.2394,true,true
1.1101,true,true
0.6181,true,true
1.8627,true,true
1.4871,true,true
1.6557,true,true
1.3876,true,true
8.7632,true,true
6.1278,true,true
3.3817,true,true
2.4026,true,false
1.1565,true,true
6.9140,true,true
3.0013,true,false
1.4014,true,true
1.5669,true,true
5.5380,true,false
1.0431,true,true
6.8794,true,false
1.3748,true,true
1.0400,true,true
10.4626,true,false
1.5156,true,true
1.1075,true,true
0.5350,true,true
1.0259,true,true
2.1616,true,true
1.6021,true,true
2.2481,true,true
2.1441,true,true
20.4150,true,true
7.5293,true,false
4.5238,true,true
1.5632,true,true
4.1416,true,false
8.9125,true,true
2.7596,true,true
1.3409,true,true
8.6101,true,true
1.1296,true,true
26.9604,true,true
21.0793,true,true
15.0644,true,false
9.0372,true,true
6.1945,true,true
3.2220,true,true
22.2534,true,true
16.8197,true,false
1.7226,true,true
2.4734,true,true
1.4331,true,true
14.3388,true,true
8.5966,true,false
49.8649,true,true
32.1896,true,true
20.1673,true,true
2.3835,true,true
6.5723,true,true
1.4549,true,true
16.3567,true,true
4.7934,true,true
4.2270,true,true
0.8008,true,true
4.2356,true,true
1.0973,true,true
2.3219,true,true
2.2825,true,true
0.7071,true,false
2.0352,true,true
1.7939,true,true
5.9885,true,true
1.8717,true,true
1.7157,true,true
1.3080,true,true
3.5198,true,true
3.9838,true,true
1.6301,true,true
1.6861,true,true
11.2301,true,true
7.1679,true,true
1.5654,true,true
5.6544,true,false
1.0513,true,true
1.6301,true,true
22.3797,true,true
1.0868,true,false
2.2847,true,true
5.6962,true,true
6.0659,true,true
10.6523,true,true
1.9930,true,true
8.3495,true,true
7.5583,true,false
3.9647,true,true
3.6773,true,false
1.0982,true,true
1.2049,true,true
0.8971,true,true
5.0059,true,true
4.0963,true,true
3.9104,true,true
4.9759,true,false
10.3974,true,true
7.6283,true,false
4.5655,true,true
2.4387,true,true
6.0167,true,false
2.2839,true,true
8.6835,true,true
6.3475,true,true
1.8607,true,true
7.2499,true,true
1.4648,true,true
11.0833,true,true
7.4597,true,true
1.5792,true,false
5.3528,true,false
1.2980,true,true
3.2963,true,false
0.7749,true,false
19.6621,true,true
11.5416,true,true
8.4425,true,false
1.3050,true,true
9.8715,true,false
0.9188,true,true
7.6898,true,true
1.0071,true,true
1.6805,true,true
1.3089,true,true
0.8716,true,true
1.5263,true,true
1.7586,true,true
2.3729,true,true
12.5846,true,true
0.9654,true,true
4.5689,true,true
2.5778,true,true
4.6330,true,true
1.5996,true,true
1.6095,true,true
2.4733,true,true
16.5284,true,true
3.3236,true,false
3.4545,true,true
1.2862,true,true
1.5661,true,true
2.5313,true,true
9.0798,true,true
9.1056,true,false
3.4684,true,true
1.0182,true,true
4.0901,true,true
1.5063,true,true
1.0733,true,true
4.4799,true,false
1.2780,true,true
9.8028,true,true
1.0411,true,true
6.5314,true,true
0.6450,true,true
1.4464,true,true
6.8136,true,true
1.1737,true,true
0.9954,true,true
8.4649,true,false
9.4342,true,true
1.0244,true,true
14.4549,true,true
9.0062,true,true
12.3847,true,false
1.7894,true,true
8.7319,true,true
2.4296,true,true
8.9990,true,true
3.2216,true,true
0.8870,true,true
20.0194,true,true
1.5145,true,true
2.8143,true,true
1.3860,true,true
1.0095,true,true
1.8109,true,true
1.4170,true,true
6.2003,true,false
6.7118,true,false
2.0201,true,true
5.2278,true,true
9.5323,true,false
2.3034,true,true
1.5489,true,true
2.9317,true,true
12.8944,true,true
7.7811,true,true
2.5915,true,true
15.6398,true,true
7.3070,true,false
15.8909,true,true
1.6283,true,true
4.7725,true,true
8.3618,true,true
0.8275,true,true
5.0076,true,false
1.6500,true,true
6.5133,true,true
9.7075,true,true
1.0618,true,true
4.6919,true,false
2.6505,true,false
21.6452,true,true
4.0181,true,true
3.8607,true,true
1.3967,true,true
12.4032,true,true
3.2713,true,true
1.5370,true,true
4.7683,true,false
4.4126,true,false
19.3042,true,true
1.3104,true,true
5.6872,true,true
1.2043,true,true
11.2500,true,true
1.5127,true,true
1.5610,true,true
2.6897,true,true
1.9509,true,true
1.7160,true,true
1.8096,true,true
7.4278,true,false
1.6316,true,true
9.4667,true,true
0.9732,true,true
5.3496,true,true
32.3762,true,true
1.2847,true,true
17.1196,true,true
1.1553,true,true
8.2085,true,true
2.2047,true,true
1.8316,true,true
8.8382,true,false
12.1913,true,false
1.4329,true,false
1.1271,true,true
0.6329,true,true
2.9855,true,true
2.0375,true,true
1.8265,true,false
1.6357,true,true
2.8406,true,true
2.9463,true,true
1.9632,true,true
3.3316,true,true
0.8442,true,true
3.9135,true,false
1.2756,true,true
3.8319,true,false
5.6542,true,true
2.9711,true,true
1.6386,true,true
5.1589,true,true
2.0644,true,true
6.2289,true,true
5.6824,true,true
9.9017,true,true
1.1414,true,true
7.6379,true,false
4.3805,true,true
5.7384,true,false
2.8104,true,true
9.6749,true,false
2.9177,true,false
1.9903,true,true
11.8987,true,true
1.1044,true,true
2.1278,true,true
3.3172,true,true
5.7692,true,true
3.0517,true,true
1.7083,true,true
2.1268,true,true
2.4199,true,true
4.7118,true,true
1.4592,true,true
1.1612,true,true
11.1079,true,true
8.2546,true,true
3.7780,true,true
16.2247,true,true
10.9657,true,true
1.6058,true,true
14.3842,true,false
2.9695,true,true
9.5672,true,true
3.2083,true,true
8.5716,true,true
7.3367,true,true
7.2625,true,false
7.5339,true,false
2.0862,true,true
5.9341,true,true
1.4600,true,true
17.2641,true,true
5.8555,true,true
4.3892,true,false
4.7239,true,true
2.1917,true,true
1.2298,true,true
0.7754,true,true
1.3963,true,false
1.4894,true,true
1.5267,true,true
10.8219,true,true
2.4999,true,true
0.9238,true,true
2.7023,true,false
2.4319,true,true
4.0241,true,true
1.0395,true,true
1.5629,true,true
2.5502,true,true
3.1582,true,true
10.8813,true,true
2.0209,true,true
7.2373,true,true
1.4444,true,true
1.2415,true,true
4.9244,true,true
2.1041,true,true
1.2967,true,true
3.6006,true,false
0.8868,true,true
1.6102,true,true
1.2890,true,true
2.7540,true,true
2.4237,true,true
1.0753,true,true
0.6991,true,true
2.7831,true,true
1.2483,true,true
0.8279,true,true
1.5605,true,true
1.8077,true,true
5.5740,true,true
6.5169,true,true
12.7869,true,true
1.7762,true,true
11.2554,true,true
7.4607,true,false
2.0300,true,true
1.6056,true,true
1.1523,true,true
6.4202,true,true
5.2630,true,false
3.4724,true,true
0.8865,true,true
1.6575,true,true
1.4540,true,true
0.9700,true,true
1.6359,true,true
3.0982,true,true
4.6959,true,true
2.9283,true,true
11.8554,true,true
1.2309,true,true
1.5086,true,true
20.5425,true,true
12.4385,true,false
2.3425,true,true
12.7519,true,true
0.6610,true,true
1.1998,true,true
0.7953,true,true
2.8393,true,true
3.7513,true,false
2.8513,true,true
1.6390,true,true
7.5998,true,true
1.3546,true,true
0.9821,true,true
2.2531,true,true
0.6972,true,true
1.4825,true,true
3.1778,true,true
0.9137,true,true
1.7784,true,true
