latency_ms,ok,allowed
45.2222,true,true
36.0999,true,true
46.3571,true,true
42.4551,true,true
38.0221,true,true
54.5615,true,true
35.9888,true,true
63.8532,true,false
76.7170,true,true
36.5156,true,true
58.0517,true,true
50.9287,true,true
78.2923,true,true
53.7303,true,false
53.0241,true,true
51.4367,true,true
38.0113,true,true
82.6555,true,false
39.6446,true,true
47.4131,true,true
125.7483,true,true
109.3904,true,false
54.3240,true,true
52.6452,true,true
72.6597,true,true
51.8862,true,true
97.2109,true,true
96.2691,true,true
83.8441,true,true
92.6641,true,true
116.8821,true,true
66.9692,true,true
87.6624,true,true
91.2823,true,true
81.4517,true,false
136.1986,true,false
114.8442,true,true
258.6344,true,true
260.5148,true,true
240.3561,true,true
289.2300,true,true
307.8305,true,true
302.3849,true,true
254.0902,true,true
340.1737,true,true
377.0854,true,true
255.6306,true,true
299.1811,true,true
290.9329,true,true
290.1897,true,true
333.7596,true,true
362.8983,true,false
300.6738,true,true
342.0168,true,false
371.5197,true,true
340.7557,true,false
305.5601,true,true
311.8313,true,true
346.3865,true,false
370.0742,true,false
304.7364,true,true
305.5340,true,true
298.3709,true,true
295.6906,true,true
418.1397,true,true
292.3719,true,true
332.6227,true,true
369.5264,true,false
341.0034,true,true
419.6206,true,true
297.7320,true,true
363.8112,true,false
363.8216,true,true
360.9900,true,false
309.6097,true,true
354.5262,true,false
311.8680,true,true
354.8033,true,true
361.6151,true,true
341.3748,true,true
337.4222,true,true
336.2281,true,true
393.7630,true,true
371.1320,true,true
376.4741,true,true
355.1647,true,true
433.4669,true,true
385.9263,true,true
400.9027,true,false
408.2015,true,true
359.2029,true,true
357.2618,true,true
457.9197,true,false
425.4284,true,true
443.0049,true,true
368.3955,true,true
372.4240,true,true
369.4769,true,true
428.7279,true,true
376.8962,true,true
436.4748,true,true
427.0338,true,true
438.4112,true,false
409.8297,true,true
386.5929,true,true
387.4118,true,true
635.5269,true,true
408.9550,true,true
387.2370,true,true
431.9895,true,true
454.4238,true,true
463.5141,true,true
417.7662,true,true
387.5244,true,true
402.3894,true,true
530.1748,true,false
441.0193,true,false
421.2719,true,true
439.1314,true,true
635.9710,true,true
410.0568,true,true
413.6920,true,true
414.9763,true,true
569.6384,true,true
490.5448,true,true
416.0476,true,true
466.8147,true,true
440.9790,true,true
464.8551,true,true
503.0524,true,true
556.3262,true,false
544.0296,true,true
507.1568,true,true
548.2322,true,true
551.8591,true,true
545.7441,true,true
596.5278,true,true
516.6027,true,true
511.9244,true,true
528.0866,true,false
522.5710,true,true
529.9742,true,false
674.4098,true,true
549.6100,true,true
607.7799,true,true
527.6456,true,true
554.6439,true,true
488.1650,true,true
533.1674,true,true
889.8246,true,true
646.4660,true,false
634.0394,true,false
534.2760,true,true
530.4386,true,true
530.0905,true,true
608.7901,true,false
542.2540,true,true
593.4743,true,true
566.3858,true,true
567.8428,true,false
551.2860,true,true
590.1463,true,false
600.7152,true,true
616.7050,true,true
677.9340,true,false
569.9264,true,true
552.6465,true,true
550.8681,true,true
670.2094,true,true
550.9662,true,true
596.3666,true,true
549.9446,true,true
603.2894,true,true
667.3057,true,true
581.3792,true,true
644.5588,true,true
642.2458,true,true
701.0249,true,false
617.6156,true,true
636.6714,true,true
634.9603,true,true
631.5702,true,true
672.5398,true,true
639.3126,true,true
619.7393,true,true
667.4324,true,true
619.4991,true,true
622.3231,true,true
697.8703,true,true
677.3065,true,true
730.6229,true,true
681.1976,true,false
650.1593,true,true
670.2164,true,true
650.1729,true,true
651.0847,true,true
670.1217,true,true
752.6870,true,false
729.2874,true,true
706.9331,true,true
653.0078,true,true
647.8845,true,true
709.9092,true,true
700.3103,true,true
740.7420,true,true
660.0555,true,true
694.0867,true,true
739.8086,true,false
682.1483,true,true
686.3283,true,true
738.2387,true,false
776.1378,true,true
744.3121,true,true
671.0485,true,true
667.0669,true,true
669.6753,true,true
680.5618,true,true
734.7826,true,false
677.7774,true,true
681.9525,true,true
722.9425,true,true
722.2591,true,true
716.9952,true,true
682.7862,true,true
686.2371,true,true
680.1802,true,true
751.2099,true,false
713.6959,true,true
794.0582,true,true
737.7191,true,false
689.1565,true,true
693.0108,true,true
807.0574,true,true
694.5607,true,true
749.4225,true,true
736.9014,true,true
727.1305,true,true
788.8132,true,false
748.4905,true,false
808.6254,true,false
1017.7382,true,true
779.0786,true,true
850.9188,true,true
911.7897,true,true
924.3164,true,true
915.3759,true,true
914.1124,true,true
897.1557,true,true
944.4076,true,true
914.8313,true,true
893.2207,true,true
912.4357,true,false
947.8072,true,true
944.9182,true,true
980.4447,true,true
936.9148,true,true
943.4423,true,true
927.6736,true,true
963.6701,true,true
953.0568,true,true
936.3742,true,true
936.5202,true,true
977.3721,true,true
938.0851,true,true
942.7073,true,true
972.6654,true,true
969.3406,true,false
1008.8582,true,true
937.2401,true,true
935.2503,true,true
930.5680,true,true
964.4851,true,true
980.3842,true,true
929.5205,true,true
934.2844,true,true
1403.3277,true,true
947.4471,true,true
1020.6101,true,true
949.4258,true,true
1012.4785,true,true
969.6549,true,true
964.6969,true,true
1046.1420,true,true
959.7414,true,true
1039.5211,true,true
1150.8187,true,false
967.0233,true,true
1059.8440,true,false
1042.4230,true,true
1107.4724,true,true
1210.7094,true,false
1157.6318,true,true
1195.8317,true,true
1253.7697,true,true
1274.1493,true,true
1752.3430,true,true
1250.7324,true,true
1306.1159,true,false
1224.1408,true,true
1233.7444,true,true
1228.0663,true,true
1330.0837,true,false
1284.8669,true,true
1257.1794,true,false
1280.2359,true,true
1254.9572,true,false
1303.3403,true,true
1244.8951,true,true
1264.6866,true,true
1324.4533,true,false
1245.6871,true,true
1235.6044,true,true
1242.6217,true,true
1240.6310,true,true
1268.4618,true,true
1379.2913,true,false
1295.0287,true,false
1351.2982,true,true
1342.0475,true,true
1314.2142,true,true
1303.6763,true,true
1277.9315,true,true
1278.4430,true,true
1345.9453,true,false
1311.5053,true,true
1289.8053,true,true
1476.5185,true,true
1283.0531,true,true
1291.5793,true,true
1304.4880,true,true
1345.7691,true,true
1315.5488,true,true
1301.3108,true,true
1382.7857,true,false
1379.2810,true,false
1301.4204,true,true
1299.6854,true,true
1305.0700,true,true
1469.7387,true,true
1308.4532,true,true
1366.1083,true,true
1339.8436,true,false
1309.8114,true,true
1307.9694,true,true
1343.2735,true,true
1308.0887,true,true
1348.1590,true,false
1346.1454,true,true
1370.4991,true,true
1374.1397,true,true
1364.8352,true,true
1471.0693,true,true
1365.7563,true,true
1479.0005,true,true
1368.5483,true,true
1363.6803,true,true
1360.6575,true,true
1470.1374,true,false
1384.8502,true,true
1429.3431,true,true
1416.4398,true,true
1468.4661,true,true
1377.6128,true,true
1427.7565,true,true
1379.5637,true,true
1457.7219,true,false
1379.4802,true,true
1448.5899,true,true
1561.1703,true,true
1422.7005,true,false
1396.2341,true,true
1386.5651,true,true
1454.3525,true,true
1419.7865,true,false
1390.7405,true,true
1418.2199,true,true
1438.5268,true,true
1432.3209,true,false
1435.5646,true,true
1410.1763,true,true
1495.4501,true,true
1409.3121,true,true
1435.8588,true,true
1674.3342,true,true
1391.6701,true,true
1418.5028,true,true
1572.0297,true,true
1404.2216,true,true
1426.0195,true,false
1450.1098,true,false
1403.5750,true,true
1404.7847,true,true
1450.6653,true,true
1470.1109,true,true
1411.5519,true,true
1470.6521,true,true
1480.9835,true,true
1427.0213,true,true
1840.3989,true,true
1470.0805,true,false
1455.2500,true,true
1458.8690,true,true
1473.0832,true,false
1504.2922,true,true
1600.0615,true,true
1429.5246,true,true
1438.5248,true,true
1501.2992,true,true
1470.7289,true,false
1442.9740,true,true
1442.0731,true,true
1493.1594,true,true
1477.1339,true,true
1433.6168,true,true
1437.7321,true,true
1521.4047,true,true
1511.7194,true,false
1433.6631,true,true
1430.1258,true,true
1434.4753,true,true
1506.0057,true,false
1474.1115,true,true
1487.0371,true,false
1431.5195,true,true
1434.9919,true,true
1485.6818,true,true
1476.0406,true,true
1480.9025,true,true
1513.3666,true,true
1445.9525,true,true
1478.2323,true,true
1513.4756,true,false
1491.0061,true,false
1462.4150,true,true
1450.8035,true,true
1449.2213,true,true
1447.0434,true,true
1450.8897,true,true
1452.9552,true,true
1462.9673,true,true
1472.5078,true,true
1500.9713,true,true
1466.6999,true,true
1489.0467,true,false
1454.7052,true,true
1498.5243,true,true
1457.9866,true,true
1538.8790,true,false
1453.6354,true,true
1499.1622,true,true
1447.3690,true,true
1446.5723,true,true
1454.7952,true,true
1514.4009,true,false
1549.6143,true,true
1468.0172,true,true
1498.7499,true,true
1492.9986,true,true
1485.5065,true,true
1520.8392,true,true
1510.1935,true,true
1487.6345,true,true
1583.9815,true,true
1507.0697,true,true
1508.3122,true,true
1504.9251,true,true
1535.5670,true,true
1538.7277,true,true
1552.8559,true,true
1638.5631,true,true
1641.2011,true,true
1699.5780,true,true
1688.5770,true,true
1698.1325,true,true
2018.2410,true,true
1642.6810,true,true
1642.1958,true,true
1733.0218,true,true
1694.9296,true,true
1672.9172,true,true
1739.7787,true,true
1674.6438,true,true
1691.9833,true,true
2210.1521,true,true
1717.6197,true,true
1688.9419,true,true
1705.8374,true,true
1748.8202,true,false
1738.5221,true,true
1788.1042,true,false
1688.2787,true,true
1696.9717,true,true
1830.2442,true,true
1705.4585,true,true
1756.2554,true,true
1790.6585,true,false
1742.6063,true,true
1748.3468,true,true
1903.5188,true,true
1739.1262,true,true
1762.9130,true,true
1745.3810,true,true
1731.3078,true,true
1733.8652,true,true
1734.4200,true,true
1760.9803,true,true
1758.6585,true,true
1779.7344,true,true
1849.1999,true,true
1735.2385,true,true
1895.8312,true,true
1765.2555,true,false
1734.0411,true,true
1734.5725,true,true
1818.7410,true,true
2215.4756,true,true
1774.4323,true,true
1793.4811,true,true
1787.5741,true,true
1842.3561,true,true
1778.5135,true,true
1854.4634,true,true
1820.3958,true,true
1823.6093,true,true
1931.6817,true,false
1775.7387,true,true
1815.5609,true,true
1781.6419,true,true
1844.3535,true,true
1823.7497,true,true
1821.1155,true,true
1779.1934,true,true
1780.4802,true,true
1781.5514,true,true
1838.4703,true,false
1788.1663,true,true
1874.2452,true,false
1783.6469,true,true
1833.5418,true,true
1808.6804,true,false
1799.6489,true,true
1799.7300,true,false
1785.9629,true,true
1781.0054,true,true
1759.9897,true,true
1799.8340,true,true
2018.1165,true,true
1925.4474,true,false
1924.3878,true,true
1937.3744,true,true
1963.7858,true,true
1971.1585,true,true
1946.3531,true,true
1913.3838,true,true
1926.5726,true,true
1926.3918,true,false
1921.0256,true,true
1924.3748,true,true
1994.0535,true,false
1923.3631,true,true
2007.2575,true,true
1957.2210,true,true
1933.4675,true,true
1985.3001,true,true
1936.6840,true,true
1936.6592,true,true
1931.8862,true,true
1939.4898,true,true
2010.2582,true,false
1976.3957,true,true
1968.5348,true,true
2026.8914,true,true
1940.2347,true,true
2097.3426,true,true
1996.1699,true,true
1959.8933,true,true
1948.2668,true,true
1942.5498,true,true
1947.4108,true,true
2000.2173,true,true
1944.6990,true,true
1942.7052,true,true
1978.4786,true,true
1947.0029,true,true
1978.2588,true,false
2147.4935,true,true
1950.6645,true,true
2016.5683,true,false
1970.1390,true,true
1941.0318,true,true
1993.3392,true,true
1941.2528,true,true
2062.9946,true,true
1944.2191,true,true
2028.5205,true,true
1948.9231,true,true
1946.4743,true,true
1953.4344,true,true
1958.7296,true,true
2006.9293,true,false
2001.7437,true,true
2026.3834,true,false
1995.5127,true,true
1967.5482,true,true
1963.5925,true,true
1981.0612,true,true
1984.3403,true,true
1962.8442,true,true
2425.5600,true,true
2019.7597,true,true
1963.7387,true,true
1959.9770,true,true
2019.2010,true,true
1986.8510,true,false
2149.7139,true,true
1970.4181,true,true
1976.2818,true,true
1971.4124,true,true
1978.1797,true,true
1993.1491,true,false
1975.1229,true,true
2080.3965,true,false
2005.5417,true,true
1972.0444,true,true
2017.3831,true,false
1966.9322,true,true
1973.3703,true,true
2018.3920,true,true
2006.5280,true,true
2230.6678,true,true
1970.7126,true,true
2002.2713,true,false
2061.9933,true,false
2061.6296,true,true
2494.0704,true,true
2023.2998,true,true
2008.8400,true,false
2047.5214,true,true
2002.8335,true,true
2119.9693,true,true
2007.0122,true,true
2006.1266,true,true
2052.1787,true,true
2048.5175,true,false
2058.4602,true,true
2047.2476,true,true
2022.3570,true,true
2028.3199,true,true
2077.8571,true,true
2098.5501,true,true
2058.5837,true,true
2032.5849,true,true
2036.8342,true,true
2081.7533,true,true
2088.2925,true,true
2059.5178,true,true
2064.3684,true,true
2168.6449,true,true
2099.0206,true,true
2124.0125,true,true
2069.6978,true,true
2091.9512,true,true
2118.1536,true,true
2068.6969,true,true
2074.0178,true,true
2164.6595,true,true
2075.5966,true,true
2094.0541,true,false
2181.2753,true,false
2142.8702,true,true
2163.3349,true,false
2078.3495,true,true
2073.9444,true,true
2068.2222,true,true
2122.9507,true,true
2077.4263,true,true
2159.4776,true,false
2156.4156,true,true
2078.7976,true,true
2080.8989,true,true
2157.0780,true,true
2115.6076,true,true
2095.6929,true,true
2126.3579,true,true
2101.1718,true,true
2163.9729,true,false
2124.4131,true,true
2100.5112,true,true
2119.9607,true,true
2095.4754,true,true
2099.0673,true,true
2157.4920,true,true
2098.5972,true,true
2095.7584,true,true
2111.6592,true,true
2140.4407,true,true
2235.8821,true,true
2138.8862,true,true
2139.3287,true,true
2214.1126,true,true
2248.2343,true,false
2144.0423,true,true
2146.5550,true,true
2170.0886,true,true
2190.2281,true,true
2260.8803,true,false
2157.0655,true,true
2229.7838,true,true
2151.8721,true,true
2150.2495,true,true
2297.7795,true,true
2147.8554,true,true
2144.6130,true,true
2148.2542,true,true
2194.7601,true,true
2148.2510,true,true
2176.4603,true,true
2171.7109,true,true
2241.8589,true,true
2239.3112,true,true
2205.3717,true,true
2219.3382,true,true
2232.9738,true,true
2156.4181,true,true
2169.8928,true,true
2249.2872,true,true
2206.1369,true,true
2231.1754,true,true
2251.5944,true,true
2202.4195,true,true
2206.1882,true,true
2209.3604,true,true
2202.1078,true,true
2205.3822,true,true
2208.7167,true,true
2242.6276,true,true
2269.1135,true,false
2224.2477,true,true
2223.4467,true,true
2287.2974,true,true
2298.7384,true,true
2306.7176,true,true
2241.1611,true,true
2298.2134,true,false
2230.7040,true,true
2356.9955,true,true
2235.6416,true,false
2239.1476,true,true
2231.2510,true,true
2286.0631,true,true
2289.5443,true,true
2262.0638,true,false
2319.9245,true,true
2289.3359,true,true
2266.1150,true,true
2332.7509,true,true
2553.5392,true,true
2255.8719,true,true
2279.4685,true,false
2306.1360,true,true
2283.3302,true,true
2305.1751,true,true
2293.0799,true,true
2334.2187,true,false
2293.6845,true,true
2420.6264,true,true
2317.3239,true,true
2315.9303,true,true
2347.8850,true,true
2359.2906,true,true
2301.9579,true,true
2289.1710,true,true
2292.3477,true,true
2247.7859,true,true
2792.4408,true,true
2374.0703,true,true
2361.5930,true,false
2360.0636,true,true
2394.9026,true,true
2374.9756,true,true
2360.9233,true,true
2392.6173,true,true
2426.4236,true,true
2400.5034,true,true
2376.3490,true,true
2367.8006,true,true
2364.0036,true,true
2364.1555,true,true
2442.5083,true,false
2410.9603,true,true
2377.8762,true,true
2492.3910,true,true
2399.9093,true,true
2374.5055,true,true
2377.6671,true,true
2373.4506,true,true
2473.4963,true,true
2450.8547,true,true
2415.9130,true,true
2396.1046,true,true
2383.7555,true,true
2444.1805,true,true
2467.0383,true,false
2389.0406,true,true
2448.9877,true,true
2381.6270,true,true
2494.8119,true,false
2405.1085,true,true
2545.7084,true,true
2511.4065,true,false
2435.5856,true,true
2490.6596,true,true
2566.3009,true,true
2486.1449,true,true
2506.0387,true,false
2454.5356,true,true
2517.3396,true,true
2494.8778,true,false
2516.7042,true,true
2507.5102,true,true
2523.1753,true,true
2502.8875,true,true
2553.9043,true,false
2493.4096,true,true
2494.1775,true,false
2490.3145,true,true
2484.7247,true,true
2530.1310,true,true
2536.5501,true,false
2563.0188,true,true
2566.7971,true,false
2613.0465,true,true
2567.4021,true,false
2518.9801,true,true
2500.8971,true,true
2784.5095,true,true
2502.1766,true,true
2573.6446,true,true
2590.0555,true,false
2574.9029,true,true
2531.7496,true,true
2617.9089,true,false
2578.1089,true,true
2651.7798,true,true
2556.3214,true,true
2603.4193,true,true
2663.9057,true,true
2558.8750,true,true
2590.8801,true,true
2578.0127,true,false
2654.2176,true,true
2765.3551,true,true
2603.1460,true,true
2581.1428,true,true
2637.9894,true,true
2579.6044,true,true
2604.9486,true,true
2596.5784,true,true
2653.2470,true,false
2579.7214,true,true
2641.1837,true,false
2633.8732,true,true
2656.0674,true,true
2582.0368,true,true
2622.6315,true,true
2595.8789,true,true
2587.4909,true,true
2595.2665,true,true
2659.5094,true,true
2588.9398,true,true
2620.3550,true,true
2587.1226,true,true
2593.4441,true,true
2588.2704,true,true
2622.8966,true,true
2615.6835,true,false
2663.1098,true,true
2587.9582,true,true
2723.3825,true,true
2602.4884,true,true
2592.0501,true,true
2639.1021,true,true
2654.7785,true,true
2783.5348,true,true
2636.7026,true,true
2612.2508,true,true
2639.9440,true,true
2698.7172,true,false
2653.1310,true,true
2715.7864,true,false
2614.2146,true,true
2657.8782,true,true
2673.6071,true,true
2677.0653,true,true
2785.3942,true,true
2823.3853,true,true
3293.7491,true,true
2790.6608,true,true
2842.0737,true,true
2813.6148,true,true
2791.8149,true,true
2821.7335,true,true
2870.8002,true,true
2790.7580,true,true
2936.4562,true,true
2790.2636,true,true
2789.9876,true,true
2814.5243,true,true
2864.8305,true,true
2838.3387,true,true
2843.6179,true,true
2881.9128,true,true
2797.1102,true,true
2862.4067,true,false
2809.4614,true,true
2805.0278,true,true
2808.4492,true,true
2856.2890,true,false
2811.2195,true,true
2805.4776,true,true
2825.2501,true,true
2792.8593,true,true
2808.5174,true,true
2800.7880,true,true
2792.4504,true,true
2785.1556,true,true
2885.4292,true,true
2850.1331,true,true
2787.2480,true,true
2915.9167,true,false
2883.0997,true,true
2839.8981,true,true
2853.4470,true,true
2871.3309,true,true
2840.3839,true,true
3109.1952,true,true
2884.9328,true,false
2839.1923,true,true
2856.6363,true,true
2913.6475,true,true
2871.3231,true,true
2851.9799,true,true
2933.0753,true,false
2866.1920,true,true
2910.0604,true,true
2878.9741,true,true
2934.6568,true,false
2862.8898,true,true
2910.4887,true,true
2959.9694,true,true
2877.1034,true,true
2881.5793,true,true
3001.7725,true,true
3277.2084,true,true
3085.3695,true,true
3095.3686,true,true
3089.7154,true,true
3091.4240,true,true
3152.8894,true,false
3082.1827,true,true
3127.7602,true,false
3300.3770,true,true
3070.5862,true,true
3122.5614,true,true
3066.9851,true,true
3145.8631,true,true
3075.0892,true,true
3084.7458,true,false
3076.2109,true,true
3155.9149,true,true
3082.2039,true,true
3126.8611,true,true
3080.4628,true,true
3126.9016,true,true
3079.7226,true,true
3197.1296,true,true
3164.0864,true,true
3115.4990,true,true
3230.6185,true,true
3254.0879,true,true
3249.2538,true,true
3259.2566,true,true
3255.2647,true,true
3245.8950,true,true
3330.2862,true,true
3258.5216,true,true
3255.2921,true,true
3243.5076,true,true
3240.3267,true,true
3303.6368,true,true
3326.4151,true,false
3246.7261,true,true
3246.9641,true,true
3330.7168,true,false
3315.4813,true,true
3262.8041,true,false
3399.1868,true,true
3341.3617,true,true
3258.9613,true,true
3316.2150,true,false
3259.9094,true,true
3249.1654,true,true
3252.4057,true,true
3248.1183,true,true
3316.9468,true,false
3304.6726,true,true
3326.4310,true,false
3456.4987,true,false
3278.7493,true,true
3333.9254,true,true
3271.6191,true,true
3285.1344,true,true
3294.0443,true,true
3317.6678,true,true
3314.6583,true,true
3321.0861,true,true
3341.1537,true,true
3300.5569,true,true
3355.2716,true,true
3300.5458,true,true
3366.4496,true,false
3300.8631,true,true
3383.1809,true,false
3480.0698,true,true
3300.1552,true,true
3389.7171,true,true
3315.2637,true,true
3407.6314,true,false
3359.8722,true,true
3408.4979,true,false
3379.2348,true,true
3340.8634,true,true
3467.4329,true,true
3327.6167,true,true
3375.5396,true,true
3328.7316,true,true
3328.9092,true,true
3338.1054,true,true
3381.9522,true,true
3382.9012,true,true
3802.1954,true,true
3441.5427,true,true
3411.9959,true,false
3382.6768,true,true
3361.9317,true,true
3446.5088,true,true
3490.7114,true,true
3415.6801,true,true
3456.0014,true,false
3465.7221,true,false
3402.7950,true,true
3416.4173,true,false
3403.2858,true,true
3388.9861,true,true
3463.6189,true,false
3393.0821,true,true
3446.8071,true,true
3395.5304,true,true
3484.0921,true,true
3446.6709,true,true
3439.8001,true,true
3475.8010,true,false
3474.5546,true,true
3472.7993,true,false
3457.7054,true,true
3424.8482,true,true
3423.3369,true,true
3447.8000,true,true
3429.1368,true,true
3430.5604,true,true
3670.0894,true,true
3436.5121,true,true
3552.4440,true,true
3440.5703,true,true
3436.0861,true,true
3486.7263,true,true
3483.8480,true,true
3442.2990,true,true
3530.0680,true,true
3483.4083,true,false
3524.8160,true,false
3542.7308,true,false
3521.1164,true,true
3481.0150,true,true
3523.4340,true,true
3448.9586,true,true
3486.2652,true,true
3461.6141,true,true
3461.4717,true,true
3460.4474,true,true
3503.5122,true,false
3509.8712,true,true
3466.1712,true,true
3577.1073,true,true
3488.9547,true,true
3538.3874,true,true
3587.8541,true,false
3572.7507,true,true
3503.7605,true,true
3505.4586,true,true
3500.9226,true,true
3534.9142,true,true
3654.6280,true,true
3501.7773,true,true
3563.4866,true,true
3595.1466,true,true
3531.4034,true,false
3519.3127,true,true
3584.9705,true,true
3519.0286,true,true
3527.2988,true,true
3558.4796,true,true
3550.2733,true,true
3622.0820,true,true
3530.2590,true,true
3554.9946,true,true
3566.3359,true,true
3594.6673,true,true
3622.8538,true,true
3534.7454,true,true
3554.8569,true,false
3611.8315,true,true
3587.2386,true,true
3594.0716,true,true
3651.9309,true,true
3642.9283,true,false
3572.4374,true,true
3600.7612,true,true
3576.1764,true,true
3682.8815,true,false
3616.8689,true,false
3632.8024,true,true
3599.5769,true,true
3679.6155,true,true
3643.7671,true,true
3668.1300,true,true
3656.5372,true,true
3653.6291,true,true
3679.6783,true,true
3708.1142,true,true
3658.1570,true,true
3687.3983,true,true
3853.2971,true,true
3683.4062,true,true
3729.3674,true,true
3753.1046,true,true
3669.0075,true,true
3704.7871,true,true
3686.1489,true,true
3730.2133,true,true
3676.3323,true,true
3731.9800,true,true
3715.5628,true,true
3748.7227,true,false
3758.2754,true,true
3694.0425,true,true
3810.8916,true,true
3692.9514,true,true
3781.6663,true,true
3800.8470,true,true
3835.8189,true,true
3802.0840,true,true
3876.4265,true,true
3874.0677,true,true
3867.9443,true,true
3976.8684,true,true
3846.1656,true,true
3863.3911,true,true
3846.3229,true,true
3893.6773,true,true
3901.2773,true,true
3887.7156,true,true
3848.1850,true,true
4164.6345,true,false
3934.9876,true,false
3947.9748,true,false
3874.0790,true,false
3909.0517,true,false
3900.3564,true,true
3877.8227,true,true
3881.0235,true,true
3895.9051,true,true
3931.2361,true,true
3904.1059,true,true
3870.4950,true,true
3880.1343,true,true
3930.7884,true,true
3958.0940,true,false
3908.5377,true,true
3918.2641,true,true
3903.6746,true,true
3880.4168,true,true
3912.6196,true,false
3887.1556,true,true
3888.5088,true,true
3889.5865,true,true
3891.4779,true,true
3908.2583,true,true
3912.3153,true,true
3894.6676,true,true
3999.9526,true,true
3887.5229,true,true
3949.8703,true,true
3887.3838,true,true
3898.1657,true,true
3905.1411,true,true
3929.2155,true,true
3944.8773,true,true
3918.3902,true,true
3987.6857,true,false
4036.3238,true,true
3906.9027,true,true
4116.8226,true,true
4098.6356,true,true
3933.0488,true,true
3908.1257,true,true
3997.0506,true,true
3906.9195,true,true
3934.5174,true,true
3913.8397,true,true
3973.3248,true,false
4042.4057,true,true
3954.8979,true,true
3982.0031,true,true
4001.8729,true,true
3967.4097,true,true
3975.2481,true,false
3953.9628,true,true
3957.1390,true,true
4008.9040,true,false
4368.3550,true,true
3981.6387,true,true
3978.4306,true,true
3938.3200,true,true
3957.6307,true,true
3955.6731,true,true
3961.2974,true,true
3981.3381,true,true
3987.8236,true,true
3963.4863,true,true
4017.1699,true,true
3971.6308,true,true
4032.6700,true,true
3989.5177,true,true
4035.5207,true,false
4027.6772,true,true
4033.0873,true,true
3993.8717,true,true
4093.5607,true,false
3994.3705,true,true
4195.5200,true,true
4086.6253,true,false
3993.9696,true,true
4002.7234,true,true
4050.7358,true,true
4068.3458,true,true
4006.3600,true,true
4103.2443,true,false
4061.3512,true,false
4007.6823,true,true
4033.6684,true,false
4120.5240,true,true
4005.1416,true,true
4079.5466,true,true
4085.1031,true,true
4069.8794,true,false
4087.7824,true,false
4044.2563,true,false
4055.6942,true,false
4062.3097,true,true
4029.2121,true,true
4046.7337,true,true
4083.1132,true,true
4069.9295,true,true
4067.0495,true,true
4215.9852,true,true
4119.9697,true,false
4082.1039,true,true
4136.2554,true,false
4076.1398,true,true
4073.1412,true,true
4128.4195,true,true
4107.5419,true,true
4089.1204,true,false
4068.4435,true,true
4073.2089,true,true
4068.0808,true,true
4078.9533,true,true
4067.9272,true,true
4112.0957,true,true
4063.9545,true,true
4112.4718,true,true
4097.3559,true,true
4118.5840,true,true
4103.0067,true,true
4178.2054,true,false
4260.2429,true,true
4178.1630,true,true
4171.7446,true,true
4214.6546,true,true
4101.1751,true,true
4098.3354,true,true
4175.3508,true,false
4099.2603,true,true
4109.2359,true,true
4103.0522,true,true
4356.2336,true,true
4181.2577,true,true
4184.4406,true,true
4168.1617,true,true
4152.9997,true,true
4155.3812,true,true
4140.8001,true,true
4128.8920,true,true
4162.5142,true,false
4128.4795,true,true
4123.6965,true,true
4332.1547,true,true
4163.4809,true,true
4169.0211,true,true
4136.3453,true,true
4140.5746,true,true
4180.6654,true,true
4134.4273,true,true
4240.4333,true,true
4146.8947,true,true
4561.8914,true,true
4192.5572,true,true
4243.3414,true,true
4190.5633,true,true
4228.2624,true,true
4227.9847,true,true
4200.8154,true,true
4204.0934,true,true
4277.1849,true,true
4245.0643,true,true
4412.9367,true,false
4210.7891,true,true
4226.3407,true,true
4395.5717,true,true
4283.6415,true,true
4320.1794,true,false
4267.5323,true,true
4260.8878,true,true
4341.8379,true,false
4266.0414,true,false
4315.3710,true,false
4331.3714,true,true
4275.7974,true,true
4252.6140,true,true
4295.5956,true,true
4359.9110,true,false
4282.5624,true,true
4269.1656,true,true
4331.0697,true,true
4393.6623,true,true
4304.5989,true,true
4460.9786,true,true
4349.2328,true,true
4275.0842,true,true
4290.9703,true,true
4311.3320,true,true
4274.3236,true,true
4292.9998,true,false
4274.1669,true,true
4375.1619,true,true
4319.0757,true,false
4281.0297,true,true
4306.1997,true,false
4309.4768,true,true
4318.7873,true,true
4354.8963,true,true
4286.1557,true,true
4280.3195,true,true
4362.7189,true,true
4325.3451,true,true
4294.1571,true,true
4373.7490,true,false
4282.0997,true,true
4283.4533,true,true
4281.0348,true,true
4340.4587,true,true
4316.6117,true,true
4306.2791,true,true
4332.5679,true,true
4369.5256,true,false
4364.7477,true,true
4303.0308,true,true
4302.0074,true,true
4386.6919,true,false
4401.5618,true,true
4342.8561,true,true
4337.4069,true,false
4312.5012,true,true
4306.6951,true,true
4355.0924,true,true
4399.2059,true,false
4308.9417,true,true
4375.8109,true,true
4332.7761,true,true
4336.9673,true,true
4407.6252,true,true
4373.4962,true,true
4314.4347,true,true
4341.8411,true,true
4323.4189,true,true
4334.9963,true,true
4355.7110,true,true
4388.3950,true,false
4333.8858,true,true
4332.3672,true,true
4402.0509,true,false
4328.5162,true,true
4346.7357,true,false
4328.9772,true,true
4319.5204,true,true
4317.6734,true,true
4315.7583,true,true
4415.0532,true,true
4360.6255,true,true
4471.7993,true,true
4486.1834,true,true
4439.9693,true,true
4534.8498,true,false
4442.5153,true,true
4520.9408,true,false
4516.9768,true,true
4439.7180,true,true
4445.9804,true,true
4442.6703,true,true
4756.9962,true,true
4502.0389,true,true
4452.9927,true,true
4451.8962,true,true
4499.0925,true,true
4549.4411,true,false
4497.3410,true,true
4470.9920,true,true
4536.8855,true,true
4527.2572,true,true
4486.8548,true,false
4477.6197,true,true
4468.8270,true,true
4463.1623,true,true
4556.5911,true,false
4542.2352,true,false
4517.4286,true,true
4469.9656,true,true
4469.2790,true,true
4538.0170,true,true
4531.8765,true,false
4488.2649,true,false
4471.8664,true,true
4570.5211,true,true
4470.8386,true,true
4496.9675,true,true
4473.4904,true,true
4524.2268,true,true
4474.9163,true,true
4471.7113,true,true
4476.5334,true,true
4514.7410,true,true
4483.8241,true,true
4502.0778,true,true
4537.2544,true,false
4515.6031,true,true
4537.7054,true,true
4561.6734,true,true
4518.0887,true,true
4835.3196,true,true
4515.4049,true,true
4537.8020,true,false
4801.5957,true,true
4561.1505,true,true
4603.8979,true,true
4560.5063,true,true
4559.2454,true,true
4637.9846,true,true
4546.7334,true,false
4610.1041,true,true
4579.2556,true,false
5077.2590,true,true
4556.3252,true,true
4578.7652,true,false
4541.2759,true,true
4578.5478,true,false
4501.6730,true,true
4542.9200,true,true
4696.5110,true,true
4659.2528,true,true
4710.4586,true,true
4604.8574,true,true
4689.9084,true,true
4614.0893,true,false
4623.9112,true,true
4595.8095,true,true
4648.9457,true,false
4655.0511,true,false
4608.2578,true,true
4956.5865,true,true
4593.2177,true,true
4592.9384,true,true
4592.8566,true,true
4676.6214,true,false
4660.2797,true,true
4676.4226,true,false
4633.8223,true,false
4654.8873,true,true
4634.5605,true,true
4668.6116,true,true
4640.0084,true,true
4646.8380,true,true
4682.2477,true,true
4624.9237,true,true
4622.4780,true,true
4628.8015,true,true
4657.4369,true,true
4688.3058,true,true
4668.8142,true,true
4661.0934,true,true
4808.6425,true,true
4679.0518,true,true
4772.6271,true,true
4669.6787,true,true
4650.1371,true,true
4655.8112,true,true
4855.0700,true,true
4678.6915,true,false
4722.7759,true,true
4683.7438,true,true
4693.9547,true,true
4666.2242,true,true
4729.4986,true,true
4689.3489,true,false
4826.6318,true,true
4661.6898,true,true
4714.0772,true,true
4715.2155,true,true
4700.8238,true,false
4689.1797,true,true
4829.9516,true,true
4713.6397,true,true
4735.6186,true,true
4766.9114,true,true
4810.7237,true,false
4740.1283,true,true
4716.3076,true,true
4767.9851,true,true
4715.1228,true,true
4714.1829,true,true
4716.5119,true,true
4905.7141,true,true
4767.6864,true,true
4730.8962,true,true
4769.5477,true,true
4770.6455,true,true
4810.7341,true,true
4821.9409,true,true
4738.1631,true,true
4802.8434,true,true
4791.4664,true,true
4762.4089,true,true
4741.1970,true,true
4730.0568,true,true
4741.6589,true,true
4974.9120,true,true
5015.2057,true,true
4746.0137,true,true
4738.3534,true,true
4806.1804,true,true
4793.7963,true,true
4765.7540,true,false
4739.6318,true,true
4777.3479,true,true
4857.4021,true,true
4788.9604,true,true
4838.1367,true,false
4738.3564,true,true
4754.1574,true,false
4926.2835,true,true
4736.0539,true,true
4770.8535,true,false
4738.6537,true,true
4732.4636,true,true
4810.7481,true,false
4738.3000,true,true
4744.2310,true,true
4741.7608,true,true
4747.4932,true,true
4754.1068,true,true
4788.9361,true,true
4744.1702,true,true
4779.0001,true,true
4807.1888,true,false
4770.9387,true,true
4809.0684,true,false
4812.8547,true,true
5039.5736,true,true
4981.8861,true,true
4948.4676,true,true
4980.1909,true,true
4955.4581,true,true
4951.9349,true,true
5024.0957,true,false
4990.3389,true,true
4964.2303,true,true
4962.3504,true,true
4977.3351,true,true
4968.3655,true,true
4965.3768,true,true
5039.9842,true,true
5046.4390,true,false
5025.8032,true,true
5039.4384,true,true
5015.2247,true,true
5040.8216,true,true
5035.1734,true,true
5009.9905,true,false
4986.2527,true,true
5007.4850,true,false
4993.8646,true,true
5002.3903,true,true
5050.0231,true,true
5030.4872,true,false
5011.4674,true,true
5015.1104,true,true
5016.9385,true,true
5029.6393,true,true
5083.3975,true,true
5136.8478,true,true
5070.8833,true,true
5061.5908,true,true
5055.9330,true,true
5112.5984,true,true
5096.7306,true,true
5051.2732,true,true
5129.8772,true,true
5077.3559,true,true
5107.8565,true,true
5053.2338,true,true
5076.1565,true,true
5231.5611,true,true
5077.8492,true,true
5087.8154,true,true
5063.1926,true,true
5092.6233,true,true
5065.3246,true,true
5134.7326,true,true
5213.7826,true,true
5094.8813,true,true
5155.6149,true,false
5071.0045,true,true
5061.3935,true,true
5342.7077,true,true
5098.0317,true,true
5093.5117,true,false
5214.5925,true,true
5123.2250,true,true
5157.0372,true,false
5089.9803,true,true
5131.7068,true,false
5122.3736,true,true
5159.9165,true,true
5225.3303,true,false
5158.1436,true,true
5247.5538,true,true
5200.0099,true,true
5203.5192,true,true
5189.1139,true,true
5217.5145,true,false
5173.9508,true,true
5177.1473,true,true
5236.5612,true,false
5187.5811,true,true
5418.2814,true,true
5181.0931,true,true
5269.2696,true,true
5181.8574,true,true
5185.8795,true,true
5183.0638,true,true
5259.9761,true,true
5391.6382,true,true
5187.0736,true,true
5214.7953,true,true
5204.3749,true,true
5189.3335,true,true
5184.4710,true,true
5171.2220,true,true
5177.4854,true,true
5277.6307,true,false
5237.6950,true,false
5263.1333,true,true
5294.3497,true,true
5382.5320,true,true
5296.6779,true,true
5281.3551,true,true
5291.1933,true,true
5294.3907,true,true
5279.1577,true,true
5266.4650,true,true
5265.5836,true,true
5263.6610,true,true
5303.5720,true,true
5379.1900,true,true
5263.6523,true,true
5385.7257,true,true
5264.6938,true,true
5285.1607,true,false
5306.9819,true,true
5273.7577,true,true
5347.4863,true,false
5279.2702,true,true
5270.1832,true,true
5268.8388,true,true
5268.7846,true,true
5364.6368,true,false
5448.8491,true,true
5322.5857,true,true
5259.2490,true,true
5297.5961,true,true
5266.4777,true,true
5262.8611,true,true
5344.2337,true,true
5267.4997,true,true
5321.4303,true,false
5269.0890,true,true
5478.5077,true,true
5272.6252,true,true
5297.2450,true,true
5338.9666,true,true
5345.8763,true,true
5299.3378,true,true
5322.9298,true,true
5298.0745,true,true
5303.9099,true,true
5362.7487,true,true
5353.9706,true,true
5417.5324,true,true
5353.3756,true,true
5309.7438,true,true
5346.4425,true,true
5397.1472,true,true
5402.9431,true,false
5317.8900,true,true
5326.0648,true,true
5393.6444,true,true
5442.7626,true,true
5452.8033,true,true
5440.3660,true,true
5427.9854,true,true
5407.5019,true,true
5412.1521,true,true
5472.9174,true,false
5518.8619,true,false
5406.3551,true,true
5459.8554,true,true
5507.5257,true,true
5499.1192,true,false
5941.3123,true,true
5498.9317,true,true
5476.6322,true,true
5466.5661,true,true
5467.1300,true,true
5451.8066,true,true
5444.3504,true,true
5529.2076,true,false
5506.2530,true,false
5484.8913,true,true
5447.8652,true,true
5548.5361,true,true
5444.5627,true,true
5528.3307,true,true
5560.8626,true,false
5467.2729,true,true
5472.0904,true,true
5465.8542,true,true
5519.3755,true,false
5585.7051,true,true
5517.5142,true,true
5472.8815,true,true
5473.3961,true,true
5472.6622,true,true
5546.3411,true,true
5472.6851,true,true
5563.5650,true,false
5477.1799,true,true
5475.4563,true,true
5474.7242,true,true
5550.3937,true,false
5531.9227,true,false
5527.9032,true,true
5478.0141,true,true
5475.8320,true,true
5561.6883,true,true
5565.8673,true,true
5494.5107,true,true
5496.8757,true,true
5533.1317,true,true
5530.3154,true,true
5588.0129,true,false
5500.7888,true,true
5500.9289,true,true
5460.4568,true,true
5498.3479,true,true
5576.9319,true,false
5491.0450,true,true
5489.2451,true,true
5619.9284,true,true
5673.8362,true,false
5619.4597,true,true
5576.3276,true,true
5568.2562,true,true
5557.3592,true,true
5568.5703,true,true
5505.0217,true,true
5576.2940,true,false
5509.2329,true,true
5512.7984,true,true
5570.5737,true,false
5527.7335,true,true
5607.7619,true,true
5521.2209,true,true
5520.9312,true,true
5517.2020,true,true
5522.9035,true,true
5622.4417,true,false
5541.4662,true,true
5630.3839,true,true
5559.3236,true,true
5587.6594,true,true
5614.6629,true,true
5637.3587,true,false
5623.9558,true,false
5632.3426,true,false
5620.7208,true,false
5543.3438,true,true
5621.6188,true,true
5629.1727,true,true
5586.2525,true,true
5640.2014,true,true
5631.9117,true,true
5674.7237,true,false
5673.7139,true,false
5611.4058,true,true
5706.1015,true,true
5728.4609,true,true
5604.6637,true,true
5661.2970,true,false
5637.7973,true,true
5606.2920,true,true
5643.4497,true,true
5605.2091,true,true
5736.5365,true,true
5674.0868,true,true
5643.0316,true,true
5681.6167,true,true
5637.3017,true,true
5669.0233,true,true
5628.6043,true,true
5635.1787,true,true
5672.7358,true,false
5678.8868,true,false
5653.6478,true,false
5620.4852,true,true
5615.6334,true,true
5615.3193,true,true
5683.3231,true,false
5615.0204,true,true
5661.9678,true,true
5642.7392,true,false
5620.9258,true,true
5659.1613,true,false
5702.8126,true,false
5648.1481,true,false
5678.0702,true,false
5669.5273,true,true
5665.8122,true,true
5739.7707,true,true
5736.7431,true,true
5711.4537,true,true
5803.9803,true,false
5741.2239,true,true
5715.3599,true,true
5771.6416,true,true
5881.6949,true,true
5736.1248,true,true
5745.8651,true,true
5788.8743,true,true
5810.7815,true,false
5770.2159,true,true
5721.6104,true,true
5722.5045,true,true
5747.9991,true,true
5731.6257,true,true
5728.6965,true,true
5724.1727,true,true
5722.6702,true,true
5799.8743,true,false
5731.3123,true,true
5729.3678,true,true
5740.5785,true,false
5724.0489,true,true
5718.2378,true,true
5769.4248,true,true
5719.7100,true,true
5761.0370,true,true
5752.4058,true,true
5773.1070,true,false
5724.0121,true,true
5809.8712,true,false
6191.2556,true,true
5722.8636,true,true
5729.9610,true,true
5773.5706,true,true
5871.8497,true,true
5756.9932,true,false
5769.9702,true,true
5734.7850,true,true
5754.0873,true,true
5847.8229,true,true
5835.5474,true,false
5857.7328,true,true
5770.4509,true,true
5759.9707,true,true
5753.3235,true,true
5763.8508,true,true
5822.2674,true,true
5816.7859,true,true
5903.4223,true,true
5902.5327,true,true
5874.9162,true,true
5884.1984,true,true
5869.3976,true,true
5913.6743,true,true
5958.6036,true,true
5919.4874,true,true
6009.7684,true,false
5964.2389,true,true
5898.0021,true,true
5903.5641,true,true
5934.1725,true,true
5917.4305,true,true
5914.6416,true,true
5899.0679,true,true
5987.4231,true,true
5977.3399,true,true
5926.3455,true,true
5997.9493,true,false
5927.0641,true,true
5926.0020,true,true
5945.8128,true,true
5919.4219,true,true
5944.6053,true,true
5912.4984,true,true
5993.1325,true,true
5918.5656,true,true
5921.1682,true,true
6012.3559,true,true
5948.5072,true,true
5973.5385,true,false
5996.7557,true,true
5984.4789,true,true
5972.9813,true,true
6027.0083,true,false
6035.6724,true,true
5961.1640,true,true
5978.0441,true,true
6014.5670,true,false
6183.2000,true,true
5986.9597,true,true
6045.8128,true,true
5995.6898,true,true
6008.6236,true,true
6176.6371,true,true
6019.5667,true,true
5998.6812,true,true
6072.9944,true,true
6201.5649,true,true
6082.7374,true,false
5998.4376,true,true
6113.6541,true,true
5997.4444,true,true
6092.6092,true,false
6038.3615,true,true
6155.1507,true,true
6003.3351,true,true
6016.0034,true,true
6003.9741,true,true
6040.7520,true,false
6059.5879,true,true
6054.3281,true,true
6014.1081,true,true
6009.0986,true,true
6017.3838,true,true
6110.9647,true,true
6016.7118,true,true
6014.5069,true,true
6082.8760,true,true
6163.1183,true,true
6164.9031,true,true
6197.1645,true,true
6217.3225,true,true
6220.4795,true,true
6192.8988,true,true
6541.8794,true,true
6260.6096,true,true
6218.7551,true,false
6339.4006,true,true
6296.1297,true,true
6213.2933,true,true
6220.0081,true,true
6172.9495,true,true
6291.2340,true,true
6254.1029,true,true
6211.7315,true,true
6212.0047,true,true
6252.1740,true,true
6213.5438,true,true
6320.4663,true,true
6318.0205,true,false
6237.9433,true,true
6227.4709,true,true
6260.4690,true,true
6568.1844,true,true
6330.1817,true,true
6246.5155,true,true
6275.9724,true,true
6245.0771,true,true
6302.4684,true,true
6248.1031,true,true
6282.7698,true,true
6292.3902,true,true
6248.7752,true,true
6245.7799,true,true
6241.4410,true,true
6241.1904,true,true
6245.5075,true,true
6296.3035,true,true
6293.4641,true,true
6324.6560,true,true
6300.4171,true,false
6357.5386,true,false
6260.3858,true,true
6307.6775,true,false
6297.9431,true,true
6267.4436,true,true
6295.0977,true,true
6279.7937,true,true
6265.9603,true,true
6262.3635,true,true
6260.5004,true,true
6261.3717,true,true
6349.7252,true,false
6441.6411,true,true
6309.5826,true,false
6357.7743,true,true
6309.2358,true,true
6316.7058,true,true
6340.4165,true,true
6358.9705,true,true
6503.7753,true,false
6344.8141,true,true
6321.9674,true,true
6424.6745,true,false
6387.8432,true,true
6320.6698,true,true
6335.7992,true,true
6470.0061,true,true
6323.4944,true,true
6324.1687,true,true
6325.9756,true,true
6329.7893,true,true
6368.2619,true,true
6397.1628,true,true
6395.6804,true,true
6340.2475,true,true
6334.5108,true,true
6334.6333,true,true
6408.6519,true,true
6415.0278,true,true
6540.0233,true,true
6645.3621,true,false
6577.1222,true,true
6544.0330,true,true
6594.1374,true,true
6690.6680,true,true
6563.0333,true,true
6624.2817,true,false
6548.4739,true,true
6558.0745,true,true
6545.9467,true,true
6627.3036,true,false
6674.7453,true,true
6582.3571,true,true
6581.0142,true,true
6590.2772,true,false
6625.1226,true,true
6584.6936,true,true
6673.4770,true,true
6633.3078,true,true
6566.4330,true,true
6561.3277,true,true
6556.3017,true,true
6560.6753,true,true
6563.4471,true,true
6565.6808,true,true
6620.9244,true,false
6651.0888,true,false
6629.3128,true,true
6620.2244,true,true
6666.7463,true,false
6643.1997,true,false
6607.7432,true,true
6708.7437,true,true
6686.1213,true,true
6640.8164,true,false
6946.4644,true,true
6592.7154,true,true
6616.0362,true,true
6660.4264,true,false
6606.7068,true,true
6597.3751,true,true
6655.4628,true,true
6598.1140,true,true
6598.6511,true,true
6769.7379,true,true
6591.8518,true,true
6595.2337,true,true
6590.0427,true,true
6653.1000,true,false
6687.8499,true,false
6653.4978,true,false
6588.5300,true,true
6592.3194,true,true
6639.4665,true,false
6599.3639,true,true
6596.7751,true,true
6671.2142,true,false
6745.3912,true,true
6664.3658,true,true
6601.6427,true,true
6735.0142,true,false
6683.8373,true,false
6686.0579,true,false
6602.8241,true,true
6662.6833,true,false
6617.7396,true,true
6642.1381,true,true
6663.5264,true,false
6616.8004,true,true
6731.9530,true,true
6725.5080,true,false
6748.3099,true,false
6696.0427,true,true
6767.9368,true,true
6741.0608,true,true
6728.6217,true,true
6732.1283,true,true
6777.5907,true,true
6713.8159,true,true
6718.4999,true,true
6710.5246,true,true
6715.8893,true,true
6752.8382,true,true
6762.7098,true,true
6914.1697,true,true
6757.9865,true,true
6711.1715,true,true
6803.0239,true,true
6790.1745,true,true
6759.2617,true,true
6752.4016,true,true
6870.4976,true,true
6732.0069,true,true
6915.7774,true,false
6808.6205,true,true
6735.6288,true,true
6801.4377,true,false
6750.8761,true,true
6750.5564,true,true
6756.8362,true,true
6750.5250,true,true
6753.6806,true,true
6752.8023,true,true
6787.5809,true,true
6790.9607,true,true
6818.7274,true,true
6849.4247,true,true
6813.9246,true,true
6850.5358,true,false
6840.4040,true,true
6799.0863,true,true
6858.7000,true,false
6791.4071,true,false
6966.1292,true,true
6861.5296,true,false
6784.2140,true,true
6809.8667,true,true
7032.3041,true,true
6791.8329,true,true
6899.7251,true,false
6840.0524,true,false
6810.6430,true,true
6841.5795,true,true
6845.9549,true,true
6890.6985,true,false
6816.0649,true,true
6843.6240,true,true
6819.8259,true,true
6883.9467,true,true
6844.8101,true,true
6829.2952,true,true
6868.9301,true,true
6847.6436,true,true
6912.7180,true,false
6892.6081,true,true
6887.6152,true,true
6864.9503,true,true
6955.7230,true,false
6875.0112,true,true
6948.8812,true,false
6931.4157,true,true
6935.2788,true,true
6904.2030,true,true
6924.8487,true,true
6897.1299,true,true
6939.7481,true,true
6936.6958,true,false
6943.0399,true,false
7065.2665,true,true
6969.4303,true,false
6943.9437,true,true
6920.8103,true,true
6926.8460,true,true
7193.7250,true,true
6999.7206,true,true
6972.9807,true,true
6925.9412,true,true
7008.1597,true,false
6973.5793,true,true
6981.5585,true,true
7032.5384,true,true
7004.9338,true,true
6970.8362,true,true
7014.8405,true,false
7194.2275,true,true
6979.5526,true,true
7041.5150,true,false
7022.5128,true,true
7039.9848,true,false
7009.1181,true,true
7012.4955,true,true
7075.3326,true,true
7049.2996,true,true
7019.3760,true,true
7072.7705,true,true
6988.8604,true,true
7044.9088,true,true
6995.5466,true,true
7143.6370,true,true
7029.5296,true,false
7029.4290,true,true
7043.0145,true,true
6994.9230,true,true
6997.6513,true,true
7030.3984,true,false
6999.4422,true,true
7037.9122,true,true
7235.8100,true,true
7179.3789,true,true
7008.1889,true,true
7007.5113,true,true
7046.8588,true,true
7013.1925,true,true
7010.3346,true,true
7085.4970,true,false
7156.8394,true,true
7073.7270,true,false
7117.5250,true,false
7032.8961,true,true
7059.5524,true,true
7031.9624,true,true
7030.4698,true,true
7033.5173,true,true
7062.8470,true,true
7112.0781,true,true
7070.0453,true,true
7038.0531,true,true
7037.8988,true,true
7095.5075,true,true
7123.8067,true,false
7145.7738,true,true
7114.8509,true,true
7096.6469,true,true
7140.6117,true,true
7089.2648,true,true
7093.3926,true,true
7090.1156,true,true
7087.4282,true,true
7083.5087,true,true
7081.6750,true,true
7140.3765,true,false
7139.9378,true,true
7156.9901,true,true
7184.0247,true,true
7168.7439,true,true
7125.6867,true,true
7097.8190,true,true
7114.8302,true,false
7277.8963,true,true
7153.1468,true,true
7093.8464,true,true
7110.6214,true,false
7186.7895,true,true
7146.4564,true,true
7141.0828,true,true
7137.8011,true,true
7141.3519,true,true
7115.0926,true,true
7108.8352,true,true
7108.8892,true,true
7151.7116,true,false
7124.4622,true,true
7168.4339,true,false
7124.2081,true,true
7118.5038,true,true
7122.3326,true,true
7144.4169,true,true
7166.5184,true,true
7173.5398,true,true
7183.4032,true,true
7137.2165,true,true
7176.6581,true,true
7174.7423,true,true
7159.4657,true,true
7155.1598,true,true
7178.5555,true,true
7175.0637,true,false
7247.9538,true,true
7247.7427,true,true
7222.4553,true,true
7201.2689,true,true
7417.3230,true,true
7188.4990,true,true
7249.1411,true,true
7209.0769,true,false
7236.7755,true,true
7202.5668,true,true
7231.0966,true,true
7249.5660,true,true
7284.8857,true,true
7207.9366,true,true
7217.3728,true,true
7223.9266,true,true
7202.3102,true,true
7245.7067,true,true
7244.4455,true,true
7268.4826,true,true
7200.2089,true,true
7231.4478,true,false
7279.6598,true,true
7256.1325,true,true
7349.1459,true,true
7252.8222,true,true
7287.2574,true,true
7234.5835,true,true
7231.8625,true,true
7228.1354,true,true
7294.4233,true,false
7281.5073,true,true
7318.0606,true,true
7240.1812,true,true
7305.8711,true,true
7270.9885,true,true
7317.2119,true,false
7286.2727,true,false
7262.1431,true,false
7304.4321,true,true
7252.7879,true,true
7251.4697,true,true
7276.0854,true,false
7251.8675,true,true
7259.7405,true,true
7287.5798,true,false
7287.7823,true,true
7253.9645,true,true
7261.8361,true,true
7337.4404,true,true
7258.0481,true,true
7327.0025,true,true
7254.3531,true,true
7257.8120,true,true
7367.2546,true,false
7334.3618,true,true
7313.6265,true,false
7262.4340,true,true
7303.8674,true,true
7678.1461,true,true
7301.3102,true,true
7304.6975,true,true
7350.0679,true,false
7275.0039,true,true
7310.3578,true,true
7280.5969,true,true
7383.0817,true,false
7312.9895,true,true
7332.3537,true,true
7359.6130,true,true
7419.5400,true,false
7323.2089,true,true
7357.1543,true,true
7332.8730,true,true
7818.9599,true,true
7354.1782,true,false
7329.5319,true,true
7349.2218,true,true
7390.5206,true,true
7334.2961,true,true
7495.3546,true,true
7357.0411,true,true
7349.2993,true,true
7351.6133,true,true
7406.6167,true,true
7351.9104,true,true
7362.4467,true,false
7379.4498,true,true
7348.9006,true,true
7342.2674,true,true
7561.2031,true,true
7343.3386,true,true
7350.3644,true,true
7427.6229,true,true
7363.5445,true,true
7482.0021,true,false
7422.2752,true,true
7407.1671,true,true
7401.5530,true,true
7379.0803,true,true
7380.3005,true,true
7451.5943,true,true
7374.7661,true,true
7430.4522,true,true
7377.3828,true,true
7389.1284,true,true
7447.0954,true,true
7385.8133,true,true
7468.8218,true,false
7464.9112,true,false
7565.9933,true,true
7392.5089,true,true
7457.0165,true,true
7391.9619,true,true
7456.9780,true,true
7465.6530,true,false
7398.7239,true,true
7467.6428,true,true
7596.6012,true,true
7448.6335,true,false
7453.4977,true,true
7944.5345,true,true
7439.5193,true,true
7461.5173,true,false
7434.2146,true,true
7455.1241,true,true
7431.2575,true,true
7513.8082,true,false
7482.4766,true,false
7442.6066,true,true
7443.7613,true,true
7468.6662,true,true
7466.2916,true,true
7477.2283,true,true
7449.8575,true,true
7469.3086,true,true
7680.3654,true,true
7479.6491,true,true
7880.8264,true,true
7473.5767,true,true
7562.5499,true,false
7512.5702,true,true
7479.3670,true,true
7546.2500,true,true
7515.5064,true,true
7511.0787,true,true
7515.6268,true,true
7536.8776,true,true
7496.4129,true,true
7495.3891,true,true
7576.7916,true,true
7543.2983,true,true
7538.4355,true,true
7505.4325,true,true
7505.4315,true,true
7548.9850,true,true
7551.6341,true,true
7565.4318,true,true
7582.4256,true,true
7576.5167,true,true
7546.7026,true,true
7539.0640,true,true
7821.8589,true,true
7538.7223,true,true
7539.2878,true,true
7667.7926,true,true
7636.6353,true,true
7664.8956,true,true
7639.9601,true,true
7670.8608,true,true
7684.0976,true,true
7823.1825,true,true
7657.4120,true,true
7737.0650,true,false
7709.0849,true,true
7670.2670,true,true
7954.3671,true,true
7720.4829,true,true
7794.3374,true,true
7680.4688,true,true
7684.8779,true,true
7721.6379,true,true
7743.1137,true,true
7716.1237,true,true
7697.6602,true,true
7710.5939,true,true
7695.8689,true,true
7721.8022,true,true
7693.9583,true,true
7690.0831,true,true
7687.7764,true,true
7760.1156,true,true
7677.1170,true,true
7683.6286,true,true
7680.7184,true,true
7737.2737,true,true
7778.9024,true,false
7715.3516,true,false
7743.9326,true,true
7699.9926,true,true
7700.7544,true,true
7766.8169,true,false
7757.5625,true,true
7706.6980,true,true
7709.5043,true,true
7716.4381,true,true
7707.0895,true,true
8024.2046,true,false
7860.1737,true,true
7870.4049,true,true
7869.3291,true,false
7837.0264,true,true
7862.4990,true,true
7917.6794,true,false
7858.5605,true,true
7841.1916,true,true
7852.3114,true,true
7937.0520,true,true
7867.2168,true,true
7924.2121,true,true
7855.6269,true,true
7918.3574,true,true
7864.3070,true,true
8014.8767,true,true
7857.5034,true,true
7924.8741,true,false
7945.9636,true,false
7853.0774,true,true
7859.6914,true,true
7855.6924,true,true
7888.4462,true,false
7866.8498,true,true
7855.7363,true,true
7915.1980,true,true
8150.0229,true,true
7923.8062,true,true
7915.2518,true,true
7880.2822,true,true
7855.8845,true,true
7866.0955,true,true
7941.7313,true,false
7855.4779,true,true
7916.5151,true,true
7855.9088,true,true
7853.0435,true,true
7914.6796,true,true
7856.7289,true,true
7849.5524,true,true
7937.1042,true,true
7830.7765,true,true
8195.6713,true,true
7906.5108,true,true
7900.2458,true,true
7978.3080,true,true
8056.7425,true,true
7950.5113,true,false
7853.6806,true,true
7903.7726,true,false
7847.8557,true,true
7842.2754,true,true
7956.9511,true,false
7909.3654,true,true
8005.2411,true,true
7880.8173,true,false
7858.9239,true,true
7850.7109,true,true
7813.3230,true,true
7908.8412,true,true
8183.7581,true,true
7909.2088,true,true
8466.2287,true,true
7945.6915,true,true
7881.7430,true,true
7875.5249,true,true
7928.5392,true,true
7950.1893,true,true
7904.8937,true,true
7927.2846,true,true
8008.5270,true,true
7949.4234,true,true
8019.1720,true,true
8001.7816,true,true
8120.1283,true,true
7944.7423,true,true
8070.9966,true,false
7996.1738,true,false
8055.7669,true,false
8049.8839,true,true
7883.2459,true,true
7888.8475,true,true
7976.7368,true,true
8006.2498,true,true
7886.5477,true,true
8058.6087,true,true
8040.8911,true,true
7932.4994,true,true
7882.9661,true,true
7853.3724,true,true
7993.1862,true,false
7915.3938,true,false
8339.8763,true,false
7953.1756,true,true
7861.2430,true,true
7885.4403,true,false
8169.3567,true,true
8274.2369,true,true
8504.3696,true,true
7852.6449,true,true
7848.0244,true,true
7980.3487,true,false
7985.7342,true,true
7899.0450,true,true
7900.4691,true,true
8208.5509,true,true
7861.0511,true,true
7891.5749,true,true
7854.4109,true,true
8012.8851,true,false
7932.3157,true,true
7847.2935,true,true
7875.8851,true,false
7857.5561,true,true
7991.8973,true,true
7874.4178,true,true
7954.0857,true,false
7904.5176,true,true
7925.1042,true,true
7951.3872,true,true
7901.5589,true,true
7876.8414,true,true
7875.8207,true,true
8200.9171,true,true
7873.9606,true,true
7902.4537,true,true
7878.1893,true,true
7901.3616,true,false
7876.5965,true,true
7942.2578,true,false
7973.4662,true,false
7924.2834,true,true
7956.8340,true,false
7908.6127,true,true
7949.8493,true,true
7945.4263,true,true
7880.5157,true,true
8044.9549,true,true
7866.5247,true,true
7858.9793,true,true
7859.5277,true,true
7863.0843,true,true
7880.8486,true,false
7932.4442,true,true
7907.8741,true,true
7848.8376,true,true
7923.9357,true,true
7878.0985,true,false
8364.4024,true,true
7977.1793,true,false
7861.6134,true,true
7865.9925,true,true
7848.0692,true,true
7843.6451,true,true
7841.8191,true,true
7923.8872,true,true
7927.5026,true,false
7844.6057,true,true
7956.3136,true,false
7850.0261,true,true
7862.7618,true,false
7863.7967,true,true
7850.4788,true,true
7961.0153,true,true
7850.6222,true,true
7926.0344,true,false
7831.5816,true,true
7885.4974,true,true
7904.9686,true,true
7852.9871,true,true
7836.7046,true,true
7891.8518,true,true
7754.2441,true,true
7757.9382,true,true
8068.0891,true,true
7923.4086,true,true
7915.3236,true,true
8000.1714,true,false
7883.7243,true,true
7766.1007,true,true
7947.3020,true,false
7772.4486,true,true
7814.7716,true,true
8008.4915,true,true
7810.5184,true,true
7773.1398,true,true
7994.8162,true,true
7810.3456,true,true
7775.5823,true,true
7988.4468,true,false
7801.3668,true,true
7814.2444,true,true
7778.7684,true,true
7785.9584,true,true
7811.6677,true,false
8023.0952,true,true
7785.9169,true,true
7850.3206,true,true
7957.4289,true,false
7810.2764,true,false
7782.8278,true,true
7806.3506,true,true
7817.5279,true,true
7785.6906,true,true
7783.7221,true,true
7779.4174,true,true
8057.6597,true,true
7845.2121,true,true
7783.1710,true,true
7890.8385,true,true
7823.4025,true,false
7837.1545,true,false
7786.5050,true,true
7789.0721,true,true
7836.2353,true,true
7876.2409,true,false
7769.1169,true,true
7921.1239,true,true
7912.2806,true,true
7816.5868,true,true
7817.0665,true,true
7954.9657,true,true
7943.4919,true,true
7822.3704,true,true
7996.9523,true,false
7935.9750,true,true
7997.6816,true,false
7841.5075,true,true
7879.5551,true,true
7880.5993,true,true
7880.8757,true,false
8851.3196,true,true
7852.8579,true,true
7903.0055,true,true
8000.0275,true,true
7992.4877,true,true
7986.5882,true,false
7868.0583,true,true
7874.0954,true,true
7930.7725,true,true
8034.0201,true,false
7863.2646,true,true
8111.4984,true,true
8051.5286,true,true
7874.4013,true,false
7897.4113,true,true
7907.0381,true,true
7894.9237,true,true
7810.9913,true,true
8053.9775,true,true
7954.9269,true,true
7970.3706,true,true
7813.7982,true,true
7923.2673,true,false
7817.5236,true,true
7814.9367,true,true
7808.5388,true,true
7807.4383,true,true
7807.0596,true,true
7830.9657,true,true
7954.9318,true,true
8039.3155,true,false
7955.3521,true,false
7911.5136,true,true
7997.9751,true,true
8049.8004,true,true
8044.8250,true,true
7978.9770,true,true
7986.4382,true,true
7970.0283,true,true
8585.8227,true,false
8164.5434,true,true
8039.9006,true,true
8028.2146,true,true
8037.4213,true,true
7940.8404,true,true
7936.8460,true,true
8008.2962,true,true
8066.7512,true,true
7955.3009,true,true
7986.4187,true,true
8035.5322,true,true
7989.3513,true,false
8102.8078,true,false
7959.1478,true,true
7954.6781,true,true
7960.3385,true,true
7941.2185,true,true
7879.7619,true,true
7975.5122,true,true
8075.1032,true,true
8066.3679,true,false
8078.9157,true,true
8063.9575,true,true
8159.4015,true,false
8141.6466,true,true
8147.0441,true,true
7988.1069,true,true
8022.6544,true,true
8026.6819,true,true
8109.0152,true,false
8134.2435,true,false
8142.2150,true,false
8002.6434,true,true
8116.7022,true,true
7980.2906,true,true
8021.8615,true,true
8073.1060,true,false
8308.7446,true,false
7981.1634,true,true
8026.0351,true,true
8050.4713,true,true
8030.4020,true,false
7983.7665,true,true
8022.5088,true,true
8471.6882,true,true
8071.9436,true,false
8005.3966,true,true
7991.7962,true,true
7990.1614,true,true
7984.2300,true,true
8089.6398,true,true
7983.3718,true,true
8031.1824,true,false
8028.6499,true,false
8052.1148,true,true
8063.4978,true,true
8124.7408,true,true
8059.5861,true,true
8020.4820,true,true
8080.1433,true,false
8046.4715,true,true
8069.7517,true,true
8026.8312,true,true
8025.6844,true,true
8024.5707,true,true
8259.2394,true,true
8297.5138,true,true
8038.4988,true,true
8111.1080,true,true
8042.6155,true,true
8043.3446,true,true
8118.5674,true,true
8106.8734,true,true
8051.8618,true,true
8090.2833,true,true
8092.3624,true,true
8093.1614,true,false
8098.6204,true,true
8065.8974,true,true
8137.9846,true,true
8106.5410,true,true
7862.3693,true,true
7875.7097,true,true
8108.9004,true,true
7874.6648,true,true
8171.8653,true,false
8117.2053,true,true
7876.8981,true,true
7875.8690,true,true
8133.8279,true,true
7875.8403,true,true
7873.6560,true,true
7857.1265,true,true
8229.1223,true,true
7854.1549,true,true
7855.4935,true,true
7865.7539,true,true
7873.5232,true,true
7864.4672,true,true
7916.8493,true,true
8197.0556,true,true
7856.1960,true,true
7903.4485,true,true
7836.2659,true,true
7808.4010,true,true
8190.6605,true,true
7823.8442,true,true
8250.2494,true,true
7914.2690,true,true
7845.5059,true,true
7871.2501,true,true
7865.3967,true,true
7800.7911,true,true
7988.3188,true,true
7954.6213,true,true
8260.9068,true,true
7954.0947,true,true
7941.6392,true,true
7823.0955,true,true
7837.1310,true,false
7820.1839,true,true
7843.3281,true,true
7842.1668,true,true
7811.0274,true,true
7992.6530,true,false
7890.3464,true,true
8002.9532,true,false
7882.8410,true,true
7899.5510,true,true
7879.9164,true,true
7825.7184,true,true
7858.4459,true,true
7824.8817,true,true
7822.1041,true,true
7900.4987,true,true
7867.9835,true,true
7887.2943,true,true
7903.7321,true,false
7843.8328,true,true
7851.1431,true,true
7881.3350,true,true
7939.2957,true,false
7867.9908,true,true
7809.4499,true,true
7806.7302,true,true
7763.8803,true,true
7751.4454,true,true
7804.7543,true,true
7896.2794,true,true
7839.6157,true,false
7745.5080,true,true
7886.4623,true,true
7730.3103,true,true
7734.0126,true,true
7923.8589,true,true
7734.3498,true,true
8483.2511,true,true
7753.5557,true,true
7756.8462,true,true
7736.0075,true,true
7741.8924,true,true
7730.3361,true,true
7731.1806,true,true
7760.7989,true,true
7740.6085,true,true
7727.8835,true,true
7948.8556,true,false
7924.6574,true,false
8930.4399,true,true
7884.5720,true,false
7806.8612,true,true
7806.3884,true,false
7785.1844,true,true
8004.5061,true,true
7779.2155,true,true
8035.9143,true,false
7701.9115,true,true
7830.0663,true,true
7700.1951,true,true
7698.7064,true,true
7700.5672,true,true
7698.8503,true,true
7857.5986,true,true
7882.7126,true,true
7852.5014,true,true
7851.1137,true,true
7742.3180,true,false
7730.6639,true,true
7732.6071,true,true
7767.5449,true,false
7880.1204,true,true
7740.8319,true,true
7768.6973,true,true
7869.7774,true,false
7732.3728,true,true
7726.4939,true,true
7779.2452,true,true
7727.0923,true,true
7725.5787,true,true
7754.2952,true,true
7781.1989,true,true
7732.2687,true,true
7912.8717,true,true
7738.1284,true,true
7788.1610,true,true
7832.3232,true,true
7811.3369,true,true
7752.4822,true,false
7751.6517,true,true
7747.6598,true,true
7714.1123,true,true
7711.0162,true,true
7806.4500,true,false
7818.7763,true,true
7737.4731,true,true
7751.9292,true,false
7845.8232,true,true
8049.1103,true,true
7868.8932,true,false
7847.6361,true,false
7832.9694,true,true
7782.3927,true,true
7781.2752,true,true
7758.4556,true,false
7780.8329,true,true
7659.1492,true,true
7775.5677,true,true
7877.0425,true,false
7635.5415,true,true
7660.5783,true,false
7666.7052,true,true
7670.1807,true,true
7764.2635,true,true
7835.7148,true,false
7840.8871,true,false
7824.4084,true,false
7661.6919,true,true
7909.1738,true,false
7662.4222,true,true
7631.2270,true,true
7694.9655,true,false
7726.3116,true,false
7928.2560,true,true
7882.3184,true,true
7731.3288,true,true
8005.1340,true,true
7707.4287,true,true
7682.4905,true,true
7765.0115,true,true
7681.8062,true,true
7688.4118,true,true
7777.0690,true,true
7770.7459,true,true
7709.0180,true,true
7805.7430,true,true
7789.7453,true,true
7950.6822,true,true
8267.8072,true,true
7696.6060,true,true
8068.7793,true,true
7705.6834,true,true
7745.9119,true,true
7802.6576,true,true
7819.0413,true,true
7739.9789,true,true
7798.9224,true,true
7760.3182,true,true
7759.8498,true,true
7820.5198,true,true
7842.9717,true,true
7850.5904,true,true
7839.3579,true,true
7918.2574,true,true
7835.4552,true,true
7822.8848,true,true
7799.0776,true,true
7843.6569,true,false
7895.0734,true,true
7911.9317,true,true
7968.8112,true,false
7905.3054,true,false
7895.9806,true,true
7890.6893,true,true
7898.9356,true,true
7924.9901,true,true
7953.1525,true,true
7906.7110,true,true
8007.0291,true,true
7906.1542,true,true
8057.0467,true,true
7939.8900,true,true
7946.4564,true,true
7906.4316,true,true
7944.2824,true,true
7940.6094,true,true
7912.4823,true,true
8056.2673,true,true
8055.8474,true,true
7908.4808,true,true
7963.2394,true,true
7949.4964,true,false
7891.3259,true,true
7975.9249,true,true
7884.1806,true,true
7858.3161,true,true
7890.5847,true,true
7862.7357,true,true
7862.8722,true,true
7956.8564,true,true
7936.2832,true,true
8714.1963,true,true
7967.1246,true,true
7911.2550,true,true
8026.3127,true,false
8032.4022,true,true
8022.9114,true,false
7923.7854,true,true
8250.2221,true,true
7880.0479,true,true
7945.7236,true,true
7955.2976,true,true
7952.9473,true,true
7859.3386,true,true
7862.5148,true,true
8020.7825,true,false
7919.0109,true,true
7861.3193,true,true
7945.8936,true,true
7859.3960,true,true
7857.6529,true,true
7938.6117,true,true
8015.8084,true,false
8124.4833,true,true
7963.8186,true,true
7913.0861,true,true
7870.8462,true,true
7895.9883,true,true
8151.9869,true,true
7872.0483,true,true
7923.3840,true,false
7865.2262,true,true
7875.6754,true,true
8593.9574,true,true
7858.5352,true,true
7896.3546,true,true
7864.4464,true,true
8305.0946,true,true
8200.5965,true,true
7903.0950,true,true
7967.2983,true,false
7966.7775,true,false
8016.2652,true,true
8000.8744,true,true
7970.9622,true,true
8015.8644,true,true
7976.1060,true,true
8359.2182,true,true
8029.3981,true,true
8075.2001,true,true
8087.1788,true,false
7951.1194,true,true
7894.8891,true,true
8003.8613,true,true
8092.7408,true,false
7891.7422,true,true
7886.7041,true,true
8057.7238,true,true
7892.7219,true,true
7891.6719,true,true
8115.3931,true,true
7895.4839,true,true
7902.6789,true,true
8049.6306,true,true
8068.3029,true,false
7939.8357,true,true
7948.5323,true,false
7943.4904,true,true
8062.7372,true,true
7920.7313,true,true
7915.7789,true,true
7943.1005,true,true
8098.0978,true,true
7988.4502,true,true
7917.6430,true,true
7923.6373,true,true
8134.1508,true,true
7953.3911,true,true
7925.7449,true,true
8173.5433,true,true
7924.7417,true,true
7920.2532,true,true
7948.2426,true,true
7871.9162,true,true
7910.5110,true,true
7995.9397,true,true
8025.9497,true,false
7943.7638,true,false
7929.9126,true,true
7971.4562,true,true
7934.9042,true,true
7948.6263,true,true
7934.7971,true,true
7992.4626,true,false
7903.9092,true,true
7931.2557,true,true
7993.7956,true,true
7984.0043,true,true
7981.6443,true,true
8045.5625,true,true
8084.3619,true,true
8009.2634,true,false
8004.2156,true,true
8004.5024,true,true
8054.7082,true,true
7924.3851,true,true
8034.3355,true,true
7987.8255,true,true
7862.8410,true,true
7832.5501,true,true
7862.2404,true,true
8034.6512,true,true
7865.0545,true,true
7834.3319,true,true
8099.7242,true,false
8096.1107,true,false
7853.0652,true,true
7851.6065,true,true
7847.7958,true,true
7852.2942,true,true
7877.5347,true,true
7817.6658,true,true
7877.1323,true,true
7823.2765,true,true
7828.3240,true,true
7961.2969,true,false
7839.0338,true,true
7941.0716,true,true
7888.5095,true,true
7841.6774,true,true
7911.9555,true,true
7894.2736,true,true
8478.6520,true,true
7808.2384,true,true
7840.2398,true,true
7804.2705,true,true
7806.6722,true,true
7890.2948,true,false
7965.8322,true,true
7806.5341,true,true
8038.4491,true,true
7858.0484,true,true
7858.6802,true,true
8160.2487,true,true
7829.8574,true,true
7878.4597,true,true
7941.4683,true,true
7894.8922,true,true
8027.5386,true,false
7893.2723,true,true
7888.1056,true,true
7917.5797,true,true
7885.8452,true,true
7886.8367,true,true
7892.5327,true,true
8014.6417,true,false
7912.7398,true,true
8472.4181,true,true
7911.1516,true,true
8149.7665,true,true
7922.8602,true,false
7993.5848,true,false
8079.6030,true,true
8092.2119,true,true
7962.8383,true,true
8003.8898,true,true
7894.5159,true,true
7903.8920,true,true
7935.9182,true,true
7943.5269,true,true
7935.6068,true,true
7819.7110,true,true
7808.6153,true,true
7954.3356,true,false
7951.7636,true,true
7733.7894,true,true
7745.2190,true,true
7726.3506,true,true
7729.9804,true,true
7966.5084,true,true
7724.4154,true,true
7715.9723,true,true
7724.3044,true,true
7713.1202,true,true
7722.3645,true,true
8043.7333,true,true
8020.1031,true,false
7851.9717,true,true
8005.4571,true,true
8018.8004,true,true
7737.6843,true,true
8314.8321,true,true
8011.9108,true,true
7775.8132,true,true
7794.7622,true,true
7723.1454,true,true
7851.4277,true,true
7748.5023,true,true
7719.7438,true,true
7774.2389,true,true
7785.5806,true,true
7810.7860,true,true
7720.5031,true,true
7855.3670,true,false
7719.1791,true,true
7841.3057,true,true
7770.8428,true,true
7818.1390,true,true
7906.4978,true,false
7822.1586,true,true
7828.0545,true,true
7893.0229,true,true
7823.1978,true,true
7820.4057,true,true
7808.7065,true,true
7801.5218,true,true
7844.0797,true,true
7796.3222,true,true
7808.6532,true,true
7895.4939,true,true
8296.9039,true,true
7903.6922,true,true
7846.2357,true,true
7870.9678,true,true
7823.5983,true,true
8298.9098,true,true
7800.8726,true,true
7807.7163,true,true
7943.9489,true,false
7941.1613,true,true
7858.5532,true,false
7928.8329,true,true
7822.1972,true,true
7925.0818,true,true
7851.6764,true,true
7953.5591,true,true
7856.1439,true,true
7957.0093,true,true
8002.0485,true,false
7834.7355,true,true
7840.4786,true,true
7843.4030,true,true
7835.5532,true,true
7882.8945,true,true
7838.2684,true,true
7970.8161,true,true
7907.7854,true,true
7884.7824,true,true
7840.1236,true,true
7945.1054,true,true
7812.1403,true,true
8104.0747,true,true
7614.3561,true,true
7928.8284,true,true
7626.5724,true,true
7633.1243,true,true
7906.4855,true,true
7945.2204,true,true
7636.2604,true,true
8214.6317,true,true
7658.8395,true,true
7628.5578,true,true
7972.5645,true,true
7626.1409,true,true
7677.0497,true,true
7627.2041,true,true
8539.7966,true,true
7724.6122,true,false
7917.6303,true,false
7630.9072,true,false
7912.6807,true,true
7629.2937,true,true
7671.2782,true,false
7628.9507,true,true
7698.4113,true,false
7610.3561,true,true
8072.2627,true,true
7641.1377,true,true
7654.6357,true,true
7679.7911,true,true
7753.8743,true,false
7786.1213,true,true
7737.4349,true,true
7722.8385,true,true
7779.1550,true,true
7744.1056,true,true
7787.7830,true,true
7722.2553,true,true
7772.2839,true,true
7844.3243,true,true
7843.4278,true,false
8270.7435,true,true
7758.3727,true,true
7746.2962,true,true
7730.1720,true,true
7737.3643,true,true
8445.6560,true,true
8352.3114,true,true
7817.9502,true,true
7757.9860,true,true
7742.7003,true,true
7760.1966,true,true
7776.9806,true,true
7725.1023,true,true
7860.7988,true,true
8401.1902,true,true
7781.6882,true,true
7811.7659,true,true
7821.3559,true,true
7846.3961,true,false
7894.1151,true,true
7878.5671,true,true
7927.5225,true,true
8054.3115,true,true
7855.0181,true,true
7855.8122,true,true
7850.5658,true,true
7873.1217,true,true
7906.8596,true,true
7899.0895,true,false
7858.7126,true,true
7946.2180,true,true
7920.1618,true,true
7937.2135,true,true
7762.1142,true,true
7737.1153,true,true
7770.7153,true,true
7736.5240,true,true
7893.2022,true,true
7893.3156,true,true
7973.3043,true,true
7750.6625,true,true
7946.8730,true,true
7934.0969,true,false
7752.9618,true,true
7719.8785,true,true
7778.0774,true,true
7817.8820,true,false
8192.0716,true,true
7759.1790,true,true
7767.3261,true,true
7768.9676,true,true
7788.0810,true,true
7769.3543,true,true
7773.8759,true,true
7768.5157,true,true
7805.9096,true,true
7976.8733,true,false
7827.9765,true,true
7863.8748,true,false
7753.8635,true,true
7820.8840,true,false
7831.6932,true,true
7930.3155,true,true
7746.0554,true,true
7751.0670,true,true
7773.2012,true,false
7822.6490,true,true
7804.8045,true,true
8126.2255,true,true
7823.3996,true,true
7729.4017,true,true
7758.7715,true,true
7845.0539,true,true
7918.1641,true,true
7837.6769,true,false
8098.0571,true,true
7837.1565,true,false
7901.1818,true,true
7830.8590,true,true
7844.2887,true,true
7801.0528,true,true
7832.4024,true,true
7799.9308,true,false
7803.5117,true,true
7799.8750,true,true
7760.7642,true,true
7895.8764,true,true
7803.8232,true,true
8733.9145,true,true
7792.6004,true,true
7790.3480,true,true
7784.9026,true,true
7770.4196,true,true
7743.6321,true,true
7845.9802,true,true
7733.4972,true,true
8303.7087,true,true
7768.0192,true,true
7731.7462,true,true
7835.1548,true,true
7943.9246,true,false
7873.0425,true,true
7892.7590,true,true
7993.4358,true,true
7930.4039,true,false
7743.2449,true,true
7856.8663,true,true
7810.3091,true,true
7770.0377,true,true
7739.1170,true,true
7735.5230,true,true
7901.7394,true,true
7886.2579,true,true
7736.4079,true,true
7957.0601,true,true
7943.3379,true,true
7726.8005,true,true
7727.2805,true,true
7721.9607,true,true
7714.2863,true,true
7945.2945,true,false
7910.4638,true,false
7678.4488,true,true
7670.8015,true,true
7822.5884,true,true
7960.6539,true,true
7672.9981,true,true
7665.6160,true,true
7791.5815,true,true
7788.6792,true,true
7663.5348,true,true
8439.2104,true,true
7814.7036,true,true
7793.6436,true,false
7664.6471,true,true
7703.8215,true,true
7726.2509,true,false
7699.6054,true,true
7693.1622,true,true
7690.3144,true,true
7691.1545,true,true
7712.0759,true,true
7709.3659,true,true
7689.6531,true,true
7772.5088,true,false
7690.0101,true,true
7791.4487,true,false
7749.0558,true,true
7771.0356,true,false
8212.4381,true,true
7713.4405,true,true
7785.3755,true,true
7751.4458,true,true
7812.3263,true,false
7831.1785,true,false
7794.6258,true,false
7855.8011,true,true
7764.0857,true,true
7750.0311,true,true
7755.7281,true,true
7748.0362,true,true
7806.8731,true,true
7751.1457,true,true
7800.8536,true,true
7797.4329,true,true
7754.8390,true,true
7786.1251,true,true
7762.8434,true,true
7880.4110,true,true
7758.9103,true,true
7765.2282,true,true
7845.5241,true,true
7789.5038,true,true
7744.8779,true,true
7791.1181,true,true
7738.2665,true,true
7788.7788,true,false
7714.0932,true,true
7901.6236,true,false
7760.8178,true,true
8059.3554,true,true
7722.9673,true,true
7718.5657,true,true
7717.4100,true,true
7691.6968,true,true
7783.5616,true,true
7743.2063,true,true
7857.4796,true,false
7748.4982,true,true
7709.9803,true,true
7753.5190,true,true
7699.4616,true,true
7877.1073,true,true
7768.4018,true,true
7750.4159,true,true
7759.8711,true,true
7766.6108,true,true
7783.5211,true,false
7933.5791,true,true
7746.4506,true,true
7740.7790,true,true
7759.5684,true,true
7759.1205,true,true
7728.4734,true,true
7754.6669,true,true
7799.8277,true,true
7713.3597,true,true
8098.5786,true,true
8263.5107,true,true
8034.4049,true,true
7720.5579,true,true
7737.5798,true,true
7755.6068,true,true
7815.2865,true,true
7783.3372,true,false
7827.1011,true,false
7701.8989,true,true
7699.7628,true,true
7699.2843,true,true
7693.2202,true,true
8671.0969,true,true
7838.1973,true,false
7707.4069,true,true
7826.2007,true,false
7873.6982,true,false
7679.5209,true,true
7836.4520,true,true
7874.1022,true,false
7744.0055,true,true
7734.1621,true,true
7682.0582,true,true
7833.6739,true,false
7872.3494,true,false
7769.3619,true,false
7804.7775,true,true
7673.5884,true,true
7671.6663,true,true
7708.9941,true,true
7779.2723,true,true
7752.2612,true,false
7685.5703,true,true
7679.2164,true,true
7677.0028,true,true
7680.8610,true,true
7774.6544,true,false
7658.6428,true,true
7719.1445,true,true
7884.3904,true,true
7651.1124,true,true
7642.0220,true,true
7647.5684,true,true
7740.1321,true,false
7840.2493,true,true
7846.7814,true,true
7783.2173,true,true
7775.9150,true,true
7773.1150,true,true
7733.6659,true,true
7760.1156,true,false
7782.2694,true,true
7771.7134,true,true
7756.5386,true,true
7881.8095,true,false
7837.2643,true,true
7737.4902,true,true
7743.8224,true,true
7733.1393,true,true
7806.1991,true,true
7744.0008,true,true
7737.3679,true,true
7740.6447,true,true
7818.1462,true,true
7907.1745,true,true
7797.9517,true,true
7833.7020,true,true
7832.5234,true,true
7851.4328,true,false
7745.6190,true,true
7781.7971,true,false
7756.8925,true,true
7895.5122,true,false
7772.3710,true,true
7832.3800,true,true
7788.8782,true,true
7838.3797,true,true
8020.0564,true,true
7716.4534,true,true
7860.6418,true,true
7774.2847,true,true
7825.2735,true,true
7759.9163,true,true
7888.4580,true,false
7864.0372,true,true
7861.1196,true,false
7767.2243,true,true
7758.3461,true,true
7758.1722,true,true
7760.1763,true,true
7894.8699,true,true
7821.2152,true,true
7748.9698,true,true
7936.1129,true,false
7794.9117,true,true
7877.2657,true,true
8014.3568,true,true
8001.5037,true,false
7880.2860,true,true
8431.3839,true,true
7925.4685,true,true
7864.6782,true,true
7847.2287,true,true
7860.3342,true,false
7904.0640,true,true
8054.8654,true,true
7960.5629,true,false
7851.2512,true,true
7829.0845,true,true
7824.2771,true,true
7823.1110,true,true
7829.7625,true,true
7821.4687,true,true
7965.3938,true,false
7821.6967,true,true
7824.6615,true,true
7890.4821,true,false
7823.1462,true,true
7826.3214,true,true
7945.1602,true,false
7863.9496,true,true
7816.7851,true,true
7849.5789,true,true
7846.5852,true,true
7842.7455,true,false
7808.8919,true,true
7953.6407,true,true
7949.2605,true,true
7809.2155,true,true
8019.6222,true,true
8151.2889,true,false
7992.2351,true,true
7915.7469,true,true
7816.1876,true,true
7913.3413,true,true
7831.7627,true,true
8243.4615,true,true
7844.0143,true,true
7865.0335,true,true
7840.2541,true,true
7807.1593,true,true
7913.8497,true,false
7824.7366,true,true
7860.0454,true,true
7948.0766,true,false
7930.1220,true,true
8133.2617,true,true
7921.0132,true,true
7886.9749,true,false
8172.3205,true,true
7869.9963,true,true
7888.7964,true,false
7903.0248,true,true
7988.5673,true,true
7845.4875,true,true
7886.3615,true,true
7965.1799,true,true
8164.8736,true,true
7854.4174,true,true
7901.0436,true,true
7907.5031,true,true
8062.9806,true,true
7866.6846,true,true
7814.1736,true,true
7919.9242,true,true
7975.8690,true,false
7892.3936,true,true
8010.4558,true,false
7849.5148,true,true
7900.2584,true,true
8156.8206,true,false
7969.3245,true,false
7851.8023,true,true
7841.2974,true,true
7854.2876,true,true
7863.7233,true,true
8048.8856,true,true
7733.5413,true,true
8047.3345,true,true
7917.7963,true,true
7729.0675,true,true
7952.6875,true,false
7643.5192,true,true
7888.5141,true,false
7893.7761,true,false
7743.7040,true,true
7757.5498,true,true
7752.3753,true,true
8028.6242,true,true
8009.0488,true,true
7719.2990,true,true
7833.6436,true,true
7723.1999,true,true
7808.0490,true,true
7977.6880,true,true
7802.6536,true,true
7870.2799,true,false
7855.3360,true,true
7772.0807,true,true
7875.8262,true,true
7789.3243,true,false
8071.0775,true,true
7878.0011,true,true
7788.7012,true,true
7792.2667,true,true
7784.6626,true,true
7925.5825,true,true
7779.8344,true,true
7787.5760,true,true
7869.6377,true,true
7895.9533,true,true
7843.0245,true,true
7792.3432,true,true
7842.9323,true,true
8177.6860,true,true
7790.3754,true,true
7639.3641,true,true
7766.4818,true,true
7762.7544,true,true
7859.7139,true,true
7983.5049,true,true
7672.3976,true,true
7849.3705,true,true
7682.3458,true,true
7719.8171,true,true
7690.7756,true,true
7857.3410,true,true
7691.4724,true,true
7729.9527,true,true
7689.3977,true,true
7946.4396,true,false
7938.6010,true,false
7935.6475,true,false
7729.4305,true,true
7701.1246,true,true
7947.8759,true,true
7745.4981,true,true
7699.0091,true,true
7765.7987,true,true
8317.1732,true,true
7918.1107,true,false
7737.1423,true,false
8509.5564,true,true
7758.4743,true,true
7714.7517,true,true
7702.3582,true,true
7742.2843,true,true
7698.6905,true,true
7731.7832,true,true
7737.1164,true,false
7703.5485,true,true
7699.4517,true,true
7680.8420,true,true
7685.4006,true,true
7679.7226,true,true
8017.7276,true,true
7684.8060,true,true
7739.3342,true,true
7775.7698,true,true
7928.3713,true,true
7897.1780,true,true
7873.6050,true,true
7867.5353,true,true
8259.4695,true,true
7928.3907,true,true
7863.1620,true,true
7860.1391,true,true
7978.1261,true,false
7852.8926,true,true
7865.8473,true,true
7855.9330,true,true
7942.9175,true,true
7881.1727,true,true
7863.4315,true,true
7862.7679,true,true
7899.3132,true,true
7873.2351,true,false
7896.4411,true,true
7868.2999,true,true
7807.9806,true,true
7950.0917,true,true
7922.0547,true,false
7813.5806,true,true
8094.9844,true,true
7905.1395,true,true
7903.5943,true,true
7827.4287,true,true
7829.6904,true,true
7982.7387,true,false
7787.1150,true,true
7849.8882,true,true
7854.0555,true,true
7848.3042,true,true
8012.0688,true,true
7943.1410,true,true
7738.5591,true,true
7737.7920,true,true
7760.3319,true,false
7759.9355,true,false
7729.1623,true,true
7735.4872,true,true
7737.1339,true,true
7820.3988,true,true
8114.4299,true,true
7791.0674,true,true
7926.5127,true,false
7745.8801,true,true
7790.7676,true,true
7772.2400,true,true
7745.2828,true,true
8921.7037,true,true
7937.7622,true,true
7741.1322,true,true
7802.9987,true,true
7751.5523,true,true
8167.4704,true,true
7796.5844,true,true
7776.3545,true,true
7774.2217,true,true
7813.7074,true,true
7864.2290,true,false
7859.5027,true,false
7825.4316,true,false
7798.7702,true,true
7821.5500,true,true
7818.7737,true,true
7754.8145,true,true
8267.6291,true,true
7858.0965,true,true
7776.9203,true,true
7842.4978,true,false
7777.6122,true,true
7786.4625,true,true
7846.6348,true,true
7847.0369,true,true
7822.9911,true,true
7860.7754,true,false
7790.2352,true,true
7773.6095,true,true
7775.3105,true,true
8141.3204,true,true
7806.6804,true,true
7893.1518,true,true
7803.0363,true,true
7797.3622,true,true
7803.2484,true,true
7890.9824,true,true
7871.5797,true,true
7819.9010,true,true
7802.7740,true,true
7837.5592,true,true
7798.2934,true,true
7798.2095,true,true
8017.0109,true,true
7925.2338,true,false
7935.4148,true,false
7820.4712,true,true
7820.2844,true,true
7825.9191,true,true
7896.0473,true,true
7828.4298,true,true
7831.9232,true,true
7829.0774,true,true
7944.5618,true,true
7829.6735,true,true
7898.1956,true,true
7932.7264,true,true
7997.7553,true,true
7846.5502,true,true
7939.5275,true,true
7873.2899,true,true
7938.6062,true,true
8007.5074,true,true
7906.1973,true,true
7937.7331,true,false
7896.7413,true,true
7866.4736,true,false
7867.7511,true,false
7885.5382,true,false
7860.0383,true,true
7873.8680,true,true
7925.4427,true,false
7984.9243,true,false
7959.9263,true,false
8000.7110,true,false
7903.8653,true,true
7941.3936,true,true
7911.5764,true,true
7876.4286,true,true
7951.6772,true,true
7949.3344,true,true
7947.4887,true,true
7883.3714,true,true
7977.1264,true,true
7887.6224,true,true
7955.8581,true,true
7876.9242,true,true
7903.2946,true,true
7887.8264,true,true
7887.7653,true,true
7874.5110,true,true
7877.8875,true,true
7850.1631,true,true
8009.7511,true,true
7859.8009,true,true
8019.2687,true,true
7900.9793,true,false
7855.1974,true,true
7982.9792,true,true
7842.6617,true,true
7855.5712,true,false
7836.0736,true,true
7939.4919,true,false
7848.8965,true,true
7832.1669,true,true
7995.0323,true,false
8230.9255,true,true
8289.9642,true,true
7845.6049,true,true
8101.7105,true,true
8020.1939,true,true
7846.8569,true,true
7832.2233,true,true
7838.8438,true,true
7904.8686,true,false
8171.4975,true,true
7853.2623,true,true
7936.5173,true,true
7887.7265,true,true
7881.7532,true,true
7839.5514,true,true
7938.9658,true,true
7868.7729,true,true
8112.6255,true,true
8001.1210,true,false
7977.4596,true,false
7916.6378,true,true
7857.0920,true,true
7827.3242,true,true
7911.8075,true,true
7776.2226,true,true
7764.4783,true,true
7923.4363,true,true
7962.6031,true,true
7974.5202,true,true
7977.8133,true,true
7747.7904,true,true
7964.1552,true,false
7965.0674,true,false
7734.0464,true,true
7711.0770,true,true
7750.6708,true,true
7737.9122,true,true
7852.4638,true,true
7739.8028,true,true
7750.9943,true,true
7877.2921,true,false
8334.0754,true,true
7782.5406,true,true
7752.4810,true,true
7814.5820,true,true
7813.2148,true,true
8028.9876,true,false
7813.5467,true,true
7787.6256,true,true
7926.7124,true,true
7930.0292,true,false
8046.7499,true,true
7815.7195,true,false
7919.7893,true,false
7920.5840,true,false
7834.5870,true,true
7843.1478,true,true
7811.1476,true,true
7883.9303,true,true
7877.9213,true,true
7842.7019,true,true
7825.2165,true,true
7864.4836,true,true
7810.3222,true,true
7929.7322,true,true
7720.1421,true,true
7919.9510,true,false
7692.0221,true,true
7925.2386,true,false
7711.6692,true,true
7837.8845,true,true
7967.4988,true,true
7706.7330,true,true
7929.7246,true,true
7698.9236,true,true
7940.7968,true,true
7887.7932,true,false
8260.9775,true,true
7720.6585,true,true
7698.1583,true,true
7729.1409,true,true
7969.7714,true,true
7746.8007,true,true
7719.9274,true,false
7833.7612,true,true
7703.6601,true,true
7990.6435,true,true
7978.3557,true,false
7763.3806,true,false
8035.1069,true,true
7723.4284,true,true
7725.2262,true,true
7767.1339,true,true
7727.2317,true,true
7637.3612,true,true
7775.0181,true,true
7655.9953,true,true
7775.7546,true,true
7854.7832,true,false
7813.4555,true,true
7688.7544,true,true
7657.6514,true,true
7658.0456,true,true
7652.9252,true,true
7758.5997,true,false
7829.0906,true,true
7707.8197,true,true
7870.4799,true,true
7652.8784,true,true
7894.2533,true,false
7820.7168,true,false
7671.2147,true,true
8184.5225,true,true
7720.5398,true,true
7754.1498,true,true
7766.8087,true,true
7755.7277,true,true
7719.9671,true,true
7699.5618,true,true
7738.2756,true,false
8188.4031,true,true
7949.2843,true,true
7738.7535,true,true
7914.3254,true,false
7783.9905,true,true
7761.5703,true,true
7715.9215,true,true
7771.7853,true,true
7717.3573,true,true
7715.7492,true,true
7773.3310,true,true
7823.3707,true,false
7723.2106,true,true
7795.9788,true,false
7810.6161,true,true
7830.3224,true,false
7802.5580,true,false
7721.3411,true,true
7773.6920,true,true
7803.5073,true,true
7712.2274,true,true
7849.4057,true,true
7867.9861,true,true
7860.6416,true,true
7808.5250,true,true
7734.0627,true,true
7748.4668,true,true
7815.2874,true,true
7775.5175,true,true
7745.3655,true,true
7796.9355,true,true
7888.1899,true,true
7886.1403,true,false
7845.1288,true,true
7893.2504,true,false
7863.3976,true,false
7806.1277,true,true
7874.1822,true,false
7806.0866,true,true
7844.0439,true,true
7762.9538,true,true
7820.2396,true,true
7779.2250,true,true
7750.1576,true,true
7750.7825,true,true
8033.3033,true,true
7890.5942,true,true
7834.0039,true,true
7832.0550,true,true
7715.1690,true,true
7797.6278,true,false
7783.6732,true,true
7853.5045,true,true
7798.7732,true,true
7805.4142,true,true
7889.8148,true,true
7804.6883,true,true
7817.8558,true,true
7856.7857,true,false
7803.9328,true,true
7799.2896,true,true
7840.6814,true,true
7803.2392,true,true
7833.0668,true,true
7856.8753,true,true
7789.0653,true,true
7874.6813,true,false
7971.1673,true,true
7908.5336,true,false
7870.9116,true,true
7881.0191,true,true
7778.0025,true,true
7751.4193,true,true
7749.2949,true,true
7791.4446,true,false
7843.3070,true,true
7768.9835,true,true
7763.6716,true,true
7812.7160,true,true
7900.4594,true,false
8067.9735,true,true
7755.9532,true,true
7746.7287,true,true
7765.5171,true,true
7752.7388,true,true
7787.9286,true,false
7760.8099,true,true
7848.8571,true,true
7757.3402,true,true
7816.6403,true,true
7952.3357,true,true
7815.3921,true,true
7889.7876,true,true
7804.0016,true,true
7856.5009,true,false
7769.0905,true,true
7910.5275,true,true
7825.4830,true,true
7779.0367,true,true
7792.0453,true,true
7938.3140,true,false
7941.7883,true,true
7828.5138,true,true
7838.0933,true,true
7865.6477,true,true
7901.3859,true,true
7898.7747,true,true
7840.0555,true,true
7840.6759,true,true
7841.6466,true,true
7936.3083,true,false
7902.1388,true,true
7843.8499,true,true
7851.8526,true,true
7852.2916,true,true
7968.2620,true,false
7890.4963,true,true
7865.2593,true,true
7881.1385,true,true
7922.7535,true,true
7901.8110,true,true
7934.5011,true,true
7866.0630,true,true
7973.9749,true,true
7812.8840,true,true
7832.2625,true,true
7829.5946,true,true
7824.0955,true,true
7984.4793,true,false
7831.9321,true,true
7943.8433,true,true
8016.4836,true,false
7823.1110,true,true
7827.0328,true,true
7959.3856,true,true
7980.3758,true,true
7875.1843,true,true
7899.5619,true,true
8625.4827,true,true
8014.0682,true,false
7839.5438,true,true
7903.2624,true,true
7914.3617,true,true
7974.5359,true,false
7931.4895,true,true
7948.0335,true,false
7844.9122,true,true
8113.8521,true,true
7936.7470,true,false
7871.4636,true,true
7893.8033,true,false
7950.3331,true,true
8058.0826,true,true
7923.7888,true,true
7859.1680,true,true
7895.6749,true,false
7858.3305,true,true
7877.0980,true,true
7890.0177,true,false
7859.6647,true,true
7886.4280,true,true
8125.6536,true,true
7861.1691,true,true
8279.3668,true,true
7935.4343,true,false
7987.0428,true,true
7953.3385,true,true
8025.9336,true,true
7955.5354,true,true
7946.2087,true,true
7961.9142,true,true
8072.6931,true,true
7965.5557,true,true
8000.8748,true,true
7954.1033,true,true
8062.7965,true,true
8098.9084,true,false
8211.5132,true,true
7995.1233,true,true
7967.2337,true,true
8146.8109,true,true
8067.5859,true,true
8015.5078,true,true
8083.2400,true,true
8077.6650,true,true
8081.7700,true,true
7975.6917,true,true
7975.6457,true,true
8124.5456,true,false
8034.4939,true,true
8117.9003,true,false
8157.6696,true,true
7961.9273,true,true
7971.4827,true,true
7978.9843,true,true
7957.2184,true,true
8006.4483,true,true
8117.9386,true,true
8065.0504,true,true
8029.0242,true,true
8258.9388,true,true
8181.7890,true,true
8032.1638,true,true
8030.4860,true,true
8071.6075,true,true
8645.1569,true,true
8055.4968,true,false
8031.4730,true,true
8058.2872,true,true
8015.5799,true,true
8109.4952,true,true
8137.8164,true,true
8160.5681,true,true
7999.7795,true,true
8075.4558,true,true
8174.5771,true,true
8203.4285,true,false
8242.0537,true,true
8057.3033,true,true
8213.9367,true,false
8037.2996,true,true
8008.7951,true,true
7953.6212,true,true
7950.8559,true,true
7892.2009,true,true
8101.5670,true,true
8213.6736,true,false
7926.2510,true,true
7925.8569,true,true
7920.5176,true,true
8259.9849,true,false
8145.1219,true,true
8028.2806,true,true
8225.1520,true,true
8066.6363,true,true
8052.4897,true,true
7989.3095,true,true
7932.1960,true,true
8187.7320,true,true
8091.0556,true,true
7933.8754,true,true
7936.9498,true,true
7943.6901,true,true
7934.7857,true,true
8172.3140,true,true
7943.0520,true,true
7935.7546,true,true
8098.4712,true,true
8311.3889,true,true
7940.1549,true,true
7934.7386,true,true
8351.7400,true,true
8271.3218,true,true
7965.8631,true,true
8081.8707,true,true
7941.8753,true,true
7988.1108,true,true
7937.0336,true,true
8132.8792,true,true
7946.9981,true,true
8729.6944,true,true
7990.6409,true,true
7969.4229,true,true
7945.0099,true,true
7948.2385,true,true
7999.5476,true,true
7944.4050,true,true
7945.1185,true,true
7993.7166,true,true
8094.3099,true,true
7942.7130,true,true
7897.6596,true,true
7910.4313,true,true
7964.8269,true,true
8052.3762,true,true
7980.7145,true,true
8019.3948,true,true
8022.5572,true,true
8089.9667,true,true
8055.0508,true,true
8018.1052,true,true
8110.3691,true,true
8015.1861,true,true
8028.5800,true,true
8020.0472,true,true
8046.6705,true,true
8056.1468,true,true
8086.1831,true,true
8176.8739,true,true
8027.7578,true,true
8113.9150,true,true
8190.0061,true,false
8068.6324,true,true
8119.6788,true,true
8085.8280,true,true
8051.8240,true,true
8144.9762,true,false
8076.7048,true,true
8759.0783,true,true
8102.2930,true,true
8028.6762,true,true
8023.3828,true,true
8018.1676,true,true
8167.8479,true,true
8171.5882,true,true
8165.6705,true,true
8159.8908,true,true
8035.4264,true,true
8042.0378,true,true
8174.9582,true,false
8034.6961,true,true
8035.2592,true,true
8112.6282,true,false
8178.4260,true,true
8018.6764,true,true
8012.7813,true,true
8020.2511,true,true
8225.0076,true,false
8407.3677,true,true
8224.3160,true,true
8218.4924,true,true
8033.8952,true,true
8087.1233,true,true
8044.8249,true,true
8073.3975,true,true
8083.3807,true,true
8046.5251,true,true
8037.9858,true,true
8033.1266,true,true
8036.3605,true,true
8823.8745,true,true
8034.1090,true,true
8347.0011,true,true
8049.9326,true,true
8092.5657,true,true
8163.1470,true,true
8081.0578,true,false
8096.9408,true,true
8633.2381,true,true
8122.3717,true,false
8322.7894,true,true
8175.9807,true,true
8402.4342,true,true
8160.1637,true,true
8069.7329,true,true
8100.1992,true,true
8107.2167,true,true
8069.1633,true,true
8185.6671,true,true
8173.2374,true,true
8106.0231,true,true
8128.2907,true,true
8191.0513,true,true
8148.1588,true,false
8068.8367,true,true
8066.7796,true,true
8072.4255,true,true
8132.9292,true,true
8140.7120,true,false
8066.0982,true,true
8281.9111,true,true
8061.2800,true,true
8154.6436,true,true
8223.6282,true,false
8164.9903,true,true
8260.7303,true,true
8143.1993,true,true
8149.5160,true,true
8257.5621,true,true
8146.8162,true,true
8083.6594,true,true
8207.0211,true,true
8086.9778,true,true
8254.2640,true,false
8152.2931,true,true
8392.9704,true,false
8205.7674,true,true
8153.0809,true,true
8125.1420,true,true
8182.8683,true,true
8447.4503,true,true
8203.9815,true,true
8187.1569,true,true
8306.3868,true,false
8147.3155,true,true
8164.7945,true,true
8343.2832,true,false
8153.7764,true,true
8311.4944,true,false
8137.5323,true,true
8268.3913,true,true
8363.0618,true,false
8240.4766,true,true
8252.5306,true,true
8256.1891,true,true
8180.0844,true,true
8296.1924,true,false
8221.4219,true,true
8219.9248,true,true
8270.2251,true,true
8180.5677,true,true
8312.5451,true,true
8228.5034,true,true
8153.9647,true,true
8270.5373,true,true
8232.4148,true,true
8306.2731,true,true
8178.4096,true,true
8156.5809,true,true
8443.9325,true,true
8409.2822,true,true
8144.6626,true,true
8279.6065,true,false
8257.8755,true,true
8139.2202,true,true
8346.8458,true,false
8140.7359,true,true
8125.3864,true,true
8126.8066,true,true
8119.7630,true,true
8120.7475,true,true
8303.4630,true,true
8142.8654,true,true
8121.3881,true,true
8120.1063,true,true
8466.9037,true,true
8119.8790,true,true
8174.5106,true,true
8355.3710,true,true
8167.7715,true,true
8159.1887,true,true
8170.8075,true,true
8115.8071,true,true
8313.4471,true,true
8233.9495,true,true
8376.8462,true,true
8233.4962,true,false
8113.5176,true,true
8158.6618,true,true
8165.9417,true,true
8221.4814,true,true
8431.2528,true,true
8128.9265,true,true
8143.7583,true,true
8141.5582,true,true
8139.2554,true,true
8123.1582,true,true
8291.6185,true,false
8306.7008,true,false
8386.0811,true,false
8854.4843,true,true
8248.5645,true,true
8304.7791,true,true
8340.2518,true,true
8330.1379,true,true
8321.2616,true,true
8315.5039,true,true
8305.8864,true,true
8415.5464,true,false
8599.9524,true,true
8275.6610,true,true
8382.3643,true,true
8319.2476,true,true
8398.4845,true,true
8383.0595,true,true
8302.8908,true,true
8277.0011,true,true
8214.1886,true,true
8416.5728,true,false
8204.3866,true,true
8387.8246,true,false
8219.9120,true,true
8342.9057,true,false
8509.9390,true,true
8201.8734,true,true
8208.7181,true,true
8212.2287,true,true
8355.5563,true,true
8324.4275,true,true
8353.0882,true,true
8209.6238,true,true
8388.1060,true,true
8358.0348,true,true
8261.2046,true,true
8314.4805,true,false
8244.0187,true,true
8438.6347,true,true
8436.3328,true,true
8387.6386,true,false
8169.4672,true,true
8224.4992,true,true
8158.5330,true,true
8265.3301,true,true
8165.4600,true,true
8150.2830,true,true
8144.4864,true,true
8202.8816,true,true
8304.8047,true,true
8267.2141,true,true
8147.1344,true,true
8909.2631,true,true
8552.3426,true,true
8493.3356,true,true
8199.6455,true,true
8163.9037,true,true
8154.7112,true,true
8138.9166,true,true
8190.5359,true,false
8179.2123,true,true
8277.4308,true,true
8234.0631,true,true
8215.9116,true,true
8282.0574,true,true
8277.3343,true,true
8148.6311,true,true
8145.5767,true,true
8147.6464,true,true
8148.2718,true,true
8140.6599,true,true
8304.5963,true,false
8190.1704,true,true
8171.7280,true,true
8243.7011,true,true
8142.0159,true,true
8136.1541,true,true
8196.5285,true,true
8138.4923,true,true
8603.4564,true,true
8370.7692,true,true
8320.8332,true,true
8371.5759,true,true
8428.6772,true,true
8432.0574,true,true
8435.3494,true,true
8416.1336,true,true
8411.2714,true,true
8518.5142,true,false
8358.4892,true,true
8465.5640,true,true
8603.1819,true,true
8475.3592,true,true
8370.6560,true,true
8444.5484,true,true
8461.9821,true,true
8553.9677,true,false
8457.7737,true,true
8373.2584,true,true
8679.5853,true,true
8465.0310,true,true
8518.1155,true,true
8326.5371,true,true
8320.9425,true,true
8382.1957,true,true
8359.4072,true,true
8526.2302,true,false
8340.6918,true,true
8383.2051,true,true
8441.2520,true,true
8444.6494,true,true
8556.6562,true,false
8463.7061,true,true
8454.4108,true,true
8697.4937,true,true
8535.0270,true,false
8486.9498,true,true
8444.8188,true,true
8475.0010,true,true
8385.4967,true,true
8520.8491,true,false
8353.8318,true,true
8519.1562,true,false
8538.4197,true,true
8489.7242,true,true
8504.9869,true,true
8389.3888,true,true
8514.7476,true,true
8749.0914,true,true
8339.8682,true,true
8330.3859,true,true
8780.8682,true,false
8394.3436,true,true
8554.2931,true,true
8339.0576,true,true
8383.9026,true,false
8401.3750,true,false
8363.4366,true,false
8548.5052,true,true
8370.4571,true,true
8328.0122,true,true
8577.1319,true,true
8508.3687,true,false
8908.1574,true,true
8771.5198,true,true
8337.1897,true,true
8514.7018,true,true
8345.4607,true,true
8443.7054,true,true
8415.3448,true,true
8373.7244,true,true
8521.8543,true,false
8364.7500,true,true
8368.6318,true,true
8365.2368,true,true
8429.9682,true,true
8428.6117,true,true
8354.3853,true,true
8437.9219,true,true
8372.6511,true,true
8473.7074,true,true
8384.8605,true,true
8502.1062,true,false
8408.5631,true,true
8473.6052,true,true
8471.9395,true,true
8385.2705,true,true
8423.1990,true,false
8426.1348,true,true
8425.5634,true,true
8482.4275,true,true
8380.5294,true,true
8430.6790,true,true
8406.2272,true,true
8487.5133,true,true
8384.0921,true,true
8481.4591,true,true
8422.0254,true,true
8435.1019,true,false
8369.6795,true,true
8348.6690,true,true
8492.4938,true,false
8335.9302,true,true
8468.8888,true,true
8417.2807,true,true
8344.3085,true,true
8345.9955,true,true
8625.8121,true,true
8346.3547,true,true
8307.0801,true,true
8573.8200,true,false
9003.6276,true,true
8419.5627,true,true
8441.5601,true,true
8521.7139,true,true
8497.0067,true,true
8478.9544,true,true
8620.5121,true,false
8605.8467,true,false
8561.3304,true,true
8433.8305,true,true
8543.4051,true,false
8473.7102,true,true
8433.8879,true,true
8490.4284,true,true
8454.5911,true,true
8533.0624,true,true
8443.6554,true,true
8609.6556,true,false
8515.2286,true,true
8797.7455,true,true
8606.7436,true,true
8735.2886,true,true
8680.1349,true,true
8444.6994,true,true
8606.3398,true,false
8434.6057,true,true
8488.2736,true,false
8624.0892,true,false
8769.4757,true,true
8666.9125,true,true
8666.1574,true,true
8709.0563,true,false
8638.4858,true,true
8634.2482,true,true
8638.2436,true,true
8706.1697,true,true
8974.9922,true,true
8669.2352,true,true
8692.2405,true,true
8670.1662,true,true
8628.7040,true,true
8682.2394,true,true
8687.4471,true,false
8673.4598,true,true
8927.8152,true,true
8653.5864,true,true
8680.1848,true,true
8656.2051,true,true
8654.5296,true,true
8734.2114,true,true
8735.9039,true,true
8760.6453,true,false
8639.4144,true,true
8708.0306,true,true
8938.7934,true,true
8752.4160,true,false
8730.9414,true,true
8904.4174,true,true
8772.2226,true,true
8766.1923,true,true
8883.6809,true,true
8753.7237,true,true
8717.9579,true,true
8820.7037,true,true
8717.6032,true,true
8852.2847,true,true
8825.0316,true,true
8786.5559,true,true
8715.7094,true,true
8718.6867,true,true
8771.2961,true,true
8744.6739,true,true
8743.0470,true,true
8859.7782,true,true
8863.6997,true,false
8720.4513,true,true
8777.5870,true,false
8712.2336,true,true
8755.5759,true,true
8664.7690,true,true
8743.0325,true,false
8658.6396,true,true
8694.0001,true,true
8671.9202,true,true
8843.8807,true,false
8682.2362,true,true
8849.1511,true,false
8656.8903,true,true
8651.3780,true,true
8913.1322,true,true
8653.3264,true,true
8791.7576,true,true
8655.8530,true,true
8678.7682,true,true
8695.7206,true,true
8703.4123,true,true
8682.1426,true,false
8817.8465,true,true
8824.2772,true,false
8821.5053,true,false
8737.8891,true,true
8682.2185,true,false
8717.9145,true,true
8668.3788,true,true
8670.9366,true,true
8668.4047,true,true
8704.9363,true,true
8669.6034,true,true
8705.5158,true,true
8714.7647,true,true
8677.6085,true,true
8661.2080,true,true
8664.7817,true,true
8715.0759,true,true
8751.1295,true,false
8635.8829,true,true
8622.5319,true,true
8610.1728,true,true
8613.7501,true,true
8621.3855,true,true
8717.9299,true,true
8672.6299,true,true
8630.2318,true,true
8621.4942,true,true
8748.0039,true,false
8630.1383,true,true
8651.9186,true,true
8749.5155,true,true
8618.1195,true,true
9035.6787,true,true
8666.2239,true,false
8768.3771,true,true
8614.1691,true,true
8622.3232,true,true
8672.1770,true,true
8659.8823,true,true
8666.7857,true,false
8723.0426,true,false
8805.1459,true,false
8611.4444,true,true
8664.7721,true,true
8675.2907,true,false
8604.7779,true,true
8612.2575,true,true
8727.5308,true,true
8714.3270,true,true
8641.1397,true,true
8682.1149,true,false
8653.3697,true,true
8635.5604,true,true
8650.5656,true,true
8649.1186,true,true
8675.2326,true,true
8640.3660,true,true
8729.9754,true,true
8762.0326,true,false
8722.3370,true,false
8639.3290,true,true
8636.8396,true,true
8640.2492,true,true
8667.1491,true,false
8630.0431,true,true
8677.9453,true,true
8727.9225,true,true
8775.2760,true,false
8732.4831,true,false
8667.0985,true,true
8711.6954,true,true
8667.4588,true,true
8802.6150,true,true
8561.3754,true,true
8689.9967,true,false
8701.2298,true,true
8560.5504,true,true
8751.9017,true,false
8562.7395,true,true
8560.1050,true,true
8562.2389,true,true
8790.7578,true,true
8674.1147,true,true
9465.9724,true,true
8645.9698,true,true
8625.2484,true,true
8663.0308,true,true
8641.1890,true,true
8638.0911,true,true
8753.8382,true,true
8860.1047,true,false
8703.9156,true,true
8830.9902,true,true
8688.2746,true,true
8622.4261,true,true
8617.7533,true,true
8689.7965,true,true
8666.7550,true,true
8597.1183,true,true
8981.8677,true,false
8880.6130,true,true
8651.9748,true,true
8594.1374,true,true
8585.0927,true,true
8947.5392,true,true
8678.7866,true,true
8581.5815,true,true
8702.8760,true,false
8576.5953,true,true
8626.8634,true,true
8584.3464,true,true
8573.8702,true,true
8782.5007,true,true
8808.0934,true,true
8607.1335,true,true
8769.6492,true,true
8610.5011,true,true
8604.3744,true,false
9316.1719,true,true
8660.0116,true,true
8721.2548,true,false
8725.8630,true,false
8602.0137,true,true
8507.0433,true,true
8487.1168,true,true
8491.4139,true,true
8814.0618,true,true
8930.0863,true,true
8703.4307,true,false
8489.1725,true,true
8529.6337,true,true
8742.8931,true,false
8817.5579,true,true
8541.1753,true,true
8587.8672,true,true
8718.4184,true,true
8659.5267,true,false
8785.8514,true,false
8571.4962,true,true
8713.7974,true,true
8557.9399,true,true
8554.4187,true,true
8609.7772,true,true
8622.4716,true,true
8581.9915,true,true
8757.6627,true,false
8611.0526,true,true
8534.6593,true,true
8637.7986,true,true
8537.8966,true,true
8536.0040,true,true
8533.9534,true,true
8610.2604,true,true
8658.4911,true,true
8862.7162,true,true
8643.2297,true,true
8586.4913,true,true
8559.2702,true,true
8603.3922,true,true
8562.8176,true,true
8647.2508,true,false
8609.7899,true,false
8575.7196,true,true
8572.9700,true,true
8569.6139,true,true
8651.0303,true,true
8564.3476,true,true
8612.7169,true,true
8649.0886,true,false
8624.3951,true,false
8635.2842,true,true
8602.4437,true,true
8903.1670,true,true
8664.6085,true,true
8508.4099,true,true
8672.2438,true,true
8593.7000,true,true
8542.5376,true,false
8501.3791,true,true
8495.3357,true,true
8490.7476,true,true
8545.2488,true,false
8589.5472,true,true
8518.0021,true,true
8574.6410,true,true
8596.5210,true,true
8599.9675,true,true
8593.7928,true,true
8715.9967,true,true
8541.3180,true,true
8560.5578,true,true
8642.8009,true,true
8534.5930,true,true
8783.7963,true,true
8536.9534,true,true
8557.1156,true,false
8592.2898,true,true
8743.1140,true,false
8780.7736,true,true
8649.1755,true,false
8782.4348,true,true
8879.7838,true,true
8582.1787,true,true
8519.8518,true,true
8530.7440,true,true
8682.1643,true,true
8529.5532,true,true
8589.1672,true,true
8550.0581,true,true
8630.8143,true,true
8516.2731,true,true
8571.2144,true,true
8635.4425,true,true
8670.8568,true,false
8595.8723,true,true
8657.3813,true,true
8584.7019,true,true
8579.5116,true,true
8626.4536,true,true
8577.9046,true,true
8622.4679,true,true
8654.0012,true,true
8711.5326,true,true
9120.7329,true,true
8561.1900,true,true
8586.4221,true,true
8710.4483,true,true
8550.9218,true,true
8766.3640,true,false
8590.9521,true,true
8584.3399,true,false
8562.9003,true,true
8557.3704,true,true
8693.1214,true,false
8790.1493,true,true
8782.8818,true,false
8903.8533,true,true
8720.4652,true,true
8705.8105,true,true
8764.7279,true,true
8776.7756,true,true
8657.0594,true,true
8718.5822,true,true
8940.2210,true,true
8663.6452,true,true
8765.0960,true,true
8794.4974,true,true
8667.2126,true,true
8780.3918,true,true
8646.5154,true,true
8767.7588,true,true
8733.3478,true,false
8652.2791,true,true
8812.6723,true,true
8963.8869,true,true
8787.7726,true,true
8759.6487,true,true
8821.9251,true,false
8668.8635,true,false
8677.3512,true,true
8774.0835,true,true
8653.4735,true,true
9042.5191,true,true
8679.2777,true,true
8683.4083,true,true
8710.7947,true,true
8849.1572,true,true
8683.9930,true,true
8692.1425,true,true
8776.0112,true,true
8913.7382,true,true
8707.5634,true,true
8691.1591,true,true
8747.1577,true,true
8697.9421,true,true
8696.7842,true,true
8738.8911,true,false
8700.5394,true,true
8765.2972,true,true
8734.8525,true,true
8797.7697,true,true
8702.7599,true,true
8723.0819,true,true
8761.4112,true,true
8666.0537,true,true
8785.6864,true,true
8779.5712,true,false
8765.0721,true,true
8543.6120,true,true
8546.9643,true,true
8539.5170,true,true
8547.4560,true,true
8755.8255,true,true
8528.5502,true,true
8880.2749,true,true
8519.8358,true,true
9190.0040,true,false
8510.5973,true,true
8640.3516,true,true
8524.6716,true,true
8791.1521,true,true
8577.8228,true,true
8513.7752,true,true
8792.0299,true,false
8552.5187,true,true
9002.5355,true,true
8521.9912,true,true
8513.9988,true,true
8679.8280,true,true
8600.8675,true,true
8633.1166,true,true
9010.4065,true,false
8610.5167,true,true
8659.1338,true,true
8676.4060,true,true
8630.0089,true,true
8691.6776,true,true
8742.4144,true,false
9006.0390,true,true
8670.5294,true,true
8609.3706,true,true
8659.6776,true,true
8657.1027,true,true
9229.7762,true,true
8627.3044,true,true
8638.0953,true,false
8627.4450,true,true
8680.9008,true,true
8712.2193,true,true
8709.6654,true,false
8673.5159,true,true
8618.4119,true,true
8669.3624,true,true
8624.6336,true,true
8629.2590,true,true
8702.8721,true,false
8621.6990,true,true
8617.8671,true,true
8655.4371,true,true
8683.5907,true,true
8709.9793,true,false
8766.6327,true,true
8712.8253,true,false
8751.5019,true,true
8667.4494,true,true
8679.6849,true,true
8882.2244,true,true
8625.7377,true,true
8740.3497,true,false
8624.9111,true,true
8622.8923,true,true
8617.0407,true,true
8623.5317,true,true
8671.9413,true,false
8693.2753,true,true
8647.2704,true,true
8625.0774,true,true
8507.8749,true,true
8597.4590,true,true
8649.1814,true,true
8680.7797,true,true
8592.8749,true,true
8586.7127,true,true
8695.2604,true,true
8634.6854,true,true
8642.4326,true,true
8595.6128,true,true
8584.8296,true,true
8745.1642,true,true
8560.9637,true,true
8573.4638,true,true
8549.1408,true,true
8646.3666,true,false
8547.6243,true,true
8739.7040,true,true
8858.6313,true,true
8546.4512,true,true
8641.8140,true,true
8626.3943,true,true
8545.9612,true,true
8554.2024,true,true
8626.3287,true,false
8553.0589,true,true
8552.5087,true,true
8554.2870,true,true
8550.3665,true,true
8548.5939,true,true
9274.2196,true,true
8725.2038,true,false
8544.0912,true,true
8497.8586,true,true
8828.5191,true,true
8494.2803,true,true
8484.5050,true,true
8478.8812,true,true
8527.7815,true,true
8871.4210,true,true
8500.3876,true,true
8684.3811,true,true
8713.9094,true,true
8588.3445,true,true
8518.3321,true,true
8606.4977,true,false
8612.7625,true,true
8629.7075,true,true
8603.5136,true,true
8606.9799,true,true
8746.3146,true,true
8763.1179,true,true
8591.6951,true,true
8671.3145,true,true
8626.2260,true,true
8542.1802,true,true
8539.6130,true,true
8486.3501,true,true
8651.0781,true,true
8541.8630,true,true
8691.8997,true,true
8546.6048,true,true
8543.7587,true,true
8553.4570,true,true
8535.8796,true,true
8575.3449,true,true
8545.3501,true,true
8733.1437,true,true
8649.3580,true,true
8566.9085,true,true
8567.7830,true,false
8698.3082,true,true
8549.9068,true,true
8543.7822,true,true
8542.9998,true,true
8540.0799,true,true
8606.7532,true,true
8537.7518,true,true
8605.6394,true,true
8575.8454,true,true
8870.3440,true,true
8547.6346,true,true
8552.2048,true,true
8542.3147,true,true
8541.4198,true,true
8535.0702,true,true
8741.7200,true,true
8595.3555,true,true
8544.2974,true,true
8602.2362,true,true
8565.0434,true,true
8677.5672,true,true
8647.6795,true,true
8681.4836,true,true
8735.9971,true,true
8815.7399,true,true
8718.8344,true,true
8769.2747,true,true
8691.3604,true,true
8758.7031,true,true
8685.5193,true,true
8687.4571,true,true
8758.2577,true,true
8757.0794,true,true
8780.0525,true,false
9021.1496,true,true
8809.9127,true,false
8791.4805,true,true
8692.4923,true,true
8743.6928,true,true
8702.4894,true,true
8707.5622,true,true
8726.5560,true,true
8826.8724,true,false
8760.3124,true,false
8711.8010,true,true
8796.9948,true,true
8755.5606,true,true
8702.9481,true,true
8706.1510,true,true
8728.5277,true,true
8831.7565,true,false
8765.8538,true,true
8707.8738,true,true
8706.0927,true,true
8680.2081,true,true
8680.2885,true,true
8705.0553,true,true
8780.2317,true,true
8777.4199,true,true
8768.1388,true,true
8772.7555,true,true
8701.2499,true,true
8677.8432,true,true
8665.2891,true,true
8654.8605,true,true
8638.0318,true,true
8784.6497,true,true
8679.9269,true,true
8699.6830,true,true
9017.7349,true,true
8769.9987,true,true
8791.3051,true,true
8763.3144,true,false
8742.4859,true,true
8843.0891,true,true
8762.0436,true,true
8724.7817,true,true
9078.0415,true,true
8716.4850,true,true
8674.5715,true,true
8846.5601,true,true
8784.4509,true,true
8675.1057,true,true
8794.9067,true,true
8669.1163,true,true
8655.5035,true,true
8655.0943,true,true
9278.0788,true,true
8819.6549,true,true
8932.2021,true,false
8769.8359,true,false
8649.9954,true,true
8642.3453,true,true
8639.0399,true,true
8784.8582,true,false
8925.6235,true,true
8658.9891,true,true
8809.4779,true,true
8704.6161,true,true
8777.8239,true,true
8711.6053,true,true
8743.0864,true,true
8702.1753,true,true
8749.8930,true,true
8771.1004,true,true
8778.4570,true,false
8795.0586,true,true
8797.1647,true,true
8700.5523,true,true
8897.4603,true,true
8830.1343,true,true
8779.4519,true,true
8768.3116,true,false
8674.7188,true,true
8666.8300,true,true
8839.6236,true,false
8685.1477,true,true
8801.3167,true,false
8674.4329,true,true
8670.7847,true,true
8713.0283,true,true
8666.6130,true,true
8776.3826,true,true
9210.4728,true,true
8785.1288,true,false
8689.8521,true,true
8722.9418,true,true
8708.0894,true,true
8883.1303,true,true
8678.9107,true,true
8668.7923,true,true
8784.6162,true,true
8830.6216,true,false
8760.9317,true,true
8836.2949,true,false
8678.8044,true,true
8720.1964,true,true
8722.3448,true,true
8704.4824,true,false
8952.7753,true,true
8655.7545,true,true
8802.7582,true,true
9389.5254,true,true
8714.1534,true,true
8783.8601,true,true
8707.3055,true,true
8793.4953,true,true
8828.8490,true,false
8775.9052,true,true
8712.8108,true,true
8685.3159,true,true
8656.6198,true,true
8814.6122,true,false
8907.8311,true,true
8665.9392,true,true
8715.1082,true,true
8718.6205,true,true
8712.7826,true,true
8791.6764,true,true
8825.1701,true,true
9025.7553,true,true
8724.0297,true,true
8734.1357,true,true
8719.0644,true,true
8714.9771,true,true
8838.4633,true,false
8849.2535,true,false
8688.7784,true,true
8685.9181,true,true
8777.0525,true,true
8736.7118,true,true
8803.4951,true,true
8864.0461,true,true
8759.7668,true,true
8754.1758,true,true
8679.5533,true,true
8671.8920,true,true
8675.9628,true,true
8759.7591,true,true
8769.3288,true,true
8674.8090,true,true
8802.9719,true,false
8708.3604,true,true
8795.5345,true,true
8819.9811,true,true
8870.1091,true,true
8734.8513,true,true
9107.0229,true,true
8893.2692,true,true
8886.1791,true,true
8744.9948,true,true
8739.5352,true,true
8835.8885,true,true
8921.2203,true,false
8735.0225,true,true
8747.9768,true,true
8857.7686,true,true
8826.0130,true,true
8824.0370,true,true
8881.8373,true,true
8885.5528,true,true
8844.3304,true,false
8801.4293,true,true
8925.8618,true,true
8805.3366,true,true
8835.7194,true,true
9336.5387,true,true
8806.6189,true,true
8839.7325,true,true
8811.2988,true,true
8931.1959,true,true
8853.7364,true,true
8813.3783,true,true
8902.6934,true,false
8867.2648,true,true
8925.2536,true,true
8835.4338,true,true
8913.4284,true,true
8879.3381,true,false
8851.9295,true,true
8842.8674,true,true
8890.0082,true,true
8880.9591,true,false
8851.7331,true,false
8879.4140,true,true
8818.3394,true,true
8811.8292,true,true
8821.4368,true,true
8884.6669,true,true
8818.3903,true,true
8817.8178,true,true
8885.1770,true,true
8879.0360,true,true
8970.2266,true,false
9044.6104,true,true
8873.4530,true,true
8749.7887,true,true
8898.7424,true,true
8752.7533,true,true
8776.0267,true,true
8870.7847,true,true
8743.0877,true,true
8772.8250,true,true
8879.8137,true,false
9014.8587,true,true
8935.6532,true,true
8920.7545,true,true
8977.7155,true,true
8848.5843,true,true
8794.9990,true,true
8936.6579,true,false
8841.2806,true,true
8846.1332,true,true
8867.2338,true,true
9136.0446,true,true
8822.0713,true,true
8818.7839,true,true
8851.2815,true,false
8832.5353,true,false
8873.9711,true,true
8837.5411,true,true
8811.2587,true,true
8882.8896,true,false
8876.2101,true,true
8799.1396,true,false
9155.1679,true,true
8797.3663,true,true
8754.9896,true,true
8754.7060,true,true
8920.5098,true,true
8755.7715,true,true
8753.4937,true,true
8834.8487,true,true
8938.1929,true,false
8812.0566,true,false
8904.2330,true,true
8740.0864,true,true
8756.2228,true,true
8994.0167,true,true
8741.2992,true,true
8866.3569,true,true
9080.5805,true,true
8740.2180,true,true
8749.2371,true,true
8906.7468,true,true
8775.2394,true,true
8809.6266,true,true
8761.5319,true,true
8752.4649,true,true
8855.6271,true,false
8937.8611,true,false
8751.0186,true,true
8799.0517,true,false
8742.1155,true,true
8750.0524,true,true
8746.0799,true,true
8752.5216,true,true
8900.6027,true,true
8808.5139,true,true
8795.5484,true,true
8642.8454,true,true
8808.5061,true,false
8786.8685,true,true
8594.6372,true,true
8757.5455,true,true
8596.7970,true,true
8957.4801,true,true
8839.0702,true,true
8595.3946,true,true
8596.5414,true,true
8593.4469,true,true
8957.6430,true,true
8586.9302,true,true
8815.9884,true,true
8593.1509,true,true
8637.8697,true,true
8848.0527,true,true
8599.2457,true,true
8927.4384,true,true
8658.5094,true,true
8634.5067,true,true
8644.7052,true,true
8631.2933,true,true
8837.1486,true,false
8623.6087,true,true
8621.1607,true,true
8887.1842,true,false
8686.2720,true,true
8505.4678,true,true
8720.9972,true,true
8965.2969,true,false
8751.0935,true,true
8745.6087,true,true
8542.9114,true,false
8733.5035,true,true
8541.0009,true,true
8729.3436,true,true
8718.0124,true,true
8535.2667,true,true
8543.6121,true,true
8748.7337,true,true
8537.0492,true,true
8534.6028,true,true
8758.1908,true,true
8779.8635,true,true
8751.2600,true,false
9563.9156,true,true
8610.8619,true,true
8585.9279,true,true
8573.0181,true,true
8783.0249,true,false
8566.5434,true,true
8629.2210,true,false
8611.1276,true,true
8577.4555,true,true
8609.6932,true,true
8573.9990,true,true
8534.1330,true,true
8531.2736,true,true
8598.6637,true,true
8630.2921,true,true
8929.5800,true,true
8689.7469,true,true
8428.3072,true,true
8616.6343,true,true
8601.5505,true,false
8435.0456,true,true
8582.2219,true,true
8679.6428,true,true
8934.9235,true,true
8678.9045,true,false
8438.7733,true,true
8436.0800,true,true
8445.1987,true,true
8593.1501,true,true
8656.2305,true,true
8480.5029,true,false
8431.9161,true,true
8511.1150,true,true
8421.1150,true,true
8435.4966,true,true
8694.4033,true,false
8483.5518,true,true
8737.0181,true,true
8668.7051,true,false
8481.5245,true,true
8617.5211,true,true
8428.6607,true,true
8450.8787,true,true
8451.0141,true,true
8435.4505,true,true
8438.6129,true,true
8436.6304,true,true
8457.5804,true,true
8444.2236,true,true
8802.7976,true,true
8441.1365,true,true
8437.6196,true,true
8816.8768,true,true
8498.9986,true,true
8483.9393,true,true
8544.2454,true,true
8648.9024,true,true
8544.2578,true,true
8584.1530,true,true
8614.8755,true,true
8622.8485,true,true
8516.7892,true,true
8642.1231,true,true
8680.9432,true,false
8623.6835,true,true
8652.0002,true,false
8646.2348,true,true
8668.8673,true,false
8692.8301,true,true
8754.6013,true,true
8654.8372,true,true
8562.8469,true,true
8592.1050,true,true
8568.5968,true,true
8565.1833,true,true
8595.6757,true,true
8798.9888,true,true
8562.4095,true,true
8830.6645,true,false
8607.3694,true,false
8554.6451,true,true
9366.0851,true,true
8553.7298,true,true
8827.4419,true,false
8644.5401,true,true
8561.6166,true,true
8644.4636,true,true
8863.9265,true,true
8639.1347,true,true
8594.1425,true,true
8661.0452,true,true
8626.8603,true,true
8552.6311,true,true
8597.2713,true,true
8552.9714,true,true
8730.3359,true,false
8599.7843,true,true
8967.7472,true,true
8480.5047,true,true
8484.0337,true,true
8484.4013,true,true
8487.9418,true,true
8690.1188,true,false
8697.7137,true,false
8483.1448,true,true
8493.1742,true,true
8618.2291,true,true
8510.5938,true,true
8652.7770,true,false
8642.4426,true,true
8696.4358,true,false
8487.6142,true,true
8631.0784,true,false
8500.3413,true,true
8588.1039,true,false
8513.7460,true,true
8591.5980,true,true
8592.4911,true,true
8597.2667,true,true
8647.9095,true,true
8504.8116,true,true
8508.4776,true,true
8698.9192,true,true
8496.8751,true,true
8503.5345,true,true
8500.6125,true,true
8604.4320,true,true
8500.1958,true,true
8655.6498,true,true
8616.9381,true,true
8614.3372,true,true
8591.1099,true,true
8510.6551,true,true
8689.9535,true,false
8511.2721,true,true
8537.1448,true,true
8512.4010,true,true
8715.4270,true,true
8520.2308,true,true
8748.6286,true,true
8512.6364,true,true
8508.2437,true,true
8504.1831,true,true
8509.1123,true,true
8619.2882,true,false
8639.0999,true,false
8524.6649,true,true
8631.4993,true,true
8547.1656,true,true
8660.4046,true,false
8654.6765,true,false
8537.0599,true,true
8641.3337,true,true
8797.9328,true,true
8636.1833,true,true
8877.9302,true,true
8555.3833,true,true
8681.5582,true,true
8576.3989,true,true
8664.2428,true,true
8687.3587,true,false
8575.9002,true,true
8555.0927,true,true
8667.9129,true,true
8546.2971,true,true
8553.4406,true,false
8707.4669,true,true
8480.7866,true,true
8468.8282,true,true
8878.4926,true,true
8492.6162,true,true
8593.0943,true,false
8668.1664,true,false
8502.7800,true,true
8509.4998,true,true
8851.5244,true,true
8436.0445,true,true
8416.6884,true,true
8805.1062,true,true
8382.7611,true,true
8378.2545,true,true
8527.3396,true,true
8573.0319,true,true
8408.9804,true,true
8476.9920,true,false
8518.3597,true,true
8606.6855,true,true
8448.6635,true,true
8524.0029,true,true
8587.0813,true,true
8690.4823,true,true
8421.3519,true,true
8479.4763,true,true
8601.9217,true,true
8414.8588,true,true
8403.0982,true,true
9034.3825,true,true
8834.6457,true,true
8406.6887,true,true
8419.1225,true,true
8424.9547,true,true
8653.1834,true,true
8471.7740,true,true
8435.7471,true,true
8433.5244,true,true
8496.1033,true,true
8539.8752,true,false
8441.7454,true,true
8434.4217,true,true
8998.0821,true,true
8554.3660,true,true
8481.8414,true,true
8444.7156,true,true
8448.3393,true,true
8440.2533,true,true
8493.6505,true,true
8515.6722,true,false
8558.4133,true,true
8520.3045,true,true
8506.8335,true,true
8478.9233,true,true
8554.4769,true,true
8457.0046,true,true
8463.4471,true,true
8455.3796,true,true
8446.6160,true,true
8518.9009,true,true
8560.3399,true,false
8490.3161,true,true
8452.7490,true,true
8445.4433,true,true
8434.9641,true,true
8508.7828,true,false
8525.6796,true,true
8611.4534,true,true
8238.0698,true,true
8361.1284,true,true
8287.1512,true,true
8542.6864,true,false
8462.6972,true,false
8272.3936,true,true
8459.9779,true,true
8295.4017,true,true
8386.9754,true,true
8519.6462,true,true
8279.6254,true,true
8595.5616,true,true
8274.6836,true,true
8534.6315,true,true
8272.0128,true,true
8282.3151,true,true
8331.8046,true,true
8277.0307,true,true
8235.7054,true,true
8251.3815,true,true
8516.2433,true,false
8227.8073,true,true
8267.9520,true,true
8269.5022,true,true
8390.3857,true,false
8665.8202,true,true
8392.7723,true,true
8325.1225,true,true
8305.7507,true,true
8303.3591,true,true
8641.5554,true,false
8310.1257,true,true
8355.9264,true,true
8351.3232,true,true
8464.0792,true,false
8326.9691,true,true
8320.7586,true,true
8346.9876,true,false
8320.0326,true,true
8316.2425,true,true
8375.7523,true,false
8455.1627,true,true
8343.6666,true,true
8457.5420,true,false
8311.0204,true,true
9506.9946,true,true
8378.8987,true,true
8407.5752,true,false
8763.3106,true,true
8317.4795,true,true
8389.4100,true,false
8311.8887,true,true
8383.5896,true,true
8321.2348,true,true
8392.1530,true,true
8351.3788,true,true
8320.8733,true,true
8339.1337,true,true
8281.9703,true,true
8279.5616,true,true
8277.8887,true,true
8363.9145,true,false
8276.2671,true,true
8282.3252,true,true
9296.8899,true,true
8419.4166,true,false
8288.6583,true,true
8286.0988,true,true
8418.3770,true,false
8496.6297,true,true
8283.5174,true,true
8309.6049,true,true
8361.0823,true,true
8307.5797,true,true
8335.2256,true,true
8478.6178,true,true
8329.4990,true,false
8400.6795,true,true
8371.0835,true,true
8328.4884,true,true
8400.0026,true,true
8295.4988,true,true
8448.8547,true,false
8345.9289,true,true
9364.8528,true,true
9229.1494,true,true
8183.4111,true,true
8054.5785,true,true
8380.5289,true,true
8388.4940,true,true
8385.6455,true,true
8398.9540,true,true
8450.4263,true,true
8074.3664,true,true
8252.1607,true,true
8098.2182,true,true
8490.0368,true,false
8074.6354,true,true
8071.2996,true,true
8075.5545,true,true
8079.8105,true,true
8085.3552,true,true
8052.1470,true,true
8522.4282,true,true
7971.9783,true,true
8113.5809,true,true
8517.1703,true,true
8127.9416,true,false
8010.6464,true,true
8240.8725,true,false
8226.0839,true,true
7997.2663,true,true
8073.7251,true,true
8053.2349,true,true
8032.5412,true,true
8238.8254,true,false
8234.5266,true,true
8027.7170,true,true
8332.0263,true,true
8214.3659,true,true
8287.4480,true,true
8234.4437,true,false
8278.5613,true,false
8269.5184,true,false
8124.3962,true,true
8300.9202,true,false
8118.0586,true,true
8371.9750,true,true
8233.3951,true,true
8263.1286,true,false
8198.6564,true,true
8168.0818,true,true
8202.6630,true,true
9104.8213,true,true
8263.0471,true,true
8286.0183,true,true
8181.6433,true,true
8180.8011,true,true
8220.3361,true,false
8180.8754,true,true
8196.8509,true,true
8218.7956,true,false
8200.8665,true,true
8253.1403,true,true
8279.4342,true,true
8252.9653,true,true
8333.5343,true,false
8224.1978,true,true
8203.9754,true,true
8171.2463,true,true
8229.7066,true,true
8256.7029,true,true
8179.3502,true,true
8178.8710,true,true
8176.6588,true,true
8250.3726,true,true
8258.8641,true,true
8271.5441,true,false
8350.2956,true,true
8144.1605,true,true
8321.8011,true,true
8244.0464,true,false
8576.3932,true,true
8282.0124,true,true
8329.3586,true,true
8166.4427,true,true
8191.6778,true,true
8185.9993,true,true
8175.5083,true,true
8256.7588,true,true
8268.5453,true,true
8231.6743,true,true
8170.6855,true,true
8292.7791,true,true
8215.0098,true,true
8271.0807,true,true
8171.7746,true,true
8364.0349,true,false
8386.7421,true,false
8193.6181,true,true
8240.0848,true,true
8198.4129,true,true
8321.7473,true,false
8284.2034,true,true
8209.4601,true,true
8309.7368,true,false
8237.9005,true,true
8206.6768,true,true
8203.8137,true,true
8233.1698,true,true
8329.6381,true,true
8275.0689,true,true
8791.3482,true,true
8064.8064,true,true
8273.5694,true,true
8317.3644,true,true
8302.5287,true,false
8328.8764,true,false
8291.4114,true,true
8068.0883,true,true
8347.4952,true,true
8277.0070,true,true
8783.4335,true,true
8355.4146,true,true
8086.7954,true,true
8085.6117,true,true
8345.2678,true,true
8204.9272,true,true
8314.7688,true,true
8113.1195,true,true
8112.8110,true,false
8103.4955,true,true
8103.0851,true,true
8197.9650,true,false
8267.5412,true,true
8239.0516,true,true
8144.5006,true,true
8206.6232,true,true
8194.1104,true,true
8196.1862,true,true
7975.4225,true,true
7980.2307,true,true
8068.2556,true,true
8225.1692,true,true
7988.6440,true,true
7979.8848,true,true
7988.0826,true,true
8266.5885,true,false
8254.9562,true,true
8289.7343,true,false
8092.7683,true,true
7992.8747,true,true
7962.8156,true,true
8300.8014,true,true
8312.8735,true,true
8294.6352,true,true
8288.8296,true,true
7984.7007,true,true
7975.9957,true,true
8293.1877,true,true
8049.5441,true,true
8072.1473,true,false
8332.5726,true,true
8008.8356,true,true
8073.0713,true,true
8064.7022,true,true
8639.7757,true,true
8060.8301,true,true
8011.1788,true,true
8040.1266,true,true
8026.2349,true,true
8091.9946,true,false
8003.1397,true,true
8415.5638,true,true
8094.4413,true,true
8111.6447,true,true
8422.3920,true,true
8059.9168,true,true
8075.2696,true,true
8037.4555,true,true
7903.9064,true,true
7915.9671,true,true
7910.2827,true,true
7973.2712,true,true
8177.1363,true,true
8073.1802,true,true
8010.8755,true,true
8107.7250,true,true
8056.3566,true,true
8115.7725,true,true
8111.1508,true,true
8077.1516,true,true
8137.7816,true,true
8120.8846,true,true
8129.7367,true,true
8178.4927,true,false
8088.2033,true,true
8175.7027,true,true
8280.9935,true,false
8164.6765,true,true
8122.8052,true,true
8164.3176,true,true
8214.3469,true,true
8118.1650,true,true
8167.0285,true,true
8122.5602,true,true
8133.3872,true,true
8178.6174,true,true
8138.7927,true,true
8240.6331,true,true
8279.1230,true,true
8261.6113,true,true
8269.0423,true,false
8256.7335,true,true
8237.5345,true,true
8318.9410,true,false
8242.8497,true,true
8226.5330,true,true
8224.4863,true,true
8294.0828,true,true
8240.6205,true,true
8385.3752,true,true
8247.2220,true,true
8239.2465,true,true
8239.7458,true,true
8324.4203,true,true
8365.9377,true,true
8274.0664,true,true
8318.2917,true,false
8358.9429,true,false
8306.4476,true,true
8232.8506,true,true
8279.1038,true,false
8322.6182,true,true
8360.3002,true,false
8273.6149,true,false
8296.9138,true,false
8266.7322,true,true
8344.5192,true,true
8267.6268,true,true
8352.2367,true,true
8266.4794,true,true
8350.6864,true,true
8286.7276,true,true
8332.5042,true,true
8284.5091,true,true
8342.4877,true,true
8247.7601,true,true
8299.8166,true,true
8257.3530,true,true
8329.6133,true,true
8312.8841,true,true
8255.2693,true,true
8326.9500,true,true
8255.5115,true,true
8372.6369,true,true
8259.4572,true,true
8325.0031,true,true
8252.1761,true,true
8243.6372,true,true
8544.5602,true,true
8293.0910,true,true
8242.7957,true,true
8242.3655,true,true
8284.7177,true,true
8316.0064,true,true
8291.8487,true,true
8249.0845,true,true
8469.7381,true,true
8409.2214,true,true
8303.8201,true,true
8250.3048,true,true
8611.2839,true,true
8253.6075,true,true
8386.2899,true,false
8262.6333,true,true
8285.2527,true,true
8226.6178,true,true
8392.2765,true,false
8229.8563,true,true
8370.6007,true,false
8233.6541,true,true
8227.3377,true,true
8391.5055,true,true
8283.7975,true,false
8302.3406,true,true
8231.9415,true,true
8255.1078,true,false
8322.6627,true,true
8621.9705,true,true
8273.2197,true,true
8271.9773,true,true
8255.9343,true,true
8314.9314,true,true
8190.3759,true,true
8202.7528,true,true
8212.6276,true,true
8205.7306,true,true
8204.9209,true,true
8240.7507,true,true
8205.7381,true,true
8375.5457,true,true
8242.6046,true,true
8400.1101,true,true
8459.3626,true,false
8350.8152,true,true
8204.7706,true,true
8243.8403,true,true
8243.0352,true,true
8352.6010,true,true
8262.9823,true,true
8221.0963,true,false
8391.3581,true,true
8206.8941,true,true
8402.0816,true,true
8223.9182,true,true
8349.2456,true,false
8215.2176,true,true
8247.0427,true,true
8265.5433,true,true
8201.3816,true,true
8192.7875,true,true
8191.3268,true,true
8189.1900,true,true
8199.1035,true,true
8190.7126,true,true
8184.3624,true,true
8265.8498,true,true
8188.5166,true,true
8209.2342,true,true
8216.4420,true,true
8268.3677,true,true
8324.6274,true,false
8216.0541,true,true
8250.7806,true,true
8337.4236,true,true
8362.1662,true,true
8621.8899,true,true
8264.0659,true,true
8287.3078,true,true
8641.3649,true,true
8224.1828,true,true
8398.6290,true,true
8220.5052,true,true
8389.2666,true,true
8362.0228,true,true
8494.3369,true,true
8436.6542,true,true
8489.8384,true,true
8407.9528,true,true
8396.1552,true,true
8405.7356,true,true
8546.4453,true,true
8403.2657,true,true
8623.3029,true,false
8436.8349,true,true
8400.5436,true,true
8493.5033,true,true
8966.0012,true,true
8442.8138,true,true
8636.6809,true,true
8521.1083,true,false
8665.1043,true,true
8444.3341,true,true
8514.6941,true,true
8512.1541,true,false
8548.8954,true,true
8541.4806,true,true
8559.9244,true,true
8494.7171,true,true
8548.5420,true,true
8588.3863,true,false
8527.3972,true,true
8492.1195,true,true
8509.2626,true,false
8506.4413,true,true
8558.2304,true,true
8556.0084,true,true
8562.5095,true,true
8743.9424,true,true
8740.0978,true,true
8496.6211,true,true
8603.5529,true,false
8671.0961,true,true
8473.6024,true,true
8470.8187,true,true
8470.3578,true,true
8455.7212,true,true
8502.7112,true,true
8538.2890,true,true
8461.3903,true,true
8449.9828,true,true
8625.4660,true,true
8442.5755,true,true
8534.2168,true,true
8500.6085,true,true
8476.0326,true,true
8442.2908,true,true
8589.4903,true,true
8506.4354,true,true
8576.5577,true,true
8871.5860,true,true
8458.8895,true,false
8629.3582,true,false
8457.5847,true,true
8461.2360,true,true
8497.5202,true,true
8467.4755,true,true
8485.7396,true,true
8540.9597,true,true
8494.4098,true,true
8653.8526,true,true
8503.6539,true,true
8474.4846,true,true
8541.9313,true,false
8676.2750,true,false
8466.0867,true,true
8450.4782,true,true
8619.2657,true,true
8608.6112,true,true
8581.2621,true,true
8571.5042,true,true
8653.6806,true,true
8676.2734,true,true
8648.5291,true,true
8889.6145,true,true
8694.7245,true,false
8679.6146,true,true
8672.4972,true,false
8498.0835,true,true
8538.3474,true,true
8749.2258,true,true
8530.9143,true,true
8735.9079,true,true
8532.4924,true,true
8536.2932,true,true
8634.5466,true,true
8520.1005,true,true
8509.8325,true,true
8507.8661,true,true
8480.8422,true,true
8689.4794,true,true
8524.1520,true,true
8471.8686,true,true
8558.8682,true,false
8634.5808,true,false
8712.5874,true,false
8381.3706,true,true
8609.3869,true,true
8516.0114,true,true
8541.4771,true,true
8363.6632,true,true
8583.6194,true,true
8540.1579,true,true
8379.7756,true,true
8400.9894,true,true
8369.2618,true,true
8552.9519,true,true
8372.5057,true,true
8365.5523,true,true
8854.2992,true,true
8416.4036,true,true
8404.1965,true,true
8452.3864,true,false
8380.7169,true,true
8375.8926,true,true
8683.6222,true,true
8454.5947,true,true
8424.3307,true,true
8682.7612,true,true
8404.8388,true,true
8424.5022,true,true
8348.6988,true,true
8735.9495,true,true
8425.2837,true,true
8350.1406,true,true
8554.1762,true,true
8983.6314,true,true
8349.0604,true,true
8518.4466,true,false
8350.1725,true,true
8451.1712,true,false
8357.4829,true,true
8489.2437,true,true
8385.1448,true,false
8409.3905,true,true
8482.0295,true,false
8522.0933,true,false
8401.8965,true,true
8360.3838,true,true
8473.4067,true,false
8369.1620,true,true
8368.9441,true,true
8367.6712,true,true
8436.9034,true,true
8393.5930,true,true
8369.6941,true,true
8501.0029,true,true
8626.0472,true,true
8362.0274,true,true
8360.7876,true,true
8444.1317,true,true
8349.4632,true,true
8358.2244,true,true
8479.9764,true,false
8417.8944,true,true
8425.5412,true,true
8398.0055,true,false
8373.3494,true,true
8400.0685,true,true
8501.8872,true,false
8657.2705,true,true
8389.1797,true,true
8475.3740,true,false
8441.1922,true,false
8386.2337,true,true
8406.0053,true,true
8513.4916,true,true
8431.6357,true,false
8304.4482,true,true
8269.0309,true,true
8268.0351,true,true
8267.8071,true,true
8288.1717,true,true
8292.2441,true,true
8502.9227,true,true
8653.1477,true,true
8456.5293,true,true
8450.3301,true,true
8464.8865,true,false
8499.9918,true,true
8494.0810,true,true
8319.9503,true,true
8337.6496,true,true
8546.5752,true,false
8393.8629,true,true
8493.6134,true,true
8506.1821,true,true
8504.6128,true,true
8351.5327,true,false
8483.6126,true,true
8378.3208,true,true
8395.7632,true,true
8420.3134,true,true
8411.4042,true,true
8425.2269,true,true
8522.5206,true,false
8462.1826,true,true
8506.1390,true,true
8503.1171,true,true
8492.2547,true,true
8489.3076,true,true
8555.4272,true,true
8491.3845,true,true
8471.2770,true,true
8556.2623,true,true
8576.7097,true,true
8471.9572,true,true
8575.6357,true,false
8565.7460,true,true
8487.1194,true,true
8537.6355,true,true
8533.3020,true,true
8488.2524,true,true
8483.1946,true,true
8480.7494,true,true
8485.6909,true,true
8509.8094,true,false
8472.2352,true,true
8620.2486,true,false
8505.0366,true,false
8527.6175,true,true
8580.8406,true,false
8540.3585,true,false
8482.0684,true,true
8484.5975,true,true
8564.4877,true,true
8487.6667,true,true
8520.0690,true,true
8487.2030,true,true
8584.0425,true,true
8482.8686,true,true
8478.8987,true,true
8522.6306,true,false
8519.2776,true,false
8531.1076,true,true
8573.9351,true,true
8506.1384,true,true
9014.1554,true,true
8566.0277,true,true
8669.4712,true,true
8644.4793,true,true
8537.5064,true,true
8762.6304,true,true
8770.4208,true,true
8579.1341,true,true
8613.5135,true,true
8541.8202,true,true
8618.3256,true,false
8581.7402,true,true
8581.1527,true,true
8563.4699,true,true
8596.4636,true,true
8600.9648,true,true
8549.1500,true,true
8578.7988,true,true
8731.2354,true,true
8605.2617,true,false
8609.7488,true,false
8626.7847,true,true
8622.2409,true,false
8555.4618,true,true
8493.2441,true,true
8468.2982,true,true
8593.2621,true,true
8470.1654,true,true
8570.1959,true,false
8666.7303,true,false
8454.9838,true,true
8453.6739,true,true
8454.6726,true,true
8453.1469,true,true
8650.9496,true,false
8657.4571,true,false
8469.1248,true,true
8502.3896,true,true
8491.8891,true,true
8666.9042,true,true
8494.3379,true,true
8512.4841,true,true
8485.3319,true,true
8698.6425,true,false
8506.4931,true,true
8907.3812,true,true
8674.7697,true,true
8840.1003,true,true
8481.3757,true,true
8593.9584,true,true
8742.2357,true,true
8532.3202,true,true
8556.5309,true,true
8566.6666,true,true
8632.6201,true,true
8553.4414,true,true
8565.8958,true,true
8563.7245,true,true
8562.1636,true,true
8566.3524,true,true
8596.8048,true,true
8563.8954,true,true
8650.4305,true,false
8619.0036,true,true
8594.3438,true,true
8590.4704,true,true
8541.5035,true,true
8529.9497,true,true
8680.8218,true,true
8665.3542,true,true
8456.0410,true,true
8641.9202,true,true
8668.4408,true,true
8639.5659,true,true
8400.1202,true,true
8420.3741,true,true
8475.2023,true,true
8400.8485,true,true
8629.2546,true,false
8394.8596,true,true
8637.0038,true,true
8404.9274,true,true
8446.6158,true,true
8416.9284,true,true
8434.5394,true,false
8394.1689,true,true
8406.9761,true,true
8404.2589,true,true
8402.5603,true,true
8446.5084,true,true
8464.3323,true,true
8717.3266,true,true
8477.3727,true,true
8790.9550,true,true
8459.4321,true,true
8769.7584,true,true
8419.2727,true,true
8419.8382,true,true
8423.2095,true,true
8451.4938,true,true
8485.4213,true,true
8489.7734,true,true
8428.5835,true,true
8422.9733,true,true
8426.4657,true,true
8803.9608,true,true
8474.8656,true,true
8463.0581,true,true
8400.6293,true,true
8401.5243,true,true
8466.3777,true,true
8411.5262,true,true
8468.1836,true,true
9042.3978,true,true
8411.1138,true,true
8392.5106,true,true
8352.6966,true,true
8355.8562,true,true
8567.3909,true,true
8508.4157,true,false
8334.5203,true,true
8304.3859,true,true
8303.7460,true,true
8507.8467,true,true
8463.6455,true,true
8328.9459,true,false
8316.0829,true,true
8313.3517,true,true
8312.1490,true,true
8476.8980,true,false
8345.1386,true,true
8321.3859,true,true
8496.5192,true,false
8349.5206,true,true
8332.4736,true,true
8354.8773,true,true
8328.9722,true,true
8525.4333,true,true
8381.8684,true,true
8378.3539,true,true
8577.8839,true,true
9040.1744,true,true
8279.9628,true,true
8935.5527,true,true
8389.2295,true,true
8284.4697,true,true
8425.0112,true,false
8444.2860,true,false
8415.3807,true,true
8598.1493,true,true
8422.2484,true,true
9296.0949,true,true
8317.2973,true,true
8420.3838,true,true
8296.9884,true,true
8348.6212,true,true
8341.1159,true,true
8424.3335,true,false
8472.3212,true,false
8363.1251,true,true
8524.2959,true,true
8317.1542,true,true
8357.8958,true,true
8387.8681,true,true
8320.0251,true,true
8367.3770,true,true
8350.3155,true,true
8544.6369,true,false
8369.6960,true,true
8539.2804,true,true
8355.1100,true,true
8380.2407,true,true
8520.6546,true,false
8319.9564,true,true
8330.2529,true,true
8605.1557,true,true
8377.2680,true,true
8400.8521,true,true
8541.7443,true,true
8370.8430,true,true
8309.9786,true,true
8412.4541,true,false
8376.9741,true,true
8383.9532,true,true
8332.9104,true,true
8464.9998,true,false
8313.6515,true,true
8312.8620,true,true
8417.1260,true,false
8332.4964,true,true
8414.7775,true,true
8428.1328,true,true
8347.9460,true,true
8415.6026,true,true
8988.9479,true,true
8340.9763,true,true
8462.1537,true,true
8765.6836,true,true
8340.8414,true,true
8436.5533,true,false
8333.8260,true,true
8321.1272,true,true
8320.6224,true,true
8484.1754,true,false
8312.3343,true,true
8441.1235,true,true
8430.1971,true,true
8407.1238,true,true
8365.4797,true,true
8461.4808,true,true
8478.6300,true,true
8442.1340,true,true
8314.2555,true,true
8311.2060,true,true
8305.6403,true,true
8342.0180,true,true
8390.5830,true,true
8298.1797,true,true
8361.3915,true,true
8686.9587,true,true
8431.9739,true,true
8348.5442,true,true
8333.7110,true,true
8464.9135,true,true
8471.5733,true,false
8522.5387,true,true
8528.6340,true,true
8544.4662,true,false
8448.1281,true,true
8445.4169,true,true
8495.2505,true,false
8690.8450,true,false
8464.6156,true,true
8395.0658,true,true
8542.6809,true,true
8596.7723,true,true
8384.0450,true,true
8382.7457,true,true
8494.6779,true,true
8691.9795,true,true
8350.3625,true,true
8492.4280,true,true
8489.8853,true,true
8344.6629,true,true
8342.1016,true,true
8346.3840,true,true
8336.3491,true,true
8575.5917,true,true
8440.0999,true,true
8341.1063,true,true
8555.5346,true,true
8291.7672,true,true
8410.1074,true,true
8298.8125,true,true
8548.9458,true,true
8398.3235,true,true
8308.3747,true,true
8393.8569,true,true
8306.4977,true,true
8670.1807,true,true
8305.5883,true,true
8648.5015,true,true
8658.1882,true,true
8275.9270,true,true
8282.8406,true,true
8419.2428,true,true
8292.3170,true,true
8262.5729,true,true
8363.7864,true,true
8342.4082,true,true
8458.3558,true,false
8268.2314,true,true
8265.8552,true,true
8266.0800,true,true
8429.6820,true,true
8379.2745,true,false
8289.3524,true,false
8268.7252,true,true
8264.3780,true,true
8269.6095,true,true
8270.1618,true,true
8318.6875,true,true
8277.0052,true,true
8274.7178,true,true
8312.0575,true,false
8407.0926,true,false
8335.3826,true,false
8260.3750,true,true
8312.1628,true,true
8338.1313,true,false
8358.1388,true,true
8355.1030,true,true
8266.0871,true,true
8434.5346,true,true
8270.9499,true,true
8330.5802,true,true
8359.1053,true,true
8318.9977,true,true
8368.9670,true,true
8409.7167,true,false
8224.5080,true,true
8364.5744,true,true
8329.2299,true,true
8474.2440,true,true
8231.0023,true,true
8234.7621,true,true
8349.6087,true,true
8236.7875,true,true
8224.8555,true,true
8452.5715,true,false
8241.0037,true,true
8269.8240,true,true
8241.1179,true,true
8424.0178,true,false
8318.5374,true,true
8275.3117,true,true
8323.4707,true,true
8312.5903,true,true
8392.7029,true,true
8522.8476,true,true
8366.7508,true,true
8259.8802,true,true
8259.9578,true,true
8341.4678,true,true
8325.9088,true,true
8260.8736,true,true
8294.0143,true,false
8744.0352,true,true
8296.4290,true,false
8278.7394,true,true
8454.5220,true,true
8298.9149,true,true
8280.4919,true,true
8400.6072,true,true
8286.0076,true,true
8282.1002,true,true
8308.9622,true,true
8355.9881,true,true
8308.9933,true,true
8333.5055,true,true
8308.9196,true,true
8329.2068,true,true
8309.3564,true,true
8400.2156,true,true
8407.7541,true,true
8423.6520,true,false
8312.9258,true,true
8354.0446,true,true
8447.8899,true,true
8384.3217,true,true
8381.6033,true,true
8399.4493,true,true
8383.8252,true,true
8352.7077,true,true
8306.5150,true,true
8300.4853,true,true
8357.5029,true,false
8401.0760,true,false
8305.6533,true,true
8311.1106,true,true
8352.6922,true,false
8310.4886,true,true
8352.9212,true,true
8326.8595,true,true
8319.2103,true,true
8299.4098,true,true
8447.1494,true,true
8510.5909,true,true
8532.4162,true,true
8463.8777,true,true
8467.4737,true,true
8473.7578,true,true
8551.2601,true,false
8592.3763,true,false
8533.2834,true,false
8561.4329,true,true
8415.4717,true,true
8581.3698,true,true
8499.4758,true,true
8634.9543,true,true
8494.5783,true,true
8483.1823,true,true
8410.0187,true,true
8442.3641,true,true
8577.1285,true,true
8871.6599,true,true
8429.3477,true,true
8432.3013,true,true
8473.0358,true,true
8430.6199,true,true
8439.0119,true,true
8509.6764,true,true
8476.9995,true,true
8483.2967,true,true
8437.6286,true,true
8476.3400,true,true
8482.8718,true,true
8516.5260,true,true
8423.4886,true,true
8490.8927,true,false
8498.4618,true,true
8606.6612,true,true
8707.2809,true,true
8609.3270,true,true
8468.9700,true,true
8852.7825,true,true
8428.1591,true,true
8755.9940,true,false
8441.1478,true,true
8437.7647,true,true
8411.5174,true,true
8588.9251,true,true
8435.4722,true,true
8412.6033,true,true
8503.5018,true,true
8462.9310,true,true
8549.2037,true,true
8424.6268,true,true
8504.9343,true,true
8518.0647,true,true
8570.5666,true,true
8497.0079,true,true
8481.5798,true,true
8453.2573,true,true
8547.9105,true,true
8522.9362,true,true
8590.9993,true,false
8476.8494,true,true
8470.7303,true,true
8467.5642,true,true
8549.4697,true,true
8785.2661,true,true
8495.1935,true,true
9067.6657,true,true
8545.7430,true,true
8881.2966,true,true
8525.1067,true,true
8530.1217,true,true
8586.7080,true,false
8603.0505,true,false
8506.4966,true,true
8503.9119,true,true
8520.0665,true,true
8499.7463,true,true
8519.7256,true,false
8552.9843,true,true
8945.6679,true,true
8600.3528,true,false
8619.7637,true,true
8615.6014,true,true
8596.8520,true,true
8606.2876,true,true
8600.2281,true,true
8592.9645,true,true
8462.0912,true,true
8428.0981,true,true
8619.5053,true,true
8613.8798,true,false
8406.1386,true,true
8677.5149,true,true
8671.9173,true,true
8609.9143,true,true
8400.7308,true,true
8659.6167,true,true
8631.0429,true,true
8601.2278,true,true
8397.3136,true,true
8532.6220,true,true
8785.7821,true,false
8730.5550,true,true
8767.6878,true,true
8530.3936,true,true
8552.0653,true,true
8562.6096,true,true
8437.0651,true,true
8504.6357,true,true
8457.8001,true,true
8464.0767,true,true
8483.2107,true,true
8502.2153,true,true
8488.4121,true,true
8460.3734,true,true
8454.6714,true,true
8487.5166,true,true
8451.9437,true,true
8515.1968,true,true
8682.6922,true,true
8502.8925,true,true
8461.9137,true,true
8646.7389,true,true
8551.1706,true,false
8515.6970,true,true
8488.0364,true,true
8563.2517,true,false
8517.3079,true,true
8461.7687,true,true
8474.6712,true,true
8479.7697,true,true
8713.1567,true,true
8460.0381,true,true
8457.0416,true,true
8507.5719,true,true
8498.2575,true,true
8456.8347,true,true
8467.0286,true,true
8567.5199,true,false
8550.4851,true,true
8469.7696,true,true
8466.2336,true,true
8526.1265,true,false
8494.0748,true,true
8475.4984,true,true
8459.9644,true,true
8426.7399,true,true
9032.2297,true,true
8430.6765,true,true
8531.6139,true,true
8502.3957,true,true
8496.6802,true,true
8405.4606,true,true
8352.5220,true,true
8562.9537,true,false
8350.5384,true,true
8361.1515,true,true
8344.4460,true,true
8814.7445,true,true
8585.2650,true,false
8344.0356,true,true
8647.8509,true,true
8515.5319,true,true
8521.9505,true,false
8512.4656,true,true
8519.8254,true,true
8516.9696,true,true
8565.1889,true,true
8510.0447,true,true
8545.0063,true,true
8552.9411,true,true
8519.6267,true,true
8591.1004,true,true
8443.9838,true,true
8585.5754,true,true
8583.6813,true,true
8583.4565,true,true
8418.2903,true,true
8643.5253,true,false
8593.5879,true,true
8576.0441,true,true
8489.6474,true,false
8408.9997,true,true
8477.1698,true,true
8420.0848,true,true
8417.4874,true,true
8478.2001,true,true
8654.7479,true,false
8736.3645,true,true
8428.9643,true,true
8902.1052,true,true
8429.8749,true,true
8461.6209,true,true
8644.7329,true,true
8427.7797,true,true
8426.8041,true,true
8487.8814,true,false
8424.4696,true,true
8457.6719,true,true
8438.1999,true,true
8705.1280,true,true
8423.3592,true,true
8647.0060,true,false
8404.9801,true,true
8538.2573,true,true
8401.3654,true,true
8525.9153,true,false
8416.6626,true,true
8414.1195,true,true
8559.1477,true,true
8529.5424,true,false
8449.6812,true,true
8494.3544,true,true
8484.4093,true,true
8571.6944,true,false
8454.9009,true,true
8471.6866,true,true
8520.9474,true,true
8651.4248,true,true
8542.3829,true,true
8506.5505,true,false
8540.1022,true,false
8639.2634,true,true
8556.3718,true,true
8536.3893,true,true
8462.7519,true,true
8460.1765,true,true
8529.7770,true,true
8607.3177,true,true
8459.7447,true,true
8462.7943,true,true
8464.0753,true,true
8527.8517,true,true
8537.7946,true,true
8558.6368,true,true
8574.8607,true,false
8533.4488,true,true
8461.9268,true,true
8597.8535,true,true
8529.1550,true,true
8635.9987,true,true
8499.7934,true,true
8522.2479,true,true
8792.9766,true,true
8501.5310,true,true
8645.7248,true,true
8492.7547,true,true
8484.7551,true,true
8556.1595,true,true
8671.5438,true,false
8554.5584,true,true
8605.9595,true,true
8516.5869,true,true
8606.6713,true,true
8511.8076,true,true
8514.9690,true,true
8561.3514,true,true
8514.9538,true,true
8512.0456,true,true
8587.1531,true,true
8571.2950,true,true
9270.0144,true,true
8567.8601,true,true
8606.3695,true,true
8721.2795,true,true
8519.9147,true,true
8601.3657,true,false
8511.3000,true,true
8613.8081,true,false
8835.9892,true,true
8505.4666,true,true
8584.1680,true,false
8669.6101,true,true
8520.7552,true,true
8515.9429,true,true
8530.2220,true,true
8564.9227,true,true
8562.0267,true,true
8525.0620,true,true
8586.9329,true,true
8578.1708,true,false
8593.1640,true,true
8565.2799,true,true
8534.2241,true,true
8537.9065,true,true
8531.9631,true,true
8567.9072,true,true
8554.1620,true,true
8583.2256,true,false
8609.4319,true,true
8567.7617,true,true
8482.9615,true,true
8500.5224,true,true
8481.1284,true,true
8648.2581,true,false
8485.8979,true,true
8656.3221,true,true
8628.6758,true,true
8467.7274,true,true
8461.9309,true,true
8468.2566,true,true
8461.4983,true,true
8460.1813,true,true
8629.8936,true,true
8534.8767,true,true
8588.1304,true,true
8471.1968,true,true
8554.5978,true,true
8508.5878,true,true
8485.6574,true,true
8534.7380,true,true
8632.8216,true,true
8549.0520,true,true
8525.8471,true,true
8541.6294,true,true
8584.3387,true,true
8543.6588,true,true
8669.5366,true,false
8563.8901,true,false
8877.7471,true,true
8571.2806,true,false
8606.3846,true,true
8657.1211,true,false
8566.2964,true,true
8643.3714,true,true
8556.9734,true,true
8591.1215,true,true
8589.1820,true,true
8625.2329,true,true
8564.2915,true,true
8621.8825,true,true
8609.1941,true,true
8631.8072,true,false
8628.0683,true,false
8570.7953,true,true
8852.7945,true,true
8577.8294,true,true
8629.6545,true,true
8579.1220,true,true
8545.0928,true,true
8607.9236,true,true
8559.8553,true,true
8554.9871,true,true
8522.1760,true,true
8514.6506,true,true
8533.1189,true,true
8529.3885,true,true
8636.9598,true,true
8687.9352,true,true
8535.1187,true,true
8558.2173,true,true
9406.8568,true,true
8521.7292,true,true
8517.2505,true,true
8520.9789,true,true
8524.3163,true,true
8521.5887,true,true
8623.1514,true,true
8516.8436,true,true
8511.8275,true,true
8601.3066,true,true
8703.4696,true,true
8535.2232,true,true
8671.1558,true,false
8520.1712,true,true
8473.6408,true,true
8456.6911,true,true
8569.2931,true,true
8561.0173,true,false
8638.9654,true,true
8681.6089,true,false
8636.1341,true,true
8484.1672,true,false
8440.8740,true,true
8436.2139,true,true
8425.2263,true,true
8744.6963,true,true
8970.1554,true,true
8719.6379,true,true
8427.5101,true,true
8559.3062,true,false
8608.9930,true,false
8474.4341,true,true
8486.1467,true,true
8216.7221,true,true
8498.0828,true,true
8434.9954,true,true
8605.0197,true,true
8374.2056,true,true
8465.3888,true,true
8324.1761,true,true
8466.0509,true,false
8275.9575,true,true
9223.4204,true,true
8568.6424,true,true
8476.0222,true,true
8517.2979,true,true
8279.8931,true,true
8274.2862,true,true
8613.3282,true,false
8280.0521,true,true
8298.9068,true,true
8493.7777,true,true
8294.2966,true,true
8522.4804,true,true
8526.7897,true,true
8262.7730,true,true
8266.9947,true,true
8256.5248,true,true
8255.0715,true,true
9059.4249,true,true
8259.2354,true,true
8266.3232,true,true
8261.6789,true,true
8467.4961,true,true
8287.9933,true,false
8789.3157,true,true
8282.8922,true,true
8406.5624,true,true
8418.4202,true,true
8402.3617,true,true
8411.7993,true,true
8977.4592,true,true
8483.7093,true,true
8454.4730,true,true
8800.0210,true,true
8439.0211,true,true
8409.0800,true,true
8489.5202,true,false
8556.2287,true,false
8484.5257,true,true
8514.8238,true,false
8559.8211,true,true
8469.3684,true,true
8582.0930,true,false
8471.2256,true,true
8580.0667,true,true
8525.2862,true,true
8470.5144,true,true
8465.8107,true,true
8413.6060,true,true
8449.0635,true,true
8448.6188,true,true
8437.7649,true,true
8411.1866,true,true
8490.1835,true,true
8534.2756,true,false
8402.9959,true,true
8517.1959,true,true
8395.8234,true,true
8438.8157,true,false
8494.3803,true,false
8624.0073,true,true
8434.5248,true,true
8515.9406,true,false
8437.4592,true,true
8440.6823,true,true
8382.9075,true,true
8441.1428,true,true
8373.1061,true,true
8395.4622,true,true
8438.6332,true,true
8389.7073,true,true
8510.4334,true,true
8528.7967,true,false
8430.7385,true,true
8425.2364,true,true
8438.7119,true,true
8442.1877,true,true
8387.4357,true,true
8689.1850,true,true
8361.9156,true,true
8617.7592,true,true
8437.4057,true,true
8383.6773,true,false
8377.6626,true,true
8404.8425,true,true
8444.8878,true,true
8446.8971,true,false
8398.2478,true,true
8328.0852,true,true
8301.6111,true,true
8286.0268,true,true
8285.7134,true,true
8282.9530,true,true
8362.3201,true,true
8421.0088,true,false
8283.9124,true,true
8518.8632,true,true
8356.9083,true,true
8298.6740,true,true
8304.8085,true,true
8317.7110,true,true
8450.3611,true,true
8300.5711,true,true
8472.5205,true,false
8633.0115,true,true
8510.6147,true,false
8294.5032,true,true
8292.7827,true,true
8283.7562,true,true
8330.7671,true,true
8359.8488,true,true
8284.4001,true,true
8340.4304,true,true
8361.2111,true,false
8375.5785,true,true
8292.4749,true,true
8840.4240,true,true
8321.3529,true,true
8308.0284,true,true
8318.5841,true,true
8256.2015,true,true
8831.1711,true,true
8378.5562,true,false
8281.5867,true,true
8358.2019,true,false
8294.8017,true,true
8489.9145,true,true
8302.4146,true,true
8369.4283,true,true
8358.4759,true,true
8322.3017,true,true
8273.3004,true,true
8352.1084,true,true
8336.5675,true,false
8455.1377,true,false
8863.9606,true,true
8374.1643,true,false
8344.8034,true,true
8158.6996,true,true
8402.2262,true,false
8388.4557,true,true
8180.6682,true,true
9007.5187,true,true
8148.4133,true,true
8145.1867,true,true
8135.3643,true,true
8361.5807,true,true
8242.3308,true,true
8132.9965,true,true
8103.1778,true,true
8425.6257,true,false
8482.8593,true,true
8165.2953,true,false
8407.4349,true,false
8160.6154,true,true
8311.9486,true,false
8424.6654,true,false
8088.9388,true,true
8100.2139,true,true
8076.0257,true,true
8193.4021,true,true
8297.8169,true,true
8073.0245,true,true
8187.4672,true,false
8005.1873,true,true
8124.7829,true,true
8167.5214,true,false
8004.3702,true,true
8188.0803,true,true
8064.5896,true,true
8207.1155,true,true
8025.4594,true,false
7973.9509,true,true
7978.5809,true,true
8108.6245,true,true
7997.2914,true,true
8049.8021,true,true
8047.4734,true,true
8113.5529,true,true
8053.4487,true,true
8101.1327,true,true
8094.0897,true,true
8099.2420,true,true
8287.7894,true,true
8656.8114,true,true
8176.0805,true,true
8071.2270,true,true
8359.1076,true,true
8197.3869,true,false
8095.0454,true,true
8143.7542,true,true
8153.7805,true,true
8192.8790,true,true
8482.4325,true,true
8218.8028,true,false
8082.1531,true,true
8078.6728,true,true
8213.0689,true,true
8062.2752,true,true
8112.5769,true,true
8120.7351,true,true
8078.0247,true,true
8748.1378,true,true
8076.5091,true,true
8210.9195,true,false
8167.6323,true,false
8151.9370,true,true
8075.5900,true,true
8096.1288,true,false
8075.3912,true,true
8075.0529,true,true
8092.2054,true,true
8081.5626,true,true
8129.8087,true,false
8341.2459,true,true
8103.6966,true,true
8134.1463,true,true
8248.3083,true,true
8201.5932,true,false
8101.7376,true,true
8155.6680,true,true
8108.1957,true,true
8105.4993,true,true
8223.1123,true,true
8171.1030,true,true
8191.5783,true,true
8115.6545,true,true
8160.9982,true,true
8095.1344,true,true
8119.4802,true,true
8092.5192,true,true
8155.2619,true,true
8096.9792,true,true
8186.6044,true,false
8130.7037,true,true
8254.7709,true,true
8229.8986,true,true
8158.9353,true,false
8205.8127,true,true
8093.9196,true,true
8158.7619,true,true
8146.0596,true,true
8088.5250,true,true
8209.5732,true,true
8094.4486,true,true
8142.9400,true,true
8148.2149,true,false
8042.4258,true,true
8014.4723,true,true
8010.0255,true,true
8251.1806,true,true
8148.2994,true,false
8037.9860,true,true
8090.4902,true,true
8046.5414,true,true
8216.6770,true,false
8074.7227,true,true
8053.7392,true,true
8068.2941,true,true
8094.3557,true,true
8225.3332,true,false
8238.3421,true,true
8200.1137,true,true
8098.6126,true,true
8116.0453,true,true
8095.6404,true,true
8115.1380,true,true
8109.0052,true,true
8112.1494,true,true
8301.1781,true,false
8174.3658,true,false
8289.2822,true,false
8098.7450,true,true
8292.6263,true,false
8097.4889,true,true
8093.4710,true,true
8140.1177,true,true
8317.5278,true,false
8183.1728,true,true
8160.9390,true,false
8118.4528,true,true
8118.8108,true,true
8191.8136,true,false
8160.5111,true,true
8158.9201,true,true
8157.4844,true,true
8116.8001,true,true
8119.7394,true,true
8188.8090,true,true
8040.1208,true,true
8202.7682,true,true
8187.6258,true,true
8059.8624,true,true
8028.8780,true,true
8103.9099,true,true
8150.5835,true,false
8167.3156,true,true
7915.1708,true,true
9272.1029,true,true
8203.3973,true,true
7884.0912,true,true
8188.7339,true,true
7884.3264,true,true
8255.5993,true,true
7887.5945,true,true
8195.3319,true,true
7871.7447,true,true
7851.8885,true,true
7788.8763,true,true
8211.8171,true,true
8219.9981,true,true
7794.0676,true,true
7958.4798,true,true
7946.4594,true,true
7800.6322,true,true
7807.2659,true,true
7804.5257,true,true
7803.3691,true,true
7960.7286,true,false
7928.9478,true,true
8164.4220,true,true
7920.6741,true,true
7774.5920,true,true
7834.3934,true,true
7969.5284,true,true
7817.7685,true,true
8006.3729,true,false
7857.9310,true,true
8193.0510,true,false
7789.0047,true,true
7983.6097,true,false
7847.2597,true,true
7886.8358,true,true
7924.9830,true,true
7898.8156,true,true
8685.5960,true,true
8083.0145,true,true
8055.2015,true,true
8104.7478,true,false
8158.6641,true,false
8050.8263,true,true
8047.7990,true,true
8043.8767,true,true
8012.8748,true,true
8075.0414,true,true
8080.3059,true,true
8109.7695,true,true
8046.9385,true,false
8089.6798,true,true
8785.5347,true,true
8064.7673,true,true
8033.3883,true,false
8014.4141,true,true
8012.4434,true,true
8126.9494,true,true
8045.1992,true,true
8001.8379,true,true
8124.7026,true,true
8112.9208,true,true
8745.8954,true,true
7976.3309,true,true
7984.9263,true,true
7978.9594,true,true
7983.8609,true,true
7965.8793,true,true
7970.5450,true,true
7934.7911,true,true
8080.8990,true,false
8093.5093,true,false
8034.2271,true,false
8077.4201,true,true
7848.4513,true,true
7857.4758,true,true
7847.1199,true,true
7884.7232,true,true
7830.8470,true,true
8170.6166,true,false
7879.9503,true,false
7833.6186,true,true
8020.9890,true,true
8112.7136,true,false
7909.9595,true,true
8816.0976,true,true
8072.8561,true,false
7903.4900,true,true
7865.1749,true,true
7940.3771,true,true
7872.1893,true,true
7869.2806,true,true
8106.5552,true,true
7902.6526,true,true
8132.4097,true,false
7902.5805,true,true
8296.8425,true,false
7897.2081,true,true
7949.0229,true,true
8231.0234,true,true
8127.9952,true,false
7892.2318,true,true
7899.3154,true,true
7903.8420,true,true
7950.9900,true,true
7903.8146,true,true
7886.9555,true,true
7990.5186,true,false
7885.5676,true,true
7982.1096,true,false
7919.1483,true,true
7998.1121,true,false
7969.5350,true,true
7976.6509,true,true
7868.7973,true,true
7965.1437,true,true
7862.1281,true,true
7860.0279,true,true
7903.8321,true,true
7888.9313,true,false
7848.8913,true,true
7856.7817,true,true
7877.0157,true,false
7902.2524,true,true
7870.7973,true,true
7866.9573,true,true
7907.8351,true,true
7859.0019,true,true
8044.7004,true,true
7919.4103,true,true
7859.1234,true,true
7851.7790,true,true
8519.9885,true,true
8027.8939,true,false
8108.1383,true,true
7958.3087,true,true
7923.1545,true,true
7941.5102,true,true
8281.0970,true,true
7975.3417,true,true
8164.8786,true,true
8245.6100,true,true
7942.8851,true,true
7959.2376,true,true
7944.2908,true,true
8011.1667,true,true
8011.6064,true,true
7979.0428,true,true
7945.8223,true,true
8052.7581,true,true
7971.8963,true,true
7924.3561,true,true
7985.7395,true,true
7933.0121,true,true
8047.4757,true,true
7956.5998,true,true
7992.4338,true,true
7955.2571,true,true
7930.8104,true,true
8013.0969,true,true
8119.9320,true,true
7972.0496,true,true
7993.3517,true,false
7926.2945,true,true
7930.5475,true,true
7927.0961,true,true
7924.5331,true,true
7971.9611,true,true
7967.9145,true,false
7937.1051,true,true
8012.6121,true,true
7963.7922,true,true
8011.1669,true,true
8002.6995,true,false
7945.7237,true,true
7945.1566,true,true
8001.0386,true,true
8183.4218,true,true
7942.8244,true,true
8007.3959,true,true
7922.2169,true,true
8025.5281,true,false
7982.3035,true,true
8047.4571,true,false
8039.4401,true,false
7914.8975,true,true
7921.1981,true,true
7917.7148,true,true
8035.3085,true,true
8226.9656,true,true
8088.8755,true,true
8170.0238,true,true
8109.3779,true,true
8127.4879,true,true
7987.6626,true,true
7963.7763,true,true
7957.8402,true,true
8079.7951,true,true
8117.6071,true,true
7976.2205,true,true
7947.1489,true,true
8216.2706,true,true
8257.9353,true,false
7960.4010,true,true
8058.0337,true,true
8167.5286,true,true
7954.7764,true,true
8137.2526,true,true
7982.0927,true,true
7953.1379,true,true
7947.0471,true,true
7972.5526,true,true
7964.3029,true,true
8179.9754,true,true
7908.0017,true,true
7906.8196,true,true
8002.0463,true,false
7962.4626,true,true
7930.9793,true,true
8393.5384,true,true
7960.0249,true,true
8020.5835,true,true
7927.6003,true,true
7924.5048,true,true
8237.0757,true,true
8027.8005,true,false
7910.3134,true,true
7905.1531,true,true
7863.6030,true,true
7951.9831,true,false
7937.0594,true,true
8008.9710,true,true
7947.8734,true,true
7949.2892,true,true
7949.8153,true,true
7920.8245,true,true
7995.9622,true,true
8022.2841,true,false
8414.4239,true,true
8036.5666,true,true
8334.2807,true,true
7872.6933,true,true
8050.3238,true,false
8047.2714,true,true
8087.9502,true,true
7885.7967,true,true
7875.1035,true,true
7950.4675,true,true
7879.3834,true,true
7888.9581,true,true
8026.6593,true,true
8370.0423,true,true
8000.0156,true,true
7888.7425,true,true
7899.2671,true,true
7896.5620,true,true
7889.6258,true,true
7889.5721,true,true
8060.2142,true,true
7920.3657,true,true
7925.0530,true,true
8073.0635,true,true
8436.2963,true,true
8011.7562,true,false
7901.0868,true,true
7888.6570,true,true
7905.7229,true,true
7889.9979,true,true
7889.4654,true,true
8040.8250,true,false
7897.7173,true,true
7992.5036,true,false
7970.3075,true,true
7930.9794,true,true
7902.8880,true,true
7889.7255,true,true
7969.2922,true,true
7901.0993,true,true
7939.2539,true,true
8000.0377,true,true
7922.6263,true,true
8063.3462,true,false
7935.2348,true,true
8239.5684,true,false
7975.1679,true,true
7931.4964,true,true
8240.6476,true,true
7939.6678,true,true
8880.1986,true,true
8043.3264,true,true
8065.1970,true,true
8063.2367,true,true
8054.2237,true,true
8063.9913,true,true
7966.0879,true,true
7913.8239,true,true
7911.8943,true,true
7916.7789,true,true
8038.4549,true,true
7915.4452,true,true
7915.7215,true,true
8068.9662,true,true
7916.6207,true,true
7977.0766,true,true
8068.5917,true,false
7939.1479,true,true
7924.2062,true,true
8025.7149,true,true
7941.1074,true,false
8103.9727,true,false
8144.5723,true,true
8175.2402,true,true
8026.1623,true,false
7939.9928,true,true
8013.3044,true,true
7942.1548,true,true
7985.2822,true,true
7932.1580,true,true
7926.3370,true,true
7962.4121,true,true
7927.7005,true,true
7923.9283,true,true
7903.6982,true,true
7907.9667,true,true
8009.2398,true,false
7901.7292,true,true
7979.1570,true,true
7901.5270,true,true
7997.6494,true,true
7910.4070,true,true
7962.7974,true,false
7909.8718,true,true
7985.3557,true,true
8151.5366,true,true
7974.1340,true,false
7908.5999,true,true
7928.4323,true,true
8349.2004,true,true
7902.5769,true,true
7940.2041,true,false
7898.5400,true,true
8006.5689,true,false
7990.9899,true,true
7882.3907,true,true
7935.5418,true,true
7881.0628,true,true
7887.5589,true,true
7960.2909,true,false
7891.8524,true,true
8110.7435,true,true
7892.8997,true,true
8912.6613,true,true
7893.8349,true,true
7947.8399,true,true
7877.5252,true,true
7890.5048,true,true
7873.6170,true,true
7879.8030,true,true
7876.3361,true,true
7967.4600,true,false
7875.3625,true,true
7871.4535,true,true
7870.7728,true,true
7933.6239,true,true
7939.3455,true,true
7875.7290,true,true
7953.6393,true,false
7973.1951,true,true
7880.7561,true,true
7882.5788,true,true
7898.7790,true,true
7988.9084,true,false
7909.8279,true,true
8401.0677,true,true
7948.6584,true,true
7937.5910,true,true
7930.2859,true,true
8035.9865,true,true
7934.9556,true,true
8048.1361,true,true
8443.8305,true,true
7921.1647,true,true
8035.9354,true,true
8092.8136,true,false
8082.1857,true,true
8087.7337,true,false
8030.1597,true,true
8082.6334,true,true
8009.3830,true,false
8075.7930,true,true
7947.1927,true,true
7932.0505,true,true
8016.8706,true,true
8088.0597,true,false
7986.2887,true,true
8078.4223,true,true
7941.3790,true,true
7999.9487,true,true
7930.8596,true,true
7926.7224,true,true
7993.6676,true,true
7986.7435,true,true
7962.3382,true,false
7901.4575,true,true
7894.2995,true,true
8040.8516,true,false
8147.1837,true,true
8025.3773,true,true
7944.2076,true,false
7954.2795,true,false
8486.1103,true,true
7916.2546,true,true
8055.9955,true,true
7965.3274,true,true
7928.1863,true,true
7946.2803,true,true
7931.4776,true,true
8053.2410,true,true
8087.7198,true,true
7956.6107,true,true
7936.4732,true,true
8068.9783,true,false
8010.2629,true,true
7937.3164,true,true
7980.3828,true,true
7942.5163,true,true
7942.4697,true,true
7977.0755,true,true
7946.1455,true,true
8068.4144,true,true
7974.7370,true,true
7966.2971,true,true
8016.4678,true,true
7945.6502,true,true
7930.3931,true,true
7944.6524,true,true
7942.7994,true,true
8261.7323,true,true
7920.8170,true,true
7895.6890,true,true
7849.9267,true,true
7849.9801,true,true
7988.6398,true,true
7846.7675,true,true
7842.7368,true,true
7839.0834,true,true
7952.2929,true,true
7835.1753,true,true
8059.1820,true,false
8372.0959,true,true
7863.6583,true,false
7898.0792,true,false
7854.4845,true,true
7865.7627,true,true
7872.4415,true,true
7985.2383,true,true
8038.7560,true,true
8191.5381,true,true
8206.5715,true,true
8071.8312,true,true
8059.7672,true,true
8011.1068,true,true
8102.1931,true,true
8096.2423,true,true
8084.0713,true,true
8163.4653,true,false
8102.8919,true,true
7881.3271,true,true
8173.5254,true,false
8169.3872,true,true
7951.1420,true,true
8154.5582,true,true
7882.8819,true,true
7888.0601,true,true
7894.4964,true,true
8029.0683,true,true
7888.3602,true,true
7913.5676,true,true
8126.1376,true,true
7873.1797,true,true
7906.4099,true,true
8223.0990,true,true
8005.1584,true,true
7915.2306,true,false
8093.3877,true,true
8155.9214,true,true
7927.3483,true,false
7920.8789,true,true
7917.9233,true,true
7885.7186,true,true
8150.0665,true,true
7890.9847,true,true
7887.1908,true,true
7886.0706,true,true
7918.8555,true,true
7897.5619,true,true
8093.3758,true,false
7918.4635,true,false
7857.4536,true,true
7857.3056,true,true
7908.4482,true,true
7874.1874,true,true
7878.0057,true,true
7874.6893,true,true
7965.8608,true,true
7888.9593,true,true
7890.1887,true,true
7892.2709,true,true
7999.1403,true,true
7883.8735,true,true
7912.3642,true,true
7883.0040,true,true
7889.4624,true,true
8007.9663,true,false
7882.1449,true,true
7967.2202,true,true
7887.9973,true,true
7976.4578,true,true
7990.8843,true,true
8031.1434,true,true
7977.5572,true,true
7907.4321,true,true
7971.5575,true,true
7887.8611,true,true
7876.1700,true,true
7873.1187,true,true
7953.8059,true,true
7952.2791,true,true
7881.0042,true,true
7984.7647,true,true
7923.2988,true,false
7999.2666,true,false
7886.9307,true,true
7916.6548,true,false
7976.6762,true,false
7882.2997,true,true
7924.0398,true,true
7882.1659,true,true
8084.3019,true,true
7979.0134,true,true
7862.1181,true,true
7933.3650,true,true
7863.5042,true,true
7878.8454,true,true
7915.5468,true,true
7917.9001,true,true
7874.2371,true,true
7875.0297,true,true
7862.5840,true,true
7840.0693,true,true
7841.1039,true,true
7920.1962,true,true
8046.9999,true,true
7850.0890,true,true
7854.4868,true,true
8011.2187,true,true
7926.8778,true,true
8079.8154,true,true
7838.3689,true,true
7829.6619,true,true
7833.1834,true,true
8014.4649,true,false
7957.6730,true,true
7830.7481,true,true
7962.0651,true,true
7831.2618,true,true
7830.1240,true,true
7937.0802,true,true
7831.1028,true,true
7823.1912,true,true
7985.9345,true,false
7864.3911,true,true
8074.7734,true,true
7825.0557,true,true
7815.7933,true,true
7814.2377,true,true
7783.2519,true,true
7892.8647,true,true
7915.4270,true,true
7900.7808,true,true
7799.8475,true,true
7800.3659,true,true
7899.5939,true,true
7811.8093,true,true
7833.7169,true,true
7810.0509,true,true
7871.0619,true,false
7906.8234,true,false
7878.9317,true,true
7930.2514,true,true
7803.6288,true,true
7810.0322,true,true
7839.2771,true,true
7908.5361,true,true
7810.2668,true,true
8061.4544,true,true
7877.6736,true,true
7827.8385,true,true
7849.7142,true,true
7856.0631,true,true
7822.1018,true,true
7826.8771,true,true
7779.8991,true,true
7622.6409,true,true
7884.5936,true,true
7882.7843,true,false
7911.2669,true,true
8355.6377,true,true
7871.5500,true,true
7877.8933,true,true
7859.2426,true,true
7829.0441,true,true
7922.1209,true,true
7638.0857,true,true
7911.3139,true,false
7970.3557,true,true
7659.4249,true,false
7631.7056,true,true
8801.1044,true,true
7677.1699,true,true
7674.7571,true,true
7640.1763,true,true
7920.8978,true,false
8810.2391,true,false
7682.2418,true,true
7851.7190,true,false
7894.8514,true,true
7648.4907,true,true
7652.0386,true,true
7677.0834,true,true
7656.2186,true,true
7631.7380,true,true
7627.7625,true,true
7719.9156,true,false
7613.8331,true,true
7610.2484,true,true
8346.3711,true,true
7695.4345,true,true
7703.4045,true,true
7625.3370,true,true
8297.7689,true,true
7728.6734,true,true
7632.5599,true,true
7639.2475,true,true
7757.3780,true,true
7667.7705,true,true
7724.4975,true,true
7655.9582,true,true
7714.2512,true,true
7659.0460,true,true
8092.2444,true,true
7692.0437,true,true
8567.9800,true,true
7653.2827,true,true
7750.2234,true,true
7729.4186,true,true
7655.8575,true,true
7679.1995,true,true
7786.5424,true,true
7803.8930,true,false
7781.4526,true,false
7814.8434,true,true
7756.4114,true,false
7710.4535,true,true
7770.1174,true,true
7773.8050,true,true
7846.3245,true,true
7725.5332,true,true
7867.7507,true,false
7741.2173,true,true
7851.6789,true,true
7779.7240,true,true
7994.9954,true,true
7748.7742,true,false
7774.6988,true,true
7746.0965,true,true
7745.8816,true,true
7841.2777,true,false
7776.1460,true,true
7745.8083,true,true
7711.1492,true,true
7749.5355,true,true
7946.3700,true,true
7884.2128,true,true
7816.0889,true,true
7935.5205,true,true
7954.9248,true,true
7900.1458,true,true
7908.9310,true,true
7906.4262,true,true
8000.6308,true,true
7818.0050,true,true
7852.4104,true,true
7816.1090,true,true
8061.6490,true,false
7934.9723,true,true
7946.6238,true,true
8088.9811,true,true
7810.4856,true,true
7882.8483,true,true
7989.3055,true,true
7987.5634,true,false
7865.6125,true,true
8239.0546,true,true
8092.4331,true,false
7872.2538,true,true
7850.9589,true,true
7798.5671,true,true
7958.5678,true,true
7851.5421,true,true
8190.4819,true,false
8078.8067,true,true
8106.9493,true,true
7949.4495,true,true
7959.5442,true,true
7971.2749,true,true
7942.0987,true,true
8231.2575,true,true
8042.3495,true,true
8132.3073,true,false
7862.1156,true,true
7873.4682,true,true
7879.7586,true,true
8149.0503,true,true
7997.7336,true,true
8217.5804,true,false
8384.6252,true,true
7993.8408,true,true
7914.8112,true,true
7927.4069,true,true
7907.0474,true,true
8067.3303,true,false
7911.6609,true,true
7949.9228,true,true
7893.8790,true,true
8354.3359,true,true
7908.5909,true,true
7915.6537,true,true
7962.6775,true,false
7974.1594,true,true
7993.1848,true,true
7924.5690,true,true
7933.6539,true,true
8240.1374,true,true
7957.2647,true,true
7926.1099,true,true
8251.4922,true,true
8011.5648,true,true
7924.9663,true,true
7947.0037,true,true
7954.5421,true,true
7955.8439,true,true
7945.8792,true,true
8112.4509,true,false
8025.9015,true,true
8031.9865,true,true
8036.8008,true,true
8059.7751,true,true
8066.0413,true,true
8035.8995,true,true
8028.3196,true,true
8032.5506,true,true
8044.3311,true,true
8165.1605,true,false
8032.4905,true,true
8096.7675,true,true
8133.4769,true,false
8068.3734,true,true
8130.9072,true,true
8142.2689,true,true
8124.3108,true,true
8101.7685,true,true
8100.5651,true,true
7885.5852,true,true
7961.8606,true,true
7886.3946,true,true
7881.5834,true,true
7881.7760,true,true
7881.9679,true,true
7896.3177,true,true
8163.8960,true,true
8150.7858,true,true
8017.8611,true,true
8105.9487,true,true
7883.9311,true,true
7991.3950,true,true
7884.5707,true,true
8166.5640,true,false
7889.3947,true,true
8140.2228,true,true
7874.9177,true,true
8599.2424,true,true
8164.4520,true,false
7914.9284,true,true
8356.9490,true,true
7922.7483,true,true
8035.7442,true,true
8010.7706,true,true
7946.2545,true,true
7970.5513,true,true
7975.8788,true,true
8026.3990,true,true
7982.3038,true,true
8093.3613,true,true
7987.3320,true,true
8046.7285,true,true
8059.6614,true,true
7993.5540,true,true
8095.9197,true,true
8044.3123,true,true
7991.7844,true,true
8031.1751,true,true
8091.1028,true,true
7996.2991,true,true
8051.9460,true,true
7993.1910,true,true
8050.0253,true,true
7990.9971,true,true
7985.1788,true,true
8529.1243,true,true
7995.6131,true,true
8033.1716,true,false
7961.5807,true,true
8032.8408,true,false
8546.4522,true,true
8085.2177,true,true
8033.6292,true,true
7994.3585,true,true
7922.3069,true,true
7912.9383,true,true
8047.2561,true,true
8099.7082,true,false
8089.6931,true,true
8066.3188,true,true
8118.1186,true,true
8065.1899,true,true
8091.1995,true,true
8066.4512,true,true
8042.3542,true,true
8023.9827,true,true
8183.4464,true,true
8127.6338,true,true
8042.0157,true,true
8152.6878,true,true
8061.7050,true,true
8047.0399,true,true
8383.8657,true,true
8290.9661,true,true
8129.6829,true,true
8159.9261,true,true
8239.6114,true,true
8132.7119,true,true
8261.8072,true,true
8063.3455,true,true
8266.2023,true,true
8069.5535,true,true
8078.8648,true,true
8075.5005,true,true
8080.4508,true,true
8109.0968,true,true
8218.5361,true,false
8099.8850,true,true
8190.1751,true,true
8074.6543,true,true
8066.9329,true,true
8080.5503,true,true
8263.5385,true,true
8238.0736,true,false
8146.8000,true,true
8223.5810,true,true
8122.0123,true,true
8169.6229,true,true
8185.6160,true,true
8170.9486,true,true
8168.4327,true,true
8171.7263,true,true
8268.1304,true,false
8158.8637,true,true
8157.0312,true,true
8407.5785,true,true
8152.2151,true,true
8151.9515,true,true
8233.1778,true,true
8148.2482,true,true
8311.4185,true,true
8305.7276,true,true
8314.5664,true,false
9356.7910,true,true
8278.7747,true,true
8346.3271,true,true
8260.9410,true,true
8606.3465,true,true
8258.0019,true,true
8248.8898,true,true
8337.3630,true,true
8371.4810,true,true
8268.3995,true,true
8372.2461,true,true
8272.0731,true,true
8322.6796,true,true
8270.1546,true,true
8370.5227,true,true
8268.4699,true,true
8272.8123,true,true
8351.4758,true,true
8364.7990,true,false
8265.5057,true,true
8265.1824,true,true
8334.5018,true,true
8265.6472,true,true
8406.2918,true,true
8363.6672,true,true
8271.2974,true,true
8397.6914,true,true
8380.3802,true,true
8557.9930,true,true
8297.9279,true,false
8395.1538,true,true
8288.7509,true,true
8256.0013,true,true
8232.5156,true,true
8332.5801,true,true
8302.8976,true,true
8318.5907,true,true
8197.0509,true,true
8730.2161,true,true
8252.2403,true,true
8416.0131,true,true
8506.6527,true,false
8302.4816,true,true
8358.6339,true,true
8306.6165,true,true
8298.9039,true,true
8293.2111,true,true
8431.9445,true,true
8465.6221,true,false
8292.2438,true,true
8468.4336,true,true
8300.3819,true,true
8299.3719,true,true
8331.1069,true,true
8296.3981,true,true
8380.4436,true,true
8344.4065,true,true
8519.4802,true,true
8305.9470,true,true
8309.4275,true,true
8315.8396,true,true
8443.4443,true,true
8346.0127,true,true
8358.2427,true,false
8348.2465,true,true
8355.6355,true,false
8306.3788,true,true
8391.1867,true,true
8378.7187,true,true
8397.5243,true,false
8339.1760,true,true
8309.4022,true,true
8347.7655,true,false
8344.8213,true,false
8330.0815,true,false
8329.7162,true,false
8724.3216,true,true
8331.2319,true,true
8735.8618,true,true
8416.1347,true,true
8324.3567,true,true
8352.5275,true,true
8351.1239,true,true
8392.2705,true,true
8321.9694,true,true
8331.8482,true,true
8382.2839,true,true
8458.2852,true,true
8309.6791,true,true
8301.2211,true,true
8317.2380,true,true
8320.5249,true,true
8426.8561,true,true
8305.0144,true,true
8479.1915,true,true
8355.1211,true,true
8395.7270,true,true
8440.8677,true,true
8373.3728,true,true
8411.5847,true,true
8343.4134,true,false
8338.3424,true,true
8354.2723,true,true
8305.9827,true,true
8302.9553,true,true
8496.3669,true,false
8418.3902,true,true
8378.0072,true,true
8418.7354,true,true
8406.4491,true,false
8369.1570,true,true
8473.2712,true,false
8376.5566,true,true
8390.1026,true,true
8438.1655,true,true
8423.2859,true,true
8422.6070,true,true
8382.0451,true,true
8381.0333,true,true
8444.0156,true,true
8521.0341,true,false
8413.0437,true,true
8406.2758,true,true
8503.6693,true,false
8480.5756,true,true
8499.4714,true,true
8446.7077,true,false
8395.4863,true,true
8397.2519,true,true
8394.7480,true,true
8425.1660,true,true
8437.6971,true,true
8497.6262,true,false
8466.7985,true,true
8504.9965,true,false
8416.5244,true,true
8420.1508,true,true
8439.0762,true,true
8630.2270,true,true
8458.8942,true,true
8492.3622,true,true
8332.1599,true,true
8277.6335,true,true
8446.1925,true,true
8461.6917,true,true
8209.0586,true,true
8206.3576,true,true
8210.0971,true,true
8577.4150,true,true
8502.6335,true,false
8481.3779,true,true
8555.0829,true,true
8514.1153,true,false
8215.1645,true,true
8220.1363,true,true
9227.6972,true,true
8215.3041,true,true
8180.6833,true,true
8249.8532,true,false
8264.1170,true,false
8277.5854,true,true
8515.3540,true,false
8530.3389,true,false
8193.5504,true,true
8460.1017,true,true
8200.8097,true,true
8198.3456,true,true
8216.2806,true,true
8284.3161,true,false
8327.7052,true,true
8196.5692,true,true
8297.8861,true,false
8195.1079,true,true
8231.1649,true,true
8221.9175,true,true
8731.9196,true,true
8340.5739,true,true
8202.0358,true,true
8777.0173,true,true
8226.3569,true,true
8355.6690,true,false
8209.5042,true,true
8306.9164,true,false
8211.0902,true,true
8306.5791,true,true
8369.0107,true,false
8334.6617,true,false
8308.0026,true,true
8296.7448,true,true
8374.2906,true,true
8483.6781,true,true
8296.2582,true,true
8265.9897,true,true
8422.3783,true,true
8282.8433,true,true
8289.7241,true,true
8277.7187,true,true
8419.2138,true,true
8281.9789,true,false
8271.3634,true,true
8382.6059,true,true
8268.8604,true,true
8397.7256,true,false
8304.2033,true,false
8293.2656,true,true
8362.3616,true,true
8276.5898,true,true
8385.7318,true,true
8279.7873,true,true
8269.7635,true,true
8273.5325,true,true
8274.0662,true,true
8253.1251,true,true
8260.4414,true,true
8247.7154,true,true
8240.0774,true,true
8237.6664,true,true
8235.4607,true,true
8245.1886,true,true
8302.0897,true,false
8334.9986,true,true
8347.8416,true,true
8304.4366,true,true
8410.1050,true,false
8290.3604,true,true
8311.3119,true,true
8441.5129,true,true
8333.0812,true,true
8309.9398,true,true
8542.0089,true,true
8306.0604,true,true
8329.9613,true,false
8324.7629,true,true
8359.3028,true,false
8378.5997,true,true
8374.0991,true,true
8272.1986,true,true
8459.7037,true,true
8359.8720,true,true
8271.5089,true,true
8383.5343,true,true
8369.9977,true,false
8407.3007,true,true
8495.4643,true,true
8382.9636,true,true
8343.7269,true,true
8603.8237,true,true
8289.3660,true,true
8295.5519,true,true
8417.6012,true,false
8324.9926,true,true
8322.1228,true,false
8267.7758,true,true
8717.9837,true,true
8284.5326,true,true
8348.0871,true,true
8351.8132,true,true
8369.6683,true,true
8311.2674,true,true
8353.1876,true,true
8315.0584,true,true
8437.9954,true,false
8326.1545,true,true
8310.9124,true,true
8439.4580,true,false
8331.5788,true,true
8307.0017,true,true
8388.7972,true,true
8354.3002,true,true
8496.9126,true,true
8306.7528,true,true
8586.5228,true,true
8342.0404,true,true
8318.2954,true,true
8401.0404,true,true
8320.9398,true,true
8433.3770,true,false
8341.8707,true,false
8316.2303,true,true
8405.0960,true,true
8369.5890,true,true
8510.5265,true,true
8425.8638,true,false
8494.9565,true,true
8432.4480,true,true
8448.3221,true,true
8438.2828,true,true
8447.7934,true,true
8433.4938,true,true
8409.0533,true,true
8492.8877,true,true
8433.4690,true,true
8321.0672,true,true
8324.4141,true,true
8472.3124,true,true
8446.4556,true,true
8549.0765,true,false
8523.1737,true,true
8469.3977,true,true
8322.6241,true,true
8503.9778,true,false
8318.2068,true,true
8311.4421,true,true
8302.5663,true,true
8308.6805,true,true
8456.2295,true,true
8375.3517,true,true
8882.1553,true,true
8473.8542,true,true
8569.3836,true,true
8791.2980,true,true
8582.3211,true,true
8590.7364,true,true
8584.6050,true,true
8563.1230,true,true
8761.0007,true,true
8568.7107,true,true
8679.2799,true,true
8633.6547,true,true
8614.6330,true,true
8604.6274,true,true
8573.6647,true,true
9121.1755,true,true
8662.9173,true,true
8572.9836,true,true
8609.3433,true,true
8609.8261,true,true
8577.1668,true,true
8571.8705,true,true
8566.7903,true,true
8551.7286,true,true
8543.8875,true,true
8597.3815,true,true
8543.9555,true,true
8720.6764,true,true
8657.5021,true,true
8546.5195,true,true
8653.4826,true,false
8746.5987,true,true
8671.6444,true,false
8553.5148,true,true
8561.7488,true,true
8596.6789,true,true
8593.8521,true,true
8649.2526,true,true
8554.5399,true,true
8737.2301,true,true
8594.4074,true,true
8686.4560,true,true
8613.4514,true,true
8705.5222,true,false
8595.8609,true,true
8649.1570,true,true
8606.5640,true,true
8668.2541,true,true
8629.3380,true,true
8672.2159,true,true
8740.5711,true,true
8697.6311,true,true
8655.4737,true,true
8652.0380,true,true
8794.6439,true,false
8777.5519,true,true
8831.7536,true,true
8870.8098,true,true
8905.0312,true,true
8864.4246,true,true
8872.3469,true,true
8843.4014,true,true
8797.4267,true,true
8788.5106,true,true
8901.0419,true,true
8782.7345,true,true
8930.7664,true,true
8934.6128,true,true
8898.1677,true,true
8833.2016,true,true
8891.2957,true,true
8880.7168,true,true
8849.4065,true,true
8844.4873,true,true
8908.0348,true,true
8803.0953,true,true
8847.2955,true,true
8769.6381,true,true
8766.7518,true,true
8762.3560,true,true
8911.3978,true,true
8773.2275,true,true
8843.1196,true,true
8851.0522,true,true
8780.1649,true,true
8819.0660,true,false
8797.3433,true,true
8783.3266,true,true
8774.7904,true,true
8799.0477,true,true
8756.1668,true,true
8815.7726,true,true
8848.5117,true,true
8861.0028,true,true
8837.1863,true,true
8851.6737,true,false
8931.8549,true,false
8770.0927,true,true
8786.9750,true,false
8826.4280,true,true
8776.8285,true,true
8980.0109,true,true
8769.8527,true,true
8759.8418,true,true
8760.0334,true,true
9278.5108,true,true
8884.7655,true,true
8885.9064,true,true
8753.2074,true,true
8751.0717,true,true
8929.6350,true,false
8792.0911,true,true
8788.9963,true,false
8770.4291,true,true
8759.9214,true,true
8825.3906,true,true
8771.1103,true,false
8737.6453,true,true
8744.8225,true,true
8847.6746,true,true
8794.4546,true,true
8779.5301,true,false
8905.5264,true,true
8890.5136,true,true
8912.0682,true,true
8939.1067,true,true
8970.5654,true,true
9001.9433,true,false
8990.1377,true,true
8912.2715,true,false
8956.1893,true,true
9427.0201,true,true
9095.3542,true,true
9098.7724,true,true
8932.6176,true,true
8827.1119,true,true
8919.8494,true,true
8935.7019,true,true
8977.9926,true,true
8977.2375,true,true
8804.5257,true,true
8968.2853,true,false
9032.1060,true,true
8941.4062,true,true
8683.3475,true,true
8804.7862,true,true
8671.5876,true,true
8999.2187,true,false
8838.5298,true,true
9028.2005,true,true
9900.0821,true,false
8978.2864,true,true
8674.1419,true,true
9004.6450,true,true
8673.9073,true,true
8675.2607,true,true
9009.2689,true,true
8700.3552,true,true
9038.2565,true,false
8763.4695,true,true
8726.7095,true,true
8748.3235,true,true
8720.5380,true,true
8740.1308,true,true
9059.2672,true,true
8728.0278,true,true
8746.8924,true,true
8805.5444,true,false
8759.3230,true,true
8781.2233,true,false
8753.1059,true,true
8804.9816,true,true
8837.0856,true,true
8858.3459,true,true
8825.3512,true,true
8822.0222,true,true
8804.0361,true,true
8892.1262,true,true
8833.4124,true,true
8869.7798,true,true
8921.3554,true,false
8816.3252,true,true
8910.6342,true,false
8845.4311,true,true
8796.3562,true,true
8809.6743,true,true
8824.0578,true,true
8880.6969,true,true
8864.5143,true,true
8800.5746,true,true
8796.7606,true,true
8868.5662,true,true
8757.5770,true,true
8755.5373,true,true
9290.8647,true,true
8845.3777,true,true
8801.9203,true,false
8762.7792,true,true
8802.3246,true,true
8904.0192,true,true
8888.8620,true,true
8769.6107,true,true
8768.3479,true,true
8773.3637,true,true
8873.7124,true,true
8771.7429,true,true
8781.3410,true,true
8958.5178,true,true
8761.3810,true,true
8802.3635,true,true
8824.2820,true,true
8819.3526,true,true
8912.8714,true,false
8726.5235,true,true
9393.1517,true,true
8753.8779,true,false
8732.6459,true,true
8728.9005,true,true
8885.5199,true,false
8834.3414,true,true
8768.2235,true,true
8742.6237,true,true
8739.7375,true,true
8737.9647,true,true
8736.4515,true,true
8734.2706,true,true
8731.9813,true,true
8731.1823,true,true
8713.6437,true,true
8808.8618,true,false
8869.1489,true,false
8904.1945,true,true
8711.2974,true,true
8721.1199,true,true
8807.5092,true,true
8775.3309,true,true
8716.4068,true,true
8879.7176,true,true
8767.8653,true,true
8821.2712,true,false
8767.9473,true,true
8751.3635,true,true
8810.9923,true,false
8734.7423,true,true
8696.5970,true,true
8850.2752,true,true
8806.4436,true,true
8739.3462,true,true
8946.6420,true,false
8744.0464,true,true
8759.7618,true,true
8757.8080,true,true
8742.1998,true,true
8798.1185,true,true
8987.7099,true,true
8725.4420,true,true
8722.4165,true,true
9033.7181,true,true
8803.0833,true,true
8759.1751,true,true
8959.0315,true,true
8913.8205,true,true
8828.1533,true,true
8825.3631,true,true
8866.2378,true,false
8751.1597,true,true
8764.3519,true,true
8866.4824,true,false
8824.8418,true,true
9006.8365,true,true
8814.8745,true,true
8809.4913,true,true
8770.6431,true,true
8774.7834,true,true
8843.5449,true,true
8899.2181,true,true
8927.9980,true,true
8868.6755,true,false
8897.7938,true,true
8857.7544,true,false
8841.1198,true,false
8802.1531,true,true
8799.9200,true,true
8831.7051,true,true
8860.1192,true,true
8829.8027,true,true
8819.5755,true,true
8801.2319,true,true
8932.7822,true,true
8942.2353,true,true
8815.0083,true,true
8823.0058,true,true
8803.8524,true,true
8801.8489,true,true
8891.6310,true,true
8690.8501,true,true
8643.4285,true,true
8651.6305,true,true
8867.2958,true,true
8855.1064,true,true
8923.7659,true,false
8625.7009,true,true
8917.8367,true,false
8601.2012,true,true
8595.4392,true,true
8779.4307,true,true
8613.4031,true,true
8644.5517,true,true
8688.9724,true,false
8623.1275,true,true
8704.1724,true,true
8683.7342,true,false
8621.3404,true,true
8619.0741,true,true
8942.2526,true,true
8615.5395,true,true
8882.6092,true,true
8956.2418,true,true
8651.7321,true,true
8702.1140,true,true
9672.1349,true,true
8620.1959,true,true
8628.7499,true,true
9023.0212,true,true
8614.5342,true,true
9221.1703,true,true
8650.9311,true,true
8724.4774,true,false
8776.3422,true,false
8616.9894,true,true
8620.1456,true,true
8648.6732,true,true
8692.1179,true,false
8685.3728,true,true
8579.6337,true,true
8627.1469,true,true
8608.3266,true,true
8714.0269,true,true
8699.8353,true,false
8709.4448,true,true
8628.8364,true,true
8775.9243,true,false
8630.6285,true,true
8668.6720,true,true
8709.3434,true,true
8666.9056,true,true
8651.1009,true,false
8661.4668,true,true
8734.0061,true,true
8625.6212,true,true
8648.8992,true,true
8619.4828,true,true
8672.0968,true,true
8687.7426,true,true
8673.4245,true,true
9126.8521,true,true
8781.2200,true,false
8641.7240,true,true
8654.2065,true,true
8792.6008,true,true
8785.6229,true,false
8651.3980,true,true
8667.9345,true,false
8636.5545,true,true
8649.2978,true,true
8693.3920,true,true
8634.1176,true,true
8662.4847,true,false
8695.2953,true,true
8637.7670,true,true
8743.5707,true,true
8648.8022,true,true
8647.6562,true,true
8720.4058,true,true
8687.8382,true,true
8702.0083,true,true
8682.2643,true,true
8649.1538,true,true
8655.3530,true,true
8640.0922,true,true
8646.4733,true,true
8547.1997,true,true
8751.1751,true,true
8548.2226,true,true
8645.4954,true,true
8734.0182,true,false
8719.0094,true,true
8541.5135,true,true
8789.3861,true,true
8724.1363,true,false
8764.9190,true,false
8575.5523,true,false
8542.0472,true,true
8546.5488,true,true
8545.3481,true,true
8725.8263,true,false
8738.5126,true,false
8758.4637,true,false
8510.2710,true,true
8513.3045,true,true
8608.5785,true,true
8740.9564,true,false
8507.4313,true,true
8769.3343,true,true
8516.4866,true,true
8503.5398,true,true
8606.8864,true,true
8506.9627,true,true
8760.2450,true,false
8553.0876,true,true
8592.0394,true,true
8646.0463,true,true
8535.3375,true,true
8652.4818,true,false
8631.7676,true,true
8568.3058,true,false
8661.2492,true,true
8810.5804,true,true
8533.2338,true,true
8559.1149,true,true
8564.7096,true,true
8543.6428,true,true
8587.3266,true,true
8564.0142,true,true
8605.8288,true,false
8595.2462,true,true
8542.8712,true,true
8548.0773,true,true
8647.4569,true,true
8585.7691,true,true
8562.6255,true,true
8611.2560,true,false
8830.3062,true,false
8630.4085,true,true
8587.6315,true,true
8607.0014,true,true
8619.6267,true,true
8648.4934,true,true
9572.1568,true,true
8689.5789,true,false
8610.7231,true,true
8624.0359,true,false
8608.2845,true,true
8705.3797,true,false
8735.4158,true,true
8646.8442,true,true
8728.3910,true,true
8692.9266,true,true
8691.9769,true,true
8615.5255,true,true
8605.3875,true,true
8609.0335,true,true
8609.5922,true,true
8721.5650,true,false
8651.2210,true,true
8629.7991,true,true
8694.6312,true,true
8728.8508,true,true
8693.0668,true,false
8633.1003,true,true
8631.9841,true,true
8626.7453,true,true
8684.5386,true,false
8828.0496,true,true
8743.3075,true,true
8802.1096,true,true
8805.8122,true,true
8898.4069,true,true
8905.0422,true,false
9039.6497,true,true
8830.3875,true,true
8919.3098,true,true
8897.4508,true,false
8790.6362,true,true
8864.3571,true,true
8884.4985,true,true
8831.5451,true,true
8670.3173,true,true
9593.2162,true,false
8848.1275,true,true
8910.9012,true,true
8730.4531,true,true
8870.1879,true,true
8728.0304,true,true
8732.2781,true,true
8861.7470,true,true
8894.8710,true,true
8889.3489,true,true
8909.1922,true,false
8812.7792,true,true
8729.7736,true,true
8728.3552,true,true
8726.4707,true,true
8713.8485,true,true
8908.0935,true,true
8712.0454,true,true
9009.9082,true,true
8781.1639,true,true
8916.5571,true,true
8807.2815,true,true
8869.8844,true,true
8815.5102,true,true
8829.2264,true,true
8818.9715,true,true
9073.7569,true,true
8836.4899,true,true
8862.3098,true,true
8898.2071,true,true
8902.6558,true,true
8815.2317,true,true
8923.3080,true,true
8880.5154,true,true
8838.3248,true,true
8862.6842,true,true
8884.5863,true,true
8883.2563,true,true
8941.7393,true,true
8987.5454,true,true
8835.1541,true,true
8829.7073,true,true
8980.3981,true,true
8922.5895,true,false
8839.6378,true,true
8833.6129,true,true
8828.3974,true,true
8891.4484,true,true
8835.7402,true,true
8861.2868,true,true
8896.0368,true,true
8924.2476,true,true
8837.2352,true,true
8835.1816,true,true
8933.8290,true,true
8935.3553,true,false
8982.7173,true,false
8923.4904,true,false
9362.7025,true,true
8875.2797,true,true
8872.9582,true,true
8986.6529,true,false
8934.8648,true,true
8928.7181,true,true
8990.1140,true,true
9033.5641,true,true
9077.9782,true,true
9070.4549,true,false
9312.8537,true,true
9066.8311,true,true
9072.0092,true,true
9130.1359,true,true
9069.0513,true,true
9147.9487,true,true
9125.1022,true,false
9324.0025,true,true
9066.6015,true,true
9070.1393,true,true
9158.4550,true,false
9132.0729,true,true
9151.6913,true,false
9491.1573,true,true
9124.5306,true,true
8916.6168,true,true
9069.7244,true,true
9105.7350,true,true
8893.6185,true,true
9093.6452,true,true
8949.9661,true,false
8884.3950,true,true
9166.1339,true,false
9087.6832,true,true
8842.8893,true,true
8880.6804,true,true
9190.1069,true,true
8903.4170,true,true
8840.5968,true,true
9170.3466,true,true
8843.7197,true,true
8847.1605,true,true
8886.0263,true,false
8873.9786,true,true
9245.1782,true,true
8901.1990,true,true
8885.1320,true,true
9011.1264,true,true
8867.8904,true,true
8876.3471,true,true
9296.7807,true,true
8903.4212,true,true
8868.1303,true,true
9006.7995,true,false
8863.1250,true,true
8888.6771,true,false
9021.8860,true,false
9261.7416,true,true
8937.0606,true,true
8873.2220,true,true
8870.4569,true,true
8876.8102,true,true
8875.0127,true,true
8930.5165,true,false
8874.8579,true,true
9009.3040,true,false
8872.3713,true,true
8900.6427,true,true
8896.7145,true,true
8874.5041,true,true
8872.7371,true,true
8889.0549,true,false
8853.4046,true,true
8920.9491,true,true
8854.4512,true,true
8831.1201,true,true
8946.5016,true,false
9033.6489,true,true
8935.4695,true,true
8839.0776,true,true
8958.1851,true,false
8844.0076,true,true
8859.3239,true,true
8843.5587,true,true
8843.3905,true,true
8830.0726,true,true
8920.9820,true,true
8849.8929,true,true
8948.4099,true,true
8894.0212,true,true
8847.5145,true,true
9447.0958,true,true
8843.7819,true,true
8962.7402,true,false
8922.1664,true,true
8928.9818,true,true
8891.5365,true,true
8888.6455,true,true
8872.6541,true,true
8919.3750,true,true
9024.3455,true,true
8869.2992,true,true
9139.5555,true,true
8951.1155,true,true
8885.5130,true,true
8960.6926,true,false
8985.6965,true,true
8923.3701,true,true
9008.0834,true,true
8914.6744,true,false
8894.9088,true,true
8958.1046,true,true
8951.5291,true,true
8905.7233,true,true
8964.6408,true,true
8919.6945,true,true
9043.2517,true,true
8999.2719,true,true
8952.0622,true,true
8967.5158,true,true
9030.5281,true,false
8920.2765,true,true
8949.2014,true,false
8923.6229,true,true
8985.1019,true,true
8925.8298,true,true
9013.8204,true,true
9033.0761,true,true
8926.8712,true,true
