latency_ms,ok,allowed
2.9150,true,false
1.4055,true,true
2.4865,true,true
1.5821,true,true
9.2235,true,true
5.7714,true,true
5.4171,true,true
3.5467,true,false
2.7274,true,true
6.2302,true,true
1.8979,true,true
1.6362,true,true
1.1624,true,true
6.9601,true,true
1.3346,true,true
0.9452,true,true
1.7537,true,true
6.5685,true,true
7.1598,true,false
1.2787,true,true
0.9080,true,true
1.5165,true,true
3.0066,true,true
5.2935,true,true
6.3646,true,true
0.6387,true,true
2.2122,true,true
4.5954,true,false
4.6832,true,true
1.2337,true,true
0.7466,true,true
1.3874,true,false
0.9162,true,true
6.0339,true,true
1.8198,true,true
5.6108,true,false
2.3592,true,true
3.3870,true,true
1.1185,true,true
5.7772,true,false
1.6677,true,true
1.3927,true,true
2.3957,true,false
1.0249,true,true
5.1585,true,true
6.7465,true,true
1.1724,true,true
1.6535,true,true
2.1368,true,true
5.2641,true,false
0.8596,true,true
21.7743,true,true
5.2259,true,false
0.8975,true,true
8.5226,true,true
4.7602,true,false
1.9655,true,true
3.8091,true,true
1.3863,true,false
2.6249,true,true
8.0738,true,true
8.9998,true,true
5.6375,true,true
1.0969,true,true
1.8135,true,true
3.7802,true,false
6.4407,true,true
0.8035,true,true
2.7428,true,true
1.2642,true,true
0.8898,true,true
3.4706,true,true
1.1711,true,true
2.4442,true,true
7.1220,true,true
2.2634,true,true
9.6384,true,true
2.6171,true,false
1.1993,true,true
0.6944,true,true
3.6258,true,true
3.9575,true,true
8.3535,true,true
8.0473,true,true
3.6937,true,true
1.3484,true,false
28.5154,true,true
3.0236,true,true
1.6020,true,true
3.0607,true,false
3.3674,true,true
2.0955,true,true
10.3593,true,true
1.7123,true,true
7.1197,true,true
4.0941,true,false
5.6174,true,false
3.3496,true,false
2.6046,true,false
3.1764,true,false
0.8350,true,true
2.1445,true,true
0.5908,true,true
1.2333,true,true
2.3933,true,true
1.2193,true,true
0.6155,true,true
1.2227,true,true
8.8014,true,true
3.1530,true,true
1.9530,true,true
6.8658,true,true
5.8695,true,true
1.3465,true,true
3.3527,true,true
12.3803,true,true
1.6004,true,true
2.0102,true,true
6.0694,true,false
2.0268,true,true
6.0474,true,false
1.5274,true,true
1.0689,true,true
1.5978,true,true
1.4779,true,true
3.4353,true,true
1.8540,true,true
1.5581,true,true
2.8804,true,true
3.3943,true,true
2.3589,true,true
2.6353,true,true
1.1626,true,true
1.6992,true,true
5.1338,true,true
1.5545,true,true
4.6398,true,true
3.7488,true,true
1.4537,true,true
1.0604,true,true
3.6658,true,false
6.1486,true,true
6.6022,true,true
1.3195,true,true
3.1725,true,true
3.2439,true,true
6.3466,true,true
7.7360,true,false
1.9370,true,true
1.5161,true,true
2.7340,true,true
3.4483,true,true
1.4860,true,true
5.2567,true,true
4.2782,true,false
2.9452,true,true
13.1785,true,true
1.1495,true,true
0.7929,true,true
3.1234,true,true
1.8680,true,true
3.2145,true,true
0.7780,true,true
5.3596,true,true
3.7107,true,true
1.5873,true,true
5.9503,true,true
5.3598,true,true
8.5192,true,true
0.9339,true,true
12.3984,true,true
3.0301,true,true
5.5131,true,false
4.4897,true,false
4.2463,true,true
10.9155,true,false
3.0106,true,true
9.9125,true,false
4.2744,true,false
1.6454,true,true
10.7992,true,true
1.2064,true,true
0.8774,true,true
3.2078,true,true
0.6989,true,true
8.7473,true,false
5.9882,true,true
1.4179,true,true
1.7951,true,true
3.6188,true,true
1.3310,true,false
2.5889,true,true
2.0164,true,true
6.3544,true,true
1.3354,true,true
2.7219,true,true
4.7305,true,false
1.4733,true,true
2.7463,true,true
3.6330,true,false
5.1453,true,true
12.6861,true,true
6.8020,true,true
6.2445,true,true
3.5159,true,true
3.5394,true,false
1.2692,true,true
1.2055,true,true
20.8745,true,true
4.7213,true,true
1.3350,true,true
0.9066,true,true
8.3406,true,true
4.7804,true,false
18.8288,true,true
0.7497,true,true
1.2762,true,true
7.4307,true,true
2.0451,true,true
1.8500,true,true
1.3821,true,true
5.5022,true,false
1.0185,true,true
12.1035,true,true
6.6475,true,true
5.6592,true,true
3.2984,true,false
0.7835,true,true
3.4662,true,true
0.8606,true,true
3.3030,true,true
0.9591,true,true
16.4695,true,true
7.1468,true,true
1.9329,true,true
6.0956,true,true
5.2846,true,true
4.4706,true,true
2.0381,true,true
3.4642,true,true
1.1947,true,true
2.4101,true,true
4.0439,true,true
1.5228,true,true
4.1688,true,false
0.6525,true,true
1.3908,true,true
2.6967,true,true
10.9831,true,true
5.1816,true,true
1.7238,true,true
6.4631,true,true
0.9174,true,true
8.1563,true,false
14.6166,true,true
2.4725,true,true
2.3271,true,true
1.0442,true,true
7.3337,true,true
7.4245,true,true
1.9036,true,true
8.4263,true,true
4.5047,true,false
1.7302,true,true
1.3699,true,true
6.3987,true,true
0.7755,true,true
9.2404,true,false
3.4998,true,true
1.2095,true,true
0.6515,true,true
4.3628,true,false
6.7653,true,true
5.0902,true,true
1.6873,true,true
1.2572,true,true
7.1683,true,false
4.4769,true,true
1.1674,true,true
1.7257,true,true
3.2354,true,true
0.6901,true,true
1.3470,true,true
2.4125,true,true
1.7748,true,true
2.1979,true,true
16.2247,true,true
8.4319,true,true
3.0407,true,true
1.7303,true,true
5.9728,true,false
2.9797,true,true
1.5984,true,true
11.3733,true,true
8.6374,true,true
5.6482,true,false
1.0849,true,true
6.2738,true,false
0.4756,true,true
1.2673,true,true
2.5393,true,true
1.0360,true,true
1.6227,true,true
5.8676,true,true
3.2168,true,true
10.3504,true,true
10.5678,true,true
5.2371,true,false
4.3319,true,true
1.7308,true,true
4.9503,true,true
2.1903,true,true
4.3404,true,false
7.2625,true,true
1.1101,true,true
1.8136,true,true
3.1211,true,true
2.5003,true,true
3.6230,true,true
6.5516,true,false
3.3085,true,true
3.5714,true,true
3.4043,true,true
0.9253,true,true
5.4865,true,true
2.3603,true,true
7.7128,true,true
2.0008,true,true
4.5121,true,true
2.5232,true,false
13.8809,true,true
1.4058,true,true
1.1582,true,true
7.3005,true,false
1.5358,true,true
1.2109,true,true
3.0918,true,false
4.6839,true,false
8.9446,true,true
3.1239,true,true
1.8252,true,true
1.5388,true,true
6.4379,true,true
2.2977,true,true
2.4076,true,true
0.9552,true,true
4.5119,true,false
1.1009,true,true
7.3164,true,true
1.7838,true,true
19.1624,true,true
1.4665,true,true
2.6825,true,true
9.7566,true,true
1.8315,true,true
1.4026,true,true
1.1104,true,true
1.5760,true,true
1.3168,true,true
6.4261,true,true
0.6306,true,true
1.2250,true,true
0.6290,true,true
3.8662,true,true
5.5053,true,true
1.0232,true,true
5.6719,true,true
3.3169,true,false
1.6717,true,true
4.8261,true,true
9.2329,true,true
6.8005,true,false
1.1307,true,true
2.1169,true,true
1.7786,true,true
1.4545,true,true
4.3203,true,false
3.9117,true,false
2.1015,true,true
1.6606,true,true
1.2401,true,true
4.3613,true,false
1.5210,true,true
8.0089,true,true
1.2721,true,true
2.5494,true,true
1.1936,true,true
3.5103,true,true
2.1705,true,false
1.6723,true,true
1.2455,true,true
0.8222,true,true
1.3498,true,true
3.1421,true,false
1.9102,true,true
17.8407,true,true
1.2487,true,true
7.2377,true,true
12.5456,true,true
6.6861,true,false
3.0369,true,true
2.0547,true,true
7.6140,true,true
1.4785,true,true
2.4620,true,true
9.2159,true,false
4.4711,true,true
2.0896,true,true
3.4643,true,false
0.9925,true,true
2.0807,true,true
2.0378,true,true
6.4586,true,false
0.7277,true,true
9.1173,true,true
6.6399,true,false
1.0504,true,true
1.6932,true,true
1.1294,true,true
1.6097,true,true
5.6855,true,true
2.1259,true,true
16.9535,true,true
4.2514,true,false
0.7104,true,true
2.7816,true,true
2.5018,true,true
4.0588,true,false
6.6479,true,true
1.1048,true,true
1.8468,true,true
1.4081,true,true
5.9021,true,true
1.4603,true,true
2.7626,true,true
1.2855,true,true
0.8188,true,true
1.3582,true,true
2.2193,true,true
1.3604,true,true
0.8637,true,true
1.3681,true,true
2.6263,true,true
3.3141,true,false
2.7013,true,false
1.9426,true,true
2.4527,true,true
1.1470,true,true
13.5530,true,true
1.6713,true,true
1.2311,true,true
3.1530,true,false
3.7316,true,true
6.0736,true,true
6.3780,true,false
5.1841,true,true
0.6903,true,true
1.3097,true,true
5.5589,true,true
0.8907,true,true
8.9930,true,true
8.0321,true,true
2.1564,true,true
10.1516,true,false
6.8738,true,false
5.1484,true,true
5.0854,true,true
1.6179,true,true
3.5999,true,true
4.2562,true,true
0.8964,true,true
1.3172,true,true
2.1330,true,true
1.7773,true,true
6.0915,true,true
2.0083,true,true
7.1009,true,false
5.3110,true,true
1.5334,true,true
1.0088,true,true
1.7350,true,true
7.3391,true,true
2.9574,true,false
7.0688,true,false
1.7248,true,true
1.2658,true,true
5.5318,true,true
4.4750,true,true
0.9737,true,true
1.6184,true,true
1.0799,true,true
1.6539,true,true
5.5953,true,false
1.1987,true,true
0.9405,true,true
4.4695,true,true
0.8813,true,true
4.1664,true,true
5.4310,true,false
17.9872,true,true
0.8105,true,true
5.3918,true,true
3.0532,true,true
1.8857,true,true
1.5786,true,true
2.1801,true,true
4.5918,true,true
3.6298,true,true
1.3071,true,true
0.9887,true,true
3.2153,true,true
0.8552,true,true
16.6732,true,true
1.6556,true,true
16.3482,true,true
6.1813,true,true
3.4330,true,false
0.8598,true,true
3.0165,true,true
1.6291,true,true
1.5886,true,true
1.2651,true,true
4.3651,true,false
1.0623,true,true
4.9039,true,false
5.5909,true,false
1.2834,true,true
2.4607,true,true
7.0036,true,false
1.2198,true,true
0.7985,true,true
1.3957,true,true
0.9978,true,true
3.1991,true,true
0.6482,true,true
2.7484,true,true
1.2423,true,true
2.5274,true,true
1.0994,true,true
3.1535,true,true
11.3921,true,false
5.1110,true,false
3.5384,true,true
5.1454,true,true
3.2799,true,true
3.2298,true,true
2.5822,true,false
1.0634,true,true
1.5842,true,true
4.9496,true,true
6.2461,true,true
3.0218,true,true
1.6288,true,true
9.9271,true,false
7.0626,true,true
8.2236,true,true
6.5975,true,true
2.5164,true,true
1.1436,true,true
1.7666,true,true
6.4329,true,true
0.8209,true,true
1.4989,true,true
1.1021,true,true
6.0800,true,true
1.6796,true,true
1.5946,true,true
15.4055,true,true
1.6805,true,true
7.2949,true,false
5.0368,true,false
1.6590,true,true
7.3941,true,true
1.3045,true,true
1.7322,true,true
4.9232,true,false
2.5640,true,false
2.0013,true,true
4.4505,true,false
1.1668,true,true
5.3150,true,true
1.1345,true,true
8.9683,true,true
2.4149,true,false
1.0240,true,true
7.8952,true,true
1.6627,true,true
1.2065,true,true
1.4911,true,true
1.0898,true,true
5.6092,true,true
1.6271,true,true
6.1952,true,false
3.6465,true,true
3.5617,true,false
1.2596,true,true
2.4590,true,true
1.0363,true,true
1.6282,true,true
4.0014,true,false
5.3021,true,false
11.6024,true,true
9.3430,true,true
7.8026,true,true
5.4047,true,false
1.5969,true,true
1.0682,true,true
1.7175,true,true
10.4276,true,true
1.6039,true,true
10.2977,true,true
6.3054,true,true
0.6272,true,true
1.3784,true,true
1.0660,true,true
4.1720,true,true
2.4746,true,true
2.7657,true,true
2.5884,true,true
1.6256,true,true
1.4484,true,true
3.9646,true,true
10.4912,true,true
0.8204,true,true
6.4647,true,true
12.0615,true,true
1.6967,true,true
8.3250,true,true
1.8520,true,true
6.3817,true,true
7.8032,true,true
4.0302,true,true
7.1543,true,true
2.0529,true,true
3.5652,true,true
1.6817,true,true
1.3043,true,true
0.7345,true,true
1.3033,true,true
0.9287,true,true
2.2164,true,true
8.6729,true,true
5.8271,true,false
1.1854,true,true
1.7252,true,true
1.2939,true,true
0.9319,true,true
1.5162,true,true
1.1987,true,true
7.5645,true,true
0.8647,true,true
1.3609,true,true
4.0896,true,true
1.5793,true,false
5.7441,true,true
3.1342,true,true
1.8426,true,true
1.6792,true,true
4.2511,true,true
0.7733,true,true
5.4859,true,true
3.0453,true,true
1.9086,true,true
1.5267,true,true
1.0788,true,true
1.8099,true,true
1.5576,true,true
1.6918,true,true
5.1589,true,true
5.9950,true,true
3.3422,true,false
3.5347,true,false
1.1820,true,true
0.8012,true,true
1.4381,true,true
1.9387,true,true
7.5672,true,true
1.6542,true,true
10.3042,true,true
6.5224,true,false
0.9190,true,true
4.3026,true,true
7.0216,true,true
3.9750,true,true
10.0619,true,true
5.6804,true,true
2.9294,true,true
13.1620,true,true
1.2430,true,true
1.4806,true,true
2.5606,true,true
1.2428,true,true
2.4948,true,true
6.4022,true,true
2.1777,true,true
8.7498,true,true
7.3455,true,true
1.2038,true,true
0.6963,true,true
6.1741,true,true
2.2327,true,true
7.6893,true,true
6.5922,true,true
1.6853,true,true
3.0824,true,true
1.6782,true,true
7.3294,true,false
6.0315,true,false
1.5111,true,true
23.7132,true,true
11.7464,true,true
6.4348,true,true
5.9985,true,false
1.4592,true,true
2.7947,true,true
1.4075,true,true
3.1771,true,true
5.4500,true,true
4.3690,true,true
4.3754,true,true
0.8239,true,true
1.4918,true,true
2.3131,true,true
0.9062,true,true
1.6818,true,true
1.2813,true,true
6.0570,true,true
2.9694,true,false
2.3341,true,true
8.9229,true,true
6.2181,true,true
1.6367,true,true
3.4759,true,false
1.5270,true,true
4.1328,true,true
1.7542,true,true
6.0166,true,true
1.5716,true,true
16.1480,true,true
1.3536,true,true
3.5066,true,true
1.0485,true,true
5.3685,true,true
1.1330,true,true
1.8758,true,true
2.4363,true,false
1.0497,true,true
2.7910,true,true
5.0890,true,true
1.5168,true,true
1.2577,true,true
6.8569,true,true
0.8858,true,true
1.6369,true,true
1.3112,true,true
0.9417,true,true
1.5088,true,true
1.0570,true,true
3.5386,true,true
1.6270,true,true
3.5089,true,true
2.7633,true,true
3.0476,true,true
1.6412,true,true
2.8582,true,true
3.0252,true,true
1.7607,true,true
3.6594,true,true
1.3130,true,true
0.7279,true,true
1.3625,true,true
0.8803,true,true
1.3444,true,true
1.0181,true,true
10.4874,true,true
2.2851,true,true
0.8346,true,true
1.3559,true,true
5.8982,true,false
3.0752,true,true
5.7731,true,true
1.1795,true,true
0.5184,true,false
5.8624,true,true
2.4841,true,false
7.2404,true,false
1.3117,true,true
6.3920,true,false
0.6556,true,true
1.7948,true,true
1.2328,true,true
1.7975,true,true
1.2751,true,true
2.7461,true,true
2.6902,true,true
1.2687,true,true
9.8232,true,true
1.0861,true,true
2.5565,true,true
3.4638,true,false
0.8407,true,true
10.5641,true,true
4.8570,true,false
2.0632,true,true
1.6775,true,true
1.7823,true,true
1.3058,true,true
1.4515,true,true
0.8204,true,true
3.5788,true,false
1.1832,true,true
1.6813,true,true
3.7472,true,true
3.5853,true,true
5.1539,true,false
0.7595,true,true
3.6918,true,false
1.4188,true,true
6.7140,true,false
0.9197,true,true
2.1580,true,true
3.2038,true,true
0.6961,true,true
1.2268,true,true
1.1010,true,true
3.6739,true,true
1.1993,true,true
0.7140,true,true
6.0500,true,true
4.2070,true,false
3.6816,true,true
3.7850,true,true
7.4947,true,true
4.4850,true,true
3.0557,true,true
1.7084,true,true
1.8707,true,true
8.4315,true,true
5.8526,true,true
1.3917,true,true
0.9480,true,true
12.2349,true,true
6.7870,true,false
2.9786,true,true
1.6387,true,true
6.4771,true,true
3.5219,true,false
1.7370,true,true
9.5201,true,false
1.6607,true,true
3.2336,true,true
7.7621,true,true
5.3166,true,true
0.7336,true,true
2.1532,true,true
1.8800,true,true
1.2815,true,true
1.3585,true,true
1.5094,true,true
2.1268,true,true
8.7100,true,false
1.7337,true,true
1.3354,true,true
1.0744,true,false
3.3747,true,true
0.9854,true,true
4.5040,true,false
16.4293,true,true
7.3254,true,true
5.9406,true,false
1.5379,true,true
29.8141,true,true
11.2081,true,true
7.2435,true,true
4.2658,true,false
4.0450,true,true
2.4294,true,true
1.6973,true,true
7.9482,true,true
5.5394,true,true
1.0733,true,true
5.6070,true,true
2.9627,true,true
1.5698,true,true
6.1046,true,false
1.6410,true,true
6.7626,true,true
1.6260,true,true
2.4961,true,true
1.9445,true,true
7.2109,true,false
3.2385,true,true
0.9030,true,true
2.2060,true,true
4.3976,true,false
1.6252,true,true
2.7298,true,true
4.4047,true,true
1.3277,true,true
7.7132,true,true
4.2922,true,true
0.8718,true,true
3.1468,true,true
2.3198,true,true
4.3152,true,true
0.8636,true,true
1.5680,true,true
3.4607,true,true
11.4828,true,true
6.1526,true,false
2.1464,true,true
2.6390,true,true
4.6128,true,true
1.2153,true,true
2.7992,true,true
1.5795,true,true
1.2126,true,true
0.7737,true,true
1.4334,true,true
4.4069,true,true
0.9135,true,true
1.5827,true,true
1.2358,true,true
0.7073,true,false
1.9453,true,true
3.7070,true,true
4.1584,true,true
1.7525,true,true
1.1779,true,true
2.3028,true,false
2.6157,true,true
0.9623,true,true
4.1623,true,true
1.8554,true,true
1.3246,true,true
7.0502,true,true
2.8409,true,true
1.6406,true,false
4.2880,true,true
1.0067,true,true
1.7456,true,true
4.3517,true,true
2.6481,true,false
1.3015,true,true
7.0686,true,true
2.6545,true,false
1.4941,true,true
5.5127,true,true
6.6133,true,true
3.3052,true,false
2.4807,true,true
7.5610,true,true
2.7173,true,true
1.4155,true,false
4.2098,true,true
5.8840,true,false
1.8916,true,true
1.4361,true,true
3.4024,true,false
15.5736,true,true
3.3968,true,true
1.0215,true,true
3.7423,true,true
23.7320,true,true
3.2551,true,true
6.4994,true,false
0.6953,true,true
4.0039,true,true
1.5779,true,true
1.2013,true,true
1.9946,true,true
11.1364,true,true
4.1609,true,true
5.1355,true,false
5.0643,true,false
9.4467,true,true
5.5709,true,false
2.7093,true,true
1.1944,true,true
9.0302,true,true
2.9341,true,true
2.9755,true,true
3.7312,true,false
1.2625,true,true
2.6431,true,true
6.2170,true,false
2.2778,true,true
0.8640,true,true
11.2336,true,true
2.0954,true,true
1.6877,true,true
2.8276,true,true
1.3705,true,true
0.9749,true,true
7.3531,true,true
2.7317,true,true
2.2318,true,true
0.7312,true,true
1.5011,true,true
1.0134,true,true
3.4063,true,false
0.9623,true,true
4.1644,true,true
5.3946,true,true
0.7894,true,true
1.2859,true,true
0.7484,true,true
4.4920,true,true
0.8893,true,true
1.5420,true,true
1.1431,true,true
5.9901,true,true
1.5051,true,true
2.7996,true,false
3.5728,true,false
7.1384,true,true
1.1693,true,true
8.0767,true,true
5.4635,true,false
1.0491,true,true
2.2032,true,true
3.4074,true,false
1.6611,true,true
4.5700,true,true
1.0575,true,true
1.6339,true,true
6.1419,true,true
9.3788,true,true
6.5204,true,false
4.0562,true,false
3.3964,true,true
5.4635,true,true
3.6759,true,true
7.3363,true,true
4.9464,true,false
7.3926,true,true
3.6640,true,true
3.5651,true,false
4.6876,true,true
1.2184,true,true
7.9159,true,true
1.9271,true,true
6.5825,true,true
0.8863,true,true
7.7416,true,true
19.8998,true,true
7.4306,true,true
2.6431,true,true
1.0951,true,true
3.5690,true,true
4.7817,true,true
3.9985,true,true
1.7661,true,true
1.4051,true,true
1.1917,true,true
2.3155,true,true
2.0542,true,true
4.0224,true,true
3.1050,true,true
4.4697,true,true
0.8622,true,true
4.5549,true,false
1.2716,true,true
0.9925,true,true
7.4807,true,true
2.6395,true,true
3.6356,true,true
4.6606,true,false
1.2888,true,true
0.7893,true,true
1.8942,true,true
1.4424,true,true
1.4596,true,true
1.7384,true,true
1.2474,true,true
0.7232,true,true
1.4104,true,true
0.9582,true,true
2.2272,true,true
0.7288,true,true
5.1269,true,true
1.8404,true,true
1.3808,true,true
1.9775,true,true
1.5751,true,true
24.7831,true,false
3.5164,true,true
10.1304,true,true
4.8948,true,false
1.9872,true,true
10.9348,true,true
2.4127,true,true
0.8959,true,true
6.7602,true,true
1.0662,true,true
1.6523,true,true
1.7250,true,true
4.5468,true,false
3.9829,true,true
10.3353,true,true
6.7787,true,true
1.2247,true,true
0.6794,true,true
1.2825,true,true
0.7052,true,true
1.1866,true,true
0.7562,true,true
2.2361,true,true
6.5545,true,false
0.8798,true,true
4.7512,true,true
12.6458,true,true
1.3181,true,true
0.8032,true,true
3.6307,true,false
3.8506,true,false
2.1272,true,true
0.6773,true,true
1.1681,true,true
0.8803,true,true
2.9064,true,true
3.6133,true,true
3.5356,true,true
5.3301,true,true
6.5612,true,true
0.7397,true,true
1.3392,true,true
2.2836,true,true
8.8840,true,true
1.3439,true,true
1.5135,true,true
1.0605,true,true
6.9716,true,true
1.3011,true,true
0.8945,true,true
3.3009,true,true
1.4712,true,true
5.5413,true,false
7.0421,true,false
1.1792,true,true
7.2855,true,true
4.0211,true,false
5.8453,true,true
2.3516,true,true
0.8664,true,true
1.4411,true,true
2.8306,true,false
9.6022,true,true
0.9619,true,true
1.4019,true,true
0.8545,true,true
4.5342,true,false
4.6906,true,true
1.4585,true,true
7.9994,true,true
7.6576,true,true
1.7300,true,true
6.1856,true,true
3.6386,true,true
11.7677,true,true
3.1164,true,true
12.0947,true,true
6.8478,true,false
1.2148,true,true
0.8444,true,true
3.8648,true,true
4.5507,true,true
17.0677,true,true
6.6131,true,true
2.1700,true,true
18.0930,true,true
1.7711,true,true
1.5082,true,true
5.0580,true,true
1.7194,true,true
1.4004,true,true
1.9558,true,false
1.4381,true,true
2.9585,true,true
4.5009,true,true
1.2005,true,true
4.1544,true,true
3.6186,true,true
1.8522,true,true
1.9224,true,true
3.9880,true,false
5.9509,true,true
1.5470,true,true
1.7803,true,true
5.0189,true,false
5.6765,true,false
3.9851,true,false
2.0407,true,true
8.5227,true,true
1.0534,true,true
6.6251,true,true
4.0637,true,true
3.2263,true,true
2.3293,true,true
27.4862,true,true
5.2559,true,false
11.5258,true,false
0.7921,true,true
21.5291,true,true
2.1057,true,true
1.6654,true,true
7.9369,true,true
6.8245,true,false
1.2250,true,true
0.8108,true,true
1.4457,true,true
0.8520,true,true
3.2967,true,true
0.9464,true,true
1.5847,true,true
23.7606,true,true
2.3503,true,true
1.0888,true,true
1.6869,true,true
4.1668,true,true
1.7624,true,true
1.9196,true,true
5.6738,true,true
7.5762,true,true
3.7647,true,true
2.6898,true,true
5.2183,true,false
3.4629,true,true
1.8076,true,true
6.4168,true,false
3.5026,true,true
1.3298,true,true
1.0252,true,false
23.6464,true,true
18.3941,true,true
1.2348,true,true
1.3847,true,true
6.7173,true,true
0.9437,true,true
1.5775,true,true
2.7674,true,true
1.5251,true,true
5.0016,true,true
1.5729,true,true
1.7680,true,true
4.7500,true,true
7.7354,true,true
1.7143,true,true
14.5212,true,true
1.6252,true,true
3.0638,true,true
3.1715,true,true
2.4615,true,true
10.1468,true,true
6.4174,true,true
0.7297,true,true
4.0508,true,false
1.7101,true,true
4.1660,true,false
1.7316,true,true
1.3145,true,true
4.8111,true,true
1.9620,true,true
2.0240,true,true
7.7536,true,true
3.7206,true,false
2.0621,true,true
1.7510,true,true
3.2431,true,true
1.1214,true,true
5.1354,true,true
2.9200,true,true
1.4720,true,true
0.8349,true,true
1.3340,true,true
0.8801,true,true
1.4755,true,true
1.0225,true,true
3.3066,true,true
1.0075,true,true
1.7257,true,true
1.4143,true,true
2.8657,true,true
6.2796,true,false
2.2781,true,true
4.8200,true,true
4.5809,true,false
1.1857,true,true
0.6664,true,true
1.2323,true,true
0.8732,true,true
2.7050,true,true
1.3624,true,true
2.1607,true,true
2.5543,true,true
4.1074,true,false
4.7263,true,false
2.9956,true,false
2.1644,true,true
3.4138,true,true
3.6857,true,true
1.8749,true,true
3.1536,true,true
1.6408,true,true
5.3133,true,true
0.8209,true,true
5.0015,true,false
3.1471,true,true
1.6379,true,true
3.5250,true,false
1.4972,true,true
9.0837,true,false
1.4323,true,true
1.8401,true,true
1.6463,true,true
1.2924,true,true
2.4163,true,true
8.7049,true,true
1.3937,true,true
8.1863,true,false
3.2545,true,true
5.4531,true,false
6.3956,true,true
6.0799,true,false
1.6635,true,true
2.7825,true,true
3.1973,true,true
6.3612,true,true
2.4870,true,true
3.3306,true,true
10.3106,true,true
5.3812,true,false
4.7257,true,false
1.7853,true,true
1.4419,true,true
1.6017,true,true
1.0739,true,true
1.6544,true,true
9.1879,true,true
3.5046,true,true
1.0274,true,true
1.5784,true,true
1.1704,true,true
0.7311,true,true
1.9790,true,true
5.0189,true,false
4.3634,true,false
1.0707,true,true
3.4611,true,true
0.9095,true,true
3.2245,true,false
2.1643,true,false
3.3730,true,true
7.4750,true,true
5.2439,true,false
0.7885,true,true
3.1469,true,true
2.7539,true,true
2.9297,true,true
4.1302,true,true
1.7139,true,false
3.6410,true,true
1.2935,true,true
0.9102,true,true
1.5336,true,true
3.6450,true,false
1.2742,true,true
2.9319,true,true
11.8317,true,true
4.7284,true,true
3.1435,true,true
3.0833,true,true
1.7740,true,true
1.6371,true,true
10.8762,true,true
5.3870,true,false
6.6052,true,true
7.6906,true,true
6.7121,true,true
3.0833,true,false
7.5843,true,true
1.5660,true,true
1.9994,true,true
11.0857,true,true
2.8040,true,true
3.7549,true,false
1.3521,true,true
2.5652,true,true
7.2205,true,false
1.1118,true,true
3.2749,true,true
4.5002,true,false
3.1377,true,true
1.6930,true,true
1.3198,true,true
3.9117,true,true
2.6874,true,true
14.1605,true,true
4.6162,true,false
12.1287,true,true
1.3202,true,true
0.8934,true,true
1.4642,true,true
1.5608,true,true
1.2329,true,true
2.6930,true,true
4.0169,true,true
18.7244,true,true
1.7224,true,true
1.3013,true,true
0.8808,true,true
3.0651,true,true
12.0071,true,true
7.5465,true,false
2.5046,true,true
0.9684,true,true
4.3678,true,true
2.3858,true,false
0.8939,true,false
1.5191,true,true
1.3717,true,true
12.6845,true,true
0.8555,true,true
10.0633,true,true
3.9217,true,true
5.4859,true,true
2.8401,true,true
7.6124,true,true
1.3737,true,true
0.9581,true,true
1.7293,true,true
8.2431,true,true
2.5781,true,true
6.5650,true,true
4.6377,true,true
1.6347,true,true
15.3547,true,true
28.9521,true,true
5.7357,true,false
12.1175,true,true
1.6957,true,true
2.2169,true,true
1.8115,true,true
8.4194,true,true
6.1920,true,true
1.6003,true,true
6.8073,true,true
1.0869,true,true
4.0017,true,false
7.3976,true,true
1.7009,true,true
4.3156,true,false
0.7341,true,true
3.0310,true,true
2.2420,true,true
0.8654,true,true
5.9679,true,true
2.0298,true,true
4.8833,true,true
1.4792,true,true
3.4488,true,true
0.8567,true,true
4.3616,true,false
4.4650,true,false
0.9402,true,true
7.8407,true,true
2.6609,true,true
1.3375,true,true
4.0557,true,false
7.2173,true,true
4.2213,true,true
0.5245,true,true
2.2349,true,true
7.1763,true,true
5.1077,true,true
1.6028,true,true
1.1841,true,true
2.1470,true,true
1.7981,true,true
1.2356,true,true
4.2920,true,true
1.5472,true,true
23.2266,true,true
3.9119,true,false
8.4313,true,true
3.9897,true,true
5.1280,true,false
6.1775,true,false
1.1982,true,true
0.6383,true,true
1.3171,true,true
7.1040,true,true
0.9934,true,true
1.6537,true,false
6.5663,true,true
0.8755,true,true
2.0286,true,true
6.1332,true,true
6.6432,true,false
5.6203,true,true
2.5430,true,true
0.9691,true,true
1.4700,true,true
5.0898,true,false
1.5499,true,true
3.0292,true,true
11.8826,true,true
1.0047,true,false
2.3378,true,true
0.8354,true,true
1.4008,true,true
5.3570,true,false
1.4568,true,true
6.0872,true,true
6.5806,true,true
5.0057,true,true
3.8256,true,true
1.9076,true,true
3.2226,true,true
11.8039,true,true
6.7901,true,true
1.5573,true,true
1.2524,true,true
0.7410,true,true
1.9809,true,true
7.1390,true,true
3.1453,true,true
25.4422,true,true
8.3100,true,false
1.7068,true,true
9.2243,true,true
16.5807,true,true
1.5778,true,true
11.4281,true,true
6.9372,true,true
3.5753,true,false
1.0477,true,true
5.1277,true,false
7.6395,true,true
1.9186,true,true
1.3879,true,true
2.7349,true,true
5.7417,true,true
4.0614,true,false
1.7728,true,true
1.4509,true,true
1.8004,true,true
1.5722,true,true
4.9516,true,true
5.9033,true,false
1.6061,true,true
1.2608,true,true
12.5830,true,true
2.5766,true,true
4.5484,true,false
2.7161,true,true
4.3568,true,true
13.7136,true,true
2.3331,true,true
9.1050,true,false
1.2938,true,true
0.8901,true,true
2.9981,true,true
2.1270,true,true
5.2928,true,false
3.0992,true,true
1.7770,true,true
5.4955,true,true
3.1633,true,false
1.8077,true,true
2.0636,true,true
3.1154,true,true
11.2242,true,true
1.4702,true,true
1.6503,true,true
9.8125,true,true
1.3476,true,true
14.3164,true,true
2.3555,true,true
6.5036,true,false
8.1668,true,true
6.2086,true,false
1.6149,true,true
1.1135,true,true
4.6743,true,true
1.3032,true,true
0.8989,true,true
5.0269,true,true
1.6174,true,true
0.9804,true,true
1.5327,true,true
1.9602,true,true
4.6395,true,true
1.8626,true,true
2.7875,true,true
2.7075,true,true
4.0120,true,true
5.9161,true,true
1.5599,true,true
7.0983,true,true
1.1362,true,true
2.4267,true,true
9.5843,true,true
1.1211,true,true
4.9755,true,false
3.7967,true,true
1.3797,true,true
2.4472,true,true
5.4907,true,false
0.9390,true,true
4.8384,true,true
11.3867,true,true
1.7910,true,true
1.3087,true,true
7.3227,true,false
5.0107,true,true
18.0715,true,true
1.0807,true,true
8.3984,true,true
2.2990,true,true
8.8447,true,true
1.3934,true,true
8.2079,true,true
1.3470,true,true
4.3647,true,false
0.9521,true,true
4.6408,true,true
2.9661,true,true
7.8623,true,true
5.5263,true,true
0.9730,true,true
2.3535,true,true
4.1664,true,false
2.8962,true,false
3.9090,true,true
1.5117,true,true
1.1499,true,true
11.7366,true,true
5.6056,true,true
4.7106,true,true
1.4484,true,true
1.8389,true,true
6.6614,true,true
0.9557,true,false
5.8991,true,false
1.7229,true,false
1.5799,true,true
1.0736,true,true
2.2389,true,true
3.3590,true,false
2.7786,true,true
4.5420,true,true
4.7973,true,true
11.1788,true,true
2.6484,true,true
4.0748,true,false
1.6217,true,true
10.1067,true,true
4.5583,true,true
3.1168,true,true
3.9404,true,false
5.6778,true,true
2.5243,true,true
1.2664,true,true
7.6258,true,true
2.8239,true,true
1.5714,true,true
15.9311,true,false
9.8471,true,true
7.6911,true,true
1.7739,true,true
4.3049,true,false
4.8649,true,false
3.1423,true,true
3.2219,true,true
4.3586,true,false
9.1220,true,false
2.8740,true,true
1.3450,true,true
25.4630,true,true
4.7194,true,false
1.3831,true,true
0.9778,true,true
3.0141,true,true
10.0699,true,true
7.5359,true,true
2.5002,true,true
7.4151,true,false
2.1052,true,true
8.0709,true,true
4.4645,true,true
4.4398,true,false
1.0861,true,true
12.0159,true,true
1.2211,true,true
8.2285,true,true
1.5556,true,true
2.6275,true,true
2.0365,true,true
3.2282,true,true
0.7883,true,true
4.8362,true,true
3.8232,true,false
3.2253,true,true
6.8420,true,true
1.4439,true,true
7.7221,true,true
3.6148,true,false
4.7272,true,true
2.8423,true,true
5.9072,true,false
5.3317,true,true
10.0272,true,true
5.6462,true,true
8.5355,true,true
5.7784,true,false
6.4554,true,false
5.0603,true,false
4.2356,true,true
2.3773,true,true
9.4376,true,true
0.9591,true,true
1.5819,true,true
1.3009,true,true
6.1973,true,true
2.7977,true,false
3.7295,true,true
12.7183,true,true
0.7583,true,true
8.4535,true,true
4.5259,true,true
7.8127,true,false
5.2582,true,true
0.7990,true,true
5.4931,true,false
6.2157,true,true
1.8248,true,true
4.2611,true,false
3.9993,true,false
1.6196,true,true
3.0507,true,true
2.0334,true,true
9.8784,true,true
5.6256,true,true
4.4804,true,true
1.0891,true,true
11.7159,true,true
0.9767,true,false
1.8534,true,true
3.3352,true,true
4.4715,true,true
2.9275,true,true
1.4641,true,true
5.5321,true,true
3.4971,true,false
3.5564,true,true
2.9422,true,true
1.3245,true,true
1.0366,true,true
1.6067,true,true
5.2193,true,false
1.6935,true,true
5.5947,true,false
4.1777,true,true
0.7791,true,true
1.2535,true,true
2.3893,true,true
9.7181,true,true
5.4610,true,true
5.9667,true,true
1.3879,true,true
0.9631,true,true
1.5220,true,true
1.1371,true,true
4.6641,true,false
7.2651,true,false
14.4064,true,true
1.9727,true,true
1.3943,true,true
1.2801,true,true
2.2352,true,true
15.3223,true,true
3.9306,true,true
4.2295,true,false
12.8879,true,true
1.4570,true,true
8.0983,true,true
5.6305,true,true
0.9855,true,true
5.3754,true,true
4.6916,true,true
1.3913,true,true
1.1905,true,true
7.7907,true,true
3.6186,true,true
1.1227,true,true
4.1409,true,true
2.9673,true,false
1.4963,true,true
1.0082,true,true
2.4765,true,true
11.1465,true,true
6.4932,true,true
3.8997,true,true
1.6059,true,true
1.1302,true,true
10.8060,true,false
5.8165,true,true
1.2989,true,true
3.3858,true,true
1.0767,true,true
2.1297,true,true
5.9677,true,false
1.4631,true,true
3.4748,true,true
1.2155,true,true
7.8848,true,false
2.8464,true,true
4.8058,true,true
1.8527,true,true
1.3554,true,true
6.4343,true,false
1.1052,true,true
4.0879,true,true
1.5245,true,true
4.8774,true,false
4.7145,true,false
3.7368,true,true
2.2347,true,true
1.5241,true,true
6.2077,true,false
1.6079,true,true
9.3647,true,true
1.6358,true,true
8.2305,true,false
6.9613,true,true
3.0105,true,true
9.3658,true,true
5.8504,true,true
2.8450,true,false
1.3694,true,true
1.5268,true,true
1.1623,true,true
3.0482,true,true
2.3895,true,true
4.1816,true,true
13.2422,true,true
5.6961,true,true
1.1564,true,true
1.7120,true,true
1.9597,true,true
4.4048,true,true
4.0889,true,false
3.8039,true,true
3.6341,true,false
2.7874,true,false
1.2298,true,true
5.7436,true,true
3.0090,true,true
2.2375,true,true
1.8156,true,true
10.6212,true,true
7.4519,true,true
6.9114,true,true
0.8049,true,true
1.7818,true,true
3.0292,true,true
3.1498,true,true
1.6586,true,true
8.0501,true,true
1.5808,true,true
5.9797,true,true
1.5569,true,true
8.3415,true,true
5.3337,true,true
36.5848,true,true
1.2677,true,true
4.8710,true,false
4.4485,true,true
1.0830,true,true
1.5032,true,true
2.8661,true,false
1.4790,true,true
1.0524,true,true
4.8957,true,true
1.9464,true,true
2.3237,true,true
0.8501,true,true
23.5883,true,true
6.6069,true,true
2.8112,true,true
5.7041,true,true
1.1697,true,true
5.8456,true,false
11.0467,true,true
5.0640,true,false
1.7997,true,true
3.3463,true,true
3.6619,true,true
5.3319,true,true
6.6761,true,false
2.2597,true,true
0.7351,true,true
1.2186,true,true
8.2959,true,true
2.0470,true,true
7.2212,true,true
3.4735,true,false
4.2207,true,false
3.0370,true,true
2.5757,true,true
1.2191,true,true
5.7883,true,true
3.0776,true,true
6.4358,true,true
0.7796,true,true
9.7168,true,true
2.4213,true,true
1.7909,true,true
3.0951,true,true
3.0972,true,true
1.7441,true,true
5.5464,true,false
2.2475,true,true
1.1936,true,true
5.4638,true,true
2.2995,true,true
8.6446,true,false
7.8115,true,true
1.8816,true,true
1.4901,true,true
4.1753,true,false
4.1903,true,true
3.4458,true,true
9.7647,true,true
4.2769,true,true
0.7531,true,true
6.0496,true,false
6.1253,true,true
3.0241,true,true
1.5207,true,false
7.0747,true,false
2.3915,true,false
4.8876,true,false
1.4936,true,true
5.9801,true,true
3.7610,true,true
1.4973,true,true
9.4996,true,true
1.7043,true,true
8.3806,true,true
1.7596,true,true
4.7408,true,true
1.4186,true,true
0.8455,true,true
1.3811,true,true
3.9086,true,false
1.4984,true,true
4.3706,true,false
0.9770,true,true
1.5030,true,true
5.7588,true,true
1.7307,true,true
9.0947,true,true
1.5594,true,true
2.8334,true,true
1.4822,true,true
5.0987,true,true
7.7481,true,true
7.8997,true,false
6.0511,true,true
2.0358,true,true
1.6148,true,true
6.3898,true,true
2.5225,true,true
1.1166,true,true
5.9116,true,true
13.0420,true,true
4.3423,true,false
1.6337,true,true
1.0823,true,true
7.3641,true,false
10.7117,true,true
4.4656,true,true
1.0771,true,true
8.4383,true,true
1.5979,true,true
4.1715,true,true
6.8091,true,true
1.1563,true,true
7.5114,true,true
1.6462,true,true
1.1395,true,true
8.3757,true,true
2.4561,true,false
2.8384,true,false
1.4387,true,true
0.8893,true,true
1.4535,true,true
20.7809,true,true
5.4542,true,true
0.9292,true,true
3.1930,true,false
4.7417,true,true
5.8302,true,false
17.7845,true,true
6.3305,true,true
8.1813,true,true
4.3393,true,true
0.8463,true,true
6.8318,true,true
1.1175,true,true
2.2803,true,true
0.8833,true,true
1.4795,true,true
14.1567,true,true
5.1454,true,true
2.3213,true,true
1.5606,true,true
2.6541,true,true
2.1222,true,true
5.2103,true,true
4.4388,true,false
1.5896,true,true
1.1266,true,true
1.7934,true,true
5.3504,true,false
0.9120,true,true
16.5291,true,true
2.0279,true,true
3.1265,true,true
6.6909,true,true
5.9849,true,true
3.9626,true,true
1.5212,true,false
1.1561,true,true
1.9133,true,true
3.1849,true,true
2.1973,true,true
1.3810,true,true
0.9214,true,true
9.1379,true,true
6.6278,true,true
0.9705,true,true
6.4384,true,false
0.9037,true,true
1.5004,true,true
2.7368,true,true
1.3243,true,true
0.8581,true,true
9.8605,true,true
3.9082,true,true
3.8050,true,false
5.2210,true,true
5.2226,true,false
2.9582,true,true
2.8943,true,true
6.0249,true,false
2.9760,true,true
1.5212,true,true
1.8143,true,true
1.4792,true,true
4.9905,true,false
5.6815,true,false
1.2316,true,true
1.3623,true,true
1.5862,true,true
3.3467,true,true
0.7740,true,true
2.5303,true,false
5.8499,true,true
1.2985,true,true
1.2640,true,true
8.1825,true,false
6.4664,true,true
0.8555,true,true
1.5240,true,true
1.0832,true,true
3.4484,true,true
2.7354,true,true
7.1528,true,false
1.2928,true,true
4.7400,true,true
1.3133,true,true
2.5045,true,true
2.6184,true,true
1.5536,true,true
8.6578,true,true
6.1865,true,false
2.8264,true,true
1.4662,true,true
4.7402,true,true
1.1644,true,true
1.6871,true,true
1.3167,true,true
13.7165,true,true
6.2211,true,false
1.6544,true,false
11.7243,true,true
1.5491,true,true
8.7089,true,true
1.3041,true,true
2.8635,true,true
1.4751,true,true
5.8264,true,true
1.3238,true,true
2.2483,true,true
0.9405,true,true
7.1534,true,true
3.0941,true,true
2.4823,true,true
1.6251,true,true
4.7616,true,false
1.3825,true,true
1.0588,true,true
1.5989,true,true
1.8830,true,true
2.9542,true,true
3.7319,true,true
1.8165,true,true
4.8441,true,true
12.6041,true,true
2.0037,true,true
6.8016,true,true
2.6407,true,true
6.9020,true,false
6.7692,true,true
4.0548,true,true
7.4324,true,true
4.2649,true,true
0.9031,true,true
3.1542,true,true
10.3628,true,true
1.5488,true,true
1.1059,true,true
4.0080,true,true
11.0569,true,true
6.2238,true,false
23.8842,true,true
12.7167,true,false
8.6896,true,true
3.3015,true,false
5.8272,true,true
12.4958,true,true
4.0401,true,false
1.6418,true,true
1.2626,true,true
6.2975,true,true
0.7457,true,true
1.3275,true,true
0.9695,true,false
1.5131,true,true
2.4833,true,true
5.1311,true,true
7.5211,true,true
3.4777,true,true
10.7338,true,true
1.0645,true,true
3.2376,true,false
0.5905,true,true
1.0897,true,true
1.6705,true,true
1.3955,true,true
0.9348,true,true
8.8707,true,true
4.3608,true,true
0.9801,true,true
1.5277,true,true
1.0215,true,true
2.0991,true,true
11.4541,true,true
10.9367,true,false
6.6819,true,false
1.0151,true,true
1.6754,true,true
5.0876,true,false
2.3548,true,true
1.2882,true,true
1.8185,true,true
2.3009,true,true
2.5334,true,true
2.6899,true,true
1.2651,true,true
1.4105,true,true
0.8932,true,true
1.5174,true,true
4.3229,true,true
0.8227,true,true
1.5009,true,true
5.4012,true,true
1.2330,true,true
3.8427,true,false
5.7613,true,false
4.8585,true,false
8.2228,true,true
2.3361,true,true
2.6691,true,true
1.2772,true,true
2.0740,true,true
5.3511,true,false
0.8641,true,true
3.2806,true,true
1.0640,true,true
1.6846,true,true
1.2251,true,true
5.2527,true,false
2.9074,true,true
5.2319,true,true
0.6882,true,true
3.1796,true,true
2.9370,true,true
3.9548,true,false
1.4553,true,true
3.9371,true,true
3.5239,true,true
5.5923,true,true
1.0881,true,true
6.6628,true,true
6.6914,true,true
1.1631,true,true
7.8036,true,true
7.5854,true,true
5.6113,true,true
6.2288,true,false
3.2400,true,true
3.5466,true,true
1.1057,true,true
4.0321,true,true
11.0677,true,true
7.3350,true,true
3.5125,true,false
3.5813,true,false
5.5068,true,true
1.1885,true,true
6.6365,true,true
2.2942,true,true
10.0425,true,true
1.4722,true,true
13.0677,true,true
1.0711,true,true
1.7560,true,true
5.5198,true,true
1.0646,true,true
13.6365,true,false
8.4429,true,false
2.9136,true,true
2.9098,true,false
6.7055,true,true
1.4366,true,true
3.5769,true,true
1.0904,true,true
7.4082,true,false
27.0727,true,true
8.7574,true,false
5.8355,true,true
2.7369,true,true
2.6842,true,true
2.8761,true,true
1.3186,true,true
1.4946,true,true
4.2707,true,false
3.5733,true,false
7.5435,true,true
4.1477,true,true
11.0215,true,true
1.7335,true,true
7.9848,true,false
16.3420,true,true
2.8089,true,true
1.2639,true,true
5.5033,true,false
6.3831,true,true
1.9542,true,true
8.3856,true,true
2.4776,true,true
3.9361,true,true
5.7945,true,false
4.0379,true,false
6.6071,true,true
5.5027,true,true
1.5726,true,true
6.0066,true,true
1.6487,true,true
5.3850,true,false
1.2421,true,true
22.0279,true,true
5.1733,true,false
0.6608,true,true
1.2785,true,true
0.8512,true,true
1.5668,true,true
2.9700,true,true
1.6552,true,true
2.9010,true,true
2.5868,true,true
9.3420,true,false
1.8553,true,true
6.5976,true,true
1.0513,true,true
6.7607,true,true
1.0555,true,true
2.2564,true,true
1.9051,true,true
2.1430,true,true
11.3724,true,true
2.1301,true,true
1.8765,true,true
20.6769,true,true
6.1849,true,true
1.6226,true,false
9.3426,true,false
3.6444,true,true
4.6747,true,true
1.2949,true,true
1.0639,true,true
4.8335,true,true
5.3762,true,true
0.8123,true,true
1.9562,true,true
3.3853,true,true
1.7604,true,true
1.9491,true,true
8.2175,true,true
3.1327,true,true
4.9781,true,true
3.8178,true,false
14.5153,true,true
2.5285,true,true
2.8355,true,true
2.0414,true,true
1.5409,true,true
5.2187,true,true
4.0029,true,true
7.0059,true,false
3.4331,true,true
2.1389,true,true
1.6956,true,true
7.4632,true,true
9.6242,true,true
1.0477,true,true
10.1458,true,true
1.4868,true,true
11.9305,true,true
1.2546,true,true
4.9953,true,false
4.6678,true,false
1.1945,true,true
3.3691,true,true
0.8345,true,true
1.5257,true,true
2.5496,true,false
1.2004,true,true
4.6660,true,false
1.3885,true,true
7.5789,true,true
9.6973,true,true
1.0209,true,true
8.4037,true,true
1.7908,true,true
5.2981,true,true
4.3900,true,true
3.6601,true,false
1.8779,true,true
14.5498,true,true
3.3872,true,true
5.3785,true,false
3.9553,true,false
3.8922,true,true
1.6783,true,true
1.8422,true,true
5.9959,true,false
3.1708,true,true
0.6892,true,true
5.2626,true,true
6.0294,true,true
1.3715,true,true
0.7585,true,true
10.2763,true,false
5.4713,true,false
0.7531,true,true
2.8173,true,true
3.0060,true,true
3.0321,true,true
3.8374,true,true
5.6965,true,true
1.4532,true,true
0.9573,true,true
2.1135,true,true
5.9348,true,false
7.9678,true,true
4.5212,true,false
6.9615,true,true
7.5546,true,true
1.0702,true,true
8.2424,true,true
4.5223,true,true
1.0768,true,true
7.6130,true,true
2.4372,true,true
1.5976,true,true
10.3375,true,true
5.5500,true,false
0.9773,true,true
6.0212,true,false
4.0256,true,true
4.8406,true,true
1.3922,true,true
3.7711,true,true
1.1517,true,true
3.4874,true,true
1.1787,true,true
1.6460,true,true
3.6455,true,true
1.1505,true,true
1.5830,true,true
0.9892,true,true
5.8480,true,true
1.7242,true,true
1.1793,true,true
1.7737,true,true
1.1534,true,true
8.2964,true,true
3.4225,true,true
2.3466,true,true
8.8498,true,true
1.6491,true,true
1.1894,true,true
8.2227,true,true
20.7498,true,true
4.7069,true,true
2.7507,true,true
1.5150,true,true
1.0662,true,true
3.4628,true,true
1.1420,true,true
5.3387,true,false
0.8557,true,true
5.2552,true,true
0.7546,true,true
6.2197,true,true
1.6485,true,true
1.2493,true,true
4.8260,true,true
1.9371,true,true
1.6640,true,true
1.3449,true,true
0.8708,true,true
1.3765,true,true
0.8212,true,false
1.3966,true,true
5.1126,true,true
1.7101,true,true
4.0505,true,false
11.1948,true,true
1.6215,true,true
2.0124,true,true
6.9708,true,true
2.9723,true,true
1.5799,true,true
6.7359,true,true
1.3163,true,true
5.1001,true,true
4.8546,true,true
3.3077,true,true
5.4030,true,true
1.7719,true,true
2.0058,true,true
4.9648,true,true
3.3437,true,true
10.2813,true,true
8.3734,true,true
5.1798,true,true
0.6361,true,true
1.2224,true,true
2.1412,true,false
4.0704,true,true
6.1820,true,true
4.1861,true,true
3.1007,true,true
1.6262,true,true
1.0540,true,true
3.0287,true,true
10.2403,true,true
6.7520,true,false
3.9985,true,false
30.2114,true,true
8.4216,true,true
24.5492,true,true
7.9301,true,true
1.2086,true,true
8.5459,true,true
0.9139,true,true
4.4670,true,false
0.8804,true,true
7.1217,true,true
4.9994,true,true
1.6835,true,true
7.2153,true,true
1.7134,true,true
9.9601,true,true
5.6200,true,true
4.5206,true,false
1.1018,true,true
1.7059,true,true
8.0712,true,true
1.4516,true,true
26.2367,true,true
7.8960,true,true
4.4095,true,false
0.8726,true,true
3.8816,true,false
1.4089,true,true
0.8913,true,false
3.2718,true,false
0.7872,true,true
4.2811,true,true
11.6978,true,true
2.3111,true,true
3.7900,true,true
3.0280,true,true
1.5313,true,true
1.1694,true,true
8.0301,true,false
2.8971,true,true
6.4803,true,true
0.7728,true,true
3.1955,true,true
6.3990,true,true
0.8869,true,true
1.4618,true,true
1.2406,true,true
14.0356,true,true
4.0760,true,false
1.7427,true,true
3.1328,true,true
4.7872,true,false
1.3060,true,true
0.7640,true,true
2.9950,true,true
3.0183,true,true
1.6664,true,true
5.2231,true,true
2.2354,true,true
1.4389,true,true
1.6125,true,true
2.9419,true,true
1.6147,true,true
4.1422,true,true
3.9529,true,true
6.1553,true,true
1.5884,true,true
1.0769,true,true
1.7809,true,true
3.2337,true,true
1.3108,true,true
0.9331,true,true
4.5084,true,false
2.7871,true,true
2.7971,true,true
1.2700,true,true
2.1209,true,true
9.2792,true,true
6.4481,true,false
6.1021,true,false
2.3873,true,true
2.8603,true,false
1.5470,true,true
1.1495,true,true
5.0299,true,true
1.6163,true,true
5.8738,true,true
5.6540,true,false
4.7068,true,false
16.1525,true,true
5.9580,true,false
1.2485,true,true
5.5248,true,true
12.5143,true,true
3.5145,true,true
1.7768,true,true
10.8220,true,true
4.5939,true,true
5.6797,true,true
4.2674,true,true
2.6596,true,true
2.4504,true,true
1.0071,true,true
9.2113,true,true
3.5278,true,true
1.0919,true,true
1.7237,true,true
1.3641,true,true
3.6149,true,false
2.5013,true,false
3.9670,true,true
4.9007,true,true
1.7063,true,true
1.3439,true,true
0.9547,true,true
1.6232,true,false
1.0626,true,true
7.3742,true,true
1.5639,true,true
1.3134,true,true
2.6882,true,false
1.4109,true,true
1.0018,true,true
3.3710,true,true
5.8698,true,true
5.4032,true,true
4.7914,true,true
1.3434,true,true
0.8832,true,true
3.8686,true,true
1.5293,true,true
1.3101,true,true
4.1530,true,true
0.7596,true,true
4.7324,true,true
2.6928,true,false
1.8473,true,true
22.6340,true,true
5.2291,true,true
5.9677,true,true
1.7452,true,true
10.0987,true,true
2.0570,true,true
3.2414,true,true
10.9218,true,true
3.4805,true,true
9.7519,true,true
4.2556,true,false
2.2362,true,true
5.3008,true,true
0.7289,true,true
12.9764,true,true
1.4902,true,true
8.2628,true,false
4.8042,true,false
7.5365,true,false
1.3081,true,true
2.6195,true,true
1.2581,true,true
5.0270,true,false
1.9120,true,true
1.5272,true,true
6.6574,true,true
0.9654,true,true
4.8163,true,false
2.6748,true,false
1.2060,true,false
0.7510,true,true
1.3769,true,true
0.9572,true,true
5.4148,true,true
0.8890,true,true
17.5642,true,true
1.5987,true,true
2.9489,true,true
1.3967,true,false
0.9902,true,true
9.8138,true,true
2.0661,true,true
2.8965,true,true
10.3165,true,true
3.2691,true,true
0.6900,true,true
1.3071,true,true
1.0077,true,true
3.6807,true,true
1.7857,true,true
1.3464,true,true
13.7405,true,true
1.2414,true,true
0.8645,true,true
3.1744,true,true
1.8445,true,true
1.4819,true,false
3.0751,true,false
4.0547,true,false
2.2106,true,true
1.7546,true,true
3.0113,true,true
5.2536,true,true
5.9908,true,true
3.4362,true,true
1.5784,true,true
3.2072,true,false
6.7638,true,true
2.8984,true,true
7.5889,true,true
3.2226,true,true
1.5027,true,true
2.5975,true,false
1.2504,true,true
0.7878,true,true
1.4306,true,true
0.9706,true,true
18.8355,true,true
3.7911,true,false
1.2936,true,true
5.5763,true,false
1.0772,true,true
6.5126,true,true
2.0432,true,true
1.8167,true,true
5.9742,true,false
1.5054,true,true
4.2168,true,true
2.6604,true,true
2.0652,true,true
4.8121,true,false
2.0725,true,true
1.8661,true,true
6.0559,true,true
3.4021,true,true
5.2389,true,false
16.5271,true,true
2.1557,true,true
15.2019,true,true
4.1610,true,true
0.8301,true,true
1.5311,true,true
2.1321,true,false
10.7244,true,true
5.2432,true,true
0.7452,true,true
1.1633,true,true
3.3643,true,true
1.5453,true,true
3.8399,true,true
3.1318,true,true
1.7222,true,true
1.6724,true,true
1.2962,true,true
0.9726,true,true
4.1834,true,true
2.5367,true,true
6.1585,true,true
3.6016,true,true
4.7708,true,true
1.3768,true,true
1.8722,true,true
1.5459,true,true
5.8964,true,true
9.5212,true,true
0.8348,true,true
13.0148,true,true
1.7260,true,true
1.1825,true,true
4.6351,true,false
2.2245,true,false
0.6162,true,true
2.6448,true,true
3.9498,true,true
1.3358,true,true
5.1594,true,false
3.9905,true,false
5.5039,true,false
5.3780,true,false
2.3572,true,true
1.0765,true,false
1.7389,true,true
4.8830,true,false
2.9149,true,true
8.4977,true,false
6.6929,true,false
3.3840,true,false
0.8661,true,false
1.5489,true,false
6.9761,true,false
0.9918,true,true
3.7739,true,true
4.9424,true,false
2.9066,true,true
6.1063,true,false
1.5684,true,false
2.5756,true,false
6.4536,true,true
2.8861,true,true
4.5596,true,false
1.0728,true,true
7.9789,true,true
1.7502,true,true
1.1418,true,true
5.2385,true,true
7.9926,true,true
4.4182,true,false
12.7991,true,true
26.0368,true,true
2.6923,true,true
1.3591,true,true
1.3279,true,true
1.5841,true,true
1.2319,true,false
3.2142,true,true
10.2994,true,true
7.2376,true,false
3.1138,true,true
5.3119,true,false
0.8767,true,true
1.5230,true,true
1.0712,true,true
9.8060,true,true
6.0212,true,true
1.9331,true,true
4.7960,true,false
5.8368,true,true
5.9493,true,true
25.6215,true,true
4.4680,true,true
17.3644,true,true
5.9306,true,true
1.3986,true,true
0.9338,true,true
1.5646,true,true
1.0942,true,true
7.2453,true,false
1.6627,true,true
5.8047,true,false
1.1534,true,true
7.3330,true,true
5.2352,true,false
2.8060,true,true
5.0528,true,true
2.8895,true,false
7.8097,true,false
4.0233,true,true
1.7090,true,true
1.4134,true,true
13.9316,true,true
1.7470,true,true
3.7349,true,false
1.4439,true,true
4.1590,true,true
4.4193,true,true
1.3674,true,true
10.9921,true,true
4.4755,true,false
1.0054,true,true
2.1282,true,true
6.8541,true,true
6.3097,true,false
0.8212,true,true
3.7902,true,true
4.0449,true,true
1.7381,true,true
1.8881,true,true
1.4645,true,true
1.1956,true,true
3.6040,true,true
1.7480,true,true
1.3957,true,false
7.6536,true,true
1.0854,true,true
5.7271,true,true
6.9059,true,true
2.0710,true,true
8.9805,true,false
1.4714,true,true
7.0950,true,true
3.6706,true,false
1.2981,true,true
5.1174,true,true
1.7550,true,true
2.5836,true,true
5.5084,true,true
0.8446,true,true
2.1780,true,true
5.7896,true,false
1.7183,true,true
3.4372,true,true
2.6403,true,true
1.2833,true,true
0.9611,true,true
1.4977,true,true
1.5329,true,true
1.0942,true,true
2.1096,true,true
3.7653,true,false
1.3424,true,true
3.1347,true,true
1.7425,true,false
10.5431,true,true
6.0095,true,true
3.2386,true,true
8.1302,true,true
2.3011,true,true
18.7193,true,true
1.1369,true,true
5.2872,true,false
0.7023,true,true
1.9048,true,true
1.8917,true,true
1.4667,true,true
1.0783,true,true
4.1153,true,true
7.6590,true,true
1.9736,true,true
9.1192,true,true
5.5959,true,false
0.8830,true,true
1.5210,true,true
4.6872,true,true
2.5137,true,true
1.5720,true,true
1.6604,true,true
4.4593,true,false
0.9384,true,true
7.1927,true,true
3.0074,true,false
3.1906,true,false
3.4392,true,true
2.7699,true,true
3.9288,true,true
1.2901,true,true
0.6826,true,true
2.6562,true,true
3.6072,true,true
3.5977,true,false
1.0727,true,true
1.6469,true,true
3.2506,true,true
4.1840,true,false
1.7498,true,true
6.9774,true,true
5.3264,true,false
7.9985,true,true
3.6502,true,true
1.2182,true,true
0.8275,true,true
1.3490,true,true
2.9437,true,true
1.5750,true,true
2.6366,true,true
4.4962,true,true
2.2885,true,false
0.8703,true,true
2.6924,true,true
11.9711,true,true
2.4540,true,true
5.0610,true,true
1.4825,true,true
1.0592,true,true
1.6052,true,true
1.8128,true,true
1.4765,true,true
1.1565,true,true
4.8239,true,true
2.9641,true,false
3.2928,true,true
0.8173,true,true
1.4913,true,true
5.0683,true,false
5.3567,true,false
0.8070,true,true
1.3947,true,true
0.8656,true,true
3.6959,true,false
1.1707,true,true
2.3350,true,true
10.2459,true,true
3.1827,true,true
5.7081,true,true
3.9367,true,true
2.1111,true,true
8.5222,true,true
3.9478,true,false
1.8541,true,true
4.2792,true,false
1.8904,true,true
9.1953,true,true
1.5082,true,true
6.0985,true,true
2.9434,true,true
1.5099,true,true
1.0864,true,true
2.3385,true,true
7.1066,true,true
5.7195,true,true
5.7211,true,true
4.8455,true,false
4.1149,true,true
1.6324,true,true
1.2883,true,true
4.1510,true,true
10.4941,true,true
0.7939,true,true
4.3745,true,true
4.3623,true,true
5.2175,true,false
0.8387,true,true
1.3882,true,true
1.1448,true,true
0.7807,true,true
1.3101,true,true
0.9932,true,true
1.5202,true,true
2.3308,true,true
0.9265,true,true
7.7543,true,true
2.9820,true,true
2.4181,true,true
1.0137,true,false
5.9035,true,false
1.6503,true,true
1.3884,true,true
4.3335,true,false
4.6416,true,true
1.3766,true,true
1.2104,true,true
0.7971,true,true
5.5990,true,true
1.1432,true,true
1.7274,true,true
5.2125,true,false
8.5003,true,true
2.5516,true,true
1.0508,true,true
5.1914,true,true
7.9595,true,true
5.7721,true,false
1.2281,true,false
2.1766,true,true
13.9578,true,true
1.9886,true,true
1.9762,true,true
6.7764,true,false
1.2652,true,true
0.7682,true,true
1.4866,true,true
1.0370,true,true
1.6785,true,true
1.8819,true,true
1.3499,true,true
3.7524,true,true
10.1521,true,true
4.9794,true,true
1.6709,true,true
7.0224,true,false
1.3233,true,true
0.9253,true,true
2.1933,true,true
0.9452,true,true
1.6343,true,true
14.3475,true,true
9.7775,true,false
3.6108,true,true
3.3649,true,true
0.7523,true,true
7.3513,true,true
2.2375,true,true
2.1549,true,true
9.2789,true,true
1.7855,true,true
4.1663,true,true
2.1888,true,true
0.8317,true,true
1.3454,true,true
0.9053,true,true
1.6135,true,true
1.2369,true,true
5.8947,true,true
2.9940,true,true
9.9662,true,true
7.7625,true,true
1.7006,true,true
1.3698,true,true
1.8490,true,true
1.3314,true,false
1.0215,true,true
10.9837,true,true
3.6688,true,false
1.3550,true,true
2.5679,true,false
1.7319,true,true
1.3136,true,true
0.9863,true,true
1.7871,true,true
1.3511,true,true
1.7113,true,true
2.3793,true,true
3.5020,true,false
1.1812,true,true
0.8620,true,true
3.3390,true,true
7.3027,true,true
6.1616,true,true
1.6891,true,true
1.4726,true,true
6.6425,true,true
0.9589,true,true
4.4853,true,true
1.3178,true,true
1.0725,true,true
1.6875,true,true
5.9790,true,true
2.2846,true,true
0.9522,true,true
4.8279,true,true
9.3075,true,true
4.4964,true,true
1.6404,true,true
6.6170,true,false
2.6809,true,false
1.2706,true,true
3.2153,true,true
7.2954,true,true
5.1054,true,true
7.3375,true,true
8.7485,true,true
4.3723,true,true
3.0578,true,true
18.4470,true,true
1.2496,true,true
7.7886,true,true
1.0694,true,true
1.6081,true,true
1.1514,true,true
3.4792,true,true
16.3253,true,true
13.5071,true,true
2.0443,true,true
1.7293,true,true
17.4677,true,true
1.6260,true,true
3.6828,true,false
1.2684,true,true
0.7876,true,true
3.7083,true,true
1.3498,true,true
0.8095,true,true
1.4637,true,true
2.8987,true,true
24.2158,true,true
1.0760,true,true
9.7566,true,true
1.8950,true,true
4.0399,true,false
7.4995,true,true
3.3396,true,true
2.5616,true,true
1.3949,true,true
6.8233,true,true
1.3845,true,true
4.0480,true,false
1.6144,true,true
3.3200,true,false
2.9249,true,false
1.6322,true,true
1.6423,true,true
3.3632,true,true
16.2828,true,true
1.4148,true,true
4.6580,true,true
2.9773,true,false
7.8287,true,false
1.8247,true,true
1.5744,true,true
6.7264,true,true
2.5499,true,true
3.8358,true,true
7.3643,true,true
1.6327,true,true
1.8642,true,true
10.4453,true,true
4.9427,true,true
2.1446,true,true
1.7103,true,true
1.7940,true,true
8.0687,true,true
5.9014,true,false
2.8317,true,true
1.6829,true,true
19.4830,true,true
1.4009,true,true
0.8762,true,true
5.8244,true,true
4.1124,true,true
1.7897,true,true
8.1649,true,true
2.4697,true,true
1.0009,true,true
1.4921,true,true
1.4968,true,true
8.5750,true,true
1.5387,true,true
2.5550,true,true
1.5864,true,true
8.8566,true,true
5.9334,true,false
1.8568,true,true
2.9275,true,true
5.4263,true,false
0.7179,true,true
1.1037,true,true
1.6683,true,false
9.2098,true,true
5.2357,true,false
4.7257,true,true
1.3828,true,false
7.0679,true,false
1.0671,true,true
2.3795,true,true
5.1360,true,true
7.1862,true,true
6.8823,true,false
1.2267,true,true
0.7211,true,true
1.3249,true,true
1.5695,true,true
3.7104,true,true
4.6293,true,true
1.1605,true,true
2.2715,true,true
3.0322,true,true
7.0626,true,false
2.7964,true,true
2.6825,true,true
1.7783,true,true
6.6742,true,false
3.2090,true,true
0.7726,true,true
1.5930,true,true
4.9520,true,true
22.9794,true,true
6.3927,true,true
7.7983,true,true
7.6452,true,true
1.0605,true,true
9.7148,true,true
1.6268,true,true
1.3688,true,true
5.4586,true,true
1.0183,true,true
6.1127,true,false
6.0023,true,false
1.4218,true,true
4.1947,true,true
0.6360,true,true
1.3483,true,true
1.0686,true,true
1.7350,true,true
5.5952,true,false
6.6038,true,true
0.9299,true,true
5.0606,true,true
15.3045,true,true
3.2699,true,false
1.3559,true,true
2.5477,true,true
4.9449,true,false
3.2599,true,false
2.5347,true,true
3.5063,true,true
1.1775,true,true
3.8091,true,true
2.9919,true,true
5.4486,true,true
1.4230,true,true
6.4577,true,true
1.3010,true,true
4.0324,true,true
1.4180,true,true
1.5806,true,true
3.4998,true,false
1.7684,true,true
2.0113,true,true
5.8811,true,true
7.0409,true,true
6.3133,true,true
2.9545,true,true
1.6391,true,true
1.3178,true,true
0.8725,true,true
1.5627,true,true
1.9953,true,true
1.5533,true,true
2.8862,true,true
13.5081,true,true
8.0180,true,true
5.6063,true,true
1.0796,true,true
1.6780,true,true
7.2215,true,true
3.5309,true,true
5.1401,true,false
4.7483,true,true
5.2814,true,true
7.6799,true,true
2.0470,true,true
3.9004,true,true
4.5856,true,false
1.1031,true,true
1.7027,true,true
2.1352,true,true
4.5941,true,true
2.7803,true,true
1.7225,true,true
1.2947,true,true
5.4693,true,false
25.6028,true,true
1.4464,true,true
3.3605,true,true
1.0109,true,true
2.4174,true,true
6.6732,true,true
1.0173,true,true
1.8036,true,true
2.8485,true,true
1.6755,true,true
1.1216,true,true
2.4816,true,true
1.1148,true,true
3.2916,true,true
4.3387,true,true
0.9747,true,true
3.2348,true,true
4.8230,true,true
3.7487,true,false
6.2534,true,false
2.3678,true,true
10.9079,true,true
1.2386,true,true
11.0185,true,true
1.4049,true,true
1.0223,true,true
1.7494,true,false
19.5475,true,true
7.4776,true,true
1.8889,true,true
7.3054,true,true
1.5222,true,true
1.0530,true,true
3.0303,true,true
6.9571,true,true
1.3214,true,true
6.4631,true,true
3.0320,true,true
12.6505,true,true
0.8888,true,true
3.6713,true,true
1.3528,true,true
7.8429,true,true
4.4972,true,true
8.2286,true,false
4.9788,true,true
3.9496,true,false
5.7791,true,false
1.3154,true,true
1.0444,true,true
2.2596,true,true
0.9793,true,true
6.4699,true,true
13.4626,true,true
3.7469,true,true
1.8750,true,true
1.4302,true,true
1.1654,true,true
7.2997,true,true
2.3966,true,true
19.7480,true,true
6.0285,true,false
1.5373,true,true
1.2621,true,true
5.4190,true,true
5.3730,true,false
2.4780,true,true
3.3753,true,true
1.7588,true,true
1.3513,true,true
0.7537,true,true
1.5086,true,true
4.2349,true,true
0.5828,true,true
1.2887,true,true
3.1833,true,true
3.1838,true,false
7.3725,true,false
2.2014,true,true
7.4976,true,true
4.4092,true,false
1.1196,true,true
2.3597,true,true
1.5774,true,true
1.9913,true,true
1.6950,true,true
7.8977,true,false
14.7271,true,true
6.6295,true,true
3.0545,true,true
1.7903,true,true
1.7442,true,true
1.4604,true,true
2.8740,true,false
1.3918,true,true
0.8229,true,true
6.3012,true,true
2.0902,true,true
11.0097,true,true
2.7990,true,true
5.1316,true,true
1.7403,true,true
1.3983,true,true
0.7866,true,true
1.4440,true,true
4.2742,true,false
2.2023,true,true
9.8325,true,true
2.4511,true,true
0.9558,true,true
1.5125,true,true
2.7270,true,true
2.8128,true,true
1.4857,true,true
2.3276,true,true
0.9039,true,true
1.4760,true,true
1.1359,true,true
6.6193,true,true
0.9785,true,true
1.3774,true,true
0.9477,true,true
6.2486,true,false
3.2925,true,true
2.5090,true,true
6.4918,true,true
2.4878,true,true
3.0567,true,true
1.5003,true,false
10.6757,true,true
9.3083,true,true
8.8334,true,true
10.6062,true,true
4.6604,true,true
3.2837,true,true
0.9914,true,true
2.6453,true,true
1.0769,true,true
11.9110,true,true
2.9754,true,true
5.3252,true,true
3.6452,true,true
1.1449,true,true
2.2954,true,true
7.1868,true,true
1.5112,true,true
3.1902,true,true
4.2077,true,true
2.7166,true,true
1.3590,true,true
0.9256,true,false
7.6929,true,true
1.5739,true,true
4.3082,true,false
1.0044,true,true
2.3641,true,true
1.1155,true,true
1.5903,true,true
1.2050,true,true
2.6742,true,true
18.0042,true,true
1.9032,true,false
13.6889,true,true
4.8729,true,true
1.5348,true,true
7.3607,true,true
1.1350,true,true
3.1608,true,true
1.8214,true,true
17.4020,true,true
2.1903,true,true
4.1251,true,true
3.3432,true,true
8.0751,true,true
6.4807,true,true
8.5014,true,true
5.5671,true,true
6.5253,true,true
2.0718,true,true
4.8704,true,false
6.7288,true,false
2.6277,true,true
2.7305,true,true
4.5118,true,true
5.6806,true,true
2.4922,true,true
1.1823,true,true
1.9584,true,true
3.2056,true,false
2.6343,true,true
12.0528,true,true
2.9241,true,true
1.9021,true,true
3.8711,true,true
1.5017,true,true
1.2793,true,true
3.6132,true,true
6.9506,true,true
3.9184,true,false
2.1580,true,true
0.6488,true,true
1.2961,true,true
0.7500,true,true
7.0653,true,true
2.9055,true,true
1.5935,true,true
1.1552,true,true
4.4619,true,true
3.6081,true,true
5.4912,true,true
6.8226,true,true
2.0186,true,true
8.9686,true,true
4.5748,true,false
3.1170,true,false
1.8450,true,true
2.2335,true,true
6.2965,true,true
3.4506,true,true
5.0927,true,true
3.8908,true,false
3.0588,true,true
7.6954,true,true
1.7907,true,true
3.8135,true,false
2.0054,true,true
1.7300,true,true
2.5352,true,false
10.0774,true,true
5.5920,true,false
1.0246,true,true
3.1070,true,true
3.2919,true,true
0.9028,true,true
5.8770,true,true
1.4654,true,true
4.6047,true,true
11.4813,true,true
4.5708,true,false
2.6422,true,false
2.9587,true,true
7.1590,true,true
2.6705,true,true
13.0970,true,true
4.1934,true,false
0.8130,true,true
6.0985,true,false
4.0135,true,true
1.6559,true,true
8.8736,true,true
3.2080,true,false
1.5149,true,true
10.3441,true,true
7.3513,true,true
5.7669,true,false
2.8141,true,true
1.4744,true,true
1.3020,true,true
6.1905,true,true
2.3317,true,true
8.7605,true,true
1.1692,true,true
2.2689,true,true
1.0550,true,true
7.8175,true,true
1.5705,true,true
1.1167,true,true
2.3717,true,true
1.0317,true,true
1.7844,true,true
7.3715,true,false
3.6429,true,true
2.2889,true,true
2.5986,true,true
1.2388,true,true
3.8606,true,true
1.5996,true,true
1.0979,true,true
12.9608,true,false
2.5141,true,true
1.5741,true,true
1.2437,true,true
0.8906,true,true
1.5348,true,true
7.7886,true,true
4.1158,true,true
2.8047,true,true
9.4449,true,true
8.4005,true,true
4.3953,true,false
1.1226,true,true
10.0123,true,true
7.3768,true,true
1.1642,true,true
4.8668,true,false
1.6345,true,true
2.7876,true,true
9.2591,true,true
2.0633,true,true
3.6609,true,true
1.3560,true,true
0.8704,true,true
1.3358,true,true
2.8104,true,true
2.5737,true,true
6.5124,true,false
0.9075,true,true
4.1242,true,true
1.8004,true,true
2.2048,true,true
3.9744,true,false
1.5155,true,true
1.0667,true,true
3.7409,true,false
1.2998,true,true
0.7963,true,true
6.9884,true,false
1.3783,true,true
1.9370,true,false
12.1710,true,true
3.6665,true,false
3.1050,true,true
1.7365,true,true
1.4804,true,true
5.8150,true,true
3.5764,true,false
1.2383,true,true
1.0050,true,true
1.6671,true,true
1.3910,true,true
0.8178,true,true
4.1932,true,false
0.7056,true,true
5.4846,true,true
5.1801,true,true
3.9637,true,false
3.1152,true,true
1.5980,true,true
1.2373,true,true
1.6406,true,true
5.8136,true,false
7.8587,true,true
7.1553,true,true
3.4832,true,false
1.0348,true,true
9.1496,true,true
5.8028,true,false
3.0224,true,false
3.4851,true,true
3.2114,true,true
3.9961,true,true
17.0475,true,true
7.3619,true,true
6.0015,true,true
3.0694,true,true
1.7682,true,true
1.3785,true,true
6.8897,true,true
4.5298,true,true
2.9739,true,true
5.3802,true,true
0.8485,true,true
1.3914,true,true
0.9572,true,true
2.9013,true,true
1.3025,true,true
0.9672,true,true
7.7617,true,false
7.1358,true,false
1.5857,true,true
27.0670,true,true
1.7094,true,true
4.1172,true,true
10.9474,true,true
3.8372,true,true
1.2380,true,true
1.8619,true,true
10.0309,true,true
3.8044,true,false
1.3694,true,true
5.0467,true,false
2.4481,true,true
2.2708,true,false
0.9250,true,true
9.0682,true,true
7.0502,true,true
1.7274,true,true
1.2741,true,true
1.3188,true,true
0.9031,true,true
2.8899,true,false
1.5294,true,true
1.1566,true,true
4.1923,true,true
0.7752,true,true
1.9903,true,true
6.2110,true,false
10.8524,true,true
6.2653,true,true
5.7917,true,true
4.1397,true,true
1.9086,true,true
3.1210,true,true
22.3016,true,true
6.0532,true,false
2.0470,true,true
5.4210,true,true
1.0063,true,true
5.7854,true,true
1.2758,true,true
4.9577,true,true
11.9398,true,true
1.0748,true,true
3.4071,true,true
3.2992,true,false
5.0305,true,true
1.6092,true,true
1.2613,true,true
0.8423,true,true
4.7139,true,true
1.3196,true,true
3.8682,true,false
1.4750,true,true
1.2445,true,true
2.2029,true,true
1.5811,true,true
6.4501,true,true
8.3032,true,true
5.3396,true,false
1.1178,true,true
23.5295,true,true
6.9551,true,true
2.6820,true,true
1.3120,true,true
8.3690,true,true
3.7564,true,true
3.6639,true,true
4.4769,true,false
13.9358,true,true
3.2325,true,true
4.8113,true,true
3.8510,true,true
9.1798,true,true
5.7567,true,true
1.7916,true,true
1.4769,true,true
4.3282,true,true
0.9134,true,true
5.6798,true,false
1.6559,true,true
6.9321,true,true
3.1366,true,false
11.4928,true,true
5.2373,true,false
1.0407,true,true
14.9969,true,true
0.9014,true,true
1.5092,true,true
1.4593,true,true
8.7119,true,true
8.1992,true,true
6.2179,true,false
6.2961,true,true
0.6599,true,true
1.1927,true,true
8.0700,true,true
5.8532,true,false
3.1115,true,true
1.6123,true,true
3.3217,true,true
0.8508,true,true
1.5360,true,true
3.5751,true,true
1.2405,true,true
1.9909,true,true
2.0698,true,true
1.6150,true,true
4.0686,true,true
11.2554,true,true
6.4443,true,true
6.3515,true,true
1.2364,true,true
8.3416,true,true
6.0703,true,false
1.5716,true,true
1.1332,true,true
2.9316,true,true
1.5215,true,true
1.0660,true,true
1.7405,true,true
1.3256,true,true
13.3041,true,false
9.0374,true,true
3.7180,true,true
1.2401,true,true
2.4673,true,true
5.4941,true,true
5.4194,true,false
0.8067,true,true
1.3830,true,true
0.9353,true,true
2.3294,true,true
2.5444,true,true
1.2888,true,true
0.9235,true,true
6.9355,true,true
1.8900,true,true
2.7568,true,true
5.2187,true,true
3.8696,true,true
5.7574,true,false
1.1302,true,true
1.6167,true,true
5.2321,true,true
0.7250,true,true
1.2686,true,true
6.8336,true,true
7.4994,true,true
1.2537,true,true
7.2942,true,true
2.6852,true,true
3.0716,true,true
6.7749,true,true
6.5895,true,true
3.8013,true,true
6.3901,true,true
3.3706,true,false
1.0402,true,true
5.1927,true,true
0.7379,true,true
1.4043,true,true
2.6388,true,true
3.1224,true,true
3.3014,true,true
1.3988,true,true
2.8854,true,true
10.9433,true,true
1.4116,true,true
5.2130,true,true
1.3945,true,true
0.8371,true,false
1.3543,true,true
1.4614,true,true
3.8480,true,true
1.5097,true,true
1.5611,true,true
1.0129,true,true
15.9854,true,true
2.6105,true,true
4.7376,true,true
2.1707,true,true
1.5228,true,true
1.2935,true,true
6.2350,true,true
0.7878,true,true
1.5737,true,true
5.6449,true,false
1.5070,true,true
0.9695,true,true
1.6693,true,true
1.2459,true,true
4.8983,true,true
1.3364,true,true
0.9192,true,true
3.5774,true,true
1.2101,true,true
7.8613,true,false
4.0689,true,true
5.4709,true,true
0.9665,true,true
2.7375,true,false
3.0493,true,true
1.7257,true,true
3.2144,true,true
5.7777,true,false
1.3380,true,true
2.2199,true,true
3.9884,true,true
2.8231,true,true
3.4526,true,false
2.5886,true,true
7.0582,true,false
3.3169,true,true
1.7047,true,true
1.3956,true,true
2.5830,true,true
4.8569,true,true
7.4823,true,true
6.6440,true,false
4.4539,true,true
1.1188,true,true
1.6126,true,true
1.7673,true,true
1.4990,true,true
1.1072,true,true
4.6775,true,false
5.3715,true,false
1.7098,true,false
8.2776,true,true
15.8535,true,true
0.7985,true,true
2.8441,true,false
1.3329,true,true
5.5901,true,false
16.2695,true,true
6.8481,true,false
9.3803,true,true
5.7649,true,false
1.3664,true,true
1.8620,true,true
1.3751,true,true
4.5993,true,true
1.6997,true,true
1.8678,true,true
6.0672,true,true
7.8801,true,false
5.3292,true,true
0.8393,true,true
1.3529,true,true
1.2699,true,true
0.9287,true,true
1.5420,true,true
2.9430,true,true
1.9631,true,true
4.9875,true,true
1.6795,true,true
6.2808,true,false
1.0934,true,true
1.8728,true,true
7.4067,true,true
1.8255,true,true
1.9453,true,true
1.3344,true,true
3.9099,true,false
2.7563,true,true
1.2908,true,false
0.7862,true,true
1.2864,true,true
1.0487,true,false
1.5976,true,true
1.2230,true,true
0.6510,true,true
2.4700,true,true
9.8274,true,true
3.8056,true,true
1.9933,true,true
6.0692,true,false
1.5057,true,true
4.3104,true,true
1.0694,true,true
1.9091,true,true
10.2311,true,false
1.7675,true,true
2.6793,true,true
8.9972,true,true
1.5158,true,true
7.8471,true,true
1.2489,true,true
2.6362,true,true
1.8142,true,true
2.5453,true,false
4.1445,true,true
1.7095,true,true
3.9533,true,true
4.5150,true,true
3.8523,true,true
3.2995,true,true
3.9144,true,false
3.9847,true,true
1.6214,true,true
1.1873,true,true
2.1489,true,true
10.1057,true,true
5.1085,true,true
1.5366,true,false
2.7464,true,true
5.4239,true,false
1.1664,true,true
10.3511,true,true
4.5512,true,true
3.1381,true,false
1.7279,true,true
1.8050,true,true
10.9737,true,true
6.5377,true,true
0.8153,true,false
1.3697,true,true
10.6127,true,true
7.0632,true,true
5.6856,true,false
2.6187,true,false
1.0526,true,true
1.6188,true,true
1.2310,true,true
6.4042,true,true
1.9841,true,true
1.5926,true,true
2.9072,true,true
1.5122,true,true
9.5905,true,true
2.3523,true,true
3.3429,true,false
0.9305,true,true
1.4475,true,true
8.4769,true,true
5.2816,true,true
0.7912,true,true
3.1329,true,false
1.8297,true,true
1.3602,true,true
1.5632,true,true
1.1159,true,true
3.1055,true,false
5.7278,true,true
7.4688,true,true
6.8137,true,false
0.5871,true,true
3.5650,true,true
5.8234,true,true
2.4565,true,true
8.2083,true,true
1.5578,true,true
8.0436,true,false
1.2370,true,true
6.5401,true,true
0.8966,true,true
1.4734,true,true
2.5871,true,true
3.8147,true,true
4.3737,true,false
9.0873,true,false
3.1712,true,true
9.1506,true,true
4.9725,true,true
14.1564,true,true
1.6792,true,true
1.2466,true,true
4.4285,true,false
0.8852,true,true
1.9322,true,true
5.6847,true,true
1.2825,true,true
8.4772,true,true
1.7974,true,true
1.3175,true,true
1.5022,true,true
4.2506,true,false
0.6209,true,true
6.6846,true,true
1.0523,true,true
6.8036,true,false
4.6378,true,true
1.2125,true,true
4.0310,true,true
1.6192,true,true
3.2416,true,false
2.2838,true,true
4.9786,true,false
6.7325,true,true
1.0322,true,true
1.4687,true,true
7.2990,true,true
2.1381,true,false
2.1479,true,true
9.0497,true,true
4.3698,true,true
10.9839,true,true
2.4319,true,false
0.9241,true,true
1.5483,true,true
1.0817,true,true
1.6420,true,true
4.0703,true,true
11.4185,true,true
1.6999,true,true
1.1723,true,true
2.1448,true,true
3.0036,true,true
1.6007,true,true
1.0852,true,true
3.1569,true,false
4.0006,true,true
1.3934,true,true
3.3463,true,true
10.9004,true,true
2.6969,true,true
3.7031,true,false
1.2905,true,true
1.5992,true,true
10.2218,true,true
3.5207,true,true
9.9935,true,true
6.7443,true,true
5.3270,true,false
3.7540,true,true
1.2757,true,true
0.7924,true,true
2.4999,true,true
5.3973,true,true
0.9474,true,true
2.1438,true,true
3.4144,true,true
1.1173,true,true
3.1040,true,true
10.7583,true,true
1.9835,true,true
1.6304,true,true
4.6373,true,false
4.4170,true,true
2.3333,true,false
0.8771,true,true
3.8101,true,false
9.4917,true,false
6.1064,true,false
4.6439,true,false
1.9320,true,true
2.0328,true,true
15.9197,true,true
7.0594,true,true
0.8902,true,true
2.8359,true,false
1.5327,true,true
7.6217,true,true
4.2704,true,true
3.9917,true,false
6.5978,true,true
1.0075,true,true
8.6211,true,true
5.9071,true,true
1.3733,true,true
0.9594,true,true
3.7726,true,true
1.3811,true,true
1.2389,true,true
0.8396,true,true
1.4509,true,true
4.2256,true,true
0.8814,true,true
3.1684,true,false
3.6891,true,false
1.2251,true,true
7.7875,true,true
1.2629,true,true
7.6084,true,true
1.0117,true,true
6.2800,true,false
0.6914,true,true
7.1559,true,false
7.3692,true,true
1.7639,true,true
1.5104,true,true
3.5268,true,true
1.1211,true,true
3.0691,true,true
5.2562,true,true
10.9107,true,true
1.2661,true,true
7.6732,true,false
0.8685,true,true
1.6703,true,true
7.7615,true,true
6.3190,true,true
5.7130,true,true
4.7753,true,true
1.3047,true,true
2.5598,true,true
1.1045,true,true
1.1967,true,true
0.6639,true,true
6.7507,true,true
1.5958,true,true
15.1125,true,true
4.1833,true,false
7.4039,true,false
1.6999,true,true
1.9880,true,true
3.2971,true,true
2.4697,true,false
1.6883,true,true
1.3786,true,true
0.7834,true,false
1.4798,true,true
0.9632,true,true
1.5485,true,true
1.1609,true,true
8.7954,true,true
1.1592,true,true
0.6719,true,true
1.8568,true,true
10.7697,true,true
2.4985,true,true
5.4976,true,true
12.2622,true,true
2.7421,true,true
3.5326,true,true
1.1981,true,true
0.6558,true,true
4.3550,true,false
1.0137,true,true
5.1979,true,true
0.6047,true,true
1.9339,true,true
3.0167,true,true
3.0530,true,true
2.2180,true,true
1.2217,true,true
1.4634,true,true
2.5391,true,true
1.1244,true,true
6.5643,true,true
1.3590,true,true
0.8570,true,true
1.2445,true,true
0.8994,true,true
2.0948,true,true
8.6891,true,true
3.5878,true,false
4.4172,true,false
2.4740,true,true
1.0327,true,true
4.3387,true,false
3.7628,true,true
13.6298,true,true
4.5024,true,true
0.9799,true,true
1.6231,true,true
4.8009,true,true
8.8704,true,true
6.0964,true,true
3.2925,true,true
4.0247,true,true
4.3376,true,true
2.3905,true,true
3.8115,true,false
3.8375,true,false
1.5305,true,true
3.6790,true,true
2.9323,true,true
6.7122,true,true
2.5413,true,true
9.8185,true,false
6.9639,true,true
2.0879,true,false
2.5704,true,true
3.0325,true,true
4.2979,true,false
2.5707,true,true
4.7216,true,false
1.3135,true,true
0.8741,true,true
3.7749,true,false
5.0059,true,true
1.4978,true,true
7.1988,true,false
5.7339,true,true
11.4872,true,false
9.8555,true,true
4.3535,true,true
25.6091,true,true
3.0919,true,true
1.6762,true,true
1.3384,true,true
2.7308,true,true
1.9809,true,true
6.2297,true,true
2.5599,true,true
10.2049,true,true
1.6601,true,true
6.9114,true,true
1.1342,true,true
1.7769,true,true
2.0251,true,true
9.1545,true,true
2.9631,true,true
6.7914,true,true
1.6278,true,true
1.2171,true,true
3.2951,true,false
0.9648,true,true
1.7259,true,true
1.3248,true,true
5.3795,true,true
3.1787,true,true
2.6874,true,true
1.3365,true,true
1.0670,true,true
1.7374,true,true
3.3012,true,true
4.5219,true,true
1.0722,true,true
1.7849,true,true
1.3894,true,true
0.9104,true,true
1.5231,true,true
1.0432,true,true
5.5802,true,true
1.3732,true,true
1.1687,true,true
0.8149,true,true
1.5917,true,true
1.2249,true,true
4.0295,true,true
1.5913,true,true
1.0315,true,true
4.6606,true,true
1.1514,true,true
4.4787,true,true
3.8840,true,true
3.1830,true,true
23.2594,true,true
1.8324,true,true
7.2328,true,false
1.4291,true,true
2.4835,true,true
0.9781,true,true
8.3717,true,true
2.2896,true,true
8.5932,true,false
3.7079,true,false
3.2327,true,true
0.8173,true,true
2.0535,true,true
1.8417,true,true
8.3101,true,true
1.6466,true,false
2.8193,true,true
1.8911,true,true
7.4303,true,true
1.0434,true,true
14.0984,true,true
1.8650,true,true
3.4776,true,true
0.9887,true,true
7.2387,true,true
1.9472,true,true
4.7480,true,true
2.0037,true,true
1.5700,true,true
12.6316,true,true
1.8103,true,true
3.3785,true,true
1.1008,true,true
6.3327,true,true
2.1136,true,true
1.9353,true,true
1.6357,true,false
2.0234,true,true
1.6652,true,true
1.8888,true,true
1.5853,true,true
5.7269,true,false
1.2565,true,true
5.2893,true,true
4.0319,true,true
1.4626,true,true
4.8237,true,false
11.7788,true,true
5.9833,true,false
2.9825,true,true
1.6314,true,true
3.3061,true,true
0.8011,true,true
5.6312,true,true
1.7091,true,true
3.5388,true,true
1.2188,true,true
1.3892,true,true
3.6685,true,false
3.2389,true,true
0.7871,true,true
1.3694,true,true
9.0310,true,false
4.8800,true,true
3.1626,true,true
1.8854,true,false
1.9264,true,true
4.1004,true,false
1.5978,true,true
1.0832,true,true
2.3813,true,true
0.8970,true,true
2.3277,true,true
2.4538,true,true
1.4913,true,true
7.4405,true,false
9.0516,true,true
10.1869,true,true
2.7307,true,true
11.1843,true,true
4.7809,true,true
4.7216,true,true
1.4494,true,true
1.0723,true,true
5.1865,true,true
1.8815,true,true
10.6814,true,true
1.5309,true,true
10.9714,true,true
1.9356,true,true
2.3421,true,true
4.7628,true,false
1.5481,true,true
5.2502,true,false
0.7049,true,true
1.9552,true,true
2.0968,true,true
1.6320,true,true
1.1799,true,false
3.2135,true,true
9.6877,true,false
5.1259,true,true
1.7234,true,true
1.3109,true,true
1.0777,true,true
2.2767,true,true
0.7809,true,true
10.0656,true,true
5.8898,true,true
8.6468,true,true
4.1269,true,false
6.3749,true,true
1.8097,true,true
4.5433,true,false
1.2839,true,true
1.0241,true,true
2.5038,true,true
1.2587,true,true
2.7993,true,true
1.4872,true,true
1.7172,true,true
8.6181,true,true
15.5473,true,true
4.1137,true,true
1.8377,true,true
4.3142,true,true
0.7636,true,true
2.0085,true,true
4.9920,true,true
1.4772,true,true
1.1334,true,true
0.6762,true,true
3.1745,true,false
8.0783,true,true
6.7655,true,true
1.2414,true,true
2.4448,true,false
1.8586,true,true
4.0630,true,true
4.0122,true,true
11.5848,true,true
5.1318,true,true
2.3068,true,true
0.8762,true,true
2.3960,true,true
1.1772,true,true
2.4374,true,true
7.3118,true,false
1.1349,true,false
1.8258,true,true
1.7164,true,true
4.4663,true,true
1.1063,true,true
7.4599,true,true
4.2500,true,true
1.6189,true,true
1.3902,true,true
1.5891,true,true
9.5569,true,true
8.8298,true,true
1.2465,true,true
0.9455,true,true
19.3926,true,true
3.0516,true,true
1.8363,true,true
1.3280,true,true
5.1544,true,false
0.6013,true,true
1.3777,true,true
2.6032,true,true
16.8515,true,true
0.8818,true,true
1.8598,true,true
1.3792,true,true
1.6338,true,true
5.6055,true,true
1.0328,true,true
1.3902,true,true
2.9512,true,true
1.7832,true,true
4.9926,true,false
1.5796,true,true
1.2001,true,true
5.3419,true,false
18.2446,true,true
1.6882,true,true
1.3497,true,true
8.0831,true,true
5.8825,true,true
3.8084,true,true
2.0923,true,true
1.5453,true,true
0.9754,true,true
3.8705,true,true
2.2272,true,true
3.1844,true,false
4.7960,true,true
1.3789,true,false
0.8749,true,true
3.8858,true,true
3.2473,true,false
0.7411,true,true
2.7166,true,true
3.2419,true,true
0.7519,true,true
3.9943,true,false
7.4721,true,false
5.3715,true,false
0.7351,true,true
1.3270,true,true
2.2710,true,true
2.4127,true,true
1.2209,true,true
4.1401,true,true
2.7741,true,true
9.6896,true,true
3.5591,true,true
1.6994,true,true
1.1940,true,true
2.1043,true,true
3.2960,true,true
12.4499,true,true
3.3941,true,true
5.3156,true,true
0.7350,true,true
1.2100,true,true
2.0901,true,true
1.6100,true,true
1.2883,true,true
1.8753,true,false
10.0388,true,true
6.7592,true,true
1.6804,true,true
1.1449,true,true
8.2041,true,true
1.5284,true,true
4.3642,true,true
0.9842,true,true
1.5956,true,true
1.2144,true,true
3.9936,true,false
1.4751,true,true
0.9767,true,true
1.6894,true,true
1.3398,true,true
5.2047,true,false
0.6101,true,false
4.6835,true,true
6.2324,true,false
1.6314,true,true
1.7713,true,true
5.4852,true,true
1.0800,true,true
1.6302,true,true
1.1626,true,true
4.4615,true,true
4.9861,true,false
1.6089,true,true
4.2240,true,false
1.1283,true,true
10.7569,true,true
1.1090,true,true
1.7589,true,true
4.9139,true,false
2.0450,true,true
1.7601,true,true
1.2534,true,true
0.5934,true,true
1.2215,true,true
0.8380,true,true
2.9952,true,true
4.2119,true,false
0.8965,true,true
3.1735,true,true
0.7896,true,true
21.0457,true,true
2.3265,true,true
1.0441,true,true
14.3366,true,true
1.3895,true,true
2.9109,true,true
1.4888,true,true
1.6974,true,true
3.1397,true,true
7.6410,true,true
1.7981,true,true
1.2598,true,true
10.9860,true,true
1.3529,true,true
3.7056,true,true
3.6350,true,true
1.3242,true,true
1.0061,true,true
1.5740,true,true
1.1302,true,true
2.3481,true,true
2.3919,true,true
1.0840,true,true
4.9592,true,true
3.2940,true,true
5.6897,true,false
2.0911,true,true
1.6130,true,false
2.7380,true,true
5.8109,true,true
2.5946,true,true
5.1863,true,false
8.2226,true,true
7.7526,true,true
3.7163,true,true
11.5803,true,true
0.8937,true,true
4.5772,true,false
4.1433,true,false
6.8057,true,true
7.1145,true,false
1.3464,true,true
8.9795,true,true
1.6911,true,true
1.2229,true,true
8.4508,true,true
4.3750,true,true
1.6618,true,true
1.3204,true,true
2.6213,true,true
1.7023,true,true
1.2708,true,true
2.5692,true,true
1.2088,true,true
0.6060,true,true
7.1545,true,true
1.2350,true,true
0.8362,true,true
3.9951,true,true
5.9788,true,false
1.8683,true,true
4.0248,true,true
2.7767,true,false
9.1851,true,true
7.0317,true,false
1.4259,true,true
1.0064,true,true
3.7340,true,true
7.2629,true,false
3.5472,true,true
7.2564,true,true
4.8835,true,true
1.3291,true,true
0.8292,true,true
1.7697,true,true
1.4363,true,true
0.9253,true,true
4.2277,true,false
9.8778,true,true
5.0148,true,true
19.7643,true,true
6.5524,true,true
0.7954,true,true
5.9775,true,false
2.5947,true,false
4.9492,true,true
4.2562,true,true
0.8240,true,true
4.5951,true,true
1.3679,true,true
9.8771,true,true
1.1820,true,true
0.5635,true,true
2.8375,true,false
1.4430,true,true
6.5900,true,false
3.2138,true,false
10.6787,true,true
4.8624,true,false
1.4753,true,true
5.9963,true,false
3.9435,true,false
4.3775,true,true
12.6993,true,true
4.4867,true,false
2.7642,true,false
3.7122,true,false
2.7277,true,true
3.7510,true,false
3.0886,true,true
5.1559,true,true
0.6726,true,true
5.1938,true,true
12.4763,true,true
7.9832,true,true
2.8641,true,true
5.1122,true,false
1.6557,true,true
1.1554,true,true
1.7278,true,true
3.3114,true,true
10.9628,true,true
1.3027,true,true
0.7541,true,true
2.1904,true,true
1.6033,true,false
1.1991,true,true
1.0553,true,true
2.2340,true,true
5.2358,true,false
0.6431,true,true
2.7364,true,true
3.6629,true,false
1.1891,true,true
0.7938,true,true
1.3785,true,true
0.8676,true,true
3.3061,true,true
0.9169,true,true
1.6024,true,true
3.2688,true,true
12.9246,true,true
1.2206,true,true
8.3022,true,true
1.7559,true,true
8.2430,true,false
2.0500,true,true
5.6984,true,true
3.4287,true,false
2.4761,true,true
1.0831,true,true
1.6792,true,true
2.5719,true,true
10.4789,true,true
3.0542,true,false
10.6396,true,true
2.5254,true,true
1.1670,true,true
2.0737,true,true
4.9154,true,false
2.2921,true,true
18.0228,true,true
1.7238,true,true
2.5921,true,true
9.3091,true,true
3.5876,true,true
5.3693,true,true
13.4476,true,true
8.5280,true,true
5.8580,true,false
1.3219,true,true
6.2988,true,true
2.8264,true,true
7.0513,true,true
1.5959,true,true
16.2940,true,true
2.6469,true,true
2.0429,true,true
3.4926,true,true
1.1220,true,true
6.2462,true,true
2.3763,true,true
2.4296,true,false
0.9025,true,true
1.5619,true,false
5.8197,true,false
1.3289,true,true
5.0318,true,true
4.8161,true,true
2.9875,true,true
6.6831,true,false
3.5024,true,true
2.7491,true,true
1.5525,true,true
1.8160,true,true
1.5371,true,true
1.0985,true,true
6.4788,true,true
3.0329,true,true
1.6647,true,false
9.1448,true,true
3.7822,true,true
2.6018,true,true
17.1205,true,true
2.7138,true,true
6.4318,true,true
7.5612,true,false
1.3717,true,true
2.8301,true,true
2.0691,true,true
1.6875,true,true
3.8148,true,true
2.9362,true,true
5.9993,true,false
7.6933,true,false
7.0527,true,true
1.1067,true,true
2.9645,true,true
2.8434,true,true
9.5038,true,false
3.4987,true,true
1.1419,true,true
1.3051,true,true
0.9010,true,true
6.3546,true,false
2.2349,true,true
0.7356,true,true
3.3355,true,true
3.6789,true,true
1.7346,true,true
1.3058,true,true
7.6217,true,true
16.5931,true,true
2.1702,true,true
14.2314,true,true
3.0157,true,true
9.8287,true,true
6.7792,true,true
0.9797,true,false
1.4775,true,true
6.2228,true,true
1.6786,true,true
1.8117,true,true
2.4944,true,true
3.9280,true,true
4.3672,true,true
10.2780,true,true
1.6210,true,true
8.0630,true,false
10.1122,true,true
7.5359,true,true
2.8376,true,true
1.4924,true,true
5.1232,true,true
3.8115,true,false
1.5602,true,true
6.6222,true,false
2.3695,true,true
3.9023,true,false
2.2192,true,true
15.6023,true,true
4.2145,true,true
6.1451,true,true
1.6721,true,true
1.4666,true,true
1.2346,true,true
2.5245,true,true
1.0837,true,true
5.2889,true,true
1.4055,true,true
4.7617,true,false
3.7127,true,false
1.9672,true,true
4.7554,true,true
2.1639,true,true
6.2533,true,false
1.7481,true,true
8.7036,true,true
0.9522,true,true
7.5685,true,true
1.3808,true,true
9.5487,true,true
1.7192,true,true
1.2638,true,true
0.9403,true,true
7.2344,true,true
2.0595,true,true
5.3641,true,true
1.0364,true,true
7.7499,true,false
2.9016,true,false
2.1025,true,true
3.1372,true,true
3.0514,true,false
1.5811,true,true
5.4009,true,true
10.2778,true,true
4.2834,true,false
2.3471,true,true
1.0095,true,true
1.4118,true,true
1.0047,true,true
7.1079,true,true
6.9038,true,true
5.1130,true,true
1.7509,true,true
1.3660,true,true
0.9284,true,true
1.4703,true,true
4.6729,true,true
1.0973,true,true
2.2053,true,true
0.6531,true,true
1.3681,true,true
11.1570,true,true
5.4900,true,true
0.9541,true,true
6.8439,true,false
1.2198,true,true
7.6366,true,true
3.7905,true,true
1.5551,true,true
4.6827,true,true
1.1048,true,true
4.9254,true,true
2.3692,true,true
9.8712,true,true
1.2263,true,true
15.1390,true,true
7.7826,true,false
6.7331,true,true
1.7834,true,true
2.2909,true,true
1.5675,true,true
7.5133,true,true
1.2812,true,true
8.5818,true,false
1.8101,true,true
14.2661,true,true
13.1323,true,true
1.2366,true,true
8.7333,true,true
8.3336,true,true
5.0956,true,true
1.7032,true,true
3.1453,true,true
5.7169,true,true
1.3118,true,true
8.9023,true,true
1.9012,true,true
6.2634,true,false
2.3111,true,true
0.9903,true,true
8.4931,true,false
2.2684,true,true
14.7697,true,true
1.2879,true,true
2.1837,true,true
4.9066,true,true
1.4612,true,true
4.4340,true,false
0.9330,true,true
3.0430,true,true
1.6450,true,true
2.2302,true,true
0.7697,true,true
1.2185,true,true
3.8211,true,true
1.3644,true,true
1.4655,true,true
5.3509,true,true
0.7465,true,true
6.0006,true,true
1.5132,true,true
16.7663,true,true
6.1563,true,false
1.7088,true,true
1.3675,true,false
0.7180,true,true
2.7960,true,true
4.4239,true,false
1.6594,true,true
1.1452,true,true
0.6230,true,true
2.8665,true,true
3.1504,true,false
5.6121,true,false
0.9007,true,true
1.5317,true,true
1.8415,true,true
1.7213,true,true
9.5783,true,true
2.5144,true,true
1.1641,true,true
1.7417,true,true
4.7795,true,false
2.4369,true,false
13.0046,true,true
6.7548,true,true
2.2598,true,true
0.8392,true,true
1.4223,true,true
5.5784,true,true
0.9903,true,true
2.7076,true,true
2.9413,true,true
6.6976,true,false
1.1763,true,true
2.2653,true,true
1.0449,true,true
4.2326,true,true
0.6787,true,true
1.2569,true,true
2.1009,true,true
15.3658,true,true
5.4437,true,true
1.3113,true,true
13.3910,true,true
3.7175,true,true
1.9750,true,true
2.0367,true,true
1.5881,true,true
3.6179,true,false
1.8694,true,true
1.3952,true,false
13.8886,true,true
2.2542,true,true
10.1605,true,true
18.3498,true,true
5.3153,true,false
11.7758,true,true
0.9392,true,true
6.1915,true,false
12.5015,true,true
1.3187,true,true
2.5373,true,true
2.2494,true,false
0.7652,true,true
2.7997,true,true
1.3593,true,true
1.4749,true,true
1.1909,true,true
0.8284,true,true
1.5325,true,true
0.9412,true,true
1.3450,true,true
0.8813,true,true
3.0544,true,true
5.6885,true,true
1.0700,true,true
10.7836,true,false
6.3170,true,true
3.6121,true,true
1.2946,true,true
2.0334,true,true
7.6049,true,true
8.2774,true,true
5.6410,true,true
1.0976,true,false
1.8567,true,true
1.4550,true,true
2.9301,true,true
1.5557,true,false
1.1448,true,true
3.6650,true,true
3.5237,true,false
1.1473,true,true
3.8942,true,false
3.6578,true,true
7.3486,true,true
3.4974,true,true
1.1723,true,false
7.2581,true,false
1.8448,true,true
5.1487,true,true
6.9492,true,true
2.6585,true,true
3.1130,true,true
1.8721,true,true
2.2495,true,true
4.2211,true,true
3.2491,true,true
16.2466,true,true
2.9272,true,true
4.8362,true,true
7.2348,true,false
4.3103,true,true
0.9127,true,true
5.2747,true,true
1.2877,true,true
3.7427,true,false
4.1461,true,false
1.7276,true,true
7.1545,true,true
15.2895,true,true
4.9460,true,true
6.3247,true,false
7.1894,true,true
5.7050,true,true
1.0275,true,true
1.6021,true,true
1.0950,true,true
6.0628,true,true
1.5356,true,true
3.0499,true,true
6.6059,true,false
8.2044,true,true
2.9154,true,true
1.4858,true,true
1.2272,true,true
0.7195,true,true
1.2088,true,true
0.5344,true,true
2.6938,true,true
1.7435,true,true
1.4000,true,true
3.9629,true,true
3.0976,true,true
2.2746,true,true
1.6220,true,true
10.1386,true,true
5.1998,true,false
0.7136,true,true
1.9270,true,true
3.1487,true,true
1.6802,true,true
1.2154,true,true
0.6880,true,true
4.2735,true,true
0.7114,true,true
1.4102,true,true
1.4998,true,true
2.3507,true,true
1.1202,true,true
7.3882,true,true
2.5551,true,true
28.4464,true,true
2.6369,true,true
2.9311,true,true
1.7194,true,true
3.0156,true,true
5.1330,true,false
4.6355,true,true
1.7964,true,true
2.0185,true,true
5.0478,true,false
1.7473,true,true
16.0611,true,true
7.8630,true,true
1.9064,true,true
1.9862,true,true
4.4640,true,false
5.5729,true,false
1.1876,true,true
2.6871,true,true
2.5526,true,true
6.0152,true,false
5.4485,true,true
1.7984,true,true
1.3715,true,true
8.6689,true,true
1.1663,true,true
2.2083,true,true
1.0069,true,true
1.5712,true,true
1.8808,true,true
4.1351,true,true
2.1416,true,true
10.9142,true,true
1.2493,true,true
2.3651,true,false
4.7284,true,false
2.7227,true,true
1.3565,true,true
2.1944,true,true
1.3340,true,true
7.2147,true,true
6.5589,true,true
5.7752,true,true
1.3096,true,true
0.8214,true,true
1.4169,true,true
0.9481,true,true
3.0807,true,true
5.7466,true,true
1.7247,true,true
1.2671,true,true
0.7085,true,true
2.5299,true,true
1.2058,true,true
0.7084,true,true
3.2292,true,true
0.8944,true,true
1.4629,true,true
0.9798,true,true
4.1287,true,true
7.6546,true,true
6.7136,true,true
3.5177,true,false
1.0280,true,true
9.1104,true,true
5.9706,true,true
1.4372,true,true
1.8682,true,true
1.5594,true,true
1.1753,true,true
3.2539,true,false
4.2479,true,true
1.0001,true,true
1.6174,true,true
7.2456,true,false
1.5330,true,true
1.0901,true,true
7.7044,true,true
11.8640,true,true
7.2548,true,true
1.3452,true,true
5.9541,true,true
2.2140,true,true
0.7422,true,true
2.0157,true,true
1.5389,true,true
1.1544,true,true
1.6692,true,true
3.1274,true,true
16.5624,true,true
5.7585,true,true
1.1831,true,true
0.7515,true,true
1.2258,true,false
3.2403,true,false
2.5087,true,true
5.0605,true,true
17.5649,true,false
7.9686,true,true
2.2196,true,true
3.5700,true,true
1.1986,true,true
0.7968,true,true
1.9402,true,true
8.0334,true,true
9.5820,true,false
4.7401,true,true
1.3445,true,true
4.2323,true,true
0.7988,true,true
5.6594,true,false
2.3378,true,true
2.3248,true,false
1.6652,true,true
1.2187,true,true
0.9336,true,true
1.6849,true,true
1.8981,true,true
1.4891,true,true
4.8465,true,true
1.4958,true,true
3.7076,true,true
5.1885,true,true
7.9316,true,true
3.5054,true,true
1.1103,true,false
7.4451,true,true
2.9827,true,true
4.1141,true,true
2.4940,true,true
1.1948,true,true
0.7091,true,true
2.0010,true,true
9.5765,true,true
1.4726,true,true
2.8394,true,false
1.3512,true,true
0.9770,true,true
2.7617,true,true
11.1667,true,true
3.4768,true,true
8.2025,true,true
2.1507,true,true
3.1552,true,true
10.9579,true,true
6.9665,true,false
1.3088,true,true
7.1932,true,false
1.3547,true,true
1.1234,true,true
1.7079,true,true
1.5332,true,true
7.9480,true,true
15.4984,true,false
1.6055,true,true
6.5041,true,true
4.3162,true,false
1.4850,true,true
1.9162,true,true
9.3398,true,true
3.4192,true,false
0.8918,true,true
1.4744,true,true
7.9781,true,true
1.4381,true,true
10.9097,true,true
3.1147,true,true
5.7102,true,true
1.1469,true,true
1.7563,true,true
3.1009,true,true
2.3563,true,true
3.7997,true,false
3.0182,true,true
7.2666,true,true
1.8819,true,true
1.9933,true,true
9.7135,true,true
1.5603,true,true
0.9840,true,true
3.6769,true,true
3.3813,true,true
1.0112,true,true
4.3710,true,true
1.0206,true,true
6.5310,true,true
5.9080,true,false
1.5216,true,true
1.1517,true,true
6.8688,true,true
5.7615,true,true
8.9521,true,true
6.8584,true,true
1.0731,true,true
1.5254,true,true
6.3199,true,true
2.1020,true,false
1.7204,true,true
3.7955,true,true
4.3415,true,false
0.9711,true,true
4.4511,true,true
5.8920,true,true
1.3710,true,true
1.3023,true,true
7.5868,true,true
2.4331,true,true
6.3343,true,true
1.3515,true,true
1.0069,true,true
1.5326,true,true
2.4754,true,true
1.6113,true,true
4.1620,true,true
5.8273,true,true
2.9114,true,false
5.4002,true,true
4.7531,true,true
3.0090,true,true
16.1031,true,true
2.0485,true,false
1.5226,true,true
2.5683,true,true
2.7113,true,true
2.1242,true,true
1.8892,true,true
2.1257,true,true
7.6117,true,false
1.1667,true,true
10.6059,true,true
2.6365,true,false
16.0998,true,true
10.2341,true,true
4.3033,true,true
0.7806,true,true
5.3571,true,true
0.8507,true,true
2.0649,true,true
1.7153,true,true
4.8074,true,true
1.8040,true,true
1.3901,true,true
1.0265,true,true
2.8724,true,true
3.5011,true,false
1.1846,true,true
0.9225,true,true
2.7618,true,true
1.3168,true,true
2.5689,true,true
4.7176,true,false
1.8163,true,true
7.0466,true,false
2.9631,true,true
9.4921,true,true
0.7458,true,true
1.2504,true,true
0.8955,true,true
1.6189,true,true
1.0782,true,true
4.4902,true,true
3.2066,true,true
1.6823,true,true
9.7319,true,true
6.6294,true,true
6.6589,true,true
2.2026,true,true
5.0382,true,false
3.2980,true,true
3.2171,true,false
2.7587,true,true
2.9886,true,true
17.3829,true,true
1.4937,true,true
1.0023,true,true
1.5601,true,true
4.5815,true,true
2.1386,true,true
7.5384,true,true
1.7463,true,true
2.6193,true,true
1.2002,true,true
2.5658,true,true
1.5763,true,true
7.9432,true,true
1.9624,true,true
1.6350,true,true
1.7478,true,true
1.2904,true,true
9.5479,true,true
1.5416,true,true
1.2237,true,true
3.6191,true,true
1.3018,true,true
9.0316,true,true
1.5450,true,true
1.7953,true,true
2.3303,true,true
2.8490,true,true
2.8452,true,false
3.1892,true,false
0.8218,true,true
3.2806,true,true
1.6581,true,true
6.3648,true,false
2.4462,true,true
1.8065,true,true
1.9213,true,true
1.9970,true,true
3.1146,true,true
8.6332,true,true
10.7687,true,true
6.5302,true,true
2.3057,true,true
0.9077,true,true
5.0254,true,false
4.0443,true,false
2.0115,true,true
9.8710,true,true
22.9467,true,true
16.7395,true,true
0.8131,true,true
1.5379,true,true
1.2612,true,true
1.1890,true,true
0.7863,true,true
15.6971,true,true
3.5104,true,false
1.2052,true,true
0.6470,true,true
2.0958,true,true
4.5081,true,true
1.1128,true,true
1.5611,true,true
0.9353,true,true
1.5846,true,true
3.2995,true,true
5.6987,true,true
4.2175,true,false
4.9909,true,true
5.4673,true,true
2.1653,true,true
3.2285,true,true
3.6128,true,false
1.4227,true,true
2.0418,true,true
8.9471,true,true
17.2963,true,true
1.2904,true,true
2.4007,true,true
6.4101,true,false
0.9474,true,true
4.0557,true,true
4.0073,true,true
10.7192,true,true
18.8167,true,true
1.1131,true,true
3.9485,true,false
4.6849,true,true
2.5777,true,true
1.3645,true,true
1.1144,true,true
8.0804,true,false
1.7107,true,true
1.4156,true,true
0.8901,true,true
2.1023,true,true
5.9945,true,true
3.4055,true,true
3.4106,true,true
5.9006,true,true
2.9809,true,true
2.7282,true,false
7.3946,true,true
1.9837,true,true
2.1891,true,true
3.6180,true,true
10.8322,true,true
4.5939,true,false
1.7297,true,true
8.7509,true,true
2.6799,true,true
2.7398,true,true
1.9009,true,true
3.0660,true,false
3.4429,true,true
1.0856,true,true
2.1531,true,true
4.1845,true,true
4.5771,true,true
1.5575,true,true
19.5242,true,true
1.3284,true,true
1.1991,true,true
3.3283,true,false
1.0588,true,true
4.6618,true,false
1.3036,true,true
1.2730,true,true
0.7609,true,true
4.3984,true,true
2.3699,true,true
4.8949,true,true
2.1804,true,true
4.8389,true,true
1.4722,true,true
7.3440,true,true
2.8902,true,true
5.3691,true,true
3.4137,true,true
0.9600,true,true
9.5112,true,true
3.3406,true,true
2.8471,true,true
1.3320,true,true
6.5415,true,true
5.7392,true,true
1.5822,true,true
1.8812,true,true
4.3007,true,true
0.9523,true,true
1.6658,true,true
7.1544,true,true
3.4912,true,false
3.3777,true,false
1.5646,true,true
5.2766,true,true
0.6609,true,true
1.2137,true,true
5.3424,true,true
5.7787,true,false
5.8594,true,false
1.3883,true,true
7.1909,true,true
5.2832,true,false
3.0215,true,false
1.7531,true,true
1.4384,true,true
1.0388,true,true
3.3090,true,true
0.8022,true,true
7.0530,true,true
4.3600,true,true
9.4476,true,true
4.0778,true,false
4.5093,true,false
1.1533,true,true
1.8230,true,true
3.8934,true,true
1.4723,true,true
0.8997,true,true
1.9484,true,true
1.4674,true,true
1.5878,true,true
1.0968,true,true
5.8133,true,true
3.0569,true,true
8.6063,true,true
3.8592,true,false
9.1935,true,true
5.7166,true,false
3.3883,true,false
1.0326,true,true
2.0889,true,true
15.1250,true,true
9.1566,true,true
1.5060,true,true
2.7538,true,true
7.3091,true,true
5.4910,true,true
12.9915,true,true
7.1001,true,true
6.4480,true,true
2.1975,true,true
4.0324,true,true
1.5217,true,true
0.9136,true,true
5.3175,true,true
1.9927,true,true
6.7776,true,true
4.2399,true,true
1.3021,true,true
0.7370,true,true
3.7555,true,true
1.4195,true,true
7.5960,true,true
11.7443,true,true
1.1618,true,true
14.7425,true,true
11.7576,true,true
2.2869,true,true
1.6260,true,false
5.2023,true,true
0.5310,true,true
1.6776,true,true
4.3030,true,true
0.8226,true,true
1.5125,true,true
3.9239,true,true
1.5141,true,true
1.4527,true,true
4.7760,true,false
4.7995,true,true
8.6662,true,true
2.8540,true,true
1.5534,true,true
1.1130,true,true
1.8329,true,true
1.9368,true,true
4.3632,true,true
0.7676,true,true
2.7384,true,true
1.3515,true,true
1.0019,true,true
1.4434,true,true
4.2137,true,true
6.9108,true,true
0.8508,true,true
1.4706,true,false
0.9791,true,true
1.6184,true,true
8.5728,true,true
0.8717,true,true
6.1694,true,true
4.8631,true,true
2.5999,true,false
5.6065,true,true
1.0909,true,true
4.8992,true,false
2.3749,true,true
7.4480,true,true
1.7604,true,true
6.7938,true,true
7.8513,true,true
6.9391,true,true
3.1855,true,true
11.6080,true,true
0.8831,true,true
2.8523,true,true
5.9400,true,true
6.4391,true,true
3.7941,true,true
1.4005,true,true
0.9191,true,false
1.5581,true,true
1.1261,true,false
3.0507,true,true
6.5662,true,false
3.1146,true,false
7.5705,true,true
1.7445,true,false
1.7932,true,true
9.1943,true,true
3.9071,true,false
1.4370,true,true
1.0955,true,true
1.5950,true,true
2.9061,true,true
7.2099,true,true
7.7867,true,true
4.4021,true,true
0.8292,true,true
7.7013,true,true
4.9791,true,true
6.6221,true,true
8.2611,true,true
2.3530,true,true
0.9148,true,true
1.4996,true,true
5.0088,true,true
3.9960,true,false
7.1421,true,false
7.5711,true,true
1.1130,true,true
7.6710,true,true
1.0589,true,true
1.7516,true,true
2.8327,true,true
12.3760,true,true
1.5154,true,true
6.8859,true,true
7.4560,true,true
1.4133,true,true
1.0018,true,true
2.1645,true,true
0.9678,true,true
13.8212,true,true
1.5871,true,true
1.1450,true,true
6.0609,true,true
1.5848,true,true
1.0858,true,true
2.9904,true,true
1.6269,true,true
5.1100,true,true
3.8690,true,true
12.5118,true,true
2.3465,true,true
2.3228,true,true
3.1066,true,true
1.7096,true,true
1.2951,true,true
4.4813,true,true
1.2431,true,true
2.2158,true,true
0.7750,true,true
5.2588,true,true
14.3355,true,true
2.0381,true,true
2.0194,true,true
16.4504,true,true
2.4379,true,true
4.3876,true,true
6.4474,true,false
11.4009,true,true
5.7895,true,true
6.4976,true,false
0.8330,true,true
7.5756,true,true
2.5637,true,true
6.3643,true,true
5.1722,true,true
1.8124,true,true
11.6207,true,false
0.9629,true,true
9.0461,true,true
2.0176,true,true
2.1586,true,true
7.3236,true,true
4.3194,true,true
13.0295,true,true
6.3057,true,false
16.6946,true,true
6.1774,true,false
1.6475,true,true
4.2520,true,true
0.7366,true,true
1.4172,true,true
1.6994,true,true
1.2171,true,true
0.8145,true,true
2.4799,true,true
10.6465,true,true
1.2929,true,true
0.9101,true,true
1.4274,true,true
2.0114,true,true
21.2598,true,true
3.5269,true,false
1.0899,true,true
1.8002,true,true
1.4564,true,true
0.9817,true,true
1.6367,true,true
1.8171,true,true
5.8237,true,false
5.6255,true,true
2.9635,true,true
2.1152,true,true
3.8284,true,true
1.8973,true,true
5.9297,true,false
5.6313,true,false
1.1820,true,true
6.6757,true,true
2.4774,true,true
1.3682,true,true
9.5680,true,true
7.0910,true,true
0.9562,true,true
2.7627,true,true
4.6900,true,false
12.3593,true,true
2.3001,true,true
3.3990,true,false
19.9752,true,true
3.3621,true,true
5.2680,true,false
1.2960,true,true
2.5378,true,true
6.1782,true,true
3.1780,true,true
16.7621,true,true
4.8973,true,false
1.4328,true,true
0.9999,true,true
12.9828,true,true
7.3940,true,true
1.2193,true,true
0.9103,true,true
4.4198,true,true
7.5466,true,true
6.8697,true,true
3.1624,true,true
3.1982,true,true
3.6188,true,true
3.7032,true,true
11.4114,true,false
1.8134,true,true
2.6428,true,true
2.7231,true,true
1.2214,true,true
0.8540,true,true
5.8556,true,true
2.8984,true,false
3.0122,true,true
3.7317,true,true
11.0712,true,true
5.5626,true,true
0.9850,true,true
1.5255,true,true
10.2568,true,true
5.7528,true,true
4.9604,true,false
1.4031,true,true
19.8328,true,true
2.0018,true,true
9.9670,true,true
3.6915,true,false
3.4633,true,true
1.2000,true,true
6.0302,true,true
7.0711,true,false
2.4081,true,true
3.4182,true,false
3.3455,true,false
1.6947,true,true
1.2518,true,true
2.6073,true,true
2.8415,true,true
1.3408,true,true
0.9497,true,false
10.5300,true,true
6.8391,true,true
3.2264,true,true
0.6790,true,true
2.7780,true,true
7.9335,true,true
9.8972,true,true
4.9788,true,true
1.5490,true,true
6.4221,true,false
6.7518,true,false
11.3346,true,true
6.7624,true,true
1.1223,true,true
6.4458,true,false
2.0540,true,true
1.5529,true,true
1.3075,true,true
0.7564,true,true
1.3241,true,true
2.6007,true,false
1.2729,true,true
0.9915,true,true
1.6315,true,true
3.0593,true,true
1.7731,true,true
2.9855,true,true
3.3643,true,true
1.0473,true,true
1.7624,true,true
4.3015,true,false
6.0951,true,false
8.2514,true,true
2.2190,true,true
0.8801,true,true
3.3142,true,true
3.0585,true,true
3.2859,true,false
0.9062,true,true
2.0139,true,true
3.2096,true,true
0.9732,true,true
1.5244,true,true
1.0731,true,true
1.5867,true,true
7.5731,true,true
1.3260,true,true
3.3177,true,true
0.8949,true,true
4.8775,true,false
7.8034,true,true
1.5551,true,true
1.3898,true,true
10.0865,true,true
3.7334,true,true
1.9047,true,true
1.4499,true,true
1.1684,true,true
3.5118,true,false
4.3856,true,false
1.1452,true,true
1.7663,true,true
1.9620,true,true
8.5861,true,true
5.8685,true,true
3.5082,true,true
1.1230,true,true
2.1930,true,true
4.4165,true,false
2.8334,true,true
1.6428,true,true
8.1125,true,true
2.6261,true,false
1.2481,true,true
4.6577,true,true
4.9150,true,false
1.5063,true,true
5.8023,true,true
2.7634,true,true
8.0627,true,false
14.5988,true,true
2.7442,true,true
2.9355,true,true
3.0333,true,true
1.7509,true,true
1.3698,true,true
6.0106,true,true
1.4576,true,true
1.2529,true,true
0.6015,true,true
7.8299,true,true
3.2881,true,true
2.7630,true,true
1.2960,true,true
4.5679,true,true
1.3605,true,true
3.3406,true,true
12.2335,true,true
6.7954,true,true
1.0956,true,true
1.8908,true,false
2.0540,true,true
4.9693,true,true
5.6360,true,false
6.4343,true,true
3.5904,true,true
2.7120,true,true
1.2602,true,true
0.9704,true,true
1.5817,true,true
2.9214,true,true
1.5468,true,true
10.6424,true,true
4.4465,true,true
1.0814,true,true
1.6382,true,true
1.4456,true,false
1.1799,true,true
3.0347,true,false
3.8731,true,false
2.5125,true,false
2.7935,true,true
3.0879,true,false
9.4831,true,true
3.6185,true,true
3.8407,true,true
2.9808,true,true
3.7837,true,true
5.7425,true,true
1.1551,true,true
6.4364,true,true
9.0006,true,true
2.9756,true,true
1.7299,true,true
1.2271,true,true
2.5114,true,true
3.0996,true,false
4.5188,true,false
1.4751,true,true
8.6508,true,true
6.6557,true,true
4.1184,true,true
2.1096,true,true
0.8939,true,false
1.4248,true,true
8.0946,true,true
1.4778,true,true
5.0161,true,false
2.8587,true,true
1.6854,true,true
1.8404,true,true
4.6133,true,false
1.0997,true,true
1.6321,true,true
8.0924,true,true
3.7075,true,true
4.4685,true,true
7.2774,true,true
7.7650,true,true
1.7432,true,true
1.2767,true,true
2.7908,true,false
2.0304,true,true
6.6993,true,false
1.0700,true,true
4.7665,true,false
1.2335,true,true
6.9580,true,true
5.0150,true,true
3.3691,true,true
3.7968,true,true
1.6182,true,true
5.6158,true,true
3.8000,true,true
1.5867,true,true
3.0028,true,true
5.2254,true,false
3.9526,true,true
3.4881,true,true
1.6924,true,true
1.2533,true,true
23.3392,true,true
2.2358,true,true
10.7851,true,true
1.2409,true,true
0.7625,true,true
1.9984,true,true
1.6646,true,true
3.5747,true,false
3.5530,true,true
3.7821,true,true
4.9317,true,true
2.2251,true,true
0.8171,true,true
1.4805,true,true
1.1422,true,true
3.1535,true,true
1.8153,true,true
1.5020,true,true
3.3795,true,false
9.8176,true,true
1.2012,true,true
7.2737,true,false
2.1666,true,true
1.8474,true,true
2.2895,true,true
15.0297,true,true
6.9883,true,true
4.1826,true,false
0.7307,true,true
3.1051,true,true
2.6706,true,true
2.0792,true,true
5.9954,true,false
3.7759,true,true
1.3355,true,true
8.9923,true,true
4.9700,true,false
2.0824,true,true
2.7740,true,true
1.5167,true,true
1.1553,true,true
2.3595,true,true
6.6091,true,false
2.3941,true,true
1.0093,true,true
3.7893,true,true
10.6265,true,false
5.3641,true,true
11.8634,true,true
5.8796,true,true
1.8573,true,true
3.0104,true,true
2.0970,true,true
1.7134,true,true
1.0451,true,true
1.6596,true,true
8.4218,true,true
15.0681,true,true
3.7924,true,true
1.8260,true,true
4.4248,true,true
8.1373,true,true
15.7203,true,true
8.1468,true,true
10.8647,true,true
7.8138,true,true
3.5371,true,true
5.2487,true,false
0.7609,true,true
4.0979,true,false
6.8349,true,true
6.4664,true,false
6.6652,true,true
2.2620,true,false
1.3184,true,true
4.0355,true,false
1.9646,true,true
1.7488,true,true
6.9238,true,true
4.1995,true,false
0.8093,true,true
9.8386,true,false
8.7956,true,true
3.4382,true,true
1.7814,true,true
17.6535,true,true
1.7490,true,true
4.8411,true,true
1.4958,true,true
3.4473,true,true
1.1524,true,true
1.6966,true,true
4.5650,true,false
5.2596,true,false
1.3353,true,true
0.7243,true,true
1.5088,true,true
4.4056,true,true
2.5303,true,true
2.2670,true,true
1.0540,true,true
2.5917,true,true
9.8116,true,true
4.6621,true,true
5.8591,true,true
34.1533,true,true
3.6915,true,true
4.3928,true,true
0.9798,true,true
5.7061,true,true
8.0183,true,true
8.3630,true,true
3.9315,true,false
2.8967,true,true
20.2132,true,true
1.6485,true,true
1.2007,true,true
3.1913,true,true
7.5916,true,true
3.2072,true,true
6.3710,true,false
2.8768,true,true
3.2617,true,false
5.4987,true,true
5.6560,true,true
1.7132,true,true
4.1127,true,true
5.2214,true,true
1.2078,true,true
2.7564,true,false
3.1937,true,true
2.2036,true,true
0.7627,true,true
1.2576,true,true
6.9814,true,true
1.3812,true,true
0.9627,true,true
3.0646,true,true
8.0987,true,true
4.5752,true,false
2.5422,true,true
5.8027,true,true
1.8018,true,true
3.2157,true,true
2.3752,true,true
2.6494,true,true
1.0915,true,true
2.9896,true,true
11.5674,true,true
1.3632,true,true
1.5843,true,true
3.8871,true,true
1.6922,true,true
1.3102,true,true
5.3532,true,true
0.8360,true,true
8.9066,true,true
5.1936,true,true
2.3905,true,true
4.3204,true,true
4.0194,true,false
1.7106,true,true
3.0230,true,true
1.6484,true,true
1.2769,true,false
5.8553,true,true
2.6819,true,true
1.4942,true,true
1.1148,true,true
5.4409,true,true
3.0606,true,true
1.6396,true,true
3.0997,true,true
1.8891,true,true
8.9597,true,false
1.4925,true,true
2.8741,true,true
7.5040,true,true
3.0598,true,true
1.5635,true,true
6.3945,true,true
1.0036,true,true
1.7317,true,true
5.9003,true,false
2.0256,true,true
5.8278,true,true
3.6157,true,true
6.5989,true,true
1.0868,true,true
3.3888,true,true
5.0452,true,true
1.7270,true,true
7.0554,true,true
1.7043,true,true
1.9215,true,true
4.6285,true,false
1.2171,true,true
0.7691,true,true
1.3157,true,true
1.5636,true,true
13.0838,true,true
8.1035,true,true
3.3987,true,true
2.6780,true,true
3.8471,true,true
1.5625,true,true
2.2455,true,false
2.0754,true,true
1.5761,true,true
1.1175,true,true
4.0978,true,false
1.7066,true,true
6.0394,true,false
8.6210,true,false
0.9858,true,true
12.8563,true,true
3.3624,true,true
10.2747,true,false
4.0917,true,true
6.5092,true,true
0.8502,true,true
2.0846,true,true
4.0130,true,true
3.1009,true,true
9.8612,true,false
3.4730,true,true
2.2386,true,true
0.7278,true,true
1.2866,true,true
1.0012,true,true
2.3089,true,true
1.6596,true,true
1.3145,true,true
0.9436,true,true
2.2093,true,true
0.8385,true,true
4.5009,true,false
3.7037,true,true
1.7680,true,true
5.5991,true,false
1.0583,true,true
7.4801,true,true
4.4717,true,true
1.5195,true,true
3.2246,true,true
6.3121,true,true
1.0931,true,true
20.6456,true,true
1.5677,true,true
1.2162,true,true
3.1645,true,false
4.3906,true,true
14.2846,true,true
13.5764,true,true
1.8095,true,true
8.8556,true,true
1.1285,true,true
6.2931,true,true
9.1681,true,true
4.8138,true,true
1.4275,true,true
9.6110,true,true
0.8911,true,true
4.6243,true,false
6.3955,true,true
2.4085,true,true
0.9205,true,true
6.1322,true,true
4.0833,true,false
1.5296,true,true
8.5004,true,true
0.7263,true,true
1.1975,true,true
3.1507,true,false
2.3279,true,true
0.8231,true,true
8.4302,true,true
4.5321,true,false
1.1585,true,true
1.7254,true,true
1.3266,true,true
0.9328,true,true
1.5705,true,false
1.0563,true,true
3.5731,true,true
16.8531,true,true
6.3459,true,true
0.9471,true,true
2.8642,true,true
1.6224,true,true
7.0663,true,true
5.2561,true,false
1.8658,true,false
2.1345,true,true
1.7496,true,true
1.9022,true,true
3.1322,true,true
7.6908,true,true
5.0071,true,true
3.4552,true,true
7.7306,true,true
3.8933,true,true
1.6137,true,true
4.6118,true,true
7.7185,true,true
1.4694,true,true
4.9995,true,true
3.5664,true,false
1.4152,true,true
1.1279,true,true
2.1142,true,true
8.3961,true,false
4.6976,true,false
1.3735,true,true
4.0970,true,true
1.7481,true,true
4.3958,true,true
2.3501,true,false
6.2092,true,false
6.8362,true,true
6.3708,true,true
0.8024,true,true
1.6604,true,true
1.8095,true,true
1.4970,true,true
1.1332,true,true
1.7396,true,true
4.5314,true,true
17.7771,true,true
12.7600,true,true
0.7279,true,true
4.1373,true,true
10.4670,true,true
3.5013,true,true
1.6498,true,true
1.3739,true,true
0.9086,true,true
2.0942,true,true
1.6789,true,true
1.4870,true,true
1.0224,true,true
1.6294,true,true
1.9699,true,true
17.5469,true,true
4.4626,true,false
18.1503,true,true
4.4797,true,false
9.5597,true,true
1.5656,true,true
9.7090,true,true
18.8965,true,true
2.5071,true,true
3.5897,true,false
1.0670,true,true
3.2393,true,true
0.7644,true,true
1.9578,true,true
1.4287,true,true
8.7807,true,true
1.2463,true,true
8.1461,true,false
3.1656,true,false
0.7121,true,true
6.6023,true,false
0.9636,true,true
1.6560,true,true
4.3938,true,true
1.6523,true,true
5.4322,true,true
7.4641,true,true
6.6348,true,false
1.0359,true,true
1.6789,true,true
1.7990,true,true
5.8225,true,true
1.2631,true,true
0.9831,true,true
2.6707,true,true
9.9519,true,true
3.6920,true,true
7.4198,true,true
2.7734,true,true
10.0087,true,true
5.9096,true,false
1.8619,true,true
4.3180,true,true
0.8772,true,true
1.4442,true,true
7.1747,true,false
4.6554,true,true
7.3652,true,true
2.6125,true,true
4.3125,true,true
8.4482,true,true
3.0212,true,false
19.3265,true,true
1.8303,true,true
4.3491,true,false
0.7570,true,true
4.5922,true,true
1.4762,true,true
9.1703,true,true
1.3967,true,true
8.8635,true,true
3.9686,true,true
1.5374,true,true
3.9921,true,true
10.4044,true,true
1.1963,true,true
2.7966,true,false
1.5964,true,true
2.7265,true,true
1.2033,true,true
1.7884,true,true
8.3179,true,false
17.5087,true,true
1.6018,true,true
1.3673,true,true
0.8670,true,true
3.4026,true,false
1.0302,true,true
1.5177,true,true
1.2025,true,false
7.1892,true,true
1.6344,true,true
1.1435,true,true
1.5924,true,true
8.1295,true,false
1.8818,true,true
1.5677,true,true
1.0255,true,true
2.1034,true,true
5.9944,true,false
1.9228,true,true
5.9314,true,true
1.2854,true,true
7.8074,true,true
1.7795,true,true
5.3567,true,false
1.6046,true,true
26.7221,true,true
1.2974,true,true
0.9146,true,true
4.3388,true,false
1.1129,true,true
0.7523,true,true
7.3515,true,true
1.7532,true,true
1.8732,true,true
9.3033,true,true
3.4857,true,true
0.9178,true,true
1.6869,true,true
1.1345,true,true
1.8107,true,true
1.4205,true,true
4.1998,true,false
0.7030,true,true
1.3216,true,true
0.7164,true,true
7.2433,true,true
1.1407,true,true
1.6250,true,true
1.2910,true,true
1.7152,true,true
1.4492,true,true
2.4797,true,true
10.1762,true,true
5.4227,true,true
2.3853,true,true
1.0079,true,true
5.9439,true,false
2.9798,true,false
3.0597,true,true
3.9781,true,true
3.3909,true,true
1.0318,true,true
1.6832,true,true
1.8902,true,true
2.8832,true,true
1.8427,true,true
16.1399,true,true
1.4741,true,true
1.0357,true,true
1.7513,true,true
1.2721,true,true
3.3346,true,false
1.0817,true,true
2.0775,true,true
2.4542,true,true
2.5317,true,true
1.2133,true,true
3.2842,true,false
0.9323,true,true
2.7028,true,false
1.2559,true,true
1.4105,true,true
2.8926,true,true
1.5036,true,true
1.1482,true,true
1.7647,true,true
1.4144,true,true
0.8581,true,true
2.1321,true,true
0.6686,true,true
1.2499,true,true
2.4776,true,true
8.9604,true,true
3.8219,true,true
1.3864,true,true
6.9701,true,false
3.5951,true,true
2.4690,true,true
3.9460,true,false
3.0945,true,true
9.3938,true,true
15.6762,true,true
2.2058,true,true
6.4622,true,true
0.9781,true,true
22.8248,true,true
11.8342,true,true
6.4897,true,true
5.2363,true,true
4.3182,true,false
0.9941,true,true
1.7659,true,true
5.7188,true,true
11.2613,true,true
6.6151,true,true
1.0884,true,true
0.7992,true,true
14.5676,true,true
3.3635,true,true
4.6268,true,true
8.5411,true,true
4.0214,true,false
4.8060,true,false
10.3152,true,true
19.8107,true,true
9.3718,true,true
5.4189,true,true
2.3339,true,true
2.4926,true,true
8.3286,true,false
5.1822,true,true
4.9961,true,false
11.4560,true,true
0.8222,true,true
1.4146,true,true
2.6280,true,true
1.2995,true,true
3.9787,true,true
7.0000,true,false
1.4657,true,true
1.8502,true,true
3.2395,true,true
0.8572,true,true
4.3317,true,false
4.5490,true,true
1.1862,true,true
4.3774,true,true
5.4479,true,false
2.5949,true,true
17.1276,true,true
2.8670,true,true
1.9812,true,true
12.4718,true,true
1.7904,true,true
9.5873,true,true
2.7561,true,true
4.1760,true,false
11.8268,true,true
4.7753,true,true
1.4442,true,true
1.0662,true,true
1.4591,true,true
7.3489,true,true
11.5484,true,true
7.0636,true,true
3.6383,true,false
1.7659,true,true
1.9291,true,true
1.5858,true,true
1.0871,true,true
1.6422,true,true
6.2347,true,true
5.0254,true,false
2.9479,true,true
1.5507,true,true
1.3151,true,true
8.1390,true,true
1.4291,true,true
1.7075,true,true
4.2278,true,true
0.6847,true,true
2.9647,true,true
5.9001,true,false
3.9288,true,true
5.0420,true,true
1.6721,true,true
1.2131,true,true
5.7881,true,true
1.2755,true,true
0.8682,true,true
5.0097,true,true
10.3297,true,false
5.1537,true,false
0.7892,true,true
1.4638,true,true
4.6194,true,true
1.1211,true,true
2.1871,true,true
15.2715,true,true
2.9358,true,false
1.5682,true,true
1.1708,true,true
9.3285,true,true
2.2135,true,true
9.8841,true,true
5.9535,true,true
5.2417,true,true
0.7140,true,true
1.4997,true,true
9.8620,true,true
7.0710,true,false
3.9104,true,false
1.6067,true,true
1.1779,true,false
0.7344,true,true
3.8957,true,true
1.6156,true,true
1.4853,true,true
8.2459,true,true
5.0455,true,true
4.2331,true,true
1.0089,true,true
2.2441,true,true
0.7760,true,true
4.6150,true,true
1.5916,true,true
7.8703,true,false
1.9067,true,true
2.3433,true,true
3.5331,true,true
1.7132,true,true
3.0137,true,true
1.5516,true,true
1.0498,true,true
13.5762,true,true
9.3330,true,true
3.2025,true,true
2.2795,true,true
13.8982,true,true
6.4472,true,true
2.0506,true,true
4.0696,true,true
1.5807,true,true
1.0560,true,true
4.2891,true,true
0.8890,true,true
1.4461,true,true
1.0424,true,true
3.0139,true,true
1.8015,true,true
16.0060,true,true
1.0733,true,true
3.0032,true,true
4.7923,true,true
1.4280,true,true
1.6076,true,true
5.6169,true,true
13.9514,true,true
8.1153,true,true
4.3678,true,true
15.4097,true,true
3.1025,true,true
2.2513,true,true
0.7190,true,true
4.4045,true,false
1.0312,true,true
7.4048,true,true
1.6011,true,false
4.2338,true,true
2.2473,true,true
2.5379,true,true
2.5976,true,true
3.2185,true,true
7.1308,true,false
1.6142,true,true
1.2175,true,true
2.0919,true,true
4.7964,true,false
1.3025,true,true
1.5256,true,true
1.0412,true,false
1.5899,true,false
2.9976,true,true
3.2923,true,true
1.5657,true,true
1.1599,true,true
1.8180,true,true
3.2907,true,true
0.8428,true,true
7.2601,true,true
1.7868,true,true
1.2302,true,true
0.6127,true,true
4.4953,true,true
1.7251,true,true
1.8475,true,true
4.6011,true,true
4.1037,true,false
2.2653,true,true
14.1672,true,true
1.7307,true,true
1.2522,true,true
0.7825,true,true
11.9270,true,true
8.1230,true,true
6.7980,true,true
2.5362,true,true
2.9397,true,true
1.2812,true,true
5.8690,true,true
4.1588,true,false
13.0306,true,true
2.7708,true,false
4.3896,true,false
0.9191,true,true
1.5085,true,true
1.2831,true,true
0.7897,true,false
16.4170,true,true
5.6699,true,true
1.2929,true,true
2.9295,true,true
14.0714,true,true
1.6881,true,true
2.5166,true,true
1.1615,true,true
4.9108,true,true
2.4932,true,false
1.0263,true,true
2.8072,true,true
9.2029,true,true
4.8819,true,true
1.4264,true,true
4.7499,true,true
1.2863,true,true
2.1989,true,true
9.3690,true,true
5.0019,true,true
2.0392,true,true
1.6581,true,true
4.8926,true,false
1.4385,true,true
1.5304,true,true
3.3599,true,true
1.0072,true,true
5.0732,true,true
6.3679,true,true
0.7027,true,true
6.4987,true,true
3.4294,true,true
0.9965,true,true
4.9694,true,true
3.2918,true,true
1.5255,true,true
3.9749,true,true
3.8285,true,true
7.1598,true,true
1.7016,true,true
4.5532,true,false
1.9056,true,true
3.3595,true,true
1.1249,true,false
0.7182,true,true
1.1350,true,true
5.4782,true,true
6.0598,true,false
6.2640,true,true
0.5747,true,true
1.4103,true,true
1.2487,true,true
0.7729,true,true
11.8646,true,true
6.7807,true,false
3.3114,true,false
0.9734,true,true
3.9862,true,false
2.2327,true,true
2.0897,true,false
1.7349,true,true
1.8032,true,true
15.5466,true,true
1.6486,true,true
3.0051,true,true
1.6408,true,true
1.4563,true,true
0.9791,true,false
3.0747,true,true
2.3326,true,true
6.3586,true,true
2.3048,true,true
9.8842,true,true
2.9285,true,true
5.7527,true,true
2.8415,true,true
1.4565,true,true
1.7279,true,true
1.3013,true,true
5.0441,true,false
2.0157,true,true
5.1123,true,true
1.9237,true,true
4.8344,true,true
7.5062,true,false
6.7076,true,true
1.2330,true,false
9.2142,true,true
1.5013,true,true
3.8800,true,false
2.0620,true,true
8.7658,true,true
1.1420,true,true
3.2008,true,true
11.9659,true,true
7.3241,true,true
3.1715,true,false
6.9013,true,true
1.2348,true,true
0.6951,true,true
2.5504,true,true
1.6854,true,true
9.9182,true,true
5.6273,true,true
1.0408,true,true
1.6724,true,true
5.6441,true,true
1.4145,true,true
1.6377,true,true
6.2709,true,true
8.3401,true,true
2.3219,true,true
0.8828,true,true
1.5875,true,true
6.3237,true,false
2.7209,true,false
1.4344,true,true
0.9152,true,true
4.7446,true,true
1.2506,true,true
3.3132,true,true
0.7607,true,true
4.5343,true,false
1.1410,true,true
3.2072,true,true
0.7109,true,true
1.4239,true,true
15.7594,true,true
6.0081,true,true
1.5665,true,true
1.2279,true,true
0.6715,true,true
1.1519,true,true
9.0486,true,false
7.6518,true,true
1.4511,true,true
2.5242,true,true
1.8721,true,true
1.4168,true,true
6.2586,true,true
5.2665,true,false
5.6858,true,true
6.8524,true,true
4.8748,true,true
1.2821,true,true
0.8528,true,true
1.4106,true,true
1.1117,true,true
9.8107,true,true
6.8123,true,true
3.5001,true,false
3.3830,true,true
1.0877,true,true
7.7411,true,true
2.7605,true,true
5.3468,true,true
3.1364,true,true
1.6963,true,true
2.7721,true,true
7.5985,true,true
3.9473,true,false
3.0187,true,true
1.6907,true,true
1.2279,true,true
1.7104,true,true
9.0200,true,true
1.3463,true,true
1.0676,true,false
3.6847,true,true
1.9501,true,true
1.5008,true,true
2.7927,true,true
1.9326,true,true
2.0767,true,true
1.6861,true,true
1.2030,true,true
11.2856,true,false
1.5216,true,true
10.2546,true,true
9.0405,true,true
3.8186,true,true
1.4542,true,true
1.1055,true,true
1.6769,true,true
1.2972,true,false
0.8590,true,true
8.0455,true,true
6.8222,true,false
2.7088,true,true
2.4572,true,true
0.9810,true,true
9.3525,true,true
3.6216,true,true
3.8652,true,true
6.9545,true,true
1.3275,true,true
1.0459,true,true
1.7569,true,true
3.5971,true,false
8.0307,true,true
3.1221,true,true
3.3569,true,true
0.9196,true,false
6.4961,true,true
2.0538,true,true
1.7126,true,true
8.9863,true,true
2.9517,true,true
2.9929,true,true
10.2393,true,true
1.7184,true,true
2.7928,true,true
6.5514,true,true
1.0339,true,true
1.6859,true,true
1.4885,true,true
1.1403,true,true
1.6632,true,true
2.0753,true,true
4.3692,true,true
1.0587,true,true
4.8760,true,true
1.5749,true,true
2.3340,true,true
0.9713,true,true
3.1299,true,true
3.5544,true,true
4.3038,true,true
0.8102,true,true
8.7021,true,true
2.7362,true,true
1.3778,true,true
11.5566,true,true
8.7976,true,true
2.2046,true,true
2.5437,true,true
15.3371,true,true
6.9166,true,true
8.3779,true,true
2.7783,true,true
1.4501,true,true
2.5840,true,true
1.3543,true,true
5.8218,true,false
5.7845,true,true
1.2434,true,false
1.6389,true,true
8.5109,true,true
0.9143,true,true
2.1667,true,true
9.0074,true,true
5.2522,true,true
0.6319,true,true
1.2026,true,true
6.5452,true,true
0.9688,true,false
3.2489,true,true
1.4455,true,true
3.3581,true,false
1.6572,true,true
5.1202,true,true
1.6254,true,false
1.6597,true,true
1.3299,true,true
2.3031,true,true
6.6283,true,true
2.2799,true,true
1.1193,true,true
3.3068,true,false
0.7358,true,true
1.9753,true,true
5.9605,true,true
1.3897,true,true
0.9441,true,true
1.5696,true,true
1.1464,true,true
8.7314,true,false
7.1600,true,false
1.1805,true,true
8.3670,true,true
5.6246,true,true
4.8614,true,true
6.7524,true,true
6.0620,true,true
1.5680,true,true
1.3172,true,false
0.8472,true,true
2.0120,true,true
1.5545,true,true
8.2807,true,true
5.3996,true,true
0.8577,true,true
7.0916,true,true
1.6431,true,true
7.4778,true,true
1.2485,true,true
0.9545,true,true
3.2260,true,true
2.6077,true,true
1.2716,true,true
3.2057,true,false
4.1230,true,true
2.2256,true,true
0.8058,true,true
1.3797,true,true
0.9236,true,true
5.9921,true,true
1.3707,true,true
3.5146,true,true
7.4839,true,true
2.6577,true,true
1.1479,true,true
3.8549,true,true
6.5866,true,false
3.0703,true,false
3.2625,true,true
2.5929,true,true
9.5582,true,true
0.9349,true,true
1.7198,true,true
8.3245,true,true
5.5907,true,true
3.5777,true,true
5.4370,true,true
0.8978,true,true
1.6097,true,true
2.6488,true,true
1.4055,true,true
21.0417,true,true
21.8028,true,true
3.8289,true,true
43.1789,true,true
12.7574,true,false
19.8199,true,true
5.2679,true,false
32.4598,true,true
2.4590,true,false
9.8750,true,true
2.3666,true,true
10.8951,true,true
6.4810,true,false
0.7764,true,true
7.4338,true,true
1.3271,true,true
0.9013,true,true
1.5310,true,true
1.2342,true,true
0.8572,true,true
1.3032,true,true
1.6645,true,true
3.2424,true,true
0.9645,true,true
9.6832,true,true
13.8153,true,true
8.6435,true,true
2.7104,true,true
17.4972,true,true
6.1897,true,true
3.0155,true,true
4.6789,true,true
3.9335,true,false
10.9615,true,true
2.0105,true,true
11.0797,true,true
1.3690,true,true
9.9509,true,true
7.3249,true,false
1.3493,true,true
1.1088,true,true
1.5158,true,false
5.9210,true,true
1.4309,true,true
3.8275,true,false
1.4509,true,true
6.7315,true,true
4.9703,true,true
1.8989,true,true
4.8584,true,true
1.9306,true,true
14.8234,true,true
4.3666,true,false
0.8124,true,true
1.4098,true,true
4.1547,true,false
1.7636,true,true
6.1753,true,true
1.6747,true,true
1.3831,true,true
5.1233,true,true
1.8319,true,true
7.3265,true,false
6.4105,true,false
1.3815,true,true
0.8896,true,true
7.5183,true,true
1.0484,true,true
2.3121,true,true
0.9535,true,true
8.4840,true,false
5.9729,true,true
1.4108,true,true
2.5345,true,true
1.0620,true,true
1.5648,true,true
1.0422,true,true
1.5063,true,true
1.5555,true,true
1.0743,true,true
1.7312,true,true
5.7681,true,true
1.9301,true,true
8.1852,true,true
7.4627,true,true
1.9807,true,true
4.7117,true,true
4.9455,true,false
2.4331,true,true
13.5728,true,true
1.8449,true,true
2.8892,true,true
1.5962,true,true
23.0857,true,true
3.3570,true,true
6.5466,true,true
1.0850,true,true
5.0584,true,true
3.4018,true,true
1.0173,true,true
4.4905,true,false
1.0868,true,true
5.2705,true,false
3.4449,true,false
1.0045,true,true
3.6151,true,false
1.1300,true,true
7.7022,true,true
0.9012,true,true
3.8164,true,true
1.7994,true,true
15.0917,true,true
1.6261,true,true
2.5059,true,false
1.0925,true,true
3.8143,true,false
3.1204,true,false
4.0592,true,false
1.6020,true,true
1.0896,true,true
2.4866,true,true
11.3729,true,true
1.7335,true,true
2.6087,true,true
1.7607,true,true
3.1444,true,false
4.2221,true,true
6.0672,true,true
1.4294,true,true
2.5183,true,false
1.2490,true,true
1.9988,true,true
9.7454,true,true
6.5693,true,true
4.9891,true,true
6.6732,true,true
5.0940,true,false
1.5982,true,true
3.4468,true,true
4.7311,true,true
13.0077,true,true
5.2915,true,true
0.6734,true,true
8.6713,true,true
4.4474,true,false
1.3084,true,true
4.2184,true,true
0.6582,true,true
2.7146,true,true
1.5467,true,true
1.6712,true,true
1.2915,true,true
1.0460,true,false
4.7026,true,false
1.4011,true,true
8.1926,true,false
2.5186,true,true
18.0445,true,true
1.1020,true,true
3.9654,true,false
1.4666,true,true
1.0426,true,true
2.3306,true,true
0.9499,true,true
1.4397,true,true
0.8130,true,false
1.2831,true,true
0.8055,true,true
1.3635,true,false
0.8118,true,false
1.4763,true,true
1.1104,true,true
4.8612,true,false
1.6698,true,true
2.9126,true,false
1.7482,true,true
4.1779,true,false
1.7184,true,true
1.3325,true,true
1.1728,true,true
7.0266,true,true
1.4054,true,true
1.0845,true,true
1.6503,true,true
8.1500,true,true
3.7516,true,true
3.1108,true,true
2.1526,true,true
9.6146,true,true
19.0432,true,true
1.6168,true,true
2.6562,true,true
1.1783,true,true
3.0769,true,true
0.7011,true,true
1.9736,true,true
2.2287,true,true
0.7705,true,true
1.2159,true,true
0.8986,true,true
7.1207,true,true
1.9946,true,true
1.7108,true,true
8.0766,true,true
3.7279,true,false
1.5902,true,true
2.5841,true,true
4.2136,true,true
2.0928,true,true
1.6528,true,true
2.5057,true,false
1.1234,true,true
4.7562,true,false
9.6229,true,true
1.4634,true,true
1.3308,true,true
15.2508,true,true
1.3865,true,true
3.9245,true,false
1.5352,true,true
5.7532,true,false
1.4692,true,true
1.0710,true,true
1.6038,true,true
1.2343,true,true
3.7754,true,true
1.4812,true,true
6.3387,true,true
22.2036,true,true
3.7661,true,true
1.8745,true,true
9.1120,true,true
7.5507,true,true
1.6391,true,true
6.9131,true,true
3.1484,true,true
10.0486,true,true
3.3141,true,true
0.8665,true,true
1.5320,true,true
1.2974,true,true
0.7612,true,true
1.3742,true,true
4.1989,true,true
10.5088,true,true
17.9569,true,true
11.2471,true,true
2.4174,true,true
28.7293,true,true
23.2467,true,true
12.6279,true,true
6.2013,true,true
8.0727,true,true
1.9776,true,true
2.2645,true,true
0.9103,true,true
6.1081,true,true
1.5459,true,true
6.0795,true,true
3.8851,true,true
1.4150,true,true
11.9304,true,true
7.3238,true,true
2.2984,true,false
0.8244,true,true
1.4774,true,true
1.0520,true,true
1.6617,true,true
3.9999,true,true
2.0726,true,true
1.5868,true,true
4.7317,true,true
11.4722,true,true
0.6677,true,true
3.4108,true,false
9.6632,true,true
1.8271,true,true
19.2669,true,true
13.6572,true,true
1.9497,true,true
4.4718,true,false
5.1560,true,true
1.7294,true,true
1.2160,true,true
7.3240,true,true
1.6040,true,true
7.0504,true,true
6.6617,true,true
3.5668,true,true
4.2867,true,false
1.5707,true,true
1.1947,true,true
0.8154,true,true
3.8207,true,true
3.2502,true,false
0.7401,true,true
1.2245,true,true
1.2223,true,true
1.8196,true,true
8.2370,true,true
3.1686,true,true
26.3942,true,true
4.8245,true,true
1.1048,true,true
10.1156,true,true
1.5136,true,true
7.9484,true,true
7.3579,true,true
4.0619,true,false
2.1526,true,true
7.3116,true,true
2.5217,true,true
11.6066,true,true
2.1157,true,true
9.1682,true,true
1.6718,true,true
1.8363,true,true
1.5137,true,true
7.3603,true,true
2.0410,true,true
1.7433,true,true
2.9228,true,true
1.5913,true,false
1.1567,true,true
4.2261,true,true
0.5899,true,true
6.4122,true,true
0.7064,true,true
1.2260,true,true
0.6405,true,true
9.1179,true,true
3.1981,true,true
0.6933,true,true
1.1082,true,true
1.6505,true,true
1.4066,true,true
0.8967,true,true
3.3449,true,true
1.6265,true,true
1.0759,true,true
2.9554,true,true
1.7079,true,true
1.2912,true,true
3.2987,true,false
0.9982,true,true
1.5232,true,true
1.0634,true,false
5.2988,true,false
1.4899,true,true
4.3069,true,false
2.8019,true,true
1.3551,true,true
2.7864,true,true
1.2786,true,true
0.9799,true,true
21.5176,true,true
3.4402,true,true
2.7147,true,false
11.9829,true,true
1.1341,true,false
1.6952,true,true
3.0612,true,false
1.6680,true,true
1.2211,true,true
6.1019,true,true
1.5096,true,true
2.9107,true,true
2.9803,true,true
8.8000,true,true
8.1380,true,true
4.3039,true,true
1.0756,true,true
2.2735,true,true
0.8262,true,true
1.4061,true,true
1.0784,true,true
1.5635,true,true
1.0435,true,true
1.6152,true,true
2.9747,true,true
7.0163,true,true
3.4354,true,true
0.9976,true,true
5.7652,true,false
1.1597,true,true
1.5634,true,true
1.2143,true,true
1.8979,true,false
4.7437,true,false
1.4871,true,true
1.7693,true,true
1.8235,true,true
3.4635,true,true
1.1146,true,true
10.1652,true,true
1.4602,true,true
0.8828,true,true
1.3227,true,true
0.8303,true,true
1.2404,true,true
0.8026,true,true
1.3889,true,true
0.8586,true,true
6.7638,true,true
1.3142,true,true
3.6315,true,true
6.4054,true,true
0.7794,true,true
8.2835,true,false
9.8744,true,false
3.6465,true,true
1.3128,true,true
0.8231,true,true
1.4594,true,true
1.0795,true,true
2.2484,true,true
2.3339,true,true
1.4827,true,true
6.7616,true,true
9.3827,true,true
5.3170,true,true
4.1830,true,false
0.7292,true,true
1.2276,true,true
0.7525,true,true
1.2386,true,true
2.4634,true,false
1.0284,true,true
2.1263,true,true
6.3849,true,true
3.7686,true,true
2.9687,true,true
5.9496,true,true
1.4790,true,true
1.1445,true,true
4.8666,true,true
9.3910,true,true
6.6242,true,true
1.1972,true,true
27.6879,true,true
3.2261,true,false
6.6484,true,true
3.6239,true,false
1.4078,true,true
15.4607,true,true
1.4599,true,true
3.5544,true,true
9.7491,true,true
3.7179,true,true
6.5409,true,true
2.1362,true,true
1.8475,true,true
7.2376,true,true
3.3088,true,true
11.5585,true,true
1.4442,true,true
3.5411,true,true
1.1109,true,true
1.7903,true,true
4.4985,true,true
5.7399,true,false
5.4823,true,true
3.7143,true,true
6.6842,true,true
1.2434,true,true
6.2099,true,true
1.7752,true,true
1.6258,true,true
4.4364,true,true
3.2349,true,false
1.8338,true,true
10.1397,true,true
9.1818,true,false
9.9317,true,true
1.1841,true,true
8.4420,true,true
1.2729,true,true
3.2095,true,false
0.7599,true,true
1.9065,true,true
5.3373,true,false
0.6703,true,true
9.2193,true,true
1.9845,true,true
9.3615,true,true
1.5523,true,true
1.1232,true,true
8.0380,true,true
12.1837,true,true
7.1225,true,true
4.2793,true,true
3.5642,true,false
5.8481,true,true
3.2300,true,true
4.3453,true,true
5.5016,true,true
0.9298,true,true
1.5927,true,true
3.2503,true,true
10.7447,true,true
3.8532,true,true
6.2621,true,false
0.6441,true,true
2.0480,true,true
1.8420,true,true
1.6723,true,true
4.0046,true,true
1.5623,true,true
1.2070,true,true
1.6950,true,true
3.0315,true,true
2.2269,true,true
4.8925,true,false
1.3784,true,true
2.2085,true,true
7.8247,true,true
6.2020,true,false
1.5538,true,true
1.6866,true,true
1.8746,true,true
7.2664,true,true
2.8584,true,false
6.6586,true,true
12.1801,true,true
6.4885,true,true
0.8600,true,true
1.3890,true,true
5.9622,true,true
1.3941,true,true
2.0905,true,true
5.1803,true,true
1.8107,true,true
4.0421,true,true
9.6221,true,true
4.3226,true,false
2.1329,true,false
3.4443,true,true
3.5276,true,true
1.0780,true,true
2.1635,true,true
6.0901,true,false
1.4811,true,true
0.9814,true,true
6.5109,true,true
0.9444,true,false
1.5239,true,true
1.1606,true,false
3.3459,true,true
0.9090,true,true
1.5584,true,true
6.3428,true,true
1.9790,true,true
5.3965,true,false
2.6478,true,true
1.9614,true,true
1.6296,true,true
1.5328,true,true
7.8133,true,false
1.1370,true,true
2.8381,true,true
5.7017,true,false
6.6077,true,true
1.5475,true,true
2.3539,true,true
2.7373,true,true
4.6836,true,true
1.1988,true,true
5.6251,true,true
1.8986,true,true
8.4459,true,true
7.2205,true,true
6.0778,true,true
1.5976,true,true
5.6137,true,false
1.1976,true,true
2.3337,true,true
3.9392,true,true
10.6052,true,true
4.5045,true,true
2.6166,true,true
1.1971,true,true
4.8586,true,false
8.3630,true,true
1.8857,true,true
8.6615,true,false
8.6675,true,true
2.6886,true,false
1.4301,true,true
4.8157,true,true
1.3780,true,true
1.5570,true,true
3.6975,true,true
2.8341,true,false
1.4603,true,true
0.9779,true,true
2.1662,true,true
0.8762,true,true
1.4484,true,true
6.8405,true,false
2.0412,true,true
9.1516,true,true
6.9465,true,true
6.7893,true,true
5.7435,true,false
1.2059,true,true
4.6198,true,false
1.7807,true,true
4.3529,true,false
0.8900,true,true
1.4544,true,true
4.6445,true,true
7.1797,true,false
1.1494,true,true
3.5304,true,true
4.1223,true,true
0.7824,true,true
1.9561,true,true
1.4813,true,true
5.7210,true,true
1.1129,true,true
1.7395,true,true
1.3129,true,true
0.9197,true,true
4.2471,true,false
5.6125,true,true
3.8918,true,true
1.5728,true,true
4.4093,true,true
1.0931,true,true
6.1939,true,true
4.4174,true,false
1.1298,true,true
4.5939,true,true
7.4896,true,true
4.9702,true,true
4.9252,true,false
2.8773,true,true
7.1954,true,true
6.3670,true,true
4.4961,true,true
2.4660,true,true
1.0531,true,true
2.3126,true,true
0.7103,true,true
11.9275,true,true
2.7294,true,true
1.2564,true,true
0.7708,true,true
5.3936,true,true
0.8554,true,true
1.3482,true,true
2.5961,true,true
1.0903,true,true
1.6788,true,true
2.0110,true,true
2.2275,true,true
2.8108,true,true
4.2716,true,false
13.0973,true,true
6.3925,true,false
0.8409,true,true
9.5232,true,true
6.6761,true,true
7.2882,true,false
3.1317,true,true
17.3299,true,true
2.7720,true,false
1.4677,true,true
1.1049,true,true
1.1974,true,true
4.8739,true,true
0.8978,true,true
2.0215,true,true
11.6129,true,true
3.2422,true,true
10.4152,true,true
7.2064,true,true
2.8265,true,true
2.2566,true,true
6.1555,true,false
1.7994,true,true
11.0003,true,true
8.0926,true,true
4.5045,true,true
1.6176,true,true
1.1563,true,true
3.3606,true,true
1.4559,true,true
0.9496,true,true
1.4904,true,true
6.5876,true,true
1.0167,true,true
1.9526,true,false
3.9685,true,true
1.4660,true,true
4.7447,true,false
1.2553,true,true
0.7757,true,true
1.4748,true,true
6.7959,true,true
2.9617,true,true
10.5921,true,true
4.4165,true,false
6.0815,true,true
1.4718,true,true
1.0241,true,true
1.7695,true,true
2.6027,true,false
4.1038,true,true
5.5345,true,true
3.3419,true,true
2.6955,true,true
1.2774,true,true
0.8885,true,true
1.5015,true,true
1.0569,true,true
1.8196,true,true
1.5778,true,true
6.3625,true,false
14.5900,true,true
2.4041,true,true
1.2136,true,true
9.3584,true,true
6.5419,true,true
0.9103,true,true
2.0477,true,true
1.7295,true,true
1.3934,true,true
2.1196,true,true
3.9498,true,true
21.3764,true,true
10.1574,true,true
41.3064,true,true
48.0801,true,false
61.6054,true,true
5.4306,true,true
1.2089,true,true
14.5427,true,false
27.0767,true,false
8.0104,true,true
1.7876,true,true
1.4520,true,true
2.0834,true,true
1.9548,true,true
1.5242,true,true
1.5566,true,false
2.7153,true,true
3.2922,true,true
0.9930,true,true
7.4883,true,true
14.4536,true,true
1.8019,true,true
10.1503,true,true
1.6316,true,true
1.2592,true,true
0.9053,true,true
2.2947,true,true
0.8874,true,true
2.7799,true,true
12.9280,true,false
1.4977,true,true
1.0068,true,true
2.1857,true,true
13.6838,true,true
7.7327,true,true
1.1411,true,true
5.7547,true,false
1.3022,true,true
23.4492,true,true
3.2832,true,true
4.1567,true,false
2.4724,true,true
4.7051,true,false
6.2644,true,true
0.6314,true,true
1.5199,true,true
1.9311,true,true
1.6475,true,true
12.9490,true,true
8.2237,true,true
5.9641,true,false
1.6021,true,true
1.3342,true,true
1.6772,true,true
3.1016,true,true
0.7215,true,true
6.8456,true,true
1.3015,true,true
1.0627,true,true
3.6143,true,true
6.5624,true,true
3.2168,true,true
15.9019,true,true
5.6548,true,false
7.8039,true,true
1.6193,true,true
4.5166,true,true
1.1588,true,false
6.0296,true,true
12.8561,true,true
0.8620,true,true
6.4336,true,true
0.9724,true,true
8.2113,true,true
2.1648,true,true
2.0184,true,true
10.4915,true,true
3.5194,true,false
1.1839,true,true
3.2240,true,true
10.5250,true,true
2.1430,true,false
6.9909,true,true
4.6988,true,true
3.2633,true,true
5.9716,true,true
5.7404,true,true
1.3488,true,true
1.6047,true,true
1.2564,true,true
0.7974,true,true
2.4786,true,true
12.4687,true,true
5.9773,true,true
1.4471,true,true
5.3858,true,true
2.7205,true,false
14.0189,true,true
13.4223,true,true
9.8046,true,false
4.3377,true,true
10.6615,true,false
1.1644,true,true
4.5667,true,true
1.7368,true,true
6.3139,true,false
2.1362,true,true
2.4462,true,true
0.9794,true,true
1.4624,true,true
18.3257,true,true
8.0941,true,true
2.8743,true,true
7.6358,true,true
8.0208,true,true
7.9582,true,true
40.1353,true,true
4.3963,true,false
5.4261,true,true
1.0788,true,false
11.6175,true,true
0.8102,true,true
3.4658,true,true
1.1197,true,true
3.6489,true,false
1.4305,true,true
1.0443,true,true
1.6077,true,true
2.5450,true,true
1.1975,true,true
0.6914,true,true
1.6380,true,true
8.5664,true,true
0.7468,true,true
8.0811,true,true
1.3964,true,true
1.6567,true,true
1.1477,true,true
8.0056,true,true
7.9460,true,false
2.5231,true,true
1.0799,true,true
7.0266,true,true
1.4977,true,true
1.4449,true,true
2.5908,true,true
2.5181,true,true
0.9511,true,true
2.1946,true,true
1.7975,true,true
1.2843,true,true
7.0652,true,true
7.5364,true,true
3.7206,true,true
1.3891,true,true
4.5308,true,true
10.0244,true,true
10.4050,true,false
6.0490,true,true
4.8217,true,false
1.8173,true,true
1.3074,true,true
1.5340,true,true
2.5167,true,false
1.0544,true,true
8.4190,true,true
3.0771,true,true
4.3840,true,true
16.6029,true,true
6.3927,true,true
5.9001,true,true
1.4072,true,true
0.9631,true,true
1.6374,true,true
1.8515,true,true
1.4719,true,true
2.8998,true,true
1.8702,true,true
7.3223,true,true
1.7717,true,true
8.0258,true,true
2.9713,true,true
2.8432,true,true
10.1137,true,false
1.4390,true,true
1.0373,true,true
9.0972,true,true
1.4699,true,true
1.1968,true,true
1.1407,true,true
5.6410,true,false
1.2520,true,true
7.0605,true,false
1.5136,true,true
1.0635,true,true
1.6241,true,true
1.2837,true,true
6.6871,true,true
0.8280,true,true
1.3120,true,true
0.9233,true,true
3.6950,true,true
4.5702,true,false
6.0747,true,true
1.6936,true,false
2.0434,true,true
8.4760,true,true
0.8493,true,true
9.6225,true,true
5.9848,true,false
3.4830,true,true
19.2053,true,false
3.2387,true,true
12.3625,true,true
7.9455,true,true
1.8064,true,true
1.5613,true,true
1.0190,true,true
3.3074,true,true
6.2268,true,true
3.9372,true,true
5.8398,true,false
4.5918,true,true
3.7860,true,true
1.3554,true,true
1.0848,true,true
1.7611,true,true
1.4651,true,true
1.0583,true,true
2.4880,true,true
8.8041,true,true
9.5003,true,true
4.4036,true,true
0.9676,true,true
8.9441,true,true
5.4307,true,true
4.9787,true,true
1.6341,true,true
4.2178,true,true
4.2816,true,true
0.9027,true,true
1.6466,true,true
6.2548,true,true
0.7015,true,true
1.3700,true,true
4.1173,true,false
0.9045,true,true
7.3650,true,true
5.3615,true,false
5.1224,true,true
0.7216,true,true
6.8766,true,true
1.1895,true,true
2.4834,true,true
3.6836,true,true
16.3078,true,true
4.5667,true,false
3.9433,true,true
7.5518,true,false
1.7719,true,true
4.0627,true,false
4.9292,true,false
3.5446,true,true
6.9977,true,true
4.7876,true,true
1.4589,true,true
1.0077,true,true
1.4586,true,true
4.0927,true,false
1.4673,true,true
1.1964,true,true
20.2235,true,true
1.9667,true,true
1.5390,true,true
11.2428,true,true
1.6514,true,true
5.7231,true,true
3.3225,true,false
0.9328,true,true
1.3993,true,true
1.5201,true,true
2.9632,true,true
2.2227,true,true
1.8337,true,true
13.1512,true,true
7.9887,true,true
5.0522,true,true
1.5340,true,true
2.0080,true,true
2.2486,true,true
5.3409,true,false
1.8151,true,true
7.2031,true,false
1.2763,true,true
16.2161,true,true
1.8269,true,true
2.4729,true,false
6.1100,true,true
3.5471,true,true
11.0724,true,true
8.0523,true,true
3.0479,true,true
3.3316,true,true
3.3405,true,false
2.9378,true,true
10.3682,true,true
7.2975,true,true
1.6791,true,true
4.6060,true,true
1.2317,true,true
0.7773,true,true
4.0954,true,false
3.6896,true,true
13.6265,true,true
2.7024,true,true
3.2057,true,true
0.6895,true,true
3.9909,true,false
6.8999,true,false
4.1766,true,true
1.3212,true,true
1.0166,true,true
4.1756,true,true
0.6555,true,true
1.1828,true,true
0.6529,true,true
5.8584,true,false
1.3569,true,true
1.2427,true,true
4.2411,true,false
4.2732,true,true
2.6548,true,true
1.1582,true,true
6.6373,true,true
1.6978,true,true
1.1472,true,true
3.2760,true,true
3.2965,true,true
11.0339,true,true
1.4056,true,true
5.9761,true,true
4.0568,true,true
10.8429,true,true
2.3966,true,true
0.9370,true,true
9.6648,true,true
0.9165,true,true
1.5423,true,true
12.8310,true,true
2.2783,true,true
1.3421,true,true
1.5874,true,true
5.1889,true,true
1.9543,true,true
10.4699,true,false
0.7187,true,true
1.2835,true,true
5.7695,true,true
1.4531,true,true
11.2467,true,true
2.2938,true,true
2.7152,true,false
3.1666,true,true
0.7068,true,true
5.6759,true,true
0.9922,true,true
1.5878,true,true
6.8876,true,false
3.3160,true,false
3.7367,true,true
13.7624,true,true
1.9220,true,true
1.6102,true,true
4.5675,true,true
1.7693,true,true
4.6863,true,true
3.0894,true,true
3.8571,true,false
5.0517,true,false
4.0261,true,true
2.7515,true,true
5.8998,true,true
1.2733,true,true
0.7994,true,true
1.5966,true,true
8.0921,true,true
7.1304,true,true
4.0312,true,true
6.6618,true,true
1.1306,true,true
1.7309,true,true
8.7368,true,true
0.9894,true,true
4.3640,true,false
4.9656,true,false
1.5102,true,true
5.3077,true,false
0.8283,true,true
3.8463,true,false
5.0648,true,false
4.0876,true,true
11.7612,true,true
1.4520,true,true
8.7088,true,true
16.7037,true,true
2.6277,true,true
1.1390,true,true
2.9910,true,false
1.6016,true,true
1.1579,true,true
1.6920,true,true
1.3161,true,true
2.2410,true,true
1.6466,true,true
7.7673,true,true
4.1319,true,false
1.7615,true,true
4.6375,true,false
2.7824,true,false
1.4877,true,true
1.0909,true,true
3.3776,true,true
2.3057,true,true
0.8691,true,true
25.5649,true,true
1.4950,true,true
22.6500,true,true
1.6284,true,true
2.9306,true,false
4.0474,true,true
1.7033,true,true
1.3239,true,true
4.6222,true,false
3.0418,true,true
2.2497,true,true
2.6615,true,true
1.7368,true,true
8.0331,true,true
1.8373,true,true
1.6237,true,true
1.4896,true,true
3.7207,true,true
6.9466,true,true
1.3070,true,true
0.8273,true,true
1.4296,true,true
2.5037,true,true
2.7006,true,true
1.3659,true,true
2.8586,true,true
2.4780,true,true
11.8215,true,true
11.5703,true,true
1.0303,true,true
9.2601,true,true
3.1074,true,true
1.6928,true,true
2.0066,true,true
2.1664,true,true
6.0960,true,false
2.3912,true,true
1.1057,true,true
1.6926,true,true
1.2658,true,true
0.9288,true,true
1.4883,true,true
6.0037,true,true
1.5016,true,true
7.3393,true,true
1.3652,true,true
0.9045,true,true
6.3842,true,false
0.7433,true,true
2.0581,true,true
1.8129,true,true
15.2724,true,true
6.9919,true,true
1.8255,true,true
9.3870,true,false
0.7145,true,true
3.1526,true,true
0.7724,true,true
1.4425,true,true
4.6667,true,false
4.8819,true,true
3.1856,true,true
17.7474,true,true
11.9663,true,true
6.9192,true,false
1.4172,true,true
3.5762,true,false
6.3444,true,true
3.8775,true,true
1.5440,true,true
1.6489,true,true
2.6691,true,true
10.5093,true,true
0.9768,true,true
1.6586,true,true
2.7346,true,true
2.9737,true,true
1.5888,true,false
3.3682,true,true
0.8618,true,true
1.5333,true,true
7.8682,true,true
4.1633,true,true
3.3512,true,true
5.8623,true,true
3.0639,true,true
10.4942,true,true
7.3154,true,true
5.9982,true,true
5.2657,true,true
1.3987,true,true
5.7802,true,true
2.7583,true,true
17.1526,true,true
1.1335,true,true
5.7692,true,true
5.7627,true,true
1.0763,true,true
9.2425,true,true
5.8356,true,true
1.2627,true,true
0.9553,true,true
1.5066,true,true
1.6297,true,true
1.4879,true,true
3.0448,true,true
3.9296,true,true
1.6433,true,true
6.4379,true,true
6.0541,true,false
13.5638,true,false
9.1780,true,true
4.8771,true,true
1.3981,true,true
0.9829,true,true
3.9236,true,false
1.8944,true,true
16.9313,true,true
3.4304,true,false
2.2765,true,true
5.5933,true,true
1.0170,true,true
3.0370,true,true
1.4870,true,true
0.8649,true,true
1.4868,true,true
6.1003,true,false
3.0381,true,true
10.3995,true,true
1.6091,true,true
6.4609,true,false
0.9313,true,true
10.8113,true,true
1.1048,true,true
3.2124,true,true
16.5464,true,true
7.2244,true,true
30.4304,true,true
6.5645,true,true
1.3953,true,true
3.4252,true,true
3.2005,true,true
2.3749,true,true
8.7258,true,true
1.9346,true,true
1.5149,true,true
3.9295,true,false
3.3187,true,false
1.5335,true,true
1.0945,true,true
2.7976,true,true
16.2015,true,true
10.6987,true,true
1.0853,true,true
2.7051,true,true
1.4472,true,true
24.0459,true,true
1.2706,true,true
5.8981,true,true
1.3841,true,true
1.6869,true,true
1.4688,true,true
0.8423,true,true
1.3167,true,true
10.5516,true,true
5.3889,true,false
1.3661,true,true
2.5062,true,true
0.9729,true,true
9.6746,true,true
1.0292,true,true
11.7070,true,true
0.9453,true,true
1.6923,true,true
6.0983,true,true
2.1118,true,true
13.1631,true,true
1.4843,true,true
8.2569,true,true
6.1277,true,false
3.5377,true,true
1.1127,true,true
0.6834,true,true
1.3084,true,true
2.1228,true,true
12.0575,true,true
6.9173,true,true
1.8280,true,true
1.5080,true,true
2.7488,true,true
1.4097,true,true
0.9553,true,true
1.6072,true,true
2.9435,true,true
1.4330,true,true
1.1234,true,true
10.7268,true,false
8.5171,true,true
3.5457,true,false
1.1558,true,true
11.5767,true,true
1.0245,true,true
3.2966,true,true
0.8743,true,true
1.4551,true,true
3.2808,true,true
3.7007,true,false
8.9298,true,true
1.2539,true,true
7.6788,true,true
3.4278,true,false
1.1423,true,true
0.8782,true,true
1.5488,true,true
21.4618,true,true
1.3908,true,true
6.7015,true,false
3.8865,true,false
3.6463,true,false
1.2290,true,true
0.8271,true,true
6.0396,true,true
2.8536,true,true
1.4270,true,false
7.2362,true,true
1.9910,true,true
1.7476,true,true
6.1614,true,true
1.6065,true,true
2.4456,true,false
15.3789,true,true
10.6132,true,true
0.9701,true,true
1.4856,true,true
12.3303,true,true
2.0930,true,true
8.3439,true,true
5.6757,true,false
1.7513,true,true
8.0021,true,true
9.3752,true,true
3.7572,true,false
1.2815,true,true
0.8547,true,true
8.1394,true,true
7.9772,true,true
1.3384,true,true
7.6552,true,true
14.5064,true,true
1.6935,true,true
3.0904,true,true
5.9794,true,true
1.3660,true,true
0.9574,true,true
2.1224,true,true
1.6812,true,true
3.6611,true,false
1.3819,true,true
0.9543,true,true
2.3547,true,true
8.7794,true,true
1.1896,true,true
0.6260,true,true
6.8796,true,true
2.5772,true,true
2.7578,true,true
2.9078,true,true
11.0682,true,true
6.1424,true,false
1.5027,true,true
1.1155,true,true
7.4913,true,true
9.2547,true,true
7.1479,true,true
7.3239,true,true
3.0379,true,true
19.1436,true,true
8.7108,true,true
1.8611,true,true
9.3771,true,true
1.6912,true,true
2.7796,true,true
1.8280,true,true
7.2682,true,false
4.5821,true,true
5.5561,true,true
1.2646,true,true
8.0585,true,false
18.3166,true,true
1.3334,true,true
1.2013,true,true
9.1514,true,true
1.4802,true,true
0.9728,true,true
4.1973,true,true
3.2965,true,true
4.4440,true,false
5.1397,true,true
1.2541,true,true
1.5721,true,true
4.1261,true,false
2.2573,true,true
16.1935,true,true
6.0203,true,true
2.0528,true,true
1.8073,true,true
2.0132,true,true
1.7299,true,true
1.2691,true,true
2.6143,true,true
1.0539,true,true
2.4697,true,true
2.2459,true,false
0.8366,true,true
2.0449,true,true
1.7916,true,true
1.2968,true,true
2.8451,true,true
3.1458,true,true
4.4724,true,false
1.1871,true,true
1.7437,true,false
3.0611,true,true
6.7806,true,true
2.8409,true,true
1.3948,true,true
1.7141,true,true
1.9861,true,true
1.5479,true,true
1.0221,true,true
1.6060,true,true
1.1414,true,true
1.5454,true,true
1.2140,true,true
0.8275,true,true
1.3566,true,true
5.3141,true,true
3.6619,true,true
3.5057,true,false
2.7183,true,true
13.9083,true,true
1.4191,true,true
2.1543,true,false
2.1952,true,true
5.7529,true,true
3.9798,true,false
6.9118,true,true
1.4096,true,true
15.0122,true,true
14.4394,true,true
9.1427,true,true
11.2727,true,true
5.7532,true,false
5.8839,true,false
5.9006,true,true
1.6779,true,true
1.3036,true,true
14.1613,true,true
1.1738,true,true
1.7469,true,true
3.7915,true,true
2.8747,true,true
6.6412,true,true
3.8396,true,true
1.5317,true,true
4.1412,true,true
1.2979,true,true
2.4763,true,true
1.6444,true,true
6.0508,true,true
13.7472,true,true
1.6150,true,true
12.8264,true,true
0.9450,true,true
1.3238,true,true
6.8708,true,true
0.9074,true,true
1.6255,true,true
6.3967,true,true
4.9236,true,true
1.9959,true,true
7.7450,true,true
1.0782,true,true
7.3514,true,true
1.8741,true,true
1.4573,true,true
2.7111,true,true
1.3935,true,true
0.8341,true,true
3.8223,true,true
10.9870,true,true
1.4174,true,true
7.7254,true,true
5.1850,true,true
4.5544,true,true
10.3798,true,true
6.8084,true,true
1.0881,true,true
1.8344,true,true
4.1936,true,false
6.6082,true,true
1.1084,true,true
3.5417,true,true
7.7323,true,true
2.4464,true,false
2.7681,true,true
10.5292,true,true
0.8945,true,true
7.1148,true,true
3.1031,true,true
23.7083,true,true
3.7804,true,true
11.4095,true,true
8.3586,true,false
6.0569,true,false
1.5375,true,true
5.3150,true,true
3.8729,true,false
3.0044,true,true
1.7459,true,true
6.4065,true,false
0.7121,true,true
3.2453,true,true
11.5760,true,true
5.5449,true,true
2.7880,true,true
1.2963,true,true
9.6282,true,true
7.2154,true,false
3.3279,true,true
3.9369,true,true
5.4369,true,true
2.0534,true,true
1.4334,true,true
1.7833,true,true
6.1646,true,true
1.9580,true,true
1.6955,true,true
6.1622,true,true
1.5644,true,true
1.1518,true,true
6.3111,true,true
1.1605,true,true
0.6720,true,true
6.5204,true,true
1.3499,true,true
1.0076,true,true
1.4484,true,true
2.6576,true,true
1.1893,true,false
0.7048,true,true
4.1793,true,true
2.3312,true,true
1.1730,true,true
1.6533,true,true
1.4072,true,true
1.6454,true,true
1.4003,true,true
1.5998,true,true
1.2557,true,false
9.7291,true,true
3.0365,true,true
1.5399,true,true
1.6001,true,true
2.0874,true,false
1.7151,true,true
1.6160,true,true
21.4419,true,true
4.9970,true,true
11.5869,true,true
1.0616,true,true
4.5574,true,true
1.1200,true,true
1.7557,true,true
2.8619,true,true
6.4084,true,true
5.7904,true,true
1.3590,true,true
0.9701,true,true
6.1201,true,false
2.6400,true,false
1.9437,true,true
1.4573,true,true
2.6378,true,true
1.1956,true,true
3.8480,true,true
12.2435,true,true
1.3970,true,true
1.0831,true,true
1.5940,true,true
2.6986,true,false
1.9558,true,true
2.1402,true,true
5.0423,true,true
2.3570,true,true
5.6834,true,true
7.0820,true,true
1.2519,true,true
2.4450,true,true
1.1913,true,true
5.2283,true,true
0.7636,true,true
2.1008,true,true
6.2052,true,true
1.7162,true,true
2.6409,true,true
11.7815,true,true
6.2596,true,true
0.6749,true,true
3.0981,true,true
3.2606,true,false
0.8566,true,true
2.9931,true,true
5.7463,true,true
15.9440,true,true
28.9308,true,true
5.6827,true,true
1.1388,true,true
1.6971,true,true
3.0013,true,true
1.7296,true,true
5.1548,true,false
1.7757,true,true
3.7146,true,true
1.3662,true,true
5.8799,true,true
1.7359,true,true
1.5053,true,true
3.5009,true,false
1.1567,true,true
0.8155,true,true
1.5908,true,false
1.8712,true,true
1.3540,true,true
1.0339,true,true
1.8079,true,false
2.1436,true,true
1.7252,true,true
8.7652,true,true
2.7608,true,true
3.3594,true,true
3.7482,true,true
1.9998,true,true
3.2979,true,true
1.0248,true,true
1.7225,true,true
6.4171,true,true
0.6808,true,true
1.9364,true,true
4.0466,true,true
1.7298,true,true
1.3632,true,true
9.0593,true,true
1.5311,true,true
8.2478,true,true
5.8770,true,false
1.2408,true,false
2.6068,true,false
2.7011,true,true
2.5676,true,true
9.4006,true,false
18.0831,true,true
1.0493,true,true
1.6736,true,true
1.1524,true,true
1.6990,true,true
5.2015,true,true
1.1753,true,true
0.7123,true,true
4.3871,true,true
1.1059,true,false
7.3818,true,false
2.3462,true,true
2.4695,true,true
0.9810,true,true
4.8665,true,false
1.5980,true,true
3.9710,true,true
3.5242,true,false
6.3420,true,true
0.9413,true,true
1.7332,true,true
6.6341,true,false
6.8202,true,true
4.1088,true,true
5.5690,true,false
0.9399,true,true
2.1531,true,true
1.6555,true,true
8.0144,true,true
8.9826,true,true
6.0583,true,false
2.3192,true,true
0.9722,true,true
1.6925,true,true
7.5766,true,true
2.4399,true,false
4.5854,true,true
1.2394,true,true
5.3339,true,false
2.3111,true,true
0.9032,true,true
1.4144,true,true
0.9798,true,true
2.9873,true,true
8.7238,true,true
4.0870,true,true
11.5367,true,true
0.7548,true,true
5.1762,true,true
1.6777,true,true
3.1060,true,true
4.7632,true,true
5.4158,true,true
18.8864,true,true
1.8369,true,false
1.8252,true,true
1.5423,true,true
2.3001,true,false
3.0355,true,true
1.6302,true,true
1.3125,true,true
6.4846,true,true
0.7933,true,true
5.0324,true,false
7.2195,true,true
6.1566,true,false
4.1031,true,true
13.6344,true,false
6.9058,true,true
1.2871,true,false
2.3657,true,false
1.6729,true,true
1.3261,true,true
3.3581,true,false
1.0034,true,true
2.3748,true,true
8.7841,true,true
8.7358,true,true
3.3198,true,false
4.2353,true,true
1.0664,true,true
9.2981,true,true
9.9854,true,true
5.4699,true,false
0.9617,true,true
8.0808,true,true
5.3787,true,true
3.1509,true,false
2.2745,true,true
0.8634,true,true
7.6795,true,true
2.0828,true,true
5.1384,true,true
13.8867,true,true
5.6822,true,true
5.9234,true,true
2.6283,true,true
1.2605,true,true
16.7202,true,true
0.6685,true,true
5.7860,true,true
1.2166,true,true
5.9462,true,true
1.3806,true,true
1.0207,true,true
1.6935,true,true
5.9911,true,true
7.1608,true,true
2.7756,true,true
1.6301,true,true
6.2353,true,false
1.1989,true,true
8.0293,true,true
2.7296,true,true
4.6209,true,false
1.2492,true,true
0.7123,true,true
1.2014,true,true
2.4380,true,false
4.3682,true,true
1.4453,true,true
13.5173,true,true
2.6847,true,true
5.7552,true,true
5.9515,true,true
1.5861,true,true
23.1049,true,true
1.0395,true,true
3.2550,true,true
0.8694,true,true
2.1349,true,true
4.2437,true,false
4.7979,true,true
1.5079,true,true
9.2897,true,true
7.7813,true,true
1.9081,true,true
3.2023,true,false
1.8160,true,true
5.8868,true,true
20.1308,true,true
6.1243,true,true
5.1105,true,false
3.7727,true,false
1.3084,true,true
1.1314,true,true
3.4391,true,false
0.9515,true,true
3.3434,true,true
0.7699,true,true
3.0986,true,true
1.2886,true,true
0.8197,true,true
5.1387,true,true
1.7584,true,true
1.2263,true,true
3.0901,true,false
11.3281,true,true
0.7315,true,true
10.7594,true,true
10.8289,true,true
6.4814,true,true
1.1547,true,true
1.8367,true,true
5.1271,true,true
3.0338,true,true
4.7232,true,true
2.1696,true,true
21.1801,true,true
9.4467,true,true
1.1018,true,true
4.0104,true,true
3.1989,true,true
5.4839,true,false
18.9740,true,true
3.1579,true,true
4.1096,true,true
6.5008,true,true
0.6923,true,true
1.0867,true,true
3.9344,true,true
4.8525,true,true
1.5888,true,true
2.9308,true,true
1.4433,true,true
1.0892,true,true
1.6899,true,true
1.2747,true,true
0.8701,true,true
3.5507,true,true
4.6054,true,true
11.5826,true,true
0.8432,true,true
1.4233,true,true
0.9413,true,true
1.9069,true,true
2.2044,true,true
0.7884,true,true
1.3813,true,true
4.8879,true,true
3.3064,true,true
0.9722,true,true
2.0688,true,true
16.7009,true,true
10.7902,true,true
5.0477,true,true
2.2068,true,true
11.3653,true,true
8.3774,true,true
2.2810,true,true
5.8190,true,true
3.0288,true,true
5.0305,true,true
2.1675,true,true
6.7590,true,true
3.0630,true,true
3.5436,true,true
2.6457,true,true
1.2316,true,true
0.7238,true,true
1.3679,true,true
0.9129,true,true
2.1338,true,true
2.3009,true,true
0.7495,true,true
3.1835,true,true
0.6019,true,true
1.2688,true,true
2.8654,true,true
1.4166,true,true
4.2842,true,true
0.7997,true,true
2.7244,true,true
2.4913,true,false
1.2998,true,true
3.0253,true,false
3.0986,true,true
2.3084,true,true
3.9409,true,true
3.8348,true,true
5.2409,true,true
5.6526,true,false
1.0398,true,true
3.1971,true,false
10.4414,true,false
5.0416,true,true
1.4998,true,true
6.1248,true,true
6.0376,true,true
7.5349,true,true
2.2855,true,true
0.7491,true,true
4.6122,true,true
2.5945,true,true
2.8457,true,true
1.4328,true,true
1.0420,true,true
4.1761,true,true
1.6943,true,true
1.1801,true,true
1.5869,true,true
2.6922,true,false
5.0100,true,true
4.5133,true,false
1.0391,true,false
4.4969,true,true
1.1617,true,true
1.8018,true,true
1.3499,true,true
0.8698,true,true
1.5949,true,true
4.9790,true,true
5.1106,true,false
18.1348,true,true
1.1221,true,true
7.9149,true,true
7.3872,true,true
1.6749,true,true
8.7431,true,true
5.6906,true,true
6.4642,true,true
2.1179,true,true
1.5255,true,true
3.5832,true,true
10.8008,true,false
5.5943,true,true
2.4604,true,true
16.1785,true,true
4.5100,true,true
2.3224,true,true
1.1474,true,true
2.2674,true,true
0.9083,true,true
1.8268,true,true
11.7128,true,true
1.4763,true,true
3.2873,true,true
0.8131,true,true
5.3614,true,false
1.4624,true,true
1.2630,true,true
11.6410,true,true
4.4816,true,true
4.6576,true,true
3.2461,true,true
1.0264,true,true
4.2412,true,true
0.8900,true,true
4.1197,true,false
1.7716,true,true
1.6469,true,true
1.2470,true,true
1.9941,true,true
1.5899,true,true
4.9734,true,true
2.5829,true,true
8.9347,true,true
1.3065,true,true
1.5775,true,true
6.6731,true,true
1.0415,true,false
8.7739,true,true
3.0738,true,true
18.1143,true,true
3.1236,true,false
1.7063,true,true
3.2804,true,true
0.9281,true,true
3.1174,true,true
1.6063,true,true
14.2970,true,false
4.1318,true,false
1.7431,true,true
16.5017,true,true
7.4011,true,false
9.5528,true,true
4.8417,true,true
5.3181,true,true
0.8525,true,true
2.0180,true,true
2.9349,true,true
1.5319,true,true
0.9312,true,true
1.4420,true,true
4.7142,true,false
1.4557,true,true
6.2621,true,true
0.4958,true,true
4.0710,true,false
1.6811,true,true
1.2319,true,true
1.0443,true,true
1.6025,true,true
11.4185,true,true
6.2164,true,false
2.2058,true,true
4.8609,true,true
7.6114,true,true
5.6409,true,false
1.1063,true,true
5.9102,true,true
2.1443,true,true
3.2243,true,true
6.7761,true,true
5.9656,true,true
4.1740,true,true
1.7113,true,true
2.9001,true,true
8.3506,true,true
5.8619,true,true
1.8922,true,true
3.1846,true,true
1.8384,true,true
7.2425,true,true
1.4111,true,true
1.6642,true,true
4.0384,true,false
1.6028,true,false
1.2426,true,true
0.6236,true,true
7.1983,true,true
4.1582,true,true
3.4349,true,true
0.9424,true,true
4.6989,true,true
1.1955,true,true
0.8450,true,true
1.5483,true,true
2.6348,true,true
1.1472,true,true
10.1742,true,false
6.3899,true,true
1.9026,true,false
6.8510,true,true
1.1658,true,true
7.2382,true,false
1.8169,true,true
6.7598,true,false
1.7617,true,true
1.5048,true,true
4.4003,true,false
1.9826,true,true
3.3489,true,false
22.9082,true,true
1.8172,true,true
1.4517,true,true
6.7150,true,false
2.3830,true,false
1.8325,true,true
1.6390,true,true
1.2968,true,true
0.9284,true,true
3.3042,true,false
7.3891,true,true
7.7235,true,true
2.9266,true,true
3.2092,true,false
12.6811,true,true
6.0198,true,true
2.1602,true,true
1.9947,true,true
5.7172,true,false
2.8481,true,false
3.6241,true,false
2.7428,true,true
1.3008,true,true
1.0553,true,true
5.5634,true,true
1.1092,true,true
1.7691,true,true
1.2882,true,true
0.9100,true,true
5.4813,true,true
1.5995,true,true
3.7293,true,true
2.9197,true,true
1.6646,true,true
1.1862,true,true
1.8242,true,true
3.2775,true,true
1.3506,true,true
8.3707,true,true
1.6636,true,true
8.6918,true,true
6.3274,true,true
4.5101,true,true
3.0278,true,true
4.2054,true,false
0.9677,true,true
1.6180,true,true
2.9099,true,true
2.1301,true,true
5.8036,true,true
7.1350,true,true
1.8356,true,true
7.5289,true,true
1.4812,true,true
1.0895,true,true
5.1183,true,true
5.7724,true,false
5.3444,true,true
1.2474,true,true
2.6298,true,true
1.3310,true,false
10.3683,true,true
7.0439,true,true
2.9848,true,true
1.6412,true,true
5.5358,true,false
1.0618,true,true
5.2933,true,true
3.9832,true,false
1.5878,true,true
1.1270,true,true
2.2308,true,true
0.6176,true,true
6.9731,true,false
7.6142,true,true
5.1435,true,true
5.3877,true,true
1.3892,true,true
1.0861,true,true
25.6438,true,true
4.2046,true,false
2.1926,true,true
0.6832,true,true
4.1266,true,true
1.7979,true,true
7.6252,true,true
3.2991,true,true
4.9564,true,true
4.1910,true,true
0.5631,true,true
6.2257,true,true
3.0189,true,true
7.0164,true,true
2.5794,true,true
10.8301,true,true
5.3696,true,false
0.9791,true,false
2.2237,true,true
2.4033,true,true
3.9909,true,true
1.6275,true,true
1.3150,true,true
0.7257,true,true
3.2284,true,true
0.7693,true,true
2.2828,true,true
0.8894,true,true
1.5144,true,true
3.8896,true,false
1.4549,true,false
1.0139,true,true
1.6228,true,true
9.8567,true,true
1.2119,true,true
0.7619,true,true
1.3447,true,true
2.1171,true,false
5.6365,true,true
4.5768,true,true
1.1310,true,true
1.3372,true,true
7.0549,true,true
0.8168,true,true
1.2248,true,false
4.0049,true,true
1.7815,true,false
2.0744,true,true
1.5567,true,true
0.9936,true,true
4.9823,true,true
3.7496,true,false
1.2920,true,true
0.8160,true,true
1.2199,true,true
4.0861,true,true
1.7245,true,true
5.8887,true,false
1.3977,true,true
14.0404,true,true
4.9193,true,true
6.9650,true,false
1.3388,true,true
9.6621,true,true
1.1133,true,true
14.7329,true,true
10.8615,true,true
7.9086,true,true
7.7368,true,false
2.0875,true,true
10.9440,true,false
2.9982,true,true
4.9204,true,false
3.5382,true,false
1.7087,true,true
4.7759,true,false
8.3438,true,true
10.3775,true,true
4.9667,true,true
1.4540,true,true
2.4558,true,true
1.0776,true,true
9.8862,true,false
5.8262,true,true
1.3008,true,true
2.5835,true,false
1.6009,true,true
9.0246,true,true
3.4887,true,false
6.5160,true,false
1.0726,true,true
2.0067,true,true
1.7045,true,true
1.4410,true,true
1.2862,true,true
1.6949,true,true
2.6602,true,false
2.7130,true,false
2.0690,true,true
1.6044,true,false
1.3023,true,true
8.7884,true,true
5.4388,true,false
4.2029,true,true
2.3240,true,true
4.8920,true,true
3.4044,true,true
1.1805,true,true
2.4045,true,true
1.3347,true,true
1.1555,true,true
1.7537,true,true
1.5197,true,true
2.7508,true,true
1.3400,true,true
1.7067,true,true
7.5870,true,true
5.8321,true,false
8.7098,true,true
3.5902,true,false
1.4656,true,true
13.5184,true,true
2.7777,true,true
2.0189,true,true
4.9992,true,false
3.6549,true,true
3.4996,true,false
6.9378,true,false
2.3819,true,true
1.0959,true,true
0.7148,true,true
1.2359,true,true
3.9117,true,true
6.6796,true,true
1.1126,true,true
5.3527,true,false
0.7525,true,true
3.5863,true,true
5.5956,true,true
1.0095,true,true
2.2948,true,true
0.8857,true,false
6.4493,true,true
0.8479,true,true
1.4957,true,true
11.7253,true,true
5.5162,true,true
0.9408,true,true
4.3818,true,true
2.5553,true,true
1.0512,true,true
8.5221,true,true
3.2916,true,true
0.9324,true,true
5.8351,true,false
2.6778,true,true
1.3639,true,true
0.9820,true,true
1.4704,true,true
13.6496,true,true
2.7561,true,true
1.3734,true,true
1.0307,true,true
1.4850,true,true
0.9399,true,true
7.9902,true,true
2.0311,true,true
5.8051,true,false
1.7981,true,true
6.2898,true,true
0.4832,true,true
2.7116,true,true
1.2573,true,true
8.2810,true,true
3.7697,true,true
1.3399,true,true
1.4881,true,true
3.3379,true,false
1.0532,true,true
1.7443,true,true
5.0107,true,false
1.7824,true,true
6.6815,true,true
1.7731,true,true
1.5909,true,true
1.1256,true,true
1.6561,true,true
1.0841,true,true
7.6318,true,false
1.9653,true,true
6.0218,true,true
1.4667,true,true
4.8437,true,true
4.2249,true,false
2.4620,true,false
8.0357,true,false
5.0811,true,true
1.6674,true,true
2.9480,true,true
2.1623,true,true
4.0651,true,false
1.4871,true,true
1.1124,true,true
1.6425,true,true
3.1102,true,false
4.1118,true,false
2.3521,true,true
1.8808,true,true
3.9793,true,true
2.0165,true,true
4.6700,true,true
1.8266,true,true
4.3127,true,true
12.1349,true,true
2.0831,true,true
2.0912,true,true
5.6879,true,true
1.1298,true,true
0.6822,true,true
3.0812,true,false
5.1143,true,true
2.3527,true,true
4.2938,true,true
12.9661,true,true
0.8581,true,true
3.0896,true,true
1.6613,true,true
1.1673,true,true
1.7314,true,true
2.0110,true,true
1.6541,true,true
6.2842,true,true
0.6081,true,true
2.9859,true,true
4.6303,true,true
11.5900,true,true
0.7691,true,true
5.0982,true,true
1.7189,true,true
9.4900,true,true
1.6417,true,true
11.3366,true,true
4.7019,true,true
2.9972,true,true
2.3386,true,true
2.8452,true,false
1.5952,true,true
7.9669,true,true
3.8010,true,true
1.2730,true,true
3.4099,true,true
0.9300,true,true
2.2410,true,true
0.6462,true,true
1.2553,true,true
4.5825,true,false
3.1030,true,true
5.6659,true,true
2.5943,true,true
2.9103,true,true
1.3288,true,true
8.7531,true,true
3.1476,true,true
17.2155,true,true
2.8869,true,false
1.3945,true,true
5.9040,true,true
1.2708,true,true
1.4545,true,true
2.3366,true,false
3.6777,true,true
4.9703,true,false
1.5204,true,true
9.9394,true,true
2.7521,true,true
11.3894,true,true
1.7532,true,true
4.5981,true,true
7.0662,true,false
5.0710,true,true
4.5475,true,true
6.9825,true,false
2.5184,true,true
2.1701,true,false
1.9323,true,true
10.6692,true,true
17.7445,true,true
6.4656,true,true
2.2318,true,true
5.6553,true,true
4.2287,true,true
0.9041,true,true
2.7170,true,false
2.6910,true,true
2.5325,true,false
1.0008,true,true
1.6143,true,true
6.8244,true,false
4.9609,true,true
3.2176,true,true
4.4758,true,true
1.2123,true,true
5.1070,true,false
1.6589,true,true
7.3733,true,true
5.7237,true,false
1.1978,true,true
