latency_ms,ok,allowed
2.4133,true,true
2.8308,true,true
12.2641,true,true
7.7231,true,false
3.3015,true,true
5.1792,true,false
3.1979,true,true
3.4799,true,true
5.9973,true,false
3.3228,true,true
6.7342,true,false
3.7969,true,true
3.9029,true,true
2.9877,true,true
3.1110,true,true
12.2849,true,true
7.6713,true,true
2.9316,true,true
2.9468,true,true
3.0430,true,true
3.1272,true,true
5.1873,true,true
3.7897,true,true
8.4341,true,false
3.1563,true,true
3.1004,true,true
3.5323,true,true
2.9454,true,true
10.8196,true,true
6.0760,true,true
4.0549,true,true
8.1829,true,true
5.3945,true,true
2.2461,true,true
6.6776,true,true
2.6413,true,true
5.9646,true,true
2.6306,true,true
2.7430,true,true
4.1630,true,true
7.2482,true,true
8.5105,true,true
6.7440,true,false
5.1318,true,false
3.1025,true,true
4.6878,true,true
2.5651,true,true
6.5681,true,true
8.2723,true,true
5.0873,true,false
12.4533,true,true
7.2574,true,true
19.9618,true,true
3.5508,true,true
3.6470,true,true
5.4513,true,false
3.5139,true,false
2.4442,true,true
5.2639,true,false
7.9547,true,true
6.5741,true,true
4.6848,true,false
4.1502,true,true
4.4632,true,true
7.6393,true,true
22.7728,true,true
8.1101,true,true
3.2185,true,true
2.7508,true,true
6.7234,true,true
6.9540,true,true
8.1901,true,true
10.5651,true,false
5.7762,true,false
2.6607,true,true
2.8178,true,true
2.7808,true,true
4.4086,true,true
2.4861,true,true
6.7110,true,true
7.8205,true,true
7.8691,true,true
5.7450,true,false
2.7686,true,true
3.6385,true,true
9.2703,true,true
7.9441,true,true
3.1833,true,true
3.0876,true,true
8.4237,true,true
3.0633,true,true
9.4305,true,false
4.7088,true,false
2.6875,true,true
2.9361,true,true
5.4835,true,true
4.1553,true,true
5.7130,true,true
4.9614,true,false
4.7176,true,true
7.6479,true,true
4.1974,true,false
3.9565,true,true
4.0191,true,true
2.7426,true,true
9.2267,true,true
3.9961,true,true
2.9373,true,true
9.7873,true,true
2.6713,true,true
7.0784,true,true
4.7236,true,false
3.3013,true,true
3.0626,true,false
3.3138,true,true
6.7274,true,true
4.8102,true,true
2.8935,true,true
8.1269,true,true
15.4164,true,true
3.2739,true,true
5.2879,true,false
2.4771,true,true
3.4919,true,false
7.1620,true,true
3.9623,true,true
4.3189,true,true
3.7798,true,true
10.1162,true,true
10.4729,true,true
10.0285,true,true
4.5718,true,true
3.6792,true,true
5.3983,true,true
2.3444,true,true
3.4333,true,false
8.8724,true,true
5.1639,true,true
3.2582,true,true
3.4417,true,true
5.7156,true,true
4.3997,true,false
5.2190,true,true
6.8602,true,true
6.5572,true,true
3.2428,true,true
1.9896,true,true
3.4134,true,true
2.3857,true,true
8.3545,true,true
3.8644,true,true
5.6775,true,true
6.3363,true,true
5.9841,true,true
2.9436,true,true
8.0360,true,true
7.2493,true,true
6.9381,true,false
4.1727,true,true
2.8947,true,false
7.1819,true,true
4.3741,true,true
2.2922,true,true
2.6808,true,true
2.8433,true,true
2.8995,true,true
4.5278,true,true
5.7512,true,false
2.2718,true,true
4.0756,true,true
3.2224,true,true
4.5858,true,true
5.1609,true,false
5.1302,true,true
2.2216,true,true
7.1414,true,true
4.2035,true,true
2.1121,true,true
6.6335,true,false
4.5710,true,true
3.2716,true,true
6.6940,true,true
3.7254,true,true
7.9090,true,false
6.3600,true,true
5.0187,true,true
4.6246,true,true
14.2636,true,true
3.1931,true,false
3.4645,true,true
3.0495,true,false
3.1455,true,true
3.3808,true,true
4.5287,true,true
3.6985,true,false
6.6268,true,true
5.7465,true,true
4.3176,true,true
4.0715,true,true
10.6168,true,true
7.7607,true,true
3.6847,true,true
5.9620,true,false
4.1413,true,true
4.1215,true,true
5.4634,true,true
6.5317,true,false
2.4159,true,true
8.1686,true,true
10.3897,true,true
4.8572,true,true
5.7222,true,false
6.0915,true,true
7.5364,true,true
5.7652,true,true
5.6142,true,true
2.4899,true,true
7.2068,true,true
2.5121,true,true
2.5250,true,true
8.5611,true,true
5.6624,true,true
3.9785,true,true
5.8971,true,false
4.2877,true,true
2.8101,true,false
4.3422,true,true
3.8785,true,true
6.2131,true,true
8.8697,true,true
3.7865,true,true
2.9663,true,true
2.9894,true,true
6.6216,true,false
5.3676,true,true
6.8009,true,true
2.4628,true,true
2.4192,true,true
3.7334,true,true
5.4010,true,false
2.9132,true,true
2.6399,true,true
7.8062,true,true
6.9019,true,true
6.1879,true,true
3.1597,true,true
3.3294,true,true
2.6377,true,true
7.4303,true,true
2.5936,true,true
7.9997,true,true
3.0012,true,true
3.1851,true,true
7.3475,true,true
3.0618,true,true
3.1123,true,true
8.7537,true,true
3.6374,true,true
5.3909,true,true
3.9053,true,true
2.9774,true,true
6.0968,true,false
2.9973,true,true
18.8984,true,true
1.9273,true,true
8.1123,true,false
2.5159,true,true
6.8584,true,true
6.8380,true,true
2.8928,true,true
2.9034,true,true
2.9731,true,true
5.5683,true,false
4.2513,true,true
7.7022,true,true
4.3393,true,true
4.4104,true,true
5.5400,true,true
7.4460,true,false
2.7306,true,true
5.5675,true,true
6.5256,true,true
4.0406,true,true
6.9667,true,true
4.5235,true,true
6.9122,true,true
2.5942,true,true
3.0345,true,true
3.4752,true,true
4.9498,true,true
2.9323,true,true
3.0806,true,true
7.4163,true,false
3.8393,true,true
2.7832,true,true
5.3844,true,true
3.8660,true,false
4.5498,true,true
5.7914,true,true
4.8526,true,false
3.0650,true,true
11.2729,true,true
7.0489,true,true
4.7705,true,false
3.7159,true,true
2.6204,true,true
7.7194,true,true
4.4447,true,true
2.3984,true,true
3.6729,true,true
2.6908,true,true
2.6786,true,true
9.2303,true,true
5.7669,true,false
3.1541,true,true
4.4621,true,false
2.5746,true,true
2.8375,true,true
3.0086,true,true
4.9035,true,true
7.6144,true,true
7.8100,true,true
2.6052,true,true
16.3853,true,true
7.4113,true,true
7.3931,true,true
3.9696,true,true
2.8778,true,true
3.9804,true,true
3.0671,true,true
5.7524,true,true
3.8223,true,true
3.2718,true,true
2.5277,true,true
6.7791,true,true
2.2474,true,true
6.6589,true,true
7.1209,true,true
5.2218,true,false
5.6031,true,false
6.2467,true,false
5.8039,true,true
9.3039,true,true
4.4337,true,false
5.2209,true,true
6.5112,true,true
6.1109,true,true
3.7172,true,true
4.9628,true,true
3.4217,true,false
2.3451,true,true
4.8254,true,false
2.6930,true,true
5.4937,true,true
6.3446,true,true
6.9371,true,true
5.8340,true,false
4.0995,true,true
6.7487,true,true
2.5040,true,true
4.9968,true,true
5.3732,true,true
3.5680,true,true
6.4250,true,true
6.9521,true,true
8.1097,true,true
4.5189,true,true
18.7461,true,true
4.6246,true,true
5.7835,true,true
2.8462,true,true
3.2469,true,true
2.3204,true,true
2.4342,true,true
4.7012,true,false
2.3452,true,true
4.3210,true,true
3.2960,true,false
2.5724,true,true
11.0849,true,true
6.0050,true,false
4.4652,true,true
5.6422,true,true
2.5377,true,true
4.1405,true,true
5.2333,true,true
7.3762,true,true
4.7341,true,true
3.7100,true,true
3.5707,true,true
7.1091,true,true
6.4906,true,true
2.4752,true,true
3.6852,true,false
4.1764,true,true
6.9152,true,false
11.2170,true,true
7.7414,true,false
3.9411,true,true
5.0926,true,true
4.1955,true,true
2.1304,true,true
3.4527,true,true
6.7105,true,true
2.8962,true,true
3.8553,true,false
4.9295,true,false
10.5032,true,true
5.0968,true,false
20.2944,true,true
9.4706,true,true
4.2153,true,true
2.0379,true,true
4.3744,true,true
2.0852,true,true
10.5464,true,true
2.8591,true,true
4.3962,true,true
6.8391,true,false
3.0883,true,false
2.1017,true,true
5.9676,true,true
5.8347,true,true
2.7505,true,true
2.7699,true,true
2.8322,true,true
6.1123,true,true
5.2220,true,true
7.4875,true,true
3.6958,true,false
7.5954,true,true
4.0726,true,true
4.2134,true,true
4.8924,true,true
2.9349,true,true
9.1759,true,true
4.7661,true,false
5.9322,true,true
7.3243,true,true
4.2018,true,true
8.9151,true,true
6.7047,true,true
2.4011,true,true
4.1594,true,false
8.3619,true,true
3.7643,true,true
2.8790,true,true
4.9714,true,true
3.4452,true,true
4.9003,true,true
6.8653,true,true
2.6944,true,true
2.6363,true,true
2.7423,true,true
5.3169,true,true
12.4130,true,true
3.3140,true,true
2.2630,true,true
2.5278,true,true
6.9920,true,true
10.6518,true,true
7.2934,true,false
2.4614,true,true
3.5784,true,true
5.7645,true,true
5.6678,true,false
2.4373,true,true
6.8980,true,true
5.7828,true,true
2.7304,true,true
5.3830,true,false
3.3406,true,false
7.0834,true,true
2.6040,true,true
2.8976,true,true
2.9977,true,true
6.5928,true,true
2.1494,true,true
14.8348,true,true
3.4318,true,true
10.8496,true,true
3.5401,true,true
2.4809,true,true
5.0995,true,false
5.8386,true,false
8.9602,true,true
3.3008,true,true
6.6099,true,false
2.5515,true,true
4.3940,true,true
2.2647,true,true
6.4339,true,true
4.4381,true,true
2.5310,true,true
3.6192,true,false
2.6026,true,true
6.2527,true,true
3.2378,true,false
2.2711,true,true
8.7350,true,true
7.1803,true,true
3.2316,true,true
2.2146,true,true
3.2305,true,true
6.6855,true,true
3.9050,true,true
6.2551,true,true
5.9590,true,true
4.8028,true,true
3.0882,true,true
6.8168,true,false
7.5638,true,false
3.4044,true,true
3.2468,true,true
2.6849,true,false
1.7355,true,true
2.5782,true,true
2.6093,true,true
2.9422,true,true
4.7760,true,false
2.8172,true,true
4.4027,true,true
2.5396,true,true
6.0743,true,true
2.9042,true,true
2.9049,true,true
4.8073,true,true
3.2087,true,true
6.0598,true,false
2.7476,true,true
4.0123,true,true
5.8146,true,false
4.5002,true,true
3.5482,true,true
11.1446,true,true
5.1983,true,false
7.3056,true,true
25.3339,true,true
17.9156,true,true
6.6099,true,true
6.7382,true,true
26.3604,true,true
10.2160,true,true
4.3363,true,true
6.7864,true,true
2.1720,true,true
3.1775,true,true
2.4101,true,true
4.0570,true,true
12.1635,true,true
3.5378,true,false
5.0536,true,true
4.3558,true,false
5.8623,true,true
4.8150,true,true
4.1925,true,false
2.8623,true,true
12.2503,true,true
4.7902,true,true
2.9352,true,true
2.9921,true,true
2.9921,true,true
2.9982,true,true
3.7045,true,true
2.6653,true,true
11.1343,true,false
6.1098,true,true
13.7543,true,true
2.9122,true,true
9.2070,true,true
3.8240,true,true
11.1614,true,false
2.8476,true,true
10.7998,true,false
4.4531,true,true
6.3216,true,true
3.8025,true,true
2.9800,true,true
7.4929,true,false
3.7036,true,true
2.6298,true,true
9.8166,true,false
3.7625,true,false
7.0392,true,true
3.6170,true,true
7.2172,true,false
2.4399,true,true
2.4405,true,true
8.1991,true,true
5.0571,true,true
2.8945,true,true
3.0461,true,true
3.1044,true,true
7.0799,true,true
2.9445,true,true
5.4515,true,true
5.2445,true,true
3.7799,true,true
2.9332,true,true
3.8525,true,false
5.8201,true,false
7.0134,true,true
2.7176,true,true
3.9132,true,true
4.1257,true,false
2.9155,true,true
6.0968,true,true
3.0212,true,true
5.3432,true,true
2.0156,true,true
5.3878,true,true
3.1323,true,true
2.4534,true,true
6.2877,true,true
4.4010,true,true
2.4262,true,true
2.1710,true,true
2.9718,true,true
3.4621,true,true
3.9992,true,true
2.6912,true,true
2.7548,true,true
5.2456,true,true
9.8847,true,true
4.1845,true,true
9.1144,true,true
8.8467,true,true
7.1300,true,true
6.1614,true,true
3.1462,true,true
13.9672,true,true
3.1836,true,true
7.7905,true,true
2.2791,true,true
12.1434,true,true
7.6027,true,true
2.4541,true,true
2.6239,true,true
2.7220,true,true
6.4468,true,true
13.4719,true,true
2.4035,true,true
2.6184,true,true
2.7636,true,true
4.0716,true,true
4.5484,true,true
3.2483,true,false
1.9457,true,true
7.9318,true,false
6.7978,true,true
6.7731,true,true
5.2036,true,true
4.8524,true,true
11.2498,true,true
3.0597,true,true
3.3586,true,true
2.4297,true,true
4.5161,true,true
2.8519,true,true
5.1543,true,true
8.0328,true,true
5.2894,true,true
4.5056,true,true
5.8420,true,true
7.0625,true,true
2.5675,true,true
8.3445,true,true
5.0661,true,true
3.4763,true,true
2.4008,true,true
8.9767,true,true
6.5045,true,false
3.8660,true,true
6.6949,true,true
5.7759,true,true
2.4968,true,true
4.7832,true,true
12.1427,true,true
3.9870,true,true
4.9972,true,true
3.6297,true,true
7.0748,true,true
6.7846,true,true
7.8906,true,true
7.2289,true,true
2.3261,true,true
2.7073,true,true
2.9920,true,true
6.0419,true,true
6.5836,true,true
7.2906,true,true
2.3394,true,true
3.3356,true,true
4.0678,true,true
3.5573,true,true
3.6298,true,true
2.4436,true,true
3.7705,true,false
4.0070,true,true
6.3891,true,true
7.2083,true,false
2.8276,true,true
4.8476,true,true
3.9298,true,true
3.8523,true,false
2.8508,true,true
9.4609,true,false
2.5947,true,true
9.2644,true,true
6.9521,true,true
2.7178,true,true
2.7976,true,true
3.3068,true,true
6.9363,true,true
4.1861,true,false
11.2554,true,true
4.9194,true,true
7.7203,true,true
5.9483,true,true
3.1313,true,true
4.3842,true,true
6.1353,true,false
3.3506,true,true
3.7614,true,true
3.0890,true,true
5.3603,true,true
2.4367,true,true
6.6374,true,true
6.5565,true,true
5.8028,true,true
2.9793,true,false
3.8282,true,true
4.7208,true,true
4.3151,true,true
2.4127,true,true
5.0193,true,true
4.1816,true,true
3.1551,true,true
3.0739,true,true
6.7867,true,true
2.6385,true,true
2.5961,true,true
2.5904,true,true
2.6892,true,true
12.8657,true,true
8.0704,true,true
10.4641,true,true
5.8059,true,false
7.2629,true,true
4.4277,true,true
8.5679,true,true
3.4991,true,true
2.3525,true,true
8.0595,true,true
3.0789,true,true
4.5742,true,true
8.0724,true,true
3.2743,true,true
3.6607,true,true
2.7199,true,true
2.7932,true,true
12.0799,true,true
4.3816,true,true
3.8315,true,true
6.3862,true,true
2.0384,true,true
4.9893,true,true
6.1027,true,true
3.2365,true,true
4.0700,true,true
4.5862,true,true
5.7954,true,false
5.2185,true,true
6.7206,true,true
6.2816,true,true
7.5198,true,false
15.0510,true,true
5.0948,true,true
3.6875,true,true
5.8744,true,false
16.3902,true,true
6.1001,true,true
3.9441,true,true
4.4354,true,true
5.9485,true,false
6.6283,true,true
6.2758,true,true
1.8629,true,true
7.5360,true,true
3.8588,true,false
4.2534,true,true
4.4603,true,false
2.5608,true,true
4.6153,true,true
6.3309,true,true
16.8092,true,true
7.5169,true,true
2.3600,true,true
2.8816,true,false
6.6052,true,true
4.7195,true,true
7.8848,true,true
6.6635,true,true
3.5932,true,true
3.4521,true,true
3.9729,true,true
7.3194,true,true
4.1899,true,true
6.9577,true,true
2.7132,true,true
2.6129,true,true
2.3856,true,true
2.8041,true,false
3.0097,true,true
5.2480,true,false
1.8959,true,true
4.1653,true,true
5.9080,true,true
7.9713,true,false
4.6255,true,true
5.4868,true,true
3.3650,true,false
2.8960,true,true
5.0381,true,false
3.3652,true,true
3.7873,true,true
3.1115,true,true
4.8092,true,true
2.7700,true,true
3.1946,true,true
2.7385,true,true
2.8647,true,true
5.0892,true,true
9.8482,true,true
3.6415,true,false
6.7367,true,true
4.7988,true,true
3.7338,true,true
5.7306,true,true
2.5386,true,true
8.8243,true,false
8.9880,true,true
4.7773,true,true
4.2767,true,true
4.9218,true,true
8.0808,true,true
6.7206,true,true
7.3480,true,true
4.4247,true,false
3.0197,true,true
7.2845,true,true
7.8217,true,false
4.5236,true,true
4.4672,true,false
3.9467,true,true
6.8551,true,true
9.8638,true,true
4.9564,true,true
5.1138,true,true
4.2355,true,true
6.3986,true,true
7.8036,true,true
10.6108,true,true
4.9439,true,true
5.5811,true,false
4.1710,true,false
3.6327,true,true
2.4291,true,true
12.6988,true,true
2.3577,true,true
7.1326,true,false
2.4352,true,true
2.6316,true,true
3.9432,true,true
5.2981,true,true
3.1143,true,true
7.7484,true,true
4.9065,true,true
3.9488,true,true
5.2127,true,true
4.7481,true,false
5.4742,true,true
2.4285,true,true
11.3241,true,true
3.1824,true,true
6.8218,true,true
4.4341,true,true
3.8337,true,true
3.9637,true,true
9.2639,true,true
6.4825,true,true
7.2101,true,true
2.9240,true,true
4.0193,true,false
3.0847,true,true
5.2134,true,true
3.8113,true,true
6.4590,true,true
2.9171,true,true
6.4494,true,true
3.8529,true,true
3.0838,true,true
3.2017,true,true
6.1095,true,true
4.4907,true,true
6.0578,true,true
6.2976,true,true
7.5374,true,true
2.6255,true,false
9.2585,true,true
4.2772,true,true
2.3372,true,true
2.3842,true,true
6.2251,true,true
1.9744,true,true
3.0093,true,true
2.8773,true,true
5.4526,true,false
7.3737,true,true
2.5560,true,true
7.2607,true,false
6.5059,true,true
2.1447,true,true
2.0370,true,true
5.2172,true,true
3.8175,true,true
6.4735,true,true
4.9563,true,true
3.6487,true,true
3.6309,true,true
11.7062,true,true
7.3066,true,true
2.4608,true,true
6.8083,true,true
3.9016,true,true
6.2410,true,true
7.6061,true,true
6.0113,true,true
6.2443,true,false
4.7616,true,false
3.8914,true,false
8.8105,true,true
3.6513,true,false
21.6340,true,true
4.5833,true,true
3.9618,true,false
3.3764,true,true
2.5092,true,true
6.8712,true,true
5.0138,true,true
3.0779,true,true
6.4395,true,true
2.4512,true,true
4.6188,true,false
7.4564,true,true
2.8027,true,true
4.6275,true,true
2.7058,true,true
7.1654,true,true
6.7451,true,false
2.6000,true,true
2.5349,true,true
5.7530,true,true
6.0351,true,true
4.9314,true,true
4.3022,true,true
4.7549,true,false
3.1134,true,true
11.3723,true,true
8.0427,true,false
6.5049,true,true
5.8529,true,true
7.3496,true,true
5.5881,true,true
2.4213,true,true
2.2386,true,true
3.9227,true,true
2.9837,true,true
7.0395,true,false
2.7370,true,true
2.9908,true,true
4.5265,true,false
4.9230,true,true
2.6920,true,true
5.2176,true,false
5.2045,true,false
3.4896,true,true
9.9852,true,true
6.2038,true,true
6.5189,true,true
5.7196,true,false
6.4419,true,false
2.2288,true,true
2.3538,true,true
3.5847,true,true
4.4667,true,true
14.8216,true,true
12.5498,true,true
8.3558,true,true
19.1304,true,true
6.1671,true,false
12.4248,true,true
6.1755,true,true
6.8897,true,true
5.8088,true,true
6.6082,true,true
3.2761,true,false
3.3892,true,true
2.2875,true,true
1.9695,true,true
7.6322,true,true
4.2804,true,true
4.9761,true,true
3.1165,true,true
7.9376,true,true
6.3258,true,true
5.5486,true,true
2.3880,true,true
2.6793,true,true
3.1407,true,true
5.8981,true,false
8.6513,true,false
7.5973,true,true
4.0124,true,true
7.1488,true,true
6.5031,true,true
2.2605,true,true
2.1154,true,true
3.3139,true,true
2.7135,true,true
3.6845,true,true
4.8709,true,false
2.8559,true,true
2.7286,true,true
4.5611,true,true
3.8230,true,true
8.2846,true,true
3.2461,true,true
3.4135,true,true
10.0424,true,true
8.0802,true,true
7.5178,true,true
2.3194,true,true
9.4802,true,true
5.0835,true,false
5.6607,true,false
2.2846,true,true
5.7527,true,true
2.7107,true,true
2.0657,true,true
6.1433,true,true
5.3962,true,true
3.1201,true,true
3.1583,true,true
5.2118,true,true
3.2577,true,true
2.8301,true,true
11.8209,true,true
8.4985,true,false
4.3002,true,false
5.4439,true,true
5.9981,true,true
3.9949,true,true
8.4453,true,false
2.8066,true,true
2.6808,true,true
9.5603,true,true
4.7622,true,true
2.4276,true,true
2.3246,true,true
2.5854,true,true
2.5591,true,true
5.2799,true,false
2.2269,true,true
2.2189,true,true
6.6474,true,true
8.5703,true,true
2.5851,true,true
3.8421,true,true
6.7715,true,true
3.5205,true,true
4.0038,true,true
2.7887,true,true
4.4007,true,true
10.9396,true,true
2.3565,true,true
2.3146,true,true
6.0643,true,true
6.9674,true,true
6.3521,true,true
11.4303,true,true
8.5167,true,true
7.7814,true,true
2.2679,true,true
15.1937,true,true
4.4658,true,true
2.4279,true,true
2.2967,true,true
5.3795,true,false
4.3043,true,true
4.7721,true,false
6.7109,true,true
7.8775,true,false
3.6365,true,true
6.4934,true,true
4.3198,true,false
5.1266,true,true
12.7136,true,true
19.5912,true,true
3.5120,true,true
3.7139,true,true
2.7218,true,true
8.3079,true,true
4.3421,true,true
3.5476,true,true
3.5605,true,true
2.4550,true,true
4.8695,true,false
2.7672,true,true
8.9129,true,true
8.8414,true,true
5.0067,true,false
4.9583,true,true
3.0820,true,true
3.1893,true,true
6.0969,true,true
8.0173,true,true
2.9453,true,true
5.5478,true,true
2.2168,true,true
2.1087,true,true
4.7609,true,false
3.3873,true,false
3.4657,true,true
2.7698,true,true
2.7868,true,true
6.0250,true,true
3.0058,true,true
5.0768,true,true
3.3182,true,true
3.7671,true,false
2.9937,true,true
2.8305,true,true
3.0649,true,true
5.1763,true,true
5.3311,true,true
2.1080,true,true
3.0782,true,true
7.1951,true,true
4.2964,true,true
2.3316,true,true
4.5996,true,true
2.5370,true,true
5.5306,true,true
3.9809,true,true
4.9589,true,true
2.8082,true,true
2.7742,true,true
2.4658,true,true
2.1977,true,true
3.2999,true,true
16.9309,true,true
2.0093,true,true
2.8874,true,true
2.9708,true,true
3.0333,true,true
2.9528,true,true
2.9016,true,true
5.2396,true,false
2.1347,true,true
7.8115,true,true
3.1319,true,true
6.3282,true,true
1.9551,true,true
6.2167,true,true
3.9280,true,true
5.1928,true,false
9.0152,true,true
3.1132,true,true
3.0536,true,true
5.5738,true,false
9.2693,true,true
7.4607,true,true
3.2869,true,true
5.5788,true,true
2.1967,true,true
8.9980,true,true
3.1615,true,true
6.1881,true,true
3.0635,true,true
3.0956,true,true
5.2626,true,false
4.4348,true,true
3.1257,true,false
3.6788,true,true
15.7789,true,true
4.5451,true,true
7.2922,true,false
5.1393,true,true
6.8109,true,false
3.2434,true,true
5.1525,true,true
6.1204,true,true
5.5429,true,false
3.2152,true,false
7.0272,true,true
2.1479,true,true
6.0547,true,true
4.3339,true,true
4.1631,true,true
2.2426,true,true
2.8097,true,false
4.3885,true,true
7.8561,true,true
5.0187,true,true
3.5220,true,true
10.7172,true,true
9.2234,true,true
3.1746,true,true
4.6424,true,true
4.1697,true,true
6.5204,true,true
4.9969,true,false
5.7381,true,true
2.5131,true,true
2.7382,true,true
3.9408,true,true
3.0541,true,true
3.2158,true,true
2.2683,true,true
2.4641,true,true
6.0596,true,true
8.1589,true,false
2.8825,true,true
2.9598,true,true
2.8703,true,true
3.2962,true,true
4.7928,true,true
6.9110,true,true
2.6852,true,true
4.3407,true,true
2.8761,true,true
3.5373,true,true
2.7219,true,true
4.3164,true,true
2.2675,true,true
2.1443,true,true
4.8880,true,false
10.8378,true,true
4.5883,true,true
2.5330,true,true
2.6278,true,true
3.7196,true,false
6.9695,true,true
2.4614,true,true
4.5728,true,true
7.1909,true,true
5.5336,true,true
3.8965,true,true
5.0111,true,true
3.0993,true,true
2.8524,true,true
3.9950,true,true
19.3936,true,true
5.0981,true,false
6.6528,true,true
3.2836,true,true
6.5479,true,true
3.7719,true,true
5.1632,true,true
4.4614,true,false
5.6333,true,false
4.8074,true,true
4.5045,true,true
2.2913,true,true
3.7022,true,true
2.5645,true,true
6.6097,true,true
4.8947,true,false
2.9124,true,true
4.1050,true,true
3.9074,true,true
5.8471,true,true
4.0553,true,true
4.3051,true,true
2.5137,true,true
2.9789,true,false
4.2929,true,true
7.4042,true,false
3.0324,true,true
7.2840,true,true
5.4870,true,true
3.9290,true,false
7.7382,true,true
4.3129,true,false
2.4982,true,true
2.3855,true,true
4.4911,true,true
2.7912,true,true
4.1293,true,true
6.8200,true,false
2.6494,true,true
7.4923,true,true
4.9238,true,false
6.6806,true,true
8.3769,true,true
2.2647,true,true
4.6689,true,true
2.7538,true,true
2.6950,true,true
6.5487,true,true
6.5229,true,true
2.0300,true,true
3.1558,true,true
3.7317,true,true
2.9049,true,true
2.7821,true,true
5.7225,true,true
2.7023,true,true
10.6263,true,true
2.9465,true,true
2.8989,true,true
6.4612,true,false
6.2169,true,false
6.2339,true,true
10.6070,true,false
6.4668,true,false
2.1087,true,true
5.9995,true,true
3.2261,true,true
5.3012,true,false
7.9156,true,true
4.9144,true,true
2.9054,true,true
4.7734,true,true
2.9462,true,true
5.1746,true,true
1.9174,true,true
3.0729,true,true
3.1210,true,true
3.1736,true,true
7.7258,true,true
5.0763,true,false
2.9032,true,true
5.4402,true,false
2.8079,true,true
11.8309,true,true
4.1602,true,true
3.1589,true,true
2.8484,true,true
3.0098,true,true
5.6006,true,false
4.5522,true,true
7.7080,true,true
6.3332,true,true
2.7032,true,true
2.5914,true,true
3.9816,true,true
6.9845,true,false
7.8274,true,false
5.6085,true,false
8.1618,true,true
2.4014,true,true
2.5395,true,true
8.9470,true,true
2.4377,true,true
7.0411,true,false
2.5261,true,true
5.6462,true,true
2.7083,true,true
5.6897,true,false
6.2100,true,false
7.0709,true,true
4.5100,true,true
3.0826,true,true
3.2566,true,true
4.0647,true,true
7.1129,true,true
5.1226,true,true
3.5763,true,true
4.9517,true,true
5.7540,true,false
2.6618,true,true
3.1298,true,true
3.2126,true,true
3.6360,true,true
3.3690,true,true
3.6022,true,false
2.5542,true,true
7.1851,true,true
7.8594,true,true
6.7530,true,true
6.7774,true,true
2.5086,true,true
2.6616,true,true
7.5134,true,false
2.5550,true,true
5.9991,true,true
4.6493,true,true
2.7635,true,true
7.7936,true,true
3.3125,true,true
8.3415,true,true
3.8554,true,true
4.6869,true,false
2.8048,true,true
3.7929,true,true
2.8637,true,true
4.6624,true,true
11.6944,true,true
2.4750,true,true
4.3016,true,true
3.4395,true,true
6.9201,true,true
5.2067,true,true
7.9403,true,true
3.2401,true,true
3.1599,true,true
5.2524,true,true
3.0592,true,false
3.1509,true,true
6.5712,true,true
3.4920,true,true
6.7785,true,true
5.1721,true,false
4.5134,true,true
3.7465,true,true
8.6251,true,true
3.9946,true,true
2.9847,true,true
9.6202,true,true
4.1325,true,true
2.2752,true,true
2.2765,true,true
6.0855,true,true
4.3827,true,true
2.4617,true,true
2.2818,true,true
2.0387,true,true
3.2774,true,true
2.2209,true,true
5.9199,true,true
7.9819,true,false
4.2492,true,false
4.4889,true,false
6.3117,true,true
4.3318,true,true
2.4347,true,true
5.0282,true,false
3.4228,true,true
4.9667,true,true
3.6465,true,true
5.6429,true,true
9.6744,true,true
5.0576,true,true
5.4502,true,true
5.2809,true,true
2.5629,true,false
4.9611,true,false
4.0893,true,true
3.1595,true,true
6.1320,true,true
7.7296,true,true
7.1478,true,true
3.6462,true,true
3.2733,true,true
9.2984,true,true
7.6135,true,true
5.8499,true,false
4.0503,true,true
5.6629,true,false
5.9238,true,true
3.8814,true,true
2.9033,true,true
6.3155,true,true
1.9929,true,true
2.7228,true,true
9.1611,true,true
5.5862,true,true
7.2493,true,true
8.8556,true,true
2.9486,true,true
2.9955,true,true
7.2590,true,true
5.8051,true,false
2.9465,true,false
2.7581,true,true
8.4969,true,true
7.2298,true,true
14.3443,true,true
5.2424,true,false
3.4308,true,false
6.6802,true,true
3.3489,true,true
8.8486,true,false
8.7268,true,true
2.5241,true,true
2.4741,true,true
2.4740,true,true
2.5742,true,true
3.0246,true,true
10.2600,true,true
11.8774,true,false
4.4584,true,true
12.4674,true,true
8.0888,true,false
7.8012,true,true
7.4257,true,true
5.7857,true,false
6.4481,true,true
6.6387,true,false
4.6729,true,true
11.6733,true,true
2.6027,true,true
10.2700,true,true
6.5129,true,true
3.8163,true,true
3.4231,true,true
3.6886,true,true
6.7382,true,true
7.3242,true,true
3.9991,true,true
7.0350,true,true
6.3830,true,true
7.7162,true,true
4.2119,true,true
19.9531,true,true
4.6515,true,true
17.4511,true,true
15.1965,true,true
9.2735,true,true
4.4767,true,true
2.8473,true,true
7.8654,true,true
4.0096,true,true
4.5424,true,true
4.8341,true,true
4.9568,true,true
7.8291,true,true
4.7561,true,true
8.3452,true,false
6.1672,true,false
3.1534,true,true
2.0392,true,true
6.6411,true,false
2.3632,true,true
3.3043,true,false
2.3327,true,true
5.4806,true,true
2.6035,true,true
5.6039,true,true
2.2333,true,true
2.2652,true,true
7.2886,true,true
1.9046,true,true
3.0163,true,true
7.0294,true,true
3.5990,true,true
6.6327,true,true
6.2506,true,true
3.1409,true,false
9.0660,true,true
4.3334,true,true
6.1966,true,true
4.4585,true,true
7.3246,true,false
2.3472,true,true
3.0055,true,true
3.4914,true,true
2.2139,true,true
4.6013,true,true
2.4187,true,true
3.7959,true,true
6.4902,true,false
3.9703,true,true
6.9274,true,true
4.0592,true,true
3.0584,true,true
6.8197,true,true
4.7650,true,true
6.7444,true,true
2.4649,true,true
6.3709,true,true
2.1969,true,true
2.3960,true,true
2.1770,true,true
6.7657,true,false
2.5020,true,true
3.3300,true,true
4.3427,true,true
7.5705,true,true
2.1301,true,true
5.4261,true,true
4.2701,true,false
2.4414,true,true
6.3115,true,true
6.5793,true,true
4.1573,true,true
3.0120,true,true
6.1548,true,true
3.3575,true,true
3.5351,true,false
4.2721,true,true
8.7165,true,true
7.4923,true,true
4.4596,true,true
5.0436,true,false
6.4305,true,false
2.7226,true,true
2.5032,true,true
8.3526,true,true
2.4640,true,true
5.0412,true,true
3.2147,true,true
1.7927,true,true
2.7738,true,true
10.8024,true,true
4.8359,true,false
2.7998,true,true
3.0394,true,true
4.7871,true,true
3.3225,true,true
2.1928,true,true
2.5713,true,true
2.2137,true,true
7.8390,true,true
7.0107,true,true
2.4259,true,true
7.0755,true,true
4.5861,true,true
6.8190,true,true
3.9453,true,true
2.8757,true,true
9.1313,true,true
4.9344,true,true
5.5154,true,true
6.0756,true,true
3.3232,true,false
4.0224,true,true
6.4789,true,true
5.0261,true,false
3.3202,true,true
12.1013,true,true
2.6277,true,true
7.9816,true,true
3.9166,true,true
6.8499,true,true
2.8463,true,false
2.7888,true,true
6.7828,true,true
3.8062,true,true
12.9278,true,true
8.7499,true,false
3.9374,true,true
4.6245,true,true
2.7040,true,true
3.7058,true,false
5.3581,true,false
4.5115,true,true
7.5142,true,false
3.9337,true,true
3.6536,true,false
8.4101,true,true
7.5688,true,true
2.9848,true,true
3.3549,true,false
3.1919,true,true
2.3570,true,true
3.3952,true,false
5.3540,true,false
6.3893,true,true
2.1902,true,true
2.3789,true,true
5.3439,true,true
3.1388,true,true
15.1669,true,true
7.4902,true,true
7.1524,true,true
5.9928,true,true
6.0077,true,true
3.5310,true,true
4.7237,true,false
2.4343,true,true
6.3675,true,false
6.0481,true,true
2.8513,true,true
5.5803,true,true
2.9286,true,false
3.1765,true,true
1.9559,true,true
6.4291,true,true
6.2910,true,false
2.0581,true,true
4.3179,true,false
4.8109,true,true
15.6472,true,true
6.6282,true,true
2.5762,true,true
16.7413,true,true
2.0231,true,true
12.2007,true,true
7.7115,true,true
4.2031,true,true
5.0419,true,true
5.4036,true,false
3.9675,true,true
7.0491,true,true
4.2344,true,false
6.8500,true,true
5.0432,true,false
8.3064,true,false
2.9963,true,true
3.2413,true,true
2.1340,true,true
7.4088,true,true
3.0672,true,true
6.2007,true,false
3.7063,true,false
10.7982,true,true
4.5673,true,true
5.8848,true,true
3.0802,true,true
6.1407,true,false
4.2619,true,false
6.4205,true,true
2.1484,true,true
4.6341,true,true
4.2640,true,true
1.9986,true,true
3.1317,true,true
7.2687,true,true
8.6289,true,true
8.2522,true,true
2.2963,true,true
3.6443,true,true
4.8596,true,true
4.6880,true,true
4.1609,true,true
10.3959,true,false
6.2202,true,true
7.6410,true,false
6.3998,true,false
6.6728,true,false
6.0868,true,true
3.0270,true,true
4.8837,true,true
4.9269,true,false
4.3594,true,true
10.5453,true,true
5.4637,true,true
5.3199,true,true
5.6711,true,true
4.9803,true,true
3.1539,true,true
7.2541,true,true
3.5064,true,true
2.4100,true,true
7.5577,true,true
2.2680,true,true
4.1361,true,false
5.5403,true,true
5.6410,true,true
5.0888,true,true
6.7033,true,true
4.0879,true,true
8.0166,true,true
7.5419,true,true
2.5257,true,true
2.5815,true,true
7.8779,true,false
3.7831,true,true
7.9014,true,true
3.0290,true,true
6.3180,true,true
5.6958,true,true
5.7805,true,false
3.2319,true,true
2.0273,true,true
4.5844,true,true
4.9358,true,false
9.1699,true,true
6.8325,true,false
2.5446,true,true
2.8106,true,true
2.7595,true,true
3.9892,true,true
2.9746,true,true
2.7230,true,true
4.3658,true,true
8.1836,true,true
15.6673,true,true
6.8256,true,false
3.5431,true,true
3.8123,true,true
14.2455,true,true
5.5844,true,true
2.1757,true,true
3.3804,true,true
5.4427,true,true
2.1701,true,true
5.8159,true,false
8.6166,true,true
5.7416,true,true
3.0149,true,true
6.4137,true,true
8.2822,true,true
6.0151,true,true
2.6444,true,true
2.5688,true,true
2.4516,true,true
2.5907,true,true
5.0196,true,true
7.8348,true,true
4.6775,true,false
6.5575,true,true
4.7467,true,true
6.8073,true,true
2.6086,true,true
3.7018,true,false
2.6893,true,true
3.8293,true,true
7.5588,true,false
5.4373,true,true
10.3993,true,true
5.8409,true,true
3.5988,true,true
2.7256,true,true
3.8341,true,false
4.1321,true,true
2.8241,true,true
5.2005,true,true
5.0196,true,true
2.9601,true,true
4.0155,true,false
4.6197,true,true
2.5776,true,true
8.8324,true,true
3.0714,true,true
5.9286,true,false
5.1174,true,false
6.5712,true,true
8.0846,true,false
2.4524,true,true
4.8952,true,false
5.7071,true,true
3.6672,true,true
7.4161,true,true
3.3881,true,true
3.2278,true,true
3.9585,true,true
3.0747,true,true
4.6309,true,true
3.6305,true,false
5.8173,true,true
3.0514,true,true
10.9281,true,true
11.4606,true,true
9.6341,true,false
3.6624,true,true
16.2511,true,true
4.8602,true,true
5.0996,true,true
3.4012,true,true
3.2437,true,true
2.3720,true,true
2.2296,true,true
2.3795,true,true
5.0928,true,true
5.5426,true,false
3.1911,true,true
7.1526,true,true
3.9198,true,true
9.7628,true,false
8.2689,true,true
2.9103,true,true
9.0111,true,true
8.7726,true,true
8.7023,true,true
8.3486,true,true
6.6060,true,true
3.4191,true,true
4.3179,true,true
2.5530,true,true
2.7565,true,true
7.2078,true,true
6.9017,true,true
6.5981,true,true
2.6266,true,true
5.9621,true,true
2.5946,true,true
6.0694,true,true
10.2152,true,false
7.4080,true,false
5.9336,true,false
3.9915,true,true
2.9618,true,true
2.8213,true,true
11.1061,true,true
2.8055,true,true
9.0706,true,true
2.6848,true,true
3.9016,true,true
2.8020,true,true
7.8811,true,true
4.1302,true,true
3.4494,true,true
2.6111,true,true
2.7465,true,true
12.2591,true,true
6.8935,true,false
3.3764,true,true
2.2902,true,true
2.4753,true,true
2.7227,true,true
4.2246,true,false
5.8548,true,true
7.5663,true,true
9.2261,true,true
7.8555,true,true
5.1048,true,true
3.6504,true,false
11.2845,true,true
6.0714,true,true
7.6739,true,true
5.9016,true,false
2.6380,true,true
4.3289,true,true
6.6326,true,true
4.3398,true,true
4.7617,true,false
6.9390,true,true
2.6009,true,true
5.2564,true,true
6.3785,true,false
6.5163,true,true
2.5059,true,true
10.7684,true,true
5.9726,true,true
6.0919,true,true
5.2710,true,true
2.1714,true,true
5.0395,true,true
5.3572,true,true
2.1511,true,true
7.8788,true,false
4.6722,true,true
5.5275,true,false
3.1455,true,false
5.0167,true,true
6.6214,true,true
4.1539,true,false
5.5152,true,true
3.7696,true,true
3.7368,true,true
4.2713,true,true
2.1076,true,true
3.0694,true,true
4.5138,true,true
9.9611,true,false
3.7240,true,true
3.6814,true,true
3.8690,true,true
5.9511,true,true
4.4109,true,true
2.5891,true,true
9.5362,true,true
4.4009,true,false
2.4299,true,true
2.3492,true,true
2.5246,true,true
2.7223,true,true
4.0489,true,true
7.0656,true,true
5.2065,true,true
4.8833,true,true
5.0446,true,true
4.6021,true,false
2.5248,true,true
2.3968,true,true
6.6817,true,true
3.7469,true,false
4.2034,true,true
3.3219,true,true
4.9087,true,true
8.1173,true,false
5.5140,true,true
9.7006,true,false
3.4955,true,true
3.9575,true,true
5.9301,true,true
4.6822,true,true
16.1792,true,true
4.3615,true,true
11.6297,true,true
6.8683,true,false
6.1246,true,true
6.0366,true,true
3.3605,true,true
6.2723,true,true
3.0215,true,true
7.3196,true,true
5.7067,true,false
2.9807,true,true
4.8863,true,true
3.9439,true,true
7.7639,true,true
17.1153,true,true
6.9205,true,true
6.8924,true,true
2.8331,true,true
4.2742,true,true
5.0429,true,false
3.7773,true,true
5.6697,true,false
2.7599,true,true
6.8601,true,true
2.7649,true,true
8.2065,true,true
3.4600,true,true
4.5191,true,true
3.6273,true,true
2.6850,true,true
6.5818,true,true
2.1654,true,true
3.3104,true,true
2.5808,true,true
3.3700,true,false
6.4334,true,true
2.3001,true,true
3.2831,true,true
4.5432,true,false
8.7363,true,true
6.0722,true,true
4.2172,true,false
9.8788,true,true
4.7961,true,true
3.0293,true,true
3.2744,true,true
4.0465,true,true
5.8457,true,true
4.0531,true,true
9.7071,true,true
8.0928,true,true
6.6405,true,true
3.9694,true,true
6.3683,true,true
2.5999,true,true
4.1119,true,true
2.5626,true,true
4.4376,true,true
4.6504,true,true
4.9710,true,true
3.6376,true,true
4.6785,true,false
6.8294,true,true
5.4168,true,true
7.8711,true,true
2.6474,true,true
4.8587,true,true
5.0655,true,false
7.4744,true,false
7.8097,true,true
7.6945,true,false
5.5237,true,true
6.2131,true,true
11.6281,true,true
6.5090,true,true
3.9644,true,true
3.3205,true,true
2.4282,true,true
3.7245,true,true
3.9375,true,true
3.2725,true,true
6.1591,true,true
4.8551,true,false
3.3200,true,true
2.4610,true,true
5.8065,true,true
4.6649,true,true
3.1338,true,true
6.7479,true,true
6.0285,true,false
6.0199,true,false
3.1443,true,true
5.3343,true,true
7.3519,true,true
9.5872,true,true
4.4702,true,true
4.5726,true,true
2.5188,true,true
2.5550,true,true
2.9275,true,true
4.6990,true,true
2.9303,true,true
2.9858,true,true
7.8073,true,true
11.6811,true,false
7.0227,true,true
3.0495,true,false
6.9233,true,true
3.7736,true,true
5.6882,true,false
4.2207,true,true
3.2392,true,true
3.9447,true,false
2.8215,true,true
3.8846,true,true
4.7360,true,true
5.9619,true,true
2.7002,true,true
7.2895,true,true
2.8088,true,true
7.4105,true,true
2.9895,true,true
3.1470,true,true
5.5922,true,true
5.4487,true,true
4.5098,true,true
6.9610,true,false
5.1865,true,true
3.4945,true,true
5.7490,true,true
5.6622,true,true
5.5668,true,true
3.6613,true,true
7.2864,true,true
6.4037,true,true
12.1964,true,true
8.0038,true,false
7.0561,true,true
7.0907,true,true
4.8320,true,false
4.9759,true,true
10.6762,true,true
7.3565,true,true
4.1974,true,false
5.3193,true,true
8.1683,true,true
2.2828,true,true
4.7176,true,true
9.7756,true,true
2.6731,true,true
9.4508,true,false
2.3607,true,true
7.5106,true,true
2.2145,true,true
2.2803,true,true
8.1220,true,false
6.4508,true,false
24.9340,true,true
7.4405,true,true
4.0607,true,true
3.1259,true,true
9.4479,true,true
7.3941,true,true
9.0230,true,true
7.3866,true,true
7.4160,true,true
3.0921,true,true
5.7091,true,false
4.2789,true,false
3.8287,true,true
7.2804,true,true
4.5204,true,true
4.1841,true,true
2.1572,true,true
6.7777,true,true
3.7791,true,false
2.8818,true,true
8.0298,true,true
4.7845,true,true
8.8582,true,true
3.9310,true,true
5.0016,true,true
3.4005,true,true
4.0457,true,false
2.6640,true,true
7.3836,true,true
4.1542,true,true
3.7444,true,true
6.0709,true,true
4.2909,true,true
4.3988,true,true
6.3626,true,true
2.4116,true,true
2.2763,true,true
5.9073,true,true
2.7964,true,true
2.6929,true,true
6.9921,true,true
7.7124,true,true
5.8950,true,true
6.0579,true,true
6.3286,true,true
7.4320,true,true
6.2245,true,true
6.7708,true,false
4.4081,true,false
6.4291,true,true
2.2737,true,true
3.6811,true,false
8.2967,true,false
2.8342,true,true
6.7198,true,true
2.4209,true,true
3.7715,true,true
3.1815,true,true
4.4842,true,false
7.6750,true,true
5.3013,true,false
2.2951,true,true
2.1109,true,true
4.5190,true,true
8.0328,true,true
6.6928,true,true
7.6970,true,true
2.6253,true,true
2.5901,true,true
7.1496,true,true
2.1832,true,true
4.8482,true,true
9.4278,true,false
3.5079,true,true
4.9978,true,false
7.0977,true,true
2.8582,true,true
2.8483,true,true
3.2938,true,true
3.1459,true,true
9.5991,true,false
4.8973,true,true
5.4724,true,true
3.1468,true,true
4.1127,true,true
3.1974,true,true
3.3257,true,true
2.2713,true,true
5.4055,true,true
5.1231,true,true
7.3164,true,true
2.9475,true,true
7.5236,true,false
8.6406,true,true
8.0737,true,false
4.3905,true,true
5.8587,true,true
3.8708,true,false
4.2415,true,false
10.3437,true,true
8.2087,true,true
5.7086,true,true
2.4446,true,true
2.7171,true,true
2.6876,true,true
7.4228,true,true
4.3635,true,true
5.5124,true,true
7.6670,true,true
5.5343,true,true
3.1814,true,false
3.0576,true,true
9.4054,true,true
5.7513,true,false
2.3729,true,true
2.5216,true,true
4.5503,true,true
4.6747,true,false
7.1609,true,true
5.0245,true,true
4.2691,true,true
5.7232,true,true
6.6593,true,true
2.4247,true,true
2.4167,true,true
5.3425,true,false
4.0762,true,true
7.6724,true,false
7.5650,true,false
5.7519,true,true
2.9600,true,true
3.3791,true,true
3.3609,true,true
4.0825,true,true
3.1119,true,true
4.0624,true,true
7.0518,true,false
4.7834,true,true
4.9727,true,false
6.3964,true,false
8.1783,true,true
22.2794,true,true
4.3802,true,true
2.3574,true,true
2.3297,true,true
8.6980,true,true
4.2845,true,true
7.8963,true,true
3.7666,true,true
2.8721,true,true
2.4764,true,true
2.2222,true,true
2.2280,true,true
4.5943,true,true
3.9239,true,false
6.5425,true,true
3.4542,true,true
4.1489,true,false
4.5561,true,false
6.3022,true,true
3.2912,true,false
2.5744,true,true
11.9107,true,true
5.6878,true,true
7.1862,true,true
2.6228,true,true
2.8711,true,true
2.9601,true,true
2.6230,true,true
2.5279,true,true
2.3629,true,true
5.0024,true,true
4.1688,true,true
3.4616,true,true
6.0068,true,true
2.6327,true,true
2.7193,true,true
7.7520,true,true
4.9623,true,true
3.3560,true,true
6.4951,true,true
2.0291,true,true
4.4543,true,true
3.8698,true,false
5.9099,true,true
4.6636,true,true
2.4380,true,true
3.3826,true,true
3.8886,true,true
3.9510,true,true
2.8928,true,true
5.9173,true,false
6.0763,true,true
4.1469,true,false
4.0121,true,true
3.2250,true,true
2.1175,true,true
4.2195,true,true
4.9114,true,false
5.8210,true,true
2.4363,true,true
7.1574,true,true
2.8292,true,true
7.8258,true,true
3.5400,true,false
2.5137,true,true
5.9606,true,true
3.5551,true,false
5.6161,true,false
2.6506,true,true
2.9224,true,true
2.8715,true,true
2.7254,true,true
4.2205,true,true
1.9292,true,true
5.6846,true,false
3.3326,true,true
2.8721,true,true
5.2238,true,false
2.1373,true,true
4.3960,true,true
6.1903,true,true
5.0858,true,true
3.0051,true,true
4.2162,true,true
2.0895,true,true
8.2849,true,false
2.8173,true,true
2.6401,true,true
2.6190,true,true
2.5395,true,true
5.8839,true,true
3.0503,true,true
3.1157,true,true
5.7090,true,false
9.6644,true,true
7.2495,true,false
2.2094,true,true
2.0228,true,true
6.0882,true,true
3.0237,true,true
2.9829,true,true
8.1712,true,true
6.9710,true,true
5.2842,true,true
7.1071,true,false
2.7545,true,true
3.0461,true,true
4.1167,true,true
2.2643,true,true
4.1187,true,true
4.9933,true,true
4.5350,true,true
2.6146,true,true
2.7948,true,true
5.7586,true,true
6.0051,true,true
2.9821,true,true
3.7375,true,true
7.8634,true,true
7.1448,true,false
7.5399,true,true
2.6677,true,true
2.6718,true,true
6.5450,true,true
4.6512,true,true
9.3213,true,true
4.4873,true,true
5.6576,true,true
9.5646,true,true
7.2707,true,true
2.8044,true,true
2.8220,true,true
6.8935,true,true
7.2699,true,true
2.6345,true,true
4.7306,true,true
10.9886,true,true
5.0924,true,true
7.5297,true,true
5.9391,true,true
2.5503,true,true
7.0926,true,false
4.3969,true,true
2.2447,true,true
6.7800,true,false
3.4032,true,true
2.3448,true,true
3.4116,true,true
2.8180,true,true
10.7048,true,true
6.1262,true,true
5.8335,true,true
2.6667,true,true
3.1412,true,true
14.0652,true,true
8.3242,true,true
2.7253,true,true
10.4511,true,true
2.3903,true,true
9.0234,true,true
7.3004,true,true
6.7507,true,true
2.3809,true,true
2.9436,true,false
3.3612,true,true
6.2929,true,true
2.9295,true,true
3.0718,true,true
3.0033,true,true
6.0166,true,true
2.9320,true,true
7.6696,true,true
3.9950,true,true
5.7785,true,false
2.6235,true,true
4.4722,true,true
5.1130,true,false
6.6888,true,true
5.5889,true,true
4.2859,true,true
4.9736,true,false
9.8393,true,true
5.5803,true,true
3.3649,true,true
7.1470,true,true
3.9445,true,false
4.4344,true,true
6.3706,true,true
3.5617,true,true
12.5126,true,true
6.8728,true,true
7.4207,true,true
2.5771,true,true
2.6090,true,true
2.4976,true,true
4.5857,true,true
2.1883,true,true
2.3094,true,true
2.3639,true,true
5.5270,true,false
1.8872,true,true
3.0390,true,true
7.2347,true,true
2.9755,true,true
10.4233,true,true
8.7413,true,true
6.1930,true,true
7.9608,true,true
5.4854,true,true
3.0540,true,false
4.8364,true,false
4.0250,true,true
4.4538,true,true
2.6664,true,true
2.6285,true,true
3.2033,true,true
2.7784,true,true
6.9630,true,true
3.9860,true,true
3.8794,true,true
4.0578,true,true
5.7044,true,true
6.4886,true,true
6.0632,true,true
2.8064,true,true
8.0376,true,false
5.4541,true,true
5.5178,true,false
3.7974,true,true
5.7445,true,true
5.0794,true,false
3.3454,true,true
3.3700,true,true
2.7858,true,true
5.9847,true,false
2.7996,true,true
2.8035,true,true
3.0475,true,true
13.9567,true,true
2.9971,true,true
2.8958,true,true
7.7483,true,true
2.7787,true,true
8.8101,true,true
2.7700,true,true
13.9585,true,true
7.2519,true,true
6.4379,true,true
3.8966,true,true
5.4703,true,false
5.8711,true,true
3.1564,true,true
4.0438,true,true
3.0768,true,true
8.7678,true,false
14.1091,true,true
8.8857,true,false
5.0217,true,true
7.6061,true,false
7.9028,true,true
10.5028,true,true
5.3387,true,true
2.0598,true,true
5.9939,true,true
2.4989,true,true
5.8810,true,true
2.7017,true,true
4.8086,true,true
3.5730,true,true
2.6346,true,true
6.0816,true,true
6.6292,true,true
6.2789,true,true
2.5263,true,false
7.7387,true,false
5.2281,true,true
2.0618,true,true
3.8626,true,true
5.7966,true,false
4.2382,true,false
3.0685,true,true
7.3801,true,true
2.9978,true,true
7.4116,true,true
4.7967,true,true
3.8778,true,true
5.1577,true,true
9.2215,true,false
9.4541,true,true
3.9045,true,true
3.1764,true,true
3.1018,true,true
2.4637,true,true
6.2476,true,true
3.2780,true,true
5.9237,true,true
2.7460,true,true
5.9210,true,false
2.6160,true,true
2.6904,true,true
2.8479,true,true
2.8587,true,true
8.7726,true,true
3.7344,true,true
7.7775,true,true
5.7355,true,true
5.2267,true,true
4.2337,true,true
1.9595,true,true
3.1667,true,true
3.2537,true,true
4.1659,true,true
3.4679,true,true
3.6141,true,true
11.2914,true,false
2.8730,true,true
5.6243,true,true
4.8914,true,true
7.1391,true,false
3.0761,true,true
3.2448,true,true
6.3630,true,true
6.9186,true,true
2.5287,true,true
6.4941,true,true
2.9253,true,true
3.5083,true,true
5.3356,true,true
3.1195,true,true
5.2825,true,false
1.9526,true,true
3.2877,true,true
9.2184,true,true
3.4486,true,true
3.8056,true,true
6.3375,true,true
2.6794,true,false
4.2626,true,true
4.5049,true,false
4.6689,true,true
9.0932,true,false
6.4161,true,true
6.2194,true,true
3.2285,true,true
3.5330,true,true
4.6236,true,true
12.0567,true,true
3.7875,true,false
5.1123,true,true
3.1773,true,true
4.6418,true,true
11.2488,true,false
4.4833,true,true
4.3646,true,true
5.7616,true,true
5.2129,true,true
3.6022,true,true
10.4297,true,true
7.0364,true,true
5.6257,true,false
5.9668,true,true
4.6588,true,false
5.3590,true,false
3.9978,true,true
2.9354,true,true
9.6955,true,true
6.9079,true,true
5.1948,true,false
5.1889,true,true
2.1737,true,true
3.0039,true,true
3.0082,true,true
6.9682,true,true
2.6462,true,true
5.9249,true,true
5.3290,true,true
7.4404,true,false
4.7380,true,true
2.7001,true,true
2.7166,true,true
5.7166,true,true
2.3364,true,true
6.1003,true,true
6.6886,true,true
5.8374,true,false
3.5421,true,true
6.8716,true,true
2.4889,true,true
5.3856,true,false
5.6255,true,true
3.7750,true,true
4.0838,true,true
5.5026,true,true
7.4218,true,true
4.8464,true,true
2.9240,true,true
5.6292,true,false
3.8536,true,false
5.6248,true,true
2.4390,true,true
5.3262,true,true
2.1097,true,true
4.2316,true,true
4.1106,true,true
4.7112,true,true
6.5874,true,true
2.2014,true,true
5.0201,true,false
4.6492,true,true
4.6116,true,true
2.5514,true,true
3.5570,true,true
2.7918,true,true
2.7724,true,true
7.8886,true,false
2.6551,true,true
6.7149,true,true
2.2934,true,true
8.2285,true,true
8.4208,true,true
5.1836,true,false
4.7881,true,false
5.4450,true,true
3.0679,true,true
6.5398,true,true
5.9695,true,false
4.1788,true,true
4.8034,true,true
3.0024,true,true
3.2055,true,true
3.8120,true,true
2.8126,true,true
4.1807,true,false
3.2572,true,true
5.4395,true,true
12.5242,true,true
11.3414,true,true
7.3547,true,true
7.6087,true,true
3.6764,true,true
4.9618,true,true
6.5446,true,true
2.1440,true,true
4.4378,true,true
3.6062,true,true
4.2849,true,true
2.2753,true,true
4.1995,true,true
5.3648,true,false
2.1802,true,true
4.2768,true,true
3.8574,true,true
6.6375,true,true
9.2579,true,true
8.3293,true,true
2.8865,true,true
6.5378,true,true
3.8098,true,true
2.8835,true,true
4.9535,true,true
3.0881,true,true
11.8438,true,false
6.0946,true,true
2.9454,true,true
2.8579,true,true
9.9606,true,false
7.1966,true,false
5.1399,true,false
5.1931,true,false
4.5727,true,true
2.7082,true,true
4.4345,true,false
10.7072,true,false
3.5428,true,true
4.8231,true,false
4.8462,true,false
6.4553,true,false
5.9713,true,true
9.1397,true,false
6.3259,true,true
6.2049,true,true
5.8758,true,true
2.6694,true,true
6.1504,true,false
4.2847,true,false
4.5665,true,false
4.5971,true,false
3.9170,true,true
5.3828,true,false
11.0232,true,true
20.4711,true,false
2.7074,true,true
6.8790,true,true
23.2354,true,true
7.8640,true,true
5.1832,true,false
5.1367,true,false
4.7094,true,true
5.1552,true,true
2.9782,true,true
10.2023,true,true
3.0269,true,true
3.7624,true,false
5.5210,true,true
6.9913,true,false
4.2435,true,true
3.8255,true,true
4.4699,true,true
2.3048,true,true
3.8615,true,true
5.0933,true,true
5.2839,true,false
5.4026,true,true
3.7693,true,true
3.0681,true,true
3.2277,true,true
5.2823,true,false
7.1359,true,true
8.1204,true,false
6.1513,true,true
2.7842,true,true
2.8909,true,true
4.8659,true,false
4.5116,true,true
7.5225,true,true
2.4158,true,true
2.7645,true,true
5.1199,true,true
7.4513,true,true
2.9563,true,true
8.5907,true,true
5.4916,true,false
13.1255,true,true
3.3000,true,true
12.8000,true,true
4.3283,true,false
11.7849,true,true
2.5389,true,true
5.9222,true,true
5.9494,true,true
7.6944,true,false
2.7720,true,true
2.8089,true,true
3.9846,true,false
7.2805,true,true
8.7077,true,true
3.9982,true,false
3.1259,true,true
7.0512,true,false
2.8432,true,true
3.0581,true,true
2.8911,true,true
9.1450,true,true
3.7657,true,false
6.4185,true,true
3.7160,true,true
2.9205,true,true
3.0501,true,true
5.0095,true,false
3.7441,true,false
7.2195,true,true
3.0461,true,true
4.1685,true,false
3.6185,true,true
2.6030,true,true
23.3594,true,true
12.1768,true,true
4.0136,true,true
12.4493,true,true
7.5727,true,true
3.4024,true,true
7.1800,true,true
6.9333,true,false
3.4137,true,true
2.4537,true,true
4.2895,true,true
5.2991,true,true
5.8243,true,true
3.5824,true,true
2.7516,true,true
5.9793,true,true
6.8595,true,true
2.7573,true,true
2.7631,true,true
7.7535,true,true
5.5978,true,true
6.7687,true,true
4.2837,true,true
4.9162,true,true
4.2410,true,true
5.9649,true,true
2.9210,true,true
7.8367,true,true
3.9441,true,true
6.4078,true,true
2.2103,true,true
3.9806,true,true
4.3805,true,true
7.8740,true,true
3.6688,true,false
4.0171,true,false
7.6691,true,false
4.4021,true,true
2.3550,true,true
4.6348,true,false
5.3707,true,true
2.4467,true,true
4.2481,true,true
4.6817,true,true
4.1365,true,true
4.9584,true,true
5.5352,true,true
3.5721,true,true
6.6687,true,true
3.5425,true,true
7.5827,true,false
7.2096,true,true
5.1874,true,true
7.0457,true,true
2.6576,true,true
4.4249,true,true
7.2600,true,true
3.6559,true,true
2.5546,true,true
2.6976,true,true
3.4634,true,true
2.1769,true,true
4.0343,true,false
5.1148,true,false
5.2131,true,true
6.8125,true,true
2.7453,true,true
2.7246,true,true
2.9082,true,true
4.7157,true,true
5.5439,true,true
2.1289,true,true
3.1486,true,true
7.0070,true,false
3.0169,true,true
7.1535,true,true
4.7409,true,false
2.7214,true,true
2.8609,true,true
3.4582,true,true
2.2870,true,true
2.3781,true,true
8.2159,true,false
4.0933,true,true
7.9575,true,true
5.0241,true,true
3.0105,true,true
2.9164,true,true
7.2086,true,true
2.8007,true,true
3.8097,true,true
6.8583,true,false
4.5957,true,false
6.0414,true,true
8.3917,true,true
5.9454,true,true
2.5223,true,true
2.5671,true,true
4.3622,true,true
7.7100,true,true
7.3569,true,true
3.8574,true,true
6.4477,true,false
6.8147,true,false
5.1845,true,true
4.4767,true,false
4.5772,true,false
2.5379,true,true
5.7431,true,true
3.5535,true,true
4.1583,true,true
8.4879,true,true
3.1800,true,true
3.1196,true,true
5.9343,true,true
2.7761,true,true
2.8208,true,true
2.6277,true,true
3.5531,true,false
10.3259,true,true
7.5770,true,false
6.2439,true,true
8.1253,true,true
5.3455,true,true
3.4907,true,false
4.0336,true,true
4.8655,true,true
4.2908,true,true
5.7519,true,true
7.2412,true,true
5.8100,true,true
3.0690,true,true
5.5374,true,false
5.2060,true,true
1.9614,true,true
4.8802,true,true
2.9489,true,true
5.6665,true,false
3.7029,true,true
5.7741,true,true
6.8544,true,true
4.7663,true,true
11.4082,true,true
3.1621,true,true
3.3393,true,true
2.3608,true,true
6.7007,true,true
5.4494,true,true
2.6639,true,true
12.1195,true,true
4.3782,true,true
2.9909,true,false
4.4519,true,true
8.1870,true,true
4.4022,true,true
2.3243,true,true
14.9469,true,true
5.4910,true,false
2.5807,true,true
3.6615,true,false
7.7902,true,true
8.5013,true,true
2.6536,true,true
6.8974,true,true
8.6146,true,true
3.6568,true,true
6.4704,true,true
5.0074,true,true
7.4966,true,true
8.3664,true,false
2.3920,true,true
2.3021,true,true
7.2278,true,true
2.0244,true,true
3.3100,true,true
3.7488,true,true
2.9658,true,true
3.1396,true,true
6.5564,true,false
2.2660,true,true
3.8928,true,true
7.1245,true,true
3.0781,true,true
4.4796,true,true
2.6056,true,true
2.5671,true,true
7.8801,true,true
6.0555,true,false
3.4527,true,true
2.3292,true,true
12.4322,true,true
7.3619,true,true
3.7106,true,true
6.6676,true,true
2.2207,true,true
2.0898,true,true
5.9513,true,true
2.6135,true,true
2.7054,true,true
8.6324,true,true
7.0438,true,true
8.7796,true,true
5.6855,true,true
2.3753,true,true
4.0912,true,true
3.6787,true,true
6.2864,true,true
1.8018,true,true
7.1675,true,false
2.6965,true,true
5.2029,true,false
2.5753,true,true
2.6319,true,true
4.6853,true,true
5.7734,true,true
4.3212,true,true
2.2327,true,true
4.9462,true,true
3.8570,true,true
13.6292,true,true
10.2368,true,true
6.2681,true,true
2.3075,true,true
5.9028,true,true
2.6170,true,true
4.9195,true,true
3.5990,true,false
2.8086,true,true
6.0809,true,true
5.2910,true,true
8.4197,true,true
4.8654,true,false
7.7694,true,false
7.0323,true,true
5.1429,true,true
6.2807,true,true
2.2646,true,true
3.2469,true,true
4.4497,true,true
5.8215,true,true
7.5776,true,true
4.2037,true,true
1.9428,true,true
2.9848,true,true
3.3022,true,true
6.2634,true,true
8.5835,true,true
3.1077,true,true
5.7134,true,true
6.7845,true,false
2.3744,true,true
2.5836,true,true
3.7601,true,true
4.6342,true,true
3.8206,true,true
5.1896,true,true
5.5844,true,true
2.7034,true,true
2.6086,true,true
5.1200,true,true
5.1178,true,true
2.9436,true,true
3.0191,true,true
10.0987,true,true
6.6924,true,false
2.1305,true,true
3.1396,true,true
5.0835,true,true
4.4562,true,true
6.8337,true,true
8.3722,true,true
2.4108,true,true
5.9064,true,true
4.2943,true,true
4.9780,true,true
8.7576,true,true
4.0060,true,true
4.9063,true,true
6.2713,true,true
1.8485,true,true
4.2273,true,true
2.1845,true,true
8.0677,true,false
3.6753,true,true
5.7772,true,true
2.7921,true,true
7.4513,true,false
4.4612,true,false
7.4855,true,true
6.8783,true,true
6.4537,true,false
6.6682,true,false
5.8603,true,true
7.2205,true,true
4.3701,true,true
4.4975,true,false
3.0451,true,true
2.9525,true,true
5.0997,true,true
2.9775,true,true
7.5293,true,true
2.7647,true,true
8.3656,true,true
4.2111,true,true
6.0334,true,true
5.3648,true,true
2.2355,true,true
8.0646,true,false
6.3970,true,true
2.5979,true,true
4.0097,true,true
3.1175,true,true
7.0389,true,false
5.0265,true,false
7.7018,true,true
10.1811,true,true
6.3973,true,true
4.6698,true,true
2.9510,true,true
2.9096,true,true
3.1141,true,true
8.2987,true,true
7.2517,true,true
7.3984,true,true
2.7333,true,true
2.6209,true,true
3.7604,true,true
11.8032,true,true
6.4317,true,true
6.0017,true,true
3.7950,true,true
5.5693,true,false
2.6236,true,true
3.6023,true,true
4.0652,true,true
3.5378,true,true
4.1007,true,false
4.5859,true,true
2.3825,true,true
2.5627,true,true
8.3636,true,true
2.8471,true,true
2.9540,true,true
9.5064,true,false
2.2806,true,true
2.3514,true,true
4.5078,true,true
3.6815,true,true
8.1933,true,true
8.7858,true,true
6.4671,true,true
1.9772,true,true
4.7645,true,true
5.1092,true,true
5.6827,true,false
3.3694,true,true
2.3604,true,true
7.2441,true,false
4.0627,true,true
3.2095,true,true
3.1586,true,true
10.6430,true,true
5.0641,true,true
9.0974,true,true
6.7576,true,true
3.3996,true,true
4.5003,true,false
2.4279,true,true
6.4220,true,true
7.6234,true,false
6.9619,true,true
5.9792,true,false
8.9432,true,true
4.1241,true,true
18.8492,true,true
6.3918,true,true
4.7014,true,true
7.8155,true,true
5.7492,true,false
4.0548,true,true
5.5475,true,true
3.5017,true,true
4.3822,true,true
3.6631,true,true
2.6456,true,true
3.0169,true,true
5.0672,true,true
3.6047,true,false
3.8313,true,true
4.8016,true,true
3.8863,true,false
10.4137,true,true
3.5024,true,true
7.1692,true,true
4.9990,true,true
7.9191,true,false
3.4401,true,true
2.3843,true,true
5.4729,true,true
6.6356,true,true
3.4027,true,true
2.7013,true,false
2.3006,true,true
6.5398,true,false
5.0845,true,true
2.9647,true,true
3.9333,true,true
7.4676,true,true
5.3392,true,true
2.6485,true,false
2.9128,true,true
4.9446,true,true
3.2185,true,true
13.8910,true,true
3.1190,true,true
2.8853,true,true
10.8264,true,true
6.4293,true,true
2.6673,true,false
3.0135,true,true
4.9367,true,true
7.4118,true,true
7.1251,true,true
3.1019,true,true
8.4807,true,true
2.8392,true,true
2.6052,true,true
4.3167,true,true
2.2526,true,true
2.3723,true,true
7.6889,true,true
1.9824,true,true
6.3107,true,false
8.2188,true,true
6.6661,true,true
4.4962,true,true
2.1894,true,true
4.0269,true,true
2.7948,true,true
8.1967,true,true
9.1684,true,true
2.9365,true,true
3.2525,true,true
7.0083,true,false
2.7125,true,true
2.9758,true,true
3.9495,true,true
3.0509,true,true
4.9685,true,true
3.0187,true,true
5.6158,true,true
6.2940,true,true
8.5980,true,true
5.9899,true,true
5.8247,true,true
4.7609,true,false
3.0126,true,true
19.3511,true,true
13.6990,true,true
3.8033,true,true
11.5165,true,true
5.0998,true,true
6.4168,true,true
2.0443,true,true
3.1690,true,true
2.2681,true,true
2.4142,true,true
8.8270,true,true
5.8535,true,true
2.9965,true,true
4.5151,true,true
3.6526,true,false
3.1539,true,true
10.5809,true,true
2.4238,true,true
7.3307,true,true
5.5966,true,true
2.3762,true,true
2.5299,true,true
2.5706,true,true
5.2897,true,true
17.1896,true,true
5.0344,true,true
5.6407,true,false
5.8405,true,true
2.6930,true,true
4.0388,true,true
3.0882,true,true
3.8060,true,false
4.6838,true,true
12.1059,true,true
13.2451,true,true
9.1586,true,true
4.4646,true,true
2.5930,true,true
6.0527,true,true
4.3696,true,true
5.0429,true,true
6.2383,true,false
10.4955,true,true
5.4319,true,true
2.9647,true,false
7.2730,true,true
7.2574,true,true
9.8624,true,true
22.5928,true,true
4.6526,true,false
3.7768,true,true
4.7927,true,true
3.4691,true,true
3.3440,true,true
2.3787,true,true
4.6992,true,true
2.6924,true,true
2.5215,true,true
10.2610,true,true
5.4333,true,false
4.2053,true,false
5.9638,true,true
9.5740,true,true
4.8503,true,false
2.9635,true,true
7.5309,true,true
11.0677,true,false
7.1424,true,true
21.0823,true,true
4.6934,true,true
3.4854,true,false
2.6367,true,true
6.5815,true,true
12.8536,true,true
8.0155,true,true
8.0666,true,true
7.1642,true,true
5.2133,true,true
4.4012,true,true
2.6637,true,true
2.7998,true,true
3.1399,true,true
3.3298,true,true
2.4034,true,true
3.4258,true,true
5.6433,true,true
6.9320,true,true
5.6301,true,false
7.2742,true,true
3.5419,true,true
2.6824,true,true
6.7875,true,true
2.6308,true,true
16.4514,true,true
3.0339,true,true
3.2804,true,true
2.4750,true,true
3.4658,true,true
3.0645,true,false
2.9956,true,true
2.9087,true,true
3.2195,true,true
9.9703,true,true
6.7360,true,true
3.3349,true,true
2.3528,true,true
2.3715,true,true
2.4570,true,true
2.3543,true,true
2.1921,true,true
4.4471,true,true
2.5273,true,true
2.4312,true,true
7.7917,true,true
2.5124,true,true
3.9077,true,true
4.0301,true,false
4.2575,true,true
5.9599,true,true
5.9076,true,true
5.4448,true,true
2.2397,true,true
3.6303,true,true
2.9090,true,true
5.6584,true,true
4.5202,true,false
2.4418,true,true
6.5752,true,true
2.1891,true,true
5.7515,true,false
2.5141,true,true
6.4585,true,true
2.1448,true,true
4.6826,true,true
8.2543,true,true
2.4308,true,true
3.3632,true,true
6.3512,true,true
5.9537,true,true
4.3573,true,true
6.6981,true,true
3.8572,true,true
3.6483,true,true
7.1570,true,true
6.2368,true,true
6.9143,true,true
7.5720,true,true
3.0269,true,false
5.1035,true,true
3.1803,true,true
8.0123,true,true
4.6953,true,true
2.8121,true,true
2.7980,true,true
4.2740,true,true
6.8311,true,false
7.1333,true,true
4.7348,true,true
3.8996,true,true
4.6694,true,true
2.6518,true,true
2.4130,true,true
6.0545,true,true
4.4745,true,true
6.7015,true,true
4.5780,true,true
12.6527,true,true
5.8943,true,true
2.8364,true,true
5.6516,true,true
5.4163,true,false
5.4235,true,true
4.2373,true,true
1.9331,true,true
3.0730,true,true
5.3033,true,true
3.9172,true,false
3.3282,true,true
4.7199,true,true
3.3442,true,true
7.5035,true,true
1.6395,true,true
4.6234,true,true
2.4140,true,true
3.9049,true,true
2.7339,true,true
12.5252,true,true
5.8884,true,true
7.5649,true,true
5.1167,true,false
5.9205,true,true
3.0169,true,true
3.1208,true,true
6.3183,true,true
2.0576,true,true
2.8855,true,true
6.3005,true,false
3.0289,true,false
4.8823,true,true
7.1551,true,true
4.9436,true,true
3.0863,true,true
2.9040,true,true
5.0492,true,true
7.8488,true,true
3.4159,true,false
2.8783,true,true
4.7250,true,true
8.1978,true,true
4.8754,true,false
2.8633,true,true
3.7630,true,false
2.9565,true,true
3.2054,true,true
4.1400,true,true
2.8351,true,true
6.9754,true,true
9.4041,true,false
3.8722,true,true
3.0859,true,true
4.4640,true,false
3.0821,true,false
5.9638,true,true
8.3555,true,true
11.7641,true,false
5.5570,true,true
2.2996,true,true
3.4511,true,true
6.8865,true,true
7.2452,true,true
8.2711,true,true
7.1856,true,true
5.3815,true,false
2.3467,true,true
2.4017,true,true
7.7946,true,true
5.1224,true,true
2.0647,true,true
5.0891,true,true
4.0495,true,true
5.5160,true,true
4.2632,true,false
5.0790,true,true
13.7871,true,true
3.4069,true,true
7.5564,true,true
5.2918,true,true
7.2270,true,true
4.0373,true,true
4.5481,true,false
2.4812,true,true
3.8285,true,true
5.8469,true,true
5.0714,true,true
3.7235,true,true
5.6905,true,true
5.2001,true,true
6.8654,true,false
4.7030,true,false
2.9652,true,true
6.4549,true,true
4.0491,true,true
3.7459,true,true
7.3964,true,true
7.3892,true,true
5.9431,true,true
9.2998,true,true
9.9028,true,true
4.3407,true,true
3.4604,true,false
5.0360,true,false
5.2889,true,false
2.5953,true,true
3.6099,true,true
5.0940,true,true
19.5623,true,true
9.4939,true,true
9.3860,true,true
4.1802,true,true
7.5064,true,true
3.5918,true,true
6.3437,true,true
2.8986,true,true
5.3789,true,false
3.5115,true,true
10.2132,true,true
2.7615,true,true
4.7367,true,true
4.9534,true,true
3.6067,true,true
4.1735,true,true
4.5541,true,true
3.5189,true,false
5.2183,true,false
2.3051,true,true
2.0502,true,true
4.0680,true,true
3.7889,true,true
2.6786,true,true
2.3758,true,true
8.0914,true,true
7.3788,true,false
3.0678,true,true
3.4929,true,true
6.4538,true,true
4.9742,true,true
3.1182,true,true
5.4106,true,false
2.0460,true,true
4.8733,true,true
5.6238,true,true
14.8270,true,true
7.8638,true,true
3.1950,true,true
4.5438,true,false
2.7216,true,true
8.3730,true,true
4.2971,true,false
2.4314,true,true
7.5483,true,true
2.2862,true,true
2.2480,true,true
5.0540,true,false
5.8579,true,false
3.7822,true,true
3.0380,true,true
4.4833,true,true
4.4975,true,false
5.0006,true,false
3.0769,true,true
6.3250,true,true
3.1701,true,true
6.3738,true,true
7.1572,true,true
4.0848,true,false
4.6358,true,true
3.5295,true,true
6.9693,true,true
3.8850,true,true
12.3522,true,true
5.2907,true,true
4.9827,true,true
19.6478,true,false
39.7855,true,true
34.5159,true,true
5.5839,true,true
4.9193,true,true
2.9585,true,true
3.0129,true,true
8.2510,true,true
2.7057,true,true
2.6125,true,true
2.5334,true,true
9.7819,true,false
3.5326,true,true
2.9291,true,true
7.6992,true,true
3.3075,true,true
2.8338,true,false
6.7894,true,true
4.3587,true,true
2.5853,true,true
2.5664,true,true
8.6825,true,true
9.4422,true,false
4.8814,true,true
3.9067,true,true
3.0274,true,true
5.0187,true,true
6.1360,true,false
6.6118,true,true
6.0038,true,true
2.7860,true,true
3.7536,true,true
5.6276,true,false
4.1593,true,true
3.0770,true,true
6.5628,true,true
4.7336,true,false
4.0134,true,false
12.4270,true,true
4.3077,true,true
3.1272,true,true
4.1609,true,true
7.1799,true,true
3.5191,true,false
3.9914,true,true
2.8372,true,true
5.1389,true,false
3.2803,true,true
8.5838,true,true
7.1224,true,true
2.2235,true,true
2.5759,true,true
3.6553,true,true
2.4321,true,true
3.6082,true,true
12.2794,true,true
3.1112,true,true
7.6132,true,true
3.5525,true,true
11.3568,true,true
7.2243,true,true
2.8634,true,true
4.4695,true,true
3.7540,true,true
2.7494,true,true
5.0212,true,true
9.6814,true,true
3.9887,true,true
2.8394,true,true
6.5494,true,true
2.1479,true,true
4.4185,true,false
2.5138,true,true
5.3566,true,false
2.5414,true,true
5.4518,true,true
2.2969,true,true
2.1828,true,true
2.1942,true,true
3.0433,true,false
8.0998,true,true
3.6651,true,true
3.6909,true,true
6.9054,true,true
3.2705,true,true
4.1946,true,true
6.8864,true,false
3.2836,true,true
2.3945,true,true
2.1594,true,true
4.2140,true,true
6.6813,true,true
5.3463,true,true
2.2641,true,true
2.8887,true,true
5.9272,true,true
5.6938,true,true
4.1827,true,true
3.8173,true,true
2.5211,true,true
2.9219,true,true
7.3963,true,true
3.0823,true,true
6.7541,true,true
2.8072,true,false
3.0300,true,true
13.9282,true,false
11.9786,true,true
10.5551,true,true
4.4638,true,false
17.5830,true,true
2.8508,true,true
9.0145,true,true
3.2370,true,true
7.2657,true,false
4.4124,true,true
2.2743,true,true
4.2125,true,true
4.2562,true,true
7.1143,true,true
3.2573,true,true
5.8811,true,true
2.7950,true,true
2.6675,true,true
2.7765,true,true
3.1747,true,true
6.2474,true,true
5.9414,true,true
7.5089,true,false
2.4892,true,true
16.7576,true,true
4.1109,true,true
22.8356,true,true
4.6134,true,true
19.8020,true,true
3.7621,true,true
12.0320,true,true
3.2124,true,true
4.1783,true,false
2.0684,true,true
8.8007,true,true
3.3339,true,true
17.4814,true,true
2.7212,true,true
4.5986,true,true
8.6554,true,true
2.4099,true,true
4.6667,true,true
2.8913,true,true
4.4391,true,true
6.9215,true,true
7.2338,true,false
2.7061,true,true
9.5420,true,true
8.5318,true,true
3.8279,true,false
2.9309,true,true
3.2275,true,true
3.4541,true,true
2.3945,true,true
2.3055,true,true
6.3553,true,false
4.7173,true,true
4.4199,true,true
2.5393,true,true
4.9701,true,true
3.0031,true,true
3.0949,true,true
3.3136,true,true
6.9347,true,true
5.4589,true,true
2.3443,true,true
3.1237,true,true
14.6169,true,true
6.5434,true,true
7.0582,true,true
7.6686,true,true
9.7826,true,true
7.3366,true,true
6.1966,true,true
2.9146,true,true
6.0061,true,true
11.6498,true,true
7.1163,true,true
2.4383,true,true
4.3347,true,true
5.4259,true,true
4.9765,true,true
6.5737,true,true
6.5072,true,true
2.3180,true,true
11.2170,true,true
6.8225,true,false
5.1788,true,true
3.6211,true,false
10.5680,true,false
7.4441,true,true
8.0738,true,true
16.7160,true,true
8.5984,true,true
7.1889,true,true
5.6248,true,false
5.5678,true,true
6.9591,true,true
5.8876,true,true
4.2150,true,true
1.9552,true,true
4.6422,true,true
2.7008,true,true
2.8821,true,true
6.4904,true,true
5.2946,true,true
5.3774,true,true
4.9244,true,true
7.1510,true,true
3.3643,true,true
4.6619,true,false
7.2127,true,false
5.4088,true,true
5.2887,true,true
4.9429,true,true
9.0665,true,true
6.2443,true,true
4.4097,true,true
11.3580,true,true
6.4370,true,true
6.2742,true,true
2.1559,true,true
10.3235,true,true
7.1774,true,false
7.6787,true,false
2.7524,true,true
3.8292,true,true
4.7006,true,false
4.3469,true,true
6.9863,true,true
5.3423,true,true
4.6017,true,false
2.3451,true,true
2.0171,true,true
3.5225,true,true
2.5885,true,true
2.2259,true,true
4.7604,true,true
4.1100,true,true
6.7640,true,true
2.3543,true,true
5.4743,true,true
2.6714,true,true
5.0575,true,false
6.1932,true,false
1.6914,true,true
4.0249,true,false
3.2584,true,true
2.2530,true,true
5.2457,true,false
7.7583,true,true
3.0694,true,true
3.9592,true,true
7.2880,true,false
3.7756,true,true
2.8473,true,true
2.9045,true,true
5.5118,true,false
6.4242,true,false
2.7580,true,true
2.8672,true,true
9.5161,true,true
7.3793,true,false
3.9006,true,true
4.5546,true,true
3.6806,true,true
3.0093,true,true
5.6116,true,true
6.9289,true,true
6.5705,true,true
4.6281,true,false
5.0913,true,true
6.7217,true,true
3.5033,true,true
5.2098,true,true
2.1430,true,true
2.9951,true,true
2.9991,true,true
5.3537,true,true
3.0823,true,true
3.9076,true,true
4.0813,true,true
3.4020,true,true
2.6281,true,true
6.5707,true,true
3.2387,true,false
3.1586,true,true
4.2415,true,false
6.2183,true,true
3.1920,true,true
2.2880,true,true
6.8890,true,true
2.4465,true,true
6.5142,true,true
5.6250,true,true
4.1800,true,true
4.7826,true,false
7.2935,true,true
15.2796,true,true
3.7596,true,true
3.8253,true,true
2.5948,true,true
3.7101,true,true
9.0061,true,false
4.4262,true,true
7.6983,true,true
2.3129,true,true
2.4040,true,true
2.4943,true,true
5.2447,true,true
10.3621,true,true
12.7865,true,false
11.8271,true,false
5.5972,true,true
6.8269,true,true
2.6533,true,true
3.7688,true,true
7.1041,true,false
4.0640,true,true
8.3681,true,true
10.8167,true,false
5.5972,true,false
8.0580,true,true
2.4845,true,true
5.1386,true,true
6.5814,true,true
6.2126,true,true
4.1392,true,true
3.0668,true,true
3.1777,true,true
7.3249,true,true
4.0366,true,true
3.3760,true,true
15.0101,true,false
5.8347,true,true
2.5859,true,true
2.6555,true,true
7.6674,true,true
6.4899,true,true
6.6404,true,false
4.6952,true,true
6.5566,true,false
2.1599,true,true
10.3777,true,false
9.1247,true,true
6.7477,true,true
13.7798,true,true
3.4274,true,true
23.4362,true,true
4.4684,true,true
2.5228,true,true
3.6441,true,true
4.4357,true,true
2.3374,true,true
2.6587,true,true
6.5248,true,true
2.7792,true,false
3.0192,true,true
4.1182,true,false
4.3279,true,true
3.2115,true,true
6.0082,true,true
8.9740,true,true
6.7427,true,true
3.6590,true,true
7.3711,true,true
4.6271,true,true
4.1773,true,true
4.0506,true,true
3.9000,true,true
5.3425,true,false
3.1596,true,true
6.3184,true,true
4.6666,true,false
9.0197,true,true
5.0298,true,true
3.5119,true,true
7.4404,true,false
7.5684,true,true
4.1998,true,true
20.6201,true,false
7.2200,true,false
3.9858,true,false
4.4298,true,true
2.3250,true,true
5.4094,true,true
2.5224,true,true
5.4370,true,true
6.6511,true,true
3.0547,true,true
4.0908,true,true
5.6031,true,false
22.9772,true,true
6.6667,true,true
13.1975,true,true
3.4839,true,true
3.3796,true,true
2.3269,true,true
5.9301,true,true
6.0400,true,true
3.5535,true,true
6.2180,true,true
3.0140,true,true
7.3556,true,false
4.2104,true,true
5.2086,true,true
9.6800,true,false
6.8125,true,true
4.5055,true,true
6.5662,true,true
2.2600,true,true
3.0197,true,true
3.2831,true,true
4.1849,true,false
2.2151,true,true
2.4984,true,true
6.8727,true,true
4.7398,true,true
3.7459,true,true
10.6810,true,false
2.6591,true,true
9.2607,true,true
7.2502,true,true
6.9716,true,true
4.2871,true,true
1.9234,true,true
8.3019,true,true
5.4485,true,true
3.8624,true,true
7.6695,true,true
5.2437,true,false
2.0890,true,true
6.3241,true,true
6.4066,true,true
4.3624,true,true
11.1446,true,true
6.8846,true,true
6.4222,true,false
2.9888,true,true
5.8108,true,true
6.5650,true,true
2.3403,true,true
5.3107,true,true
5.7548,true,true
9.7687,true,true
6.4073,true,true
6.6769,true,false
5.9277,true,false
6.7841,true,true
4.4525,true,true
4.5902,true,false
4.3289,true,false
2.4540,true,true
5.1178,true,true
2.9302,true,true
10.3756,true,true
7.3946,true,true
2.9375,true,true
3.0810,true,true
4.4294,true,false
4.7773,true,false
4.0812,true,false
2.6427,true,true
3.8737,true,true
7.6197,true,true
4.9048,true,true
6.8225,true,true
3.8784,true,true
3.5760,true,true
2.5439,true,true
6.0897,true,true
3.7322,true,true
9.9104,true,true
11.6567,true,false
5.6344,true,true
6.1482,true,true
3.9841,true,true
3.5951,true,true
2.2606,true,true
7.3869,true,true
3.2954,true,true
10.0892,true,true
7.7825,true,false
6.6441,true,true
4.8781,true,true
3.7557,true,true
4.4578,true,true
10.6979,true,true
9.1887,true,false
6.3179,true,true
25.0922,true,true
5.4031,true,false
2.9379,true,true
3.7315,true,false
1.7088,true,true
6.0995,true,false
2.9936,true,true
6.4569,true,true
7.8204,true,true
6.2851,true,true
5.7000,true,true
8.5846,true,true
2.9442,true,true
5.6096,true,false
5.3789,true,true
5.3674,true,true
6.2048,true,true
7.6251,true,true
2.8254,true,true
4.8923,true,true
3.0072,true,true
6.2342,true,true
1.8730,true,true
7.0565,true,false
4.8514,true,true
2.8934,true,true
9.7634,true,true
12.2141,true,true
7.2650,true,true
7.1871,true,true
8.5859,true,true
3.0076,true,true
8.0995,true,true
8.4644,true,true
4.9946,true,false
7.3731,true,false
3.0437,true,true
3.6204,true,true
5.8590,true,true
2.5779,true,true
5.6560,true,true
4.0122,true,true
2.8493,true,true
17.8421,true,true
2.0381,true,true
5.0034,true,true
3.9569,true,true
8.0955,true,true
4.3014,true,true
5.8537,true,true
3.4459,true,false
3.9980,true,true
7.2154,true,true
6.3553,true,false
1.9269,true,true
2.7318,true,true
2.7891,true,true
3.3283,true,true
3.3961,true,true
2.4954,true,true
7.1904,true,true
2.5979,true,true
2.5905,true,true
9.9587,true,true
7.2790,true,true
6.3599,true,false
2.1542,true,true
3.0263,true,true
5.8977,true,true
6.0526,true,true
6.2139,true,true
7.2744,true,false
3.0295,true,true
7.0121,true,true
4.5712,true,true
6.3490,true,false
3.8194,true,true
7.0121,true,true
3.8634,true,true
10.3055,true,true
4.8365,true,true
5.6957,true,true
2.5011,true,true
3.0297,true,true
7.2955,true,false
3.8250,true,true
3.4509,true,true
13.9417,true,true
4.6628,true,false
2.7971,true,true
7.1621,true,true
11.8210,true,true
8.5176,true,true
3.8575,true,true
2.6706,true,true
8.9929,true,true
4.0602,true,false
2.8583,true,true
5.0771,true,true
3.2307,true,true
5.2798,true,false
3.4689,true,false
5.2115,true,false
8.3211,true,false
3.8220,true,true
4.2710,true,true
4.1035,true,true
4.5959,true,true
4.6850,true,true
2.6145,true,true
2.5827,true,true
6.6189,true,true
2.8309,true,true
2.6322,true,true
4.6951,true,true
5.1124,true,false
4.4491,true,true
2.6924,true,true
3.3305,true,true
14.0902,true,true
2.5621,true,true
11.0544,true,true
10.3941,true,false
4.1770,true,true
8.2713,true,true
5.5546,true,true
6.7673,true,true
2.7994,true,true
10.6124,true,true
6.5301,true,true
2.9498,true,true
10.0915,true,true
4.8740,true,true
6.1699,true,true
3.1173,true,true
9.4589,true,true
8.3979,true,false
5.3446,true,true
5.6143,true,true
5.3457,true,false
2.6931,true,true
2.7495,true,true
7.6456,true,true
9.7267,true,true
5.7840,true,true
2.9167,true,true
4.1825,true,true
3.1757,true,true
7.5871,true,true
2.7234,true,true
3.2862,true,true
9.9182,true,true
6.6774,true,true
6.4159,true,true
2.1592,true,true
3.4693,true,true
3.3695,true,true
9.6765,true,true
4.8581,true,false
7.8339,true,true
6.4926,true,true
3.2720,true,false
8.7240,true,true
2.8660,true,true
21.4603,true,true
3.9747,true,true
2.8235,true,true
3.8493,true,true
4.4160,true,false
2.4657,true,true
2.5279,true,true
6.3198,true,true
6.5808,true,true
5.8769,true,true
7.0130,true,true
3.4303,true,true
2.3176,true,true
7.3837,true,true
1.9315,true,true
2.8475,true,true
3.3526,true,true
5.2573,true,false
1.9754,true,true
5.9945,true,true
4.2707,true,true
3.9988,true,true
3.4966,true,true
10.4084,true,true
5.4006,true,true
2.0816,true,true
5.8141,true,false
5.6967,true,true
2.7247,true,true
6.0604,true,true
4.3311,true,true
2.2925,true,true
2.4137,true,true
6.1678,true,true
3.1377,true,true
14.1051,true,true
8.8620,true,true
3.2140,true,true
5.6171,true,true
5.3018,true,true
3.3679,true,true
7.4189,true,true
1.3603,true,true
3.6482,true,true
7.0809,true,true
5.3273,true,true
3.9972,true,false
2.8276,true,true
3.2208,true,true
6.7342,true,true
3.3230,true,true
9.9549,true,false
5.0286,true,false
4.7644,true,true
2.5742,true,true
4.3741,true,true
3.3039,true,true
2.0161,true,true
3.0516,true,true
2.9407,true,true
2.9310,true,true
12.1135,true,true
11.0134,true,true
6.3562,true,true
2.5561,true,true
3.4048,true,true
2.4263,true,true
3.5235,true,true
21.0249,true,true
2.7176,true,true
3.9144,true,false
3.7538,true,false
3.7035,true,true
2.7116,true,true
4.8893,true,true
6.9724,true,true
3.9987,true,true
3.2501,true,true
2.0043,true,true
3.0453,true,true
2.8758,true,true
2.9592,true,true
9.1516,true,true
4.4185,true,true
6.3647,true,true
7.5519,true,true
8.4113,true,true
3.2482,true,true
5.5058,true,true
7.2887,true,false
2.1291,true,true
6.5126,true,true
2.9580,true,false
6.9271,true,true
3.4822,true,true
4.5407,true,false
5.6111,true,false
2.2513,true,true
3.9135,true,true
2.8938,true,true
4.6991,true,true
9.1091,true,true
9.7450,true,true
7.9651,true,true
9.7551,true,true
16.0439,true,true
4.1146,true,true
2.9025,true,true
14.3709,true,true
8.1493,true,true
3.6333,true,true
5.0991,true,true
4.7410,true,true
3.1604,true,true
4.0555,true,false
3.0437,true,true
4.4274,true,true
7.3443,true,true
3.0358,true,true
3.0978,true,true
3.3716,true,true
11.5699,true,true
2.6970,true,true
4.4334,true,true
7.3742,true,true
6.9286,true,false
5.0947,true,true
3.7620,true,false
6.4150,true,true
2.9283,true,true
2.9767,true,true
6.4671,true,true
2.3393,true,true
5.1964,true,false
7.6889,true,true
3.0412,true,true
3.0589,true,true
4.2667,true,true
2.9454,true,true
9.2477,true,true
4.3799,true,false
7.5087,true,true
4.1067,true,true
9.1879,true,true
5.1321,true,true
8.3705,true,true
18.8855,true,true
2.7950,true,true
10.4089,true,true
5.6571,true,false
7.3814,true,false
2.5343,true,true
6.5611,true,true
3.6020,true,true
2.9200,true,true
5.2789,true,true
6.9659,true,true
5.8902,true,true
8.7814,true,true
6.4692,true,false
1.4760,true,true
2.3653,true,true
2.4088,true,true
6.8045,true,false
2.4035,true,true
2.6709,true,true
7.6267,true,true
4.7994,true,true
4.2736,true,true
6.4632,true,true
2.0271,true,true
5.2101,true,true
2.2737,true,true
2.4025,true,true
4.8013,true,true
5.7123,true,true
3.2615,true,true
2.5293,true,true
5.6384,true,false
3.8422,true,false
7.6863,true,true
5.4437,true,true
3.3007,true,false
2.6217,true,true
5.9347,true,true
7.0464,true,true
8.1679,true,false
3.8873,true,true
2.9604,true,true
7.5957,true,true
7.6227,true,true
13.9102,true,true
26.4789,true,true
5.0103,true,true
4.9803,true,false
2.9409,true,true
11.2670,true,true
5.1041,true,true
4.0887,true,true
3.0698,true,true
6.1394,true,true
7.9335,true,false
6.3751,true,true
4.0613,true,true
5.4758,true,false
4.1764,true,true
5.1510,true,true
6.1587,true,true
4.6405,true,true
3.0666,true,true
13.4386,true,true
10.7025,true,true
6.9573,true,true
3.1182,true,true
6.2689,true,true
5.8065,true,true
3.3865,true,true
5.6732,true,true
3.4418,true,true
2.5552,true,true
2.6275,true,true
4.6192,true,true
2.8044,true,true
3.4454,true,true
2.6970,true,true
2.6483,true,true
4.4481,true,true
6.0209,true,true
5.7732,true,true
7.4607,true,false
2.8064,true,true
2.6760,true,true
4.7042,true,true
2.9285,true,true
8.0315,true,false
3.1827,true,true
10.4732,true,true
5.5414,true,true
3.9516,true,false
2.7644,true,true
5.1316,true,false
1.8004,true,true
2.9471,true,true
10.0787,true,false
6.7333,true,true
2.1843,true,true
2.1921,true,true
2.0612,true,true
4.3621,true,true
4.1092,true,true
11.5043,true,false
8.1052,true,true
3.7250,true,true
2.7869,true,true
5.4257,true,true
18.6095,true,true
15.3336,true,true
6.1675,true,false
6.0458,true,true
3.0159,true,true
5.1278,true,true
8.9343,true,true
8.9194,true,false
4.1034,true,true
7.0699,true,true
3.0690,true,true
3.8576,true,true
10.5314,true,true
4.4231,true,true
2.5395,true,true
2.3330,true,true
5.2938,true,false
6.8652,true,true
1.9269,true,true
9.8166,true,true
3.9096,true,true
9.2992,true,true
6.8339,true,true
3.2016,true,true
2.2422,true,true
18.6792,true,true
8.3445,true,true
4.2005,true,true
10.8887,true,true
6.6111,true,true
5.1014,true,true
3.4061,true,true
7.1846,true,true
2.7018,true,true
2.8117,true,true
3.0357,true,true
7.1735,true,true
4.0579,true,true
6.5866,true,true
4.9096,true,true
4.3607,true,true
2.5214,true,true
3.7121,true,true
10.7654,true,true
5.1165,true,true
2.8010,true,true
3.0740,true,true
4.6064,true,true
2.5184,true,true
4.3156,true,true
2.7760,true,true
2.5578,true,true
2.7168,true,true
4.4777,true,true
4.6479,true,false
2.3798,true,true
4.0008,true,false
6.5480,true,true
7.8652,true,true
2.2284,true,true
6.0640,true,false
14.7637,true,true
3.0702,true,true
3.1339,true,true
6.5643,true,true
2.3688,true,true
3.8388,true,false
10.6326,true,true
5.3935,true,true
4.9176,true,true
3.5797,true,false
4.7456,true,true
2.9104,true,true
4.6869,true,true
2.7997,true,true
6.3423,true,true
3.7227,true,true
7.4178,true,false
4.5176,true,true
5.8401,true,false
2.6768,true,true
2.5564,true,true
3.0354,true,true
3.2851,true,true
2.1001,true,true
5.9779,true,false
6.2809,true,true
2.1536,true,true
5.7987,true,true
5.1690,true,true
2.5958,true,false
2.4837,true,true
2.7042,true,true
3.5284,true,true
8.6841,true,false
7.9576,true,true
2.7238,true,true
4.1072,true,true
4.4924,true,true
6.1256,true,false
3.1208,true,true
3.0083,true,true
10.0257,true,false
3.8399,true,true
2.8445,true,true
4.9233,true,true
5.6600,true,true
3.5042,true,true
2.5099,true,true
3.2481,true,true
2.3530,true,true
8.2320,true,false
6.1346,true,false
6.7621,true,true
7.0495,true,true
5.0399,true,false
8.8443,true,true
3.7504,true,true
7.3456,true,false
3.1372,true,true
8.8133,true,true
5.1558,true,false
5.4806,true,false
16.8072,true,true
5.1784,true,false
4.2455,true,true
4.9619,true,false
6.8771,true,true
4.1746,true,false
7.3945,true,true
4.8175,true,false
10.9697,true,true
4.7347,true,true
11.0064,true,true
2.8538,true,true
3.8263,true,false
7.2385,true,false
4.2708,true,true
3.6115,true,true
2.4888,true,true
4.1677,true,false
3.9723,true,true
3.4080,true,true
2.5450,true,true
4.9981,true,false
3.3813,true,true
4.4542,true,true
3.7951,true,false
3.0116,true,true
4.5415,true,true
5.0010,true,true
3.7810,true,true
8.6630,true,true
2.6593,true,true
5.7910,true,true
2.6797,true,true
5.6542,true,true
2.8699,true,true
3.6180,true,false
3.8282,true,true
2.6559,true,true
2.5126,true,true
3.2886,true,true
2.3314,true,true
5.9652,true,true
3.0240,true,true
3.2246,true,true
2.4810,true,true
2.8881,true,true
3.0874,true,true
3.4860,true,true
2.7644,true,true
5.6920,true,true
9.6974,true,true
8.8633,true,false
10.5638,true,false
4.9308,true,false
8.1886,true,true
6.1065,true,true
10.5171,true,true
7.6692,true,true
5.7164,true,true
3.1101,true,true
4.3397,true,true
2.5354,true,true
4.2596,true,true
4.5167,true,false
5.6604,true,true
4.8717,true,true
3.5635,true,true
2.8134,true,true
3.5312,true,false
3.8441,true,true
4.7976,true,true
2.7372,true,true
6.5039,true,true
2.0804,true,true
4.4332,true,false
4.2590,true,false
9.8838,true,true
6.2168,true,true
5.4452,true,true
2.4163,true,true
5.5045,true,false
5.7722,true,true
7.8318,true,true
5.8738,true,true
3.7690,true,true
3.9064,true,true
5.5359,true,false
5.2705,true,true
6.7052,true,true
6.3217,true,true
2.1054,true,true
3.3671,true,true
6.3284,true,true
5.7963,true,true
6.5820,true,true
2.8203,true,true
4.8035,true,false
3.3472,true,false
7.1413,true,true
11.8343,true,true
8.6933,true,false
4.4561,true,true
6.6886,true,true
2.5372,true,true
7.0724,true,true
2.5086,true,true
3.7732,true,true
3.3892,true,true
13.0873,true,true
3.7252,true,true
3.6570,true,true
8.3808,true,true
2.5818,true,true
5.0811,true,false
3.3311,true,true
3.2236,true,true
3.6130,true,true
3.8861,true,true
7.3467,true,false
2.9620,true,true
5.0707,true,true
6.1868,true,true
5.6110,true,true
4.5118,true,true
5.6049,true,true
8.2866,true,true
5.9775,true,true
2.9552,true,true
8.7533,true,true
4.2382,true,true
2.0701,true,true
3.4026,true,true
2.5058,true,true
6.2676,true,true
2.3633,true,true
4.3698,true,true
3.7852,true,true
5.6686,true,true
3.0306,true,true
7.5607,true,true
4.1278,true,false
7.5618,true,true
2.8872,true,true
7.2069,true,true
2.6833,true,true
3.6333,true,false
2.4154,true,true
6.7060,true,true
2.2159,true,true
2.8010,true,true
4.8118,true,false
2.4540,true,true
4.6521,true,true
5.3695,true,true
3.7522,true,true
2.7308,true,true
7.9147,true,false
11.2513,true,true
5.3256,true,false
2.2134,true,true
3.9855,true,false
4.0594,true,true
8.7007,true,true
6.3228,true,true
7.2383,true,true
7.5119,true,true
3.5424,true,true
3.6088,true,true
6.0922,true,false
4.1619,true,false
3.1052,true,true
6.5198,true,false
2.7077,true,true
6.3460,true,true
7.6355,true,true
6.6534,true,true
6.8209,true,true
3.4909,true,false
3.5222,true,true
5.6818,true,true
2.4320,true,true
2.3499,true,true
2.3460,true,true
2.4790,true,true
6.5456,true,true
2.5271,true,true
6.2620,true,true
2.9307,true,true
6.8638,true,true
8.8747,true,true
3.1538,true,false
3.2819,true,true
3.0440,true,true
5.7368,true,true
5.8082,true,true
3.0340,true,true
3.0774,true,true
2.8517,true,true
7.8793,true,true
6.0909,true,false
3.0159,true,true
5.5320,true,false
2.4463,true,true
2.4866,true,true
2.5021,true,true
5.2627,true,true
4.7946,true,true
4.5135,true,true
3.8197,true,true
2.7845,true,true
3.1904,true,true
7.4789,true,true
3.2108,true,true
2.5408,true,true
3.9141,true,true
5.0179,true,true
3.5501,true,false
3.1823,true,true
7.4246,true,true
14.4203,true,true
9.5001,true,true
5.6351,true,true
2.4121,true,true
5.9090,true,true
3.7880,true,true
2.9950,true,true
7.0363,true,true
13.3498,true,true
5.7088,true,true
2.7429,true,true
4.5227,true,true
6.6834,true,true
2.4125,true,true
6.8988,true,true
4.2527,true,true
5.0633,true,false
4.6139,true,true
2.3615,true,true
2.7744,true,true
4.6988,true,true
5.3231,true,true
2.2742,true,true
2.2607,true,true
2.2935,true,true
5.7488,true,true
2.5086,true,true
8.9639,true,true
6.0299,true,true
10.2077,true,true
16.4900,true,true
5.1296,true,true
4.1970,true,true
4.8143,true,true
4.3437,true,true
4.2271,true,true
12.0575,true,false
3.3121,true,false
7.5461,true,false
4.9502,true,true
3.0563,true,true
4.1729,true,false
3.0362,true,true
3.5970,true,true
3.6763,true,true
4.2759,true,true
2.8357,true,true
2.9880,true,true
3.4082,true,true
6.2390,true,true
7.5740,true,true
4.8392,true,true
4.7823,true,true
2.8326,true,true
7.3540,true,true
4.2609,true,true
3.2187,true,true
3.3711,true,true
5.3922,true,true
3.9527,true,true
7.4042,true,true
3.7102,true,false
5.3265,true,true
3.5456,true,false
2.5138,true,true
5.7550,true,true
3.4625,true,false
6.1820,true,false
10.7529,true,false
5.2392,true,true
2.2703,true,true
2.0764,true,true
3.2973,true,true
3.9917,true,true
4.2894,true,true
3.1351,true,true
6.0193,true,true
6.0128,true,true
5.0002,true,true
5.2857,true,false
3.8502,true,true
7.0362,true,false
5.8571,true,false
7.9478,true,false
5.8034,true,true
2.6446,true,true
4.0159,true,true
6.1991,true,true
4.2225,true,true
6.7015,true,true
5.9084,true,false
4.8331,true,false
2.9626,true,true
3.0129,true,true
5.3207,true,true
3.1043,true,true
7.0580,true,true
4.1916,true,true
3.1621,true,true
5.8353,true,true
2.6306,true,true
6.8888,true,true
3.0162,true,false
3.1033,true,true
8.1912,true,true
5.1908,true,true
6.4652,true,true
2.2775,true,true
6.4562,true,true
6.3983,true,true
6.0208,true,true
3.1616,true,true
6.2404,true,true
6.0185,true,true
6.1149,true,true
3.0893,true,true
19.0342,true,true
7.3792,true,true
3.8675,true,true
7.4018,true,true
2.3632,true,true
8.7519,true,false
17.2949,true,true
12.3187,true,true
7.8673,true,true
4.1805,true,false
5.1354,true,true
2.9421,true,true
2.7242,true,true
3.4769,true,true
2.5689,true,true
6.4512,true,false
6.1623,true,true
3.3130,true,true
1.9820,true,true
5.2232,true,true
4.7385,true,true
4.8034,true,false
3.1673,true,true
4.3163,true,true
5.1595,true,true
3.7774,true,false
2.8618,true,true
8.6960,true,true
5.5146,true,false
2.2393,true,true
3.4049,true,true
7.3065,true,true
10.1431,true,false
7.1651,true,true
7.2844,true,true
2.7971,true,true
3.0895,true,true
5.6149,true,true
6.2029,true,true
6.1114,true,true
4.2366,true,true
5.1267,true,true
2.7818,true,true
9.3305,true,false
7.8440,true,true
3.2325,true,true
4.9579,true,true
5.6440,true,false
6.2125,true,true
3.1600,true,true
3.1374,true,true
4.9266,true,true
7.3384,true,true
5.5393,true,true
3.8168,true,false
16.3689,true,true
6.1653,true,false
4.6297,true,true
3.1234,true,false
3.2819,true,true
12.1306,true,true
6.4012,true,true
4.5937,true,true
2.8649,true,true
6.3218,true,true
6.6060,true,true
8.6933,true,true
5.2625,true,true
3.0381,true,true
6.8627,true,true
4.9453,true,true
4.0023,true,true
5.4556,true,true
2.2900,true,true
2.1174,true,true
4.6200,true,true
2.6342,true,true
2.7231,true,true
8.8093,true,false
3.5795,true,true
2.5038,true,true
3.1535,true,true
3.4272,true,true
3.3776,true,true
6.1696,true,true
7.2700,true,true
3.3485,true,true
6.4544,true,true
4.9684,true,true
2.8909,true,true
4.5831,true,true
2.4900,true,true
2.5780,true,true
4.2268,true,true
2.1707,true,true
7.3380,true,true
5.3468,true,true
2.9046,true,true
2.8603,true,true
3.0012,true,true
4.1802,true,true
3.0873,true,true
8.5037,true,true
6.5452,true,true
2.0778,true,true
6.7943,true,false
2.6744,true,true
6.6487,true,true
2.3259,true,true
2.2211,true,true
2.2498,true,true
5.6368,true,true
9.2353,true,true
10.5132,true,false
5.6448,true,false
2.6791,true,true
4.1189,true,false
4.4834,true,true
2.6072,true,true
8.9012,true,false
4.7840,true,true
6.0110,true,true
2.9246,true,true
3.0002,true,true
3.1234,true,true
2.9928,true,true
5.2918,true,true
11.8828,true,true
2.7389,true,true
5.9490,true,true
2.7883,true,true
8.4818,true,false
2.4238,true,true
3.1754,true,true
4.6682,true,true
3.4396,true,true
5.2193,true,true
2.2777,true,true
3.8509,true,true
4.7660,true,true
4.0669,true,true
6.2140,true,false
5.1754,true,true
2.1312,true,true
6.7744,true,true
4.1218,true,true
2.8813,true,true
5.7742,true,true
3.6633,true,true
4.5663,true,true
9.5454,true,true
3.8077,true,true
14.2510,true,true
4.2312,true,true
5.3998,true,true
4.4665,true,true
5.5139,true,false
7.9562,true,true
2.8980,true,true
3.1055,true,true
7.4856,true,true
8.0700,true,true
3.5226,true,false
2.5593,true,true
4.7474,true,true
5.5472,true,true
2.8678,true,false
3.0639,true,true
2.8040,true,true
2.5865,true,true
3.9054,true,true
18.2955,true,false
4.7518,true,true
19.7310,true,true
6.0278,true,true
3.5030,true,true
9.9465,true,true
2.8295,true,true
2.7160,true,true
2.7368,true,true
3.0187,true,true
5.8063,true,false
5.2084,true,true
2.1689,true,true
6.0264,true,true
3.5376,true,true
2.3866,true,true
11.6982,true,true
5.7031,true,true
3.7885,true,true
11.4661,true,true
5.8913,true,false
6.9216,true,true
6.3701,true,true
14.8188,true,true
3.4357,true,true
4.7932,true,true
2.9750,true,true
7.2473,true,false
4.4473,true,true
4.1727,true,true
10.3426,true,false
5.2940,true,true
2.1350,true,true
6.2858,true,true
3.2822,true,true
2.4252,true,true
8.7030,true,true
4.6159,true,true
2.6591,true,true
2.9013,true,true
5.3152,true,true
5.9712,true,true
6.5167,true,false
3.8174,true,true
2.9306,true,true
6.3098,true,true
3.9647,true,true
5.6656,true,false
7.5559,true,true
3.0696,true,true
4.9494,true,true
4.8276,true,true
2.9147,true,true
4.6845,true,true
10.9740,true,true
4.3243,true,false
12.3308,true,true
3.8799,true,false
2.6105,true,true
2.4420,true,true
7.9909,true,true
5.2261,true,false
3.0326,true,true
5.1404,true,true
3.8729,true,true
6.5836,true,true
4.2207,true,false
8.5734,true,true
8.7282,true,true
2.2369,true,true
17.0309,true,true
7.5254,true,true
3.8516,true,true
2.8508,true,true
6.0648,true,true
4.2745,true,true
2.2815,true,true
7.0573,true,true
6.7011,true,true
2.4054,true,true
6.0464,true,true
5.7054,true,true
11.2766,true,true
5.9264,true,false
4.8334,true,true
7.8526,true,true
5.2781,true,true
7.9198,true,true
3.8183,true,false
6.5695,true,true
5.4322,true,true
2.9886,true,true
6.3419,true,true
2.2353,true,true
5.5028,true,true
5.0429,true,true
4.1289,true,true
3.4384,true,true
12.6274,true,true
4.6030,true,false
8.0240,true,true
2.8340,true,true
2.7630,true,true
2.7757,true,true
4.3742,true,true
2.1501,true,true
1.9848,true,true
9.2909,true,true
5.4253,true,false
2.2747,true,true
5.9416,true,true
5.0064,true,true
3.0500,true,true
5.1562,true,true
3.2266,true,true
3.6112,true,true
4.3326,true,true
3.1548,true,false
4.4051,true,true
5.1454,true,true
3.5238,true,true
5.5055,true,false
4.6482,true,true
2.6042,true,true
2.8665,true,true
2.9578,true,true
2.8476,true,true
7.6460,true,true
2.8466,true,true
6.5943,true,true
13.2782,true,true
7.9481,true,true
3.8106,true,true
2.8917,true,true
2.9223,true,true
2.9945,true,true
3.1086,true,true
6.6969,true,true
3.7601,true,true
3.9936,true,true
6.9855,true,true
7.2765,true,true
2.6458,true,true
2.3843,true,true
4.0531,true,true
6.6751,true,true
6.2980,true,false
1.8897,true,true
2.9226,true,true
7.3540,true,true
3.3269,true,true
6.2678,true,true
7.8293,true,false
6.3208,true,true
1.7759,true,true
2.6686,true,true
4.6250,true,true
2.6295,true,true
7.4360,true,true
4.5396,true,true
5.3842,true,false
5.0282,true,false
5.1846,true,true
3.0421,true,true
6.8415,true,true
5.3168,true,true
5.4382,true,true
3.7095,true,true
3.9193,true,true
9.8709,true,true
3.8106,true,true
6.2326,true,true
2.8361,true,true
3.4735,true,false
4.4302,true,false
4.4723,true,true
2.2474,true,true
3.2175,true,true
3.9594,true,true
8.9117,true,true
8.6618,true,true
3.6059,true,true
5.4594,true,false
2.1228,true,true
9.3341,true,false
7.9973,true,true
6.9501,true,true
2.6824,true,true
5.8765,true,true
14.4956,true,true
3.2643,true,true
7.1028,true,true
5.6149,true,true
5.5179,true,true
2.3766,true,true
2.7920,true,true
6.9386,true,true
3.7514,true,true
5.1288,true,true
12.4597,true,true
4.8645,true,true
4.5676,true,true
9.1585,true,true
9.6147,true,true
6.8071,true,false
5.6800,true,true
7.7119,true,true
8.7359,true,true
2.7415,true,true
4.4700,true,true
3.0101,true,true
12.5326,true,true
6.5802,true,false
1.8287,true,true
3.9817,true,false
4.2371,true,true
4.0652,true,true
14.7532,true,true
6.5025,true,true
6.1022,true,true
4.0618,true,false
3.0630,true,true
4.6589,true,true
3.9833,true,true
4.3795,true,true
4.1911,true,true
4.3617,true,true
3.5930,true,true
5.9837,true,true
4.1430,true,true
9.4301,true,true
8.5677,true,true
4.8845,true,false
4.0366,true,true
21.9553,true,true
13.9264,true,true
1.9707,true,true
9.8173,true,true
7.5478,true,true
5.6340,true,true
6.1541,true,true
5.2635,true,true
3.8410,true,true
6.1105,true,true
2.6880,true,true
7.6344,true,false
4.1499,true,true
4.2169,true,true
2.1793,true,true
6.8511,true,false
5.3810,true,true
2.3212,true,true
2.5991,true,true
2.7752,true,true
9.2235,true,true
7.5457,true,true
5.5349,true,false
2.4132,true,true
3.6428,true,true
2.6666,true,true
13.4585,true,true
9.8651,true,true
6.5501,true,true
4.3434,true,false
2.6318,true,true
5.4341,true,true
3.0303,true,true
3.0410,true,true
3.8954,true,true
3.1215,true,true
8.1529,true,true
6.2427,true,true
2.9214,true,true
6.5696,true,true
8.1422,true,true
6.5187,true,true
4.0387,true,true
11.4048,true,true
6.3506,true,true
3.4210,true,true
8.1193,true,true
3.7540,true,true
7.6986,true,true
5.4274,true,false
2.1371,true,true
7.1889,true,true
7.4492,true,false
6.4551,true,true
6.3705,true,true
7.0813,true,true
2.6016,true,true
6.5489,true,true
2.5788,true,true
3.0639,true,true
2.7675,true,true
7.0624,true,true
4.3276,true,true
4.5753,true,false
2.6531,true,true
6.7643,true,true
6.6949,true,false
4.5619,true,true
5.6538,true,false
2.4383,true,true
11.0672,true,true
5.8991,true,true
8.1136,true,false
7.6297,true,true
4.5447,true,true
2.5334,true,true
2.4187,true,true
3.3950,true,true
7.8896,true,true
4.0759,true,true
4.8917,true,true
2.8567,true,true
7.5081,true,true
6.4370,true,true
6.8416,true,false
3.0575,true,true
6.2668,true,true
6.2652,true,true
3.5789,true,true
2.4107,true,true
13.7660,true,true
9.0306,true,true
2.8891,true,true
2.8968,true,true
6.0604,true,false
2.8104,true,true
4.1005,true,true
2.9918,true,true
3.5946,true,true
2.7145,true,true
2.9109,true,true
10.5057,true,false
7.4736,true,true
5.4343,true,false
5.4131,true,true
2.4688,true,true
3.4915,true,true
11.1984,true,true
3.2067,true,true
2.2943,true,true
6.3935,true,true
1.9206,true,true
4.0955,true,true
5.2232,true,false
20.9360,true,true
7.3021,true,true
9.4072,true,true
9.1364,true,false
4.9486,true,true
4.4299,true,true
6.5849,true,false
6.0681,true,true
4.5692,true,true
4.8911,true,true
5.7217,true,false
8.2169,true,false
6.3068,true,true
1.9692,true,true
7.5499,true,true
3.1260,true,true
9.4972,true,true
7.5865,true,true
3.3507,true,true
2.5196,true,true
2.6333,true,true
2.7572,true,true
6.9572,true,false
2.8251,true,true
3.1848,true,true
2.0937,true,true
5.1064,true,true
11.4454,true,true
5.2237,true,true
6.6150,true,true
2.4724,true,true
7.3041,true,true
2.1935,true,true
7.0288,true,true
4.4213,true,false
5.3843,true,true
5.3780,true,true
2.0362,true,true
4.6615,true,true
4.3305,true,true
2.3715,true,true
3.5792,true,true
2.4796,true,true
2.5250,true,true
5.0524,true,false
3.6731,true,true
5.8291,true,true
3.4092,true,true
2.2198,true,true
6.8630,true,false
2.5892,true,true
2.7120,true,true
2.8501,true,true
6.1796,true,true
10.2146,true,true
6.6137,true,true
3.0229,true,true
6.6276,true,true
3.7241,true,true
10.3958,true,false
4.3648,true,true
2.3218,true,true
2.3447,true,true
8.7708,true,true
3.2201,true,true
4.9191,true,false
3.0079,true,true
2.8717,true,true
5.0142,true,true
8.5323,true,true
6.3100,true,true
2.8665,true,true
3.1315,true,true
7.7928,true,true
26.1680,true,true
13.7062,true,true
7.8637,true,true
4.0757,true,true
4.7798,true,true
2.9452,true,true
6.4199,true,true
2.1179,true,true
3.6400,true,true
5.7114,true,false
5.7597,true,true
3.0895,true,true
7.7208,true,true
3.0343,true,true
3.2119,true,true
3.9701,true,true
7.6021,true,true
7.1200,true,true
3.9390,true,true
2.9665,true,true
7.2006,true,true
2.7374,true,true
5.6304,true,false
2.6417,true,true
4.1067,true,true
9.8258,true,true
5.9824,true,false
7.7987,true,true
6.6399,true,true
5.9714,true,true
7.8976,true,true
7.0469,true,true
2.5728,true,true
6.9638,true,true
3.1134,true,true
3.3130,true,true
2.0814,true,true
6.5431,true,true
2.3165,true,true
4.4256,true,false
6.7958,true,true
4.5764,true,true
6.7356,true,true
3.3847,true,true
4.3875,true,true
7.6616,true,false
4.3261,true,true
9.0921,true,true
5.6918,true,true
2.6938,true,true
4.4171,true,false
5.6677,true,true
2.7782,true,true
12.8553,true,true
6.9015,true,true
6.8773,true,true
4.2213,true,true
8.9511,true,true
5.2038,true,false
3.5972,true,false
2.5184,true,true
3.4700,true,true
6.6616,true,false
7.2242,true,true
3.9915,true,true
7.1653,true,true
4.7833,true,true
2.6133,true,true
6.2062,true,true
6.7558,true,true
2.7752,true,true
5.7605,true,true
5.4327,true,false
1.9844,true,true
2.9254,true,true
7.1067,true,true
9.5586,true,false
3.6870,true,true
5.3937,true,true
6.0428,true,true
14.2136,true,true
7.4963,true,true
2.6811,true,true
2.9681,true,true
3.3157,true,true
2.3604,true,true
3.7936,true,true
2.7471,true,true
8.6710,true,true
4.5464,true,true
6.6344,true,true
7.4903,true,true
2.8388,true,true
6.9611,true,true
3.7713,true,true
3.3294,true,true
3.5271,true,true
2.5484,true,true
6.5591,true,true
3.7985,true,true
2.9413,true,true
3.0286,true,true
3.6726,true,true
3.0699,true,true
3.1589,true,true
9.1018,true,true
8.7841,true,true
3.9731,true,true
3.0723,true,true
4.8944,true,true
5.0835,true,false
5.6245,true,true
5.8154,true,true
4.5926,true,true
12.2104,true,true
19.3441,true,true
6.9537,true,true
2.4326,true,true
3.9724,true,true
2.8989,true,true
5.0742,true,true
4.6780,true,true
2.4704,true,true
3.9181,true,true
4.6113,true,true
11.3334,true,true
5.4594,true,true
2.2739,true,true
4.8623,true,false
2.8617,true,true
6.9190,true,true
5.8085,true,true
5.2331,true,true
2.4025,true,true
2.7820,true,true
8.3010,true,true
4.6642,true,true
10.9308,true,true
5.4921,true,true
2.4381,true,true
4.9813,true,false
2.9348,true,true
5.0235,true,true
6.9519,true,false
4.5493,true,true
4.7924,true,false
5.0418,true,true
4.5493,true,true
2.8248,true,true
7.8396,true,true
9.1464,true,false
3.1768,true,false
6.3956,true,true
2.0101,true,true
5.0905,true,true
8.2607,true,true
3.3920,true,true
5.3434,true,true
6.1832,true,true
9.8741,true,true
4.5896,true,true
6.2787,true,true
3.5247,true,true
5.8478,true,true
7.0963,true,true
3.6037,true,true
5.7458,true,true
4.5990,true,true
7.0453,true,true
4.5914,true,true
7.6866,true,true
14.0624,true,true
3.1083,true,false
2.7998,true,true
3.2767,true,true
3.0052,true,false
3.1517,true,true
5.6098,true,true
5.4265,true,true
5.3636,true,false
2.1418,true,true
6.7209,true,true
7.1602,true,true
3.6758,true,true
5.5328,true,true
2.0603,true,true
7.4653,true,false
2.8841,true,true
2.7025,true,true
2.4617,true,true
10.4794,true,false
5.4577,true,true
4.0014,true,true
7.3991,true,true
7.7023,true,true
3.6523,true,true
5.3846,true,false
5.8178,true,false
4.0373,true,true
3.0572,true,true
2.9566,true,true
3.5148,true,true
4.1773,true,true
6.1748,true,false
3.1093,true,true
4.3061,true,true
4.0239,true,true
4.3186,true,true
4.0304,true,false
4.5548,true,true
3.9685,true,true
4.9483,true,true
3.5088,true,true
5.0245,true,true
6.6990,true,true
2.3448,true,true
5.6578,true,true
4.2554,true,true
2.5091,true,true
3.8479,true,true
3.4703,true,false
4.2022,true,false
5.2808,true,true
3.3322,true,false
7.9653,true,true
2.2286,true,true
2.1828,true,true
5.0830,true,true
2.7825,true,true
3.1792,true,true
3.3925,true,true
2.4266,true,true
6.2497,true,true
8.7152,true,false
3.1062,true,true
3.1667,true,true
4.5244,true,true
2.8925,true,false
3.0619,true,true
3.1520,true,true
15.7887,true,true
3.5800,true,true
9.2569,true,false
15.8485,true,true
4.7081,true,true
4.5007,true,true
7.4197,true,true
5.7901,true,true
4.7650,true,true
7.9208,true,false
2.9967,true,false
6.8769,true,true
3.9823,true,true
6.4387,true,true
2.4362,true,true
3.5731,true,true
2.9123,true,true
9.1011,true,false
7.6464,true,true
2.8867,true,true
4.6220,true,true
7.9007,true,false
4.2059,true,true
4.0247,true,true
3.0803,true,true
4.1544,true,false
7.1556,true,true
7.1200,true,true
2.8538,true,true
4.5552,true,true
4.6125,true,true
7.8792,true,true
4.4044,true,false
3.2089,true,true
4.4076,true,true
6.6103,true,true
2.2695,true,true
5.8706,true,true
2.6376,true,true
7.3135,true,false
6.7847,true,true
4.4244,true,true
2.4360,true,true
4.3288,true,false
4.3920,true,true
5.7513,true,true
2.6035,true,true
2.5420,true,true
3.4982,true,true
9.1377,true,true
3.3945,true,false
8.6362,true,true
4.3304,true,false
3.5355,true,true
2.4686,true,true
11.6918,true,true
2.1856,true,true
5.5368,true,true
3.1200,true,true
6.9195,true,true
5.3130,true,true
6.9095,true,true
3.1817,true,true
3.2652,true,true
2.6980,true,true
2.6087,true,true
4.1829,true,false
11.7787,true,true
7.1513,true,true
2.4537,true,true
2.8579,true,true
6.5779,true,true
3.4119,true,true
6.6764,true,true
6.8058,true,true
4.9080,true,true
2.9222,true,true
3.3050,true,true
11.3624,true,true
3.2889,true,true
2.8448,true,false
4.0453,true,true
10.4408,true,true
2.1080,true,true
4.8847,true,false
2.8486,true,true
7.1774,true,false
2.8550,true,true
7.5296,true,false
5.5654,true,true
4.6804,true,true
4.8767,true,true
7.8279,true,true
3.1139,true,true
3.7216,true,true
3.4966,true,false
6.8637,true,true
2.8622,true,true
3.7358,true,true
9.1103,true,true
4.4821,true,true
2.5126,true,true
3.8848,true,true
7.7881,true,false
4.0682,true,true
3.3668,true,true
2.4024,true,true
3.7107,true,true
4.0718,true,true
6.2309,true,false
3.1864,true,false
3.4146,true,true
2.4813,true,true
3.7517,true,true
6.4040,true,true
4.4105,true,true
5.9037,true,true
6.8720,true,true
2.6673,true,true
7.0324,true,false
7.5999,true,true
8.4087,true,true
4.3550,true,true
6.0495,true,true
7.7081,true,true
2.4106,true,true
9.5171,true,true
2.2349,true,true
7.5166,true,true
15.3556,true,true
6.8233,true,false
2.6204,true,true
9.2703,true,false
4.2587,true,true
4.2086,true,false
2.3493,true,true
2.3052,true,true
6.9942,true,true
5.3682,true,false
7.9109,true,true
6.3552,true,true
2.9706,true,true
7.2502,true,true
2.8855,true,true
6.3736,true,true
7.6607,true,true
3.0272,true,true
2.8987,true,true
2.6361,true,true
4.7870,true,true
5.3122,true,false
5.7562,true,false
2.6384,true,true
6.6542,true,true
6.4487,true,true
2.2953,true,true
2.5404,true,true
5.0419,true,false
4.8822,true,true
4.5259,true,true
3.4363,true,true
2.2923,true,true
4.0716,true,true
4.1428,true,true
3.2618,true,true
5.3211,true,true
7.7350,true,true
2.0751,true,true
5.7734,true,true
2.6105,true,true
2.7511,true,true
6.2125,true,false
4.9595,true,true
9.4140,true,true
3.9968,true,true
6.3473,true,true
12.9671,true,true
3.6298,true,false
5.1704,true,true
3.1895,true,true
5.6111,true,true
2.7114,true,true
2.9162,true,true
3.9322,true,true
10.7390,true,true
5.3477,true,true
4.7686,true,false
2.8717,true,true
4.6413,true,true
2.7085,true,true
4.2052,true,true
6.1711,true,true
4.3696,true,false
5.3027,true,true
4.8535,true,false
7.1011,true,true
5.1013,true,true
4.3489,true,true
2.3515,true,true
2.1666,true,true
5.0165,true,true
6.6170,true,true
8.5198,true,true
4.0361,true,true
3.4423,true,true
6.3829,true,true
3.1434,true,true
12.0813,true,false
6.9863,true,false
10.3696,true,false
6.0934,true,true
2.9968,true,true
6.9224,true,true
3.6243,true,true
2.9488,true,true
10.1344,true,true
5.9404,true,false
15.6424,true,true
7.1475,true,true
5.7444,true,true
4.3870,true,true
7.1443,true,true
6.3157,true,false
7.7832,true,true
5.2799,true,true
5.8314,true,true
2.7337,true,true
4.8765,true,true
11.8459,true,true
6.6387,true,true
5.8095,true,true
2.6282,true,true
12.9071,true,false
4.1317,true,true
4.3164,true,true
1.5495,true,true
2.6505,true,true
6.8939,true,true
4.0600,true,false
3.4584,true,true
2.4639,true,true
2.7949,true,true
3.8110,true,true
7.0667,true,false
9.1033,true,true
3.2335,true,false
5.0213,true,true
3.9668,true,false
5.7601,true,true
4.0739,true,true
3.2943,true,true
8.8954,true,true
2.8111,true,true
3.0302,true,true
6.6241,true,true
5.2978,true,true
3.9096,true,false
6.4436,true,true
3.2211,true,true
4.8908,true,true
6.9709,true,true
7.9488,true,false
3.6603,true,true
10.6813,true,true
4.8098,true,true
4.2685,true,true
5.9759,true,true
4.4085,true,false
7.4641,true,true
4.7155,true,true
6.5524,true,true
2.2392,true,true
3.6195,true,true
4.1391,true,true
5.7172,true,true
4.1096,true,false
4.1597,true,true
3.2334,true,true
7.0240,true,true
5.1976,true,true
6.0395,true,true
8.0006,true,true
3.9596,true,true
5.8198,true,false
12.9994,true,true
3.5599,true,true
5.7391,true,true
2.5868,true,true
4.4188,true,true
8.1601,true,true
2.6844,true,true
5.6103,true,true
2.5672,true,true
4.3902,true,true
2.9880,true,false
4.5146,true,true
5.6951,true,true
4.2776,true,true
3.9873,true,true
3.0540,true,true
8.0344,true,true
5.1094,true,true
3.1514,true,true
3.1235,true,true
2.7977,true,true
4.5318,true,true
2.5319,true,true
3.1511,true,true
4.1278,true,true
5.9677,true,true
4.1274,true,false
3.2104,true,true
1.9627,true,true
7.3411,true,false
3.0360,true,true
4.3038,true,true
2.5308,true,true
2.6090,true,true
3.0775,true,true
6.1976,true,true
2.9338,true,true
2.8257,true,true
5.9194,true,true
7.1386,true,true
5.1833,true,true
5.9324,true,false
6.5583,true,true
4.4137,true,false
5.5597,true,true
9.1605,true,true
9.6441,true,true
6.5774,true,true
2.4785,true,true
2.4350,true,true
2.5211,true,true
4.3082,true,true
5.5691,true,false
3.5517,true,true
3.1986,true,true
3.7277,true,true
3.0450,true,true
2.9314,true,true
3.3284,true,true
3.3678,true,true
2.9665,true,true
6.4730,true,true
7.0156,true,true
2.5452,true,true
2.4849,true,true
2.3930,true,true
2.3955,true,true
4.8389,true,true
4.5152,true,true
4.3676,true,true
8.8005,true,true
2.5228,true,true
9.3811,true,true
4.9887,true,true
5.4535,true,true
2.7899,true,false
5.1379,true,true
6.0836,true,true
6.6216,true,true
2.3280,true,true
5.3251,true,false
9.2616,true,true
7.7966,true,false
6.7762,true,true
2.4200,true,true
2.3812,true,true
8.5796,true,true
7.4631,true,true
4.6637,true,false
3.1985,true,false
2.2479,true,true
2.1630,true,true
5.9608,true,true
5.3541,true,true
2.2468,true,true
2.3069,true,true
2.5313,true,true
6.6968,true,true
2.6226,true,true
8.6617,true,true
5.9874,true,true
2.7452,true,true
6.9752,true,true
4.8594,true,false
7.2163,true,true
2.7592,true,true
9.1087,true,false
3.0336,true,true
3.0151,true,true
7.1421,true,true
9.2064,true,false
3.7854,true,true
6.5903,true,true
3.0918,true,false
4.5569,true,true
2.7536,true,true
4.0533,true,true
4.8672,true,false
11.8564,true,true
4.7494,true,true
3.6494,true,true
3.0426,true,true
3.0318,true,true
3.7008,true,true
26.3686,true,true
3.9180,true,true
22.8018,true,true
19.0488,true,true
14.4203,true,true
8.0456,true,true
2.7823,true,true
6.6229,true,true
2.6430,true,true
9.9787,true,true
7.0285,true,true
5.4343,true,false
3.3226,true,true
2.5172,true,true
5.7075,true,true
3.9403,true,true
8.4025,true,true
2.7717,true,true
18.7791,true,true
3.8107,true,false
2.7202,true,true
5.0022,true,true
3.2229,true,true
2.2541,true,true
2.3309,true,true
5.5470,true,true
5.2856,true,true
6.5173,true,false
6.8526,true,true
3.1045,true,true
5.0995,true,false
9.1885,true,true
4.2105,true,true
8.9075,true,true
15.2125,true,false
25.5126,true,true
7.7219,true,true
31.4248,true,true
25.3978,true,true
13.4933,true,true
7.1449,true,true
14.5907,true,true
41.3214,true,true
3.5965,true,true
10.4234,true,true
4.4041,true,true
3.7433,true,true
2.9503,true,true
8.2427,true,true
6.3416,true,true
5.8789,true,true
4.6327,true,true
3.3563,true,false
6.0512,true,true
3.8605,true,false
8.1616,true,true
2.6274,true,true
3.0681,true,true
2.9713,true,true
6.3792,true,true
4.0064,true,true
4.0897,true,true
5.6593,true,false
4.6253,true,true
2.5704,true,true
7.1817,true,true
8.5621,true,true
3.0858,true,true
5.0474,true,true
2.9027,true,true
3.0731,true,true
9.1614,true,true
3.5245,true,true
7.5348,true,false
2.6038,true,true
5.4121,true,false
6.9449,true,true
4.4974,true,true
2.5330,true,true
4.6426,true,true
2.8080,true,true
4.0596,true,false
3.9815,true,true
6.3472,true,true
2.1230,true,true
4.1922,true,true
3.6929,true,true
6.3741,true,false
2.8946,true,false
4.9779,true,true
2.9029,true,true
3.2643,true,true
12.5646,true,true
7.3734,true,true
5.4935,true,true
3.3660,true,true
7.1761,true,true
6.9177,true,true
6.5910,true,true
3.3582,true,true
3.6173,true,true
6.7031,true,false
3.4324,true,false
2.2969,true,true
3.5172,true,true
7.5856,true,true
4.3174,true,true
4.1938,true,true
6.6588,true,false
3.8662,true,true
7.8104,true,false
2.9144,true,true
5.6942,true,true
2.5443,true,true
3.0490,true,true
4.2826,true,true
2.2804,true,true
15.3936,true,true
3.3625,true,true
6.7333,true,true
2.2576,true,true
3.7048,true,false
5.1989,true,true
3.3053,true,true
3.6317,true,false
2.5188,true,true
4.2600,true,false
4.7124,true,true
4.8843,true,true
2.7885,true,true
6.5389,true,false
2.2071,true,true
3.9174,true,true
6.0699,true,true
8.3743,true,true
2.8412,true,true
3.6517,true,true
10.3140,true,true
6.4034,true,true
3.0010,true,true
4.7802,true,false
2.5055,true,true
11.3544,true,true
7.2890,true,false
5.8044,true,true
4.9693,true,true
7.7612,true,true
4.5609,true,true
2.7452,true,true
3.3935,true,true
3.8331,true,true
6.1007,true,true
6.0020,true,true
2.9409,true,true
7.8154,true,true
7.2312,true,true
4.1727,true,true
3.2065,true,true
2.1718,true,true
3.2311,true,false
4.6395,true,true
3.9863,true,true
4.1139,true,true
6.2610,true,true
4.1563,true,true
2.9531,true,true
7.8699,true,false
3.8233,true,true
5.7173,true,true
6.9365,true,false
5.3524,true,false
5.9208,true,true
4.2627,true,true
2.0975,true,true
5.9209,true,true
4.6260,true,true
6.3048,true,true
3.3404,true,true
2.1561,true,true
3.1976,true,true
2.1108,true,true
5.3249,true,true
6.7964,true,false
2.3538,true,true
2.2676,true,true
4.8386,true,true
3.5549,true,true
5.5976,true,false
2.3806,true,true
2.0713,true,true
5.1867,true,false
6.1417,true,true
4.6054,true,true
3.3983,true,true
5.7009,true,true
2.4934,true,true
5.8132,true,true
2.8929,true,true
2.6325,true,true
3.0928,true,true
2.9272,true,true
5.7028,true,true
8.7970,true,true
4.8314,true,false
6.6570,true,true
2.2965,true,true
6.1419,true,true
2.9430,true,true
6.3358,true,true
2.5465,true,true
6.5896,true,true
2.2680,true,true
3.4250,true,true
5.2774,true,true
2.0537,true,true
9.8651,true,true
5.8555,true,true
5.7481,true,true
4.5949,true,false
2.5656,true,true
7.0117,true,true
3.7518,true,false
3.4515,true,true
3.8509,true,true
15.0614,true,true
5.5225,true,false
5.5764,true,false
21.5390,true,true
2.8079,true,true
5.5150,true,true
4.3854,true,true
8.7218,true,true
5.9828,true,true
2.6771,true,true
9.2229,true,true
5.1648,true,true
3.0646,true,true
3.2736,true,true
6.8828,true,false
3.9334,true,true
5.0910,true,true
4.9254,true,true
3.0345,true,true
4.6783,true,true
7.8467,true,false
8.1139,true,true
15.2919,true,true
7.5474,true,true
5.1642,true,true
3.1167,true,true
3.3040,true,true
5.4783,true,true
5.7831,true,true
2.6477,true,true
2.5059,true,true
5.4425,true,false
6.6667,true,true
4.6337,true,true
4.3617,true,true
2.6336,true,true
5.1559,true,true
3.0693,true,true
7.5773,true,true
7.9342,true,true
3.7148,true,true
4.2526,true,true
4.2633,true,true
2.6055,true,true
5.8885,true,true
5.1823,true,false
2.1995,true,true
3.6696,true,true
2.9056,true,true
4.2099,true,true
2.0778,true,true
6.4728,true,true
15.8440,true,true
6.8332,true,true
2.2021,true,true
2.4014,true,true
2.5548,true,true
11.6317,true,true
10.8845,true,true
6.7706,true,true
2.5385,true,true
6.9465,true,false
2.3842,true,true
2.2781,true,true
2.3634,true,true
2.8005,true,true
7.0865,true,false
4.4479,true,true
5.8792,true,true
7.2840,true,false
4.4258,true,true
3.9524,true,true
6.6384,true,true
5.8737,true,true
7.9540,true,true
4.7362,true,true
7.2294,true,true
5.0558,true,false
3.4637,true,true
7.7419,true,true
2.3444,true,true
5.7760,true,true
2.6414,true,true
3.9720,true,false
4.1629,true,true
7.2833,true,false
3.2226,true,true
7.7059,true,true
7.1340,true,false
6.0572,true,true
9.5005,true,true
5.1180,true,true
18.2878,true,true
4.1945,true,true
4.4166,true,false
2.6269,true,true
3.3940,true,false
2.4511,true,true
2.4247,true,true
5.2056,true,true
5.1304,true,false
4.5242,true,true
4.8961,true,false
5.1258,true,true
6.1508,true,true
6.2188,true,true
2.4014,true,true
3.4954,true,true
6.2315,true,true
4.5106,true,true
11.2588,true,true
9.1956,true,true
6.6866,true,true
2.3471,true,true
5.9341,true,true
4.1615,true,true
5.7890,true,false
8.5844,true,true
5.6831,true,true
15.4454,true,true
4.5580,true,true
4.3722,true,false
2.3095,true,true
2.1532,true,true
8.9266,true,true
11.5656,true,true
8.5548,true,true
8.4186,true,false
2.2803,true,true
6.4057,true,true
5.9870,true,true
6.8387,true,true
5.6852,true,true
2.4493,true,true
2.7370,true,true
3.0781,true,true
13.1844,true,true
8.4930,true,true
5.8133,true,true
6.5199,true,true
2.7697,true,true
6.8613,true,true
3.9849,true,true
8.8599,true,true
4.3811,true,true
12.5202,true,false
3.3309,true,false
2.3572,true,true
2.4012,true,true
5.5855,true,true
5.9542,true,true
7.6466,true,true
2.6264,true,true
2.5237,true,true
2.5501,true,true
2.7659,true,true
8.2209,true,true
4.3847,true,true
4.6168,true,true
6.2542,true,true
2.0113,true,true
5.3220,true,true
2.3975,true,true
4.2218,true,false
3.5742,true,true
4.8264,true,true
3.5699,true,true
2.7350,true,true
6.0520,true,false
2.9957,true,true
3.1213,true,true
6.8512,true,true
5.0883,true,true
4.7395,true,true
4.6450,true,true
11.3520,true,true
5.3529,true,true
7.0078,true,true
2.0274,true,true
4.0327,true,true
4.0823,true,false
6.2546,true,true
3.1384,true,false
6.9029,true,true
5.4965,true,false
7.0304,true,true
2.4241,true,true
2.3838,true,true
2.7644,true,true
2.9325,true,true
3.1149,true,true
3.1167,true,true
3.0757,true,true
8.0628,true,true
4.9803,true,true
3.1703,true,true
7.3464,true,true
4.8122,true,true
10.4534,true,false
5.9011,true,true
2.7010,true,true
2.7120,true,true
14.8810,true,true
4.0381,true,true
7.5724,true,true
2.7088,true,true
5.0708,true,true
6.1881,true,true
8.4232,true,true
3.8087,true,true
16.6396,true,true
8.0157,true,true
4.0466,true,true
2.9874,true,true
3.0221,true,true
6.7580,true,true
3.2623,true,true
6.9754,true,true
5.2440,true,false
12.5640,true,true
6.7802,true,true
2.4607,true,true
3.5561,true,true
6.3529,true,true
3.0555,true,true
5.5209,true,false
5.4095,true,true
2.2555,true,true
7.9772,true,true
7.2993,true,true
3.4245,true,true
6.3468,true,false
6.5838,true,true
6.6308,true,true
3.2037,true,true
9.4547,true,true
2.7636,true,true
2.6777,true,true
2.7130,true,true
7.6737,true,true
2.5513,true,true
4.2479,true,true
8.0750,true,true
4.6622,true,false
5.4022,true,true
3.0367,true,true
4.3496,true,false
3.2817,true,true
6.4816,true,true
5.4365,true,true
2.2675,true,true
4.5499,true,true
2.3563,true,true
2.0767,true,true
4.8634,true,false
4.3178,true,true
2.9432,true,true
7.0291,true,true
4.5436,true,true
2.6144,true,true
2.4356,true,true
4.5533,true,true
5.8091,true,true
2.4851,true,true
2.4524,true,true
5.5165,true,true
3.5099,true,true
2.5571,true,true
9.2479,true,true
6.9836,true,false
2.5936,true,true
2.7219,true,true
7.9881,true,true
4.0675,true,false
3.2503,true,true
8.0201,true,false
2.8316,true,true
2.5568,true,true
11.4565,true,true
17.9996,true,true
3.0386,true,true
16.4038,true,true
6.8786,true,true
3.0393,true,true
7.9823,true,false
7.5047,true,true
3.5585,true,false
4.0699,true,true
3.6464,true,true
7.5324,true,true
5.3328,true,true
2.0422,true,true
8.8264,true,false
3.9210,true,true
8.9732,true,false
7.2145,true,true
2.5320,true,true
3.5432,true,false
10.0740,true,true
6.3902,true,true
7.6901,true,true
4.2061,true,true
9.9043,true,true
5.1741,true,false
6.7116,true,true
4.4532,true,true
2.2986,true,true
3.3269,true,true
2.7798,true,true
4.3129,true,true
2.2105,true,true
6.2545,true,true
2.0149,true,true
7.1389,true,true
4.0554,true,true
4.7213,true,true
4.1032,true,false
2.8427,true,true
5.2799,true,true
1.8529,true,true
5.3359,true,true
2.1074,true,true
4.1119,true,true
2.2915,true,true
2.6375,true,true
18.6054,true,true
8.2579,true,true
5.5898,true,true
2.4863,true,true
2.5350,true,true
5.6013,true,true
3.3575,true,true
2.3229,true,true
4.9644,true,true
8.2835,true,true
4.7428,true,false
8.1143,true,false
3.7245,true,true
2.8386,true,true
4.7743,true,true
2.8480,true,true
3.9574,true,true
10.7832,true,true
7.4472,true,false
6.6542,true,true
4.5953,true,false
8.9462,true,true
6.4266,true,true
4.0242,true,true
5.4116,true,true
5.6443,true,false
2.6050,true,true
2.6674,true,true
9.4028,true,true
3.5061,true,true
3.8196,true,true
2.9761,true,true
2.9295,true,true
7.7286,true,true
4.4726,true,true
4.2619,true,false
2.5437,true,true
2.9684,true,true
12.3804,true,true
10.5090,true,true
6.5281,true,true
4.4349,true,true
2.2525,true,true
4.5447,true,false
5.0612,true,true
5.4413,true,true
2.8566,true,true
2.8413,true,true
2.7434,true,true
3.3283,true,false
12.5007,true,true
7.2458,true,false
6.3492,true,true
4.7609,true,false
5.3144,true,true
3.6566,true,true
7.2899,true,true
4.0097,true,true
3.6173,true,true
2.5627,true,true
2.7201,true,true
4.6864,true,true
2.7568,true,true
9.7375,true,true
17.2228,true,true
8.8778,true,true
8.2925,true,false
8.9333,true,true
6.5291,true,true
5.4032,true,true
3.5072,true,true
5.1226,true,true
4.4927,true,true
2.5776,true,true
2.6919,true,true
3.9328,true,true
3.1705,true,true
9.7899,true,true
3.2174,true,true
2.1865,true,true
4.7897,true,false
4.1738,true,true
5.0424,true,true
11.8678,true,false
2.6678,true,true
3.9590,true,true
3.4969,true,true
5.2908,true,true
2.1166,true,true
4.9446,true,false
3.0427,true,true
8.2966,true,true
5.5827,true,true
6.0162,true,true
2.9613,true,true
5.8323,true,false
5.3287,true,true
7.2215,true,true
9.2031,true,true
4.2269,true,true
6.5792,true,true
2.8820,true,true
2.7725,true,true
3.7716,true,true
7.2072,true,true
2.5442,true,true
7.5411,true,false
6.8586,true,true
2.1822,true,true
7.2011,true,true
5.9323,true,true
3.8669,true,true
21.2522,true,true
9.1518,true,false
7.4206,true,false
7.1449,true,true
2.1334,true,true
3.4070,true,true
2.4588,true,true
2.7574,true,true
17.1108,true,true
5.4458,true,true
2.5151,true,true
4.5462,true,true
3.4980,true,true
9.8529,true,true
6.8352,true,true
6.7176,true,true
2.2998,true,true
6.4483,true,true
5.5801,true,true
6.9409,true,true
5.6208,true,true
2.4895,true,true
3.2851,true,true
2.7839,true,true
2.7313,true,true
5.6505,true,true
2.9541,true,true
5.6651,true,false
2.4740,true,true
2.5029,true,true
10.3331,true,false
8.5704,true,true
6.5638,true,true
4.4815,true,true
2.7032,true,true
12.4061,true,true
3.2460,true,true
4.5042,true,true
12.3723,true,true
10.2268,true,true
10.3659,true,true
6.8194,true,true
2.5328,true,true
2.2125,true,true
1.9086,true,true
7.0028,true,false
2.7076,true,true
2.4388,true,true
2.3905,true,true
7.0946,true,true
3.8965,true,true
3.0401,true,true
8.3614,true,true
8.3993,true,false
5.7301,true,true
3.7517,true,true
5.8735,true,true
6.9008,true,true
7.9693,true,true
4.3434,true,true
7.3662,true,true
7.7326,true,true
5.4914,true,true
2.3552,true,true
3.7827,true,true
6.2753,true,true
6.9207,true,true
3.1360,true,true
6.7534,true,true
4.2787,true,true
3.7621,true,false
2.8338,true,true
2.8223,true,true
4.1491,true,true
6.6440,true,true
4.8831,true,true
14.3141,true,true
4.4682,true,true
4.1463,true,true
10.5967,true,true
2.2025,true,true
2.2634,true,true
5.1995,true,true
10.3004,true,true
4.0766,true,true
8.6496,true,true
8.2146,true,true
2.1178,true,true
5.8452,true,true
2.5030,true,true
2.4420,true,true
2.9631,true,true
3.8550,true,true
7.6609,true,true
1.7793,true,true
5.6401,true,false
4.8562,true,false
8.1964,true,true
9.4263,true,true
3.3721,true,true
2.9186,true,true
5.0918,true,false
2.9927,true,true
4.4560,true,true
2.6045,true,true
2.7532,true,true
2.5808,true,true
6.3054,true,true
7.5726,true,true
7.9467,true,false
6.5809,true,true
2.9196,true,false
3.0369,true,true
5.4506,true,true
2.1948,true,true
3.0888,true,false
5.2722,true,true
2.3982,true,true
8.9290,true,true
15.9559,true,false
4.4453,true,true
3.3042,true,true
2.3201,true,true
3.4464,true,true
5.7936,true,true
3.5170,true,true
10.9658,true,true
5.7726,true,true
4.6901,true,false
3.5130,true,true
2.3599,true,true
3.6627,true,true
3.8951,true,true
3.0269,true,true
4.3175,true,true
3.5695,true,true
2.5822,true,true
4.4319,true,true
4.8817,true,true
2.7706,true,true
4.1374,true,true
11.9776,true,false
8.6660,true,true
4.7486,true,true
2.6884,true,true
7.5464,true,true
2.5256,true,true
3.3093,true,true
4.2952,true,true
2.1264,true,true
3.0417,true,true
9.3225,true,true
6.6881,true,false
4.2595,true,true
2.0425,true,true
3.0861,true,true
2.8100,true,true
4.7031,true,true
2.6482,true,true
8.5725,true,true
10.3076,true,true
4.9281,true,true
2.9248,true,true
4.5460,true,true
6.7597,true,true
4.2069,true,true
7.6590,true,true
2.9550,true,true
3.0834,true,true
4.8468,true,false
6.4517,true,true
3.8035,true,true
6.4069,true,false
2.1973,true,true
2.4622,true,true
2.5792,true,true
4.5158,true,true
3.4113,true,true
2.3102,true,true
7.7618,true,false
6.6133,true,true
2.6353,true,true
2.6918,true,true
2.5825,true,true
3.5734,true,true
8.2435,true,false
4.8838,true,false
6.2563,true,true
3.2247,true,true
9.4160,true,true
4.2860,true,false
6.1191,true,true
5.1628,true,true
2.0336,true,true
9.2659,true,false
6.0503,true,true
4.5287,true,true
2.3989,true,true
6.0996,true,true
8.6189,true,true
3.0810,true,true
7.6418,true,true
5.9307,true,false
9.8058,true,true
7.5155,true,true
6.1396,true,true
6.1676,true,false
6.9972,true,true
2.9350,true,true
6.1715,true,true
3.7943,true,true
3.3081,true,false
2.3237,true,true
4.3803,true,true
4.1959,true,false
7.4515,true,true
5.6691,true,true
5.2088,true,false
3.3241,true,true
2.3412,true,true
2.3529,true,true
7.3184,true,true
2.7665,true,true
2.9378,true,true
2.8961,true,true
3.0239,true,true
6.5143,true,true
2.1498,true,true
3.0551,true,true
3.1962,true,true
6.6089,true,true
7.4943,true,true
6.1060,true,true
2.8783,true,true
4.3328,true,false
2.4070,true,true
3.8126,true,true
7.4405,true,true
2.6886,true,true
2.8013,true,true
9.3963,true,true
21.4719,true,true
3.5425,true,false
2.4347,true,true
2.3321,true,true
6.0057,true,false
4.0152,true,true
5.6856,true,true
2.6925,true,true
5.6602,true,false
4.3702,true,false
2.2717,true,true
3.7505,true,true
2.7079,true,true
2.5919,true,true
2.5792,true,true
5.0586,true,true
4.7643,true,true
3.8829,true,true
2.8625,true,true
2.7052,true,true
2.8640,true,true
4.4400,true,true
2.8444,true,true
7.0377,true,true
7.1285,true,true
4.6074,true,true
4.2615,true,true
2.2287,true,true
6.8136,true,false
6.5078,true,true
1.9586,true,true
5.3953,true,true
2.1474,true,true
3.3840,true,true
5.2093,true,true
1.9960,true,true
4.3583,true,true
4.3435,true,false
12.1664,true,true
7.7695,true,false
5.7149,true,false
6.2359,true,true
2.8066,true,true
5.8811,true,false
6.3039,true,true
2.3630,true,true
2.4982,true,true
6.5899,true,true
4.0144,true,true
7.7134,true,true
3.1370,true,true
3.7881,true,true
2.9837,true,true
3.1944,true,true
13.7602,true,true
7.6382,true,true
3.6949,true,false
3.6755,true,true
11.7577,true,true
6.7920,true,true
2.6392,true,true
4.5769,true,false
3.5857,true,true
9.9156,true,true
7.5710,true,false
2.5450,true,true
2.8864,true,true
3.0998,true,true
3.0977,true,true
4.7399,true,true
6.2850,true,true
1.9633,true,true
3.0979,true,true
9.2809,true,false
7.1207,true,false
6.8393,true,true
2.7950,true,true
7.0174,true,true
7.6860,true,false
4.5189,true,true
7.7737,true,true
3.9366,true,false
5.0901,true,false
3.1849,true,true
2.7106,true,false
7.1781,true,false
3.6637,true,false
7.1931,true,true
2.7891,true,true
3.1380,true,true
6.6632,true,true
7.8724,true,false
6.3460,true,true
9.7716,true,true
4.9951,true,true
2.7204,true,true
2.6259,true,true
2.8268,true,true
2.8205,true,true
5.5869,true,true
5.8567,true,true
6.4294,true,true
3.6851,true,true
2.6972,true,true
6.7546,true,true
3.5525,true,true
3.8104,true,true
10.1642,true,false
4.7484,true,true
5.3376,true,true
3.9969,true,true
7.1701,true,false
3.2846,true,true
3.0420,true,false
4.3347,true,true
2.4008,true,true
5.8431,true,true
5.9382,true,false
2.6406,true,true
7.0132,true,true
4.2586,true,true
2.2646,true,true
2.7781,true,true
7.6702,true,true
2.5475,true,true
2.4825,true,true
2.9256,true,true
8.3484,true,true
6.4070,true,true
5.0412,true,true
6.5424,true,true
4.9629,true,true
5.1558,true,true
3.8609,true,false
2.9394,true,true
2.8960,true,true
3.2082,true,true
10.7097,true,true
5.9713,true,true
2.6982,true,true
5.5471,true,false
5.3255,true,true
6.4219,true,true
3.4003,true,true
2.7102,true,true
6.5790,true,true
2.3485,true,true
3.0363,true,true
3.1099,true,true
3.1739,true,true
3.8260,true,true
7.6150,true,true
4.1376,true,true
7.3355,true,true
6.6102,true,true
5.8306,true,true
3.0798,true,true
3.3071,true,true
7.9044,true,false
2.1478,true,true
4.4031,true,false
7.1130,true,false
7.9192,true,true
6.7827,true,true
7.2647,true,true
2.9123,true,true
2.9522,true,true
6.8384,true,true
3.5992,true,true
2.1410,true,true
4.1931,true,true
3.2175,true,true
6.2523,true,true
1.8456,true,true
2.5636,true,true
3.0908,true,true
10.3227,true,true
6.6386,true,true
3.8391,true,true
5.5058,true,true
2.1235,true,true
3.0970,true,true
3.3533,true,true
2.3820,true,true
10.1418,true,true
2.9536,true,true
4.9597,true,false
3.1899,true,true
2.2043,true,true
2.0222,true,true
3.0574,true,true
3.6243,true,true
9.9254,true,true
4.1563,true,true
6.6546,true,true
5.5835,true,true
6.5477,true,true
8.2283,true,false
2.2647,true,true
5.3921,true,true
2.2764,true,true
3.9216,true,true
8.4522,true,true
2.2038,true,true
11.8131,true,true
3.5716,true,true
2.4417,true,true
4.7437,true,true
16.3462,true,true
6.5597,true,true
2.5346,true,true
2.5931,true,true
6.2945,true,true
2.0074,true,true
11.7743,true,true
8.3975,true,true
4.7483,true,true
6.4936,true,true
6.9546,true,true
8.0475,true,true
3.0283,true,true
2.6156,true,true
6.3425,true,true
5.2850,true,true
3.9079,true,true
3.6719,true,true
3.0325,true,true
3.8435,true,true
4.2950,true,true
6.7146,true,true
6.9849,true,true
3.5605,true,true
2.6955,true,true
3.7647,true,false
2.7630,true,true
4.3596,true,true
6.7104,true,true
2.3473,true,true
2.2788,true,true
10.1791,true,true
3.2624,true,true
6.2913,true,true
4.8487,true,true
7.2985,true,true
4.5183,true,true
5.0382,true,true
3.8020,true,false
2.6304,true,true
2.8167,true,true
3.0430,true,true
8.3923,true,false
7.3312,true,true
4.9356,true,false
3.0659,true,true
3.1394,true,true
2.8670,true,true
12.5466,true,true
2.3602,true,false
2.6898,true,true
7.8670,true,false
7.4401,true,true
15.7304,true,true
7.7557,true,true
5.8326,true,true
5.6910,true,false
2.5987,true,true
3.2312,true,true
5.9901,true,true
3.4195,true,true
2.6754,true,true
4.2235,true,true
6.5395,true,false
3.2552,true,true
6.5952,true,true
4.8932,true,true
3.4389,true,false
6.4853,true,false
5.6365,true,true
2.2749,true,true
2.2658,true,true
2.6027,true,true
4.5987,true,true
3.6021,true,true
6.0406,true,true
3.0059,true,true
5.1981,true,false
3.7524,true,false
10.3318,true,true
3.2807,true,true
2.4034,true,true
6.4602,true,true
4.6635,true,true
2.8937,true,true
6.1830,true,true
14.7190,true,true
6.5148,true,true
4.5175,true,true
7.3246,true,false
5.2812,true,true
3.0121,true,true
3.2724,true,true
2.3447,true,true
2.2957,true,true
2.5349,true,true
5.9525,true,true
3.2376,true,true
2.2379,true,true
2.3428,true,true
6.7825,true,true
3.6591,true,true
11.4222,true,true
6.0449,true,true
2.8419,true,true
4.9676,true,true
7.3703,true,true
3.3307,true,true
1.4931,true,true
3.0653,true,true
4.1441,true,true
5.2509,true,true
11.0253,true,true
8.4999,true,true
3.7890,true,true
7.0749,true,true
3.7226,true,true
2.6451,true,true
2.5609,true,true
2.4087,true,true
8.9524,true,false
5.6020,true,true
2.3015,true,true
3.9394,true,true
4.1417,true,true
3.6266,true,true
10.6965,true,true
2.1997,true,true
3.3603,true,true
7.2715,true,true
2.5339,true,false
3.8160,true,true
2.7118,true,true
4.5471,true,true
5.6342,true,false
2.8660,true,true
4.5032,true,true
3.7762,true,true
2.5897,true,true
6.7713,true,true
6.9524,true,true
2.7705,true,true
7.9641,true,true
5.3002,true,false
4.0511,true,true
3.1712,true,true
3.2740,true,true
3.2224,true,true
5.1526,true,true
3.0654,true,true
5.6837,true,true
4.7081,true,true
6.8483,true,true
7.1512,true,false
4.2216,true,true
2.0277,true,true
2.8684,true,true
2.7620,true,true
6.2803,true,true
13.4876,true,true
2.2450,true,true
2.1245,true,true
5.3252,true,true
6.7752,true,false
4.4889,true,true
5.2679,true,true
2.2643,true,true
6.5115,true,true
7.5424,true,false
2.3091,true,true
4.7746,true,true
4.5119,true,true
2.4931,true,true
8.1892,true,true
10.2912,true,true
4.3870,true,false
2.4202,true,true
4.0731,true,true
6.5963,true,true
2.2933,true,true
1.9791,true,true
5.4892,true,true
13.6272,true,true
3.3297,true,true
4.0678,true,true
7.8418,true,true
3.2583,true,false
4.5249,true,true
7.1474,true,true
5.1492,true,true
5.2756,true,false
4.3309,true,false
4.1150,true,true
3.0530,true,true
6.8003,true,true
6.7426,true,true
5.9737,true,true
6.2894,true,true
3.7768,true,true
2.8016,true,true
7.6838,true,true
3.0354,true,true
3.0007,true,true
3.4550,true,true
2.3418,true,true
2.2232,true,true
2.2574,true,true
5.7244,true,false
7.1700,true,true
3.4880,true,true
4.0214,true,false
7.0203,true,true
5.3444,true,true
2.0611,true,true
3.2034,true,true
2.0766,true,true
6.7116,true,true
2.6866,true,true
5.3729,true,false
3.6729,true,true
6.4873,true,true
3.1846,true,true
2.0220,true,true
6.0690,true,false
2.8111,true,true
3.7122,true,true
4.3585,true,true
3.9640,true,true
6.1341,true,true
5.2885,true,false
2.5194,true,true
5.9906,true,true
2.8898,true,true
2.7875,true,true
5.4863,true,false
3.0114,true,true
3.9334,true,true
2.9450,true,true
5.3658,true,true
4.8799,true,true
2.7276,true,true
4.9212,true,true
2.7496,true,true
4.7091,true,true
4.5013,true,true
7.7426,true,true
5.2545,true,false
6.3794,true,true
4.0439,true,true
3.8468,true,true
19.6110,true,true
2.4319,true,true
2.7362,true,true
3.0151,true,true
5.1247,true,true
5.7512,true,false
2.4240,true,true
1.2129,true,true
1.7867,true,true
7.1372,true,true
7.6382,true,false
3.2027,true,true
2.8913,true,false
2.8885,true,true
7.4933,true,false
4.2622,true,true
3.5313,true,true
4.0758,true,true
4.7022,true,true
3.9441,true,true
4.5640,true,true
7.8910,true,true
2.6918,true,true
6.9035,true,false
6.1475,true,true
9.0000,true,false
3.1179,true,true
3.4412,true,true
3.2930,true,true
10.7131,true,true
2.6602,true,true
6.4856,true,true
4.5461,true,false
4.1443,true,true
5.3094,true,false
2.9539,true,true
4.4825,true,false
8.1641,true,true
4.4968,true,true
3.1137,true,false
2.4837,true,true
2.8174,true,true
19.6999,true,true
8.0835,true,true
6.4767,true,true
2.2893,true,true
3.6956,true,true
6.6808,true,true
6.5367,true,true
2.8678,true,false
4.4888,true,true
7.9260,true,false
3.6718,true,false
3.1608,true,true
4.9126,true,true
5.7005,true,true
2.4827,true,true
5.8148,true,true
2.5983,true,true
3.4804,true,true
8.5245,true,true
6.0136,true,true
26.2289,true,true
4.5361,true,true
6.1272,true,true
7.7885,true,true
8.1817,true,false
6.4433,true,true
2.5631,true,false
2.6174,true,true
2.9344,true,true
2.9225,true,true
3.2265,true,true
2.3800,true,true
3.3564,true,false
4.9921,true,true
9.0617,true,true
3.9079,true,true
3.1131,true,true
4.3454,true,true
4.2612,true,true
2.3618,true,true
11.2819,true,true
5.4888,true,true
13.0727,true,true
2.4090,true,true
4.7254,true,true
4.4208,true,true
2.5496,true,true
3.4958,true,false
3.4136,true,true
5.6643,true,true
2.6338,true,true
6.8898,true,true
2.6470,true,true
2.8359,true,true
6.4751,true,true
2.3245,true,true
2.4263,true,true
4.6296,true,true
2.7208,true,true
6.1520,true,true
8.1098,true,false
6.2748,true,true
1.8851,true,true
3.3791,true,true
6.7351,true,false
2.3151,true,true
7.3556,true,true
6.5314,true,true
5.6357,true,true
4.9950,true,true
4.2076,true,false
3.0880,true,true
17.1065,true,true
6.6463,true,true
12.9610,true,true
7.0171,true,true
5.0552,true,true
3.8350,true,true
2.9781,true,true
5.0721,true,false
5.0049,true,false
3.5173,true,true
2.5321,true,true
4.4076,true,true
2.4262,true,true
2.6028,true,true
2.7927,true,true
3.5294,true,false
2.5946,true,true
6.5352,true,true
4.5991,true,true
2.7152,true,true
7.2769,true,true
3.4906,true,true
4.6050,true,true
2.4270,true,true
2.6005,true,true
4.1742,true,true
5.2998,true,true
2.8138,true,true
3.9860,true,true
5.5651,true,true
5.3262,true,false
6.1732,true,true
3.9529,true,true
2.8748,true,true
12.5878,true,true
4.3859,true,true
5.2084,true,false
2.0769,true,true
4.7892,true,true
2.9806,true,true
8.6028,true,false
7.4142,true,false
20.4507,true,true
4.0985,true,true
6.7280,true,true
2.2285,true,true
2.0272,true,true
13.6004,true,true
7.8120,true,true
4.1185,true,true
3.2399,true,true
2.3131,true,true
11.6634,true,true
2.8281,true,true
10.0587,true,false
3.0093,true,true
7.1538,true,true
3.0785,true,true
6.9210,true,true
3.0467,true,true
6.6465,true,true
2.1346,true,true
6.7861,true,true
4.7015,true,true
2.7532,true,true
4.9351,true,true
10.1553,true,true
7.5890,true,true
7.2687,true,true
6.7483,true,true
2.3850,true,true
10.7152,true,true
9.4354,true,true
8.1768,true,true
4.5178,true,true
3.1108,true,true
5.3873,true,false
5.5698,true,true
2.4511,true,true
8.1323,true,true
3.4693,true,true
2.9677,true,true
2.9913,true,true
4.1760,true,false
6.0113,true,false
2.6528,true,true
6.5789,true,true
19.3890,true,true
3.7843,true,false
11.4484,true,true
7.3176,true,true
8.8228,true,true
4.0605,true,true
4.5604,true,false
2.2690,true,true
6.0662,true,true
5.6179,true,true
4.0607,true,false
7.8331,true,true
2.9508,true,true
4.0896,true,false
4.8140,true,true
2.6883,true,true
3.4623,true,true
2.5507,true,true
17.1192,true,true
2.4787,true,true
6.5243,true,true
5.6391,true,false
4.2450,true,true
2.3645,true,true
2.4672,true,true
5.9008,true,true
4.4583,true,true
4.5137,true,true
2.3921,true,true
15.1237,true,true
5.4383,true,true
2.1691,true,true
6.5012,true,true
4.4118,true,true
2.5492,true,true
6.7496,true,true
2.9443,true,true
6.0135,true,true
5.3389,true,true
6.1282,true,true
5.0804,true,true
6.6937,true,false
8.0904,true,true
2.4942,true,true
2.5585,true,true
2.5560,true,true
8.8202,true,true
10.3463,true,true
4.5897,true,true
4.4177,true,true
5.9452,true,false
3.6703,true,true
6.4702,true,true
7.6833,true,false
6.2749,true,true
2.1773,true,true
4.7284,true,true
5.7028,true,true
2.7507,true,true
2.8049,true,true
6.0449,true,true
7.8051,true,true
6.4201,true,true
4.2746,true,false
1.7808,true,true
6.4551,true,true
3.7785,true,true
4.0104,true,true
2.9170,true,true
8.6729,true,true
4.0421,true,true
8.5361,true,true
5.6637,true,true
2.7065,true,true
8.3036,true,true
7.3723,true,false
6.5851,true,false
2.2676,true,true
3.8939,true,true
5.5543,true,false
4.0052,true,true
5.8441,true,false
2.7082,true,true
4.3286,true,true
2.2322,true,true
4.2982,true,true
2.1812,true,true
5.6468,true,true
5.5433,true,true
6.7442,true,true
4.1486,true,true
4.7853,true,true
2.6482,true,true
2.8533,true,true
5.7104,true,false
2.8597,true,true
3.2489,true,true
3.0723,true,true
11.2763,true,true
4.3820,true,true
2.4038,true,true
2.4202,true,true
2.2990,true,true
4.9469,true,true
4.2962,true,true
3.6203,true,true
4.7927,true,true
4.4781,true,true
7.2434,true,false
2.3270,true,true
3.5178,true,true
7.7457,true,true
2.6472,true,true
2.7875,true,true
4.6184,true,true
6.2542,true,true
6.8927,true,true
4.2658,true,true
3.5441,true,false
3.7581,true,true
3.6278,true,false
5.7195,true,false
3.5392,true,true
2.7443,true,true
4.5084,true,true
6.8836,true,true
2.2519,true,true
4.0326,true,true
3.1814,true,true
5.1651,true,true
9.7671,true,true
8.3817,true,false
2.9177,true,true
6.0467,true,true
8.9085,true,true
3.9657,true,true
6.4569,true,true
6.3448,true,true
6.2309,true,true
7.1467,true,true
8.1139,true,true
5.8635,true,true
7.0312,true,true
11.6256,true,true
5.4309,true,true
2.2951,true,true
2.3929,true,true
2.4734,true,true
7.7321,true,false
6.7486,true,true
4.0374,true,true
5.4320,true,true
1.4751,true,true
2.6241,true,true
5.7215,true,true
5.8418,true,true
4.7946,true,true
6.3897,true,true
4.7547,true,true
4.7811,true,false
7.1247,true,false
4.2785,true,true
8.1195,true,true
3.4448,true,true
2.6777,true,true
2.8540,true,true
4.1982,true,false
6.5421,true,false
2.2040,true,true
9.3024,true,false
5.8227,true,false
7.1118,true,false
5.0083,true,true
8.8940,true,true
9.5157,true,true
3.8803,true,true
4.5583,true,true
2.6080,true,true
3.0532,true,true
6.3385,true,true
2.9321,true,true
6.7801,true,true
5.1952,true,true
3.5780,true,true
2.6186,true,true
4.2178,true,true
7.8171,true,false
6.5506,true,true
13.3513,true,true
5.0854,true,true
3.8814,true,true
4.8245,true,true
3.8990,true,true
6.1514,true,true
5.7928,true,true
2.6291,true,true
5.3421,true,true
5.9236,true,true
4.2953,true,true
3.4291,true,true
6.2785,true,false
5.3356,true,true
5.9692,true,true
2.9398,true,true
7.8551,true,true
2.8138,true,true
9.2228,true,true
11.5913,true,true
6.5264,true,true
2.2805,true,true
4.3466,true,true
2.4102,true,true
3.4113,true,true
6.0521,true,true
3.1882,true,true
9.0965,true,true
4.2258,true,true
5.4829,true,true
2.5785,true,true
11.3105,true,false
8.3212,true,true
3.1909,true,true
6.9616,true,true
4.8093,true,true
7.5291,true,true
14.0898,true,false
2.6534,true,true
2.7426,true,true
6.8157,true,true
5.4625,true,false
6.5788,true,true
3.3318,true,true
11.0389,true,true
5.3344,true,true
13.4815,true,true
9.0224,true,false
4.7755,true,true
2.8957,true,true
5.8443,true,true
4.4210,true,true
4.8375,true,true
4.1191,true,true
5.3477,true,true
2.2654,true,true
2.2270,true,true
7.8928,true,true
5.8646,true,true
3.7895,true,true
7.5846,true,true
4.6659,true,true
2.9638,true,true
3.0197,true,true
6.0217,true,true
6.3349,true,true
2.0721,true,true
3.5523,true,true
5.4580,true,false
5.5823,true,true
3.8076,true,true
3.0095,true,true
4.0919,true,false
8.2589,true,false
3.4317,true,true
7.4165,true,false
3.1536,true,true
3.4216,true,true
7.0350,true,true
2.4589,true,true
7.0481,true,false
5.2235,true,false
1.8897,true,true
4.3197,true,true
4.6012,true,true
2.3981,true,true
3.5642,true,true
3.0903,true,true
4.7357,true,true
7.2817,true,true
2.7576,true,true
6.3862,true,true
2.0300,true,true
3.6910,true,true
2.7365,true,true
2.9355,true,true
3.9414,true,false
7.6949,true,true
3.5755,true,true
11.0450,true,true
5.2178,true,false
2.1256,true,true
4.3278,true,true
7.0941,true,false
2.1234,true,true
3.4303,true,true
8.4424,true,true
6.1902,true,true
6.8881,true,true
3.2683,true,true
9.7850,true,true
4.5565,true,true
2.4293,true,true
2.2205,true,true
2.1689,true,true
4.6086,true,true
3.4197,true,true
16.7449,true,false
4.8437,true,true
18.3888,true,true
12.4462,true,true
2.9614,true,true
8.3335,true,true
7.9506,true,true
6.1947,true,true
2.9017,true,true
7.2593,true,false
3.0052,true,true
3.2001,true,true
4.0903,true,true
7.7472,true,false
2.9692,true,true
6.9817,true,true
5.3525,true,false
3.1107,true,true
4.6742,true,false
4.6385,true,true
6.9879,true,true
5.3192,true,true
3.3511,true,true
2.1056,true,true
8.8181,true,true
3.6699,true,true
7.1441,true,true
8.1785,true,false
3.2825,true,false
4.3405,true,true
8.2593,true,true
7.0500,true,false
22.4593,true,true
4.9580,true,true
4.2529,true,true
7.4561,true,true
2.1309,true,true
10.7609,true,true
5.7002,true,false
2.6038,true,true
2.8783,true,true
2.8873,true,true
3.1899,true,true
10.2303,true,true
8.0962,true,false
2.8813,true,true
3.5093,true,true
5.5435,true,true
4.7612,true,true
3.9913,true,true
3.5441,true,true
3.5158,true,true
4.0281,true,true
8.2228,true,true
3.1351,true,true
3.0441,true,true
6.9054,true,true
7.1913,true,false
2.5026,true,true
5.5480,true,false
12.4127,true,true
2.9563,true,true
4.1422,true,false
7.2031,true,false
3.0119,true,true
3.4788,true,true
6.1174,true,true
7.4532,true,false
6.8924,true,true
2.0439,true,true
4.5637,true,true
9.7449,true,true
3.7859,true,true
7.1041,true,true
5.6853,true,true
6.9457,true,true
8.7288,true,true
3.8212,true,true
3.7826,true,true
5.5520,true,true
2.2622,true,true
2.3634,true,true
6.2390,true,true
3.2266,true,true
7.6454,true,true
5.0783,true,true
5.4955,true,false
4.1398,true,true
8.4711,true,false
3.3451,true,true
4.9253,true,false
7.2721,true,true
10.1968,true,true
6.8835,true,true
6.8303,true,true
3.8203,true,true
4.4133,true,false
5.4031,true,true
4.3192,true,true
2.4278,true,true
4.2752,true,true
4.5843,true,true
5.0838,true,false
4.2577,true,true
3.2838,true,true
4.8364,true,false
5.3493,true,true
1.9626,true,true
7.7893,true,false
2.9262,true,true
7.4490,true,true
5.9889,true,true
6.0124,true,true
3.6616,true,true
2.7877,true,true
7.2967,true,true
3.0152,true,true
6.5215,true,true
4.5243,true,false
5.4091,true,true
7.9027,true,true
3.1334,true,true
5.4281,true,true
5.7325,true,true
2.5115,true,true
2.7205,true,true
3.8618,true,true
2.9428,true,true
7.1313,true,true
4.7042,true,true
2.6589,true,true
2.3255,true,true
2.8248,true,true
5.8774,true,true
2.9113,true,true
2.8140,true,true
2.6613,true,true
8.3161,true,true
4.1963,true,true
4.3675,true,true
4.5140,true,true
6.4127,true,true
2.3681,true,true
2.3338,true,true
2.5636,true,true
3.5657,true,true
3.8608,true,true
3.0903,true,true
10.9966,true,true
2.7231,true,true
7.0747,true,true
5.5704,true,true
4.0438,true,true
4.6781,true,true
3.7108,true,true
4.2419,true,true
6.8508,true,true
2.5619,true,true
2.5604,true,true
3.9877,true,true
3.8240,true,true
6.3330,true,false
7.0133,true,true
2.5682,true,true
3.6533,true,true
2.6240,true,true
4.5333,true,true
7.7467,true,true
2.9210,true,true
5.2684,true,false
6.6980,true,true
4.5740,true,true
3.2107,true,false
8.7606,true,true
4.1749,true,true
2.1335,true,true
4.8496,true,false
5.6516,true,true
4.2708,true,true
5.6202,true,true
5.8175,true,true
2.5559,true,true
5.8554,true,true
6.1031,true,true
6.5177,true,true
5.7071,true,true
3.4503,true,true
3.3104,true,true
5.6423,true,false
7.5778,true,true
8.5538,true,true
7.3203,true,true
3.6997,true,true
5.4887,true,true
2.3758,true,true
2.1782,true,true
3.3695,true,true
6.4881,true,false
5.3414,true,true
5.2686,true,false
6.5928,true,true
4.6829,true,true
9.9043,true,true
7.1968,true,true
5.1990,true,true
6.7970,true,true
3.6271,true,true
3.0461,true,true
5.1241,true,true
5.5079,true,true
2.2026,true,true
4.5384,true,false
3.3589,true,true
3.3440,true,true
6.2140,true,true
8.5022,true,true
4.8700,true,true
8.4222,true,true
8.4121,true,true
5.9850,true,true
3.0084,true,true
3.1491,true,true
2.9469,true,true
5.7667,true,true
3.7989,true,true
10.8172,true,true
3.1685,true,true
3.5005,true,true
6.6341,true,false
4.4489,true,true
5.5679,true,true
4.8383,true,false
2.8564,true,true
9.6367,true,true
3.7910,true,false
7.9504,true,true
5.9167,true,true
6.8493,true,true
3.6497,true,true
3.8958,true,true
6.0937,true,false
2.9071,true,true
3.4163,true,true
8.4987,true,true
6.6103,true,true
4.7476,true,true
3.4520,true,true
2.6540,true,true
2.6163,true,true
5.6001,true,true
3.9972,true,true
2.9337,true,true
3.0715,true,true
7.5679,true,true
6.9891,true,true
2.3360,true,true
2.5403,true,true
4.0628,true,true
10.7892,true,true
6.0198,true,false
16.4550,true,true
6.0546,true,false
4.0220,true,true
3.0317,true,true
10.6911,true,true
2.5281,true,true
12.6850,true,true
2.1096,true,true
2.9169,true,true
5.1199,true,true
3.3030,true,true
2.4997,true,true
2.4788,true,true
6.2268,true,true
2.1087,true,true
3.2990,true,true
7.4334,true,true
5.1306,true,true
2.9626,true,true
4.9632,true,true
2.8984,true,true
4.8397,true,true
4.9023,true,true
6.4196,true,false
7.7343,true,true
5.2102,true,true
7.3515,true,true
3.3376,true,true
5.3841,true,true
9.4898,true,true
9.5951,true,false
5.5554,true,false
5.5693,true,true
2.2358,true,true
6.9666,true,true
7.5335,true,true
6.5553,true,true
2.0179,true,true
3.9863,true,true
6.5907,true,true
4.7641,true,true
4.8836,true,true
6.3677,true,false
1.9102,true,true
2.9897,true,true
7.4215,true,true
7.5186,true,true
4.8765,true,true
2.9574,true,true
7.1214,true,true
2.6927,true,true
5.9607,true,true
2.9653,true,true
4.6074,true,true
10.0631,true,true
9.9006,true,true
8.1340,true,true
2.6611,true,true
5.9231,true,true
4.2706,true,true
6.7214,true,false
6.7897,true,true
6.5260,true,true
4.4016,true,true
3.0180,true,true
8.4992,true,true
6.8625,true,true
1.9393,true,true
3.2873,true,true
2.6798,true,true
3.6471,true,false
2.8129,true,true
13.8025,true,true
8.8632,true,true
7.5392,true,true
3.8692,true,false
2.7253,true,true
6.7463,true,true
2.9791,true,true
6.6014,true,false
3.0366,true,true
11.1685,true,false
2.7548,true,true
3.9436,true,false
3.7361,true,true
2.6145,true,true
2.7454,true,true
5.0339,true,true
4.8756,true,false
9.8118,true,true
6.6030,true,true
5.1676,true,true
3.9445,true,true
4.3103,true,false
3.9909,true,true
3.3321,true,true
2.2666,true,true
2.1347,true,true
5.2036,true,true
4.3514,true,true
10.9370,true,false
4.7025,true,true
4.1313,true,true
2.0079,true,true
3.4180,true,true
2.6308,true,true
2.8696,true,true
2.7666,true,true
2.8554,true,true
2.7663,true,true
9.1618,true,false
3.6350,true,true
2.8209,true,true
3.0881,true,true
3.3009,true,true
2.3756,true,true
3.7030,true,true
3.8224,true,true
2.6520,true,true
4.8090,true,true
5.9280,true,true
8.6889,true,false
4.9747,true,true
6.5317,true,false
2.2628,true,true
5.6892,true,true
7.3060,true,true
3.8448,true,true
4.1304,true,true
6.5654,true,true
7.8819,true,false
4.8069,true,false
6.8375,true,true
4.4930,true,true
2.5001,true,true
2.5473,true,true
4.6907,true,true
5.9217,true,true
2.5906,true,true
4.8485,true,true
2.9891,true,true
9.1992,true,true
5.6425,true,true
2.4335,true,true
6.6559,true,true
2.4877,true,true
7.7422,true,true
8.5175,true,true
4.4248,true,true
7.2318,true,false
2.2039,true,true
2.0803,true,true
9.3971,true,false
4.4748,true,true
2.3749,true,true
4.7092,true,true
9.8607,true,true
4.5241,true,true
2.4142,true,true
3.4930,true,false
6.9357,true,true
5.2512,true,true
3.3748,true,true
3.8082,true,false
3.5113,true,true
2.4680,true,true
3.1125,true,true
3.1220,true,true
2.9703,true,true
3.3518,true,true
5.4513,true,true
5.1179,true,true
2.0534,true,true
7.3459,true,true
2.9475,true,true
5.2575,true,true
7.2834,true,true
6.4087,true,true
2.2666,true,true
2.3100,true,true
4.4739,true,false
5.9213,true,false
6.4122,true,true
2.1304,true,true
4.2915,true,false
3.7222,true,true
5.5346,true,true
2.4324,true,true
6.9525,true,true
3.5604,true,true
6.7665,true,true
2.3152,true,true
5.9772,true,true
5.0864,true,true
8.0128,true,true
2.9735,true,true
7.3375,true,true
5.4058,true,false
4.2286,true,true
3.0633,true,true
5.2775,true,true
2.5563,true,true
8.3165,true,true
6.2208,true,false
2.9788,true,true
9.6307,true,true
5.2930,true,true
3.8523,true,true
5.6437,true,false
12.0649,true,true
2.6417,true,true
5.4210,true,true
5.5238,true,true
3.5164,true,true
5.3692,true,true
2.0108,true,true
4.1554,true,true
5.7884,true,true
3.7832,true,true
4.5535,true,true
11.2952,true,true
6.4505,true,true
3.5473,true,true
2.6084,true,true
3.2599,true,true
8.0376,true,true
3.0331,true,true
3.1679,true,true
3.2533,true,true
2.1319,true,true
3.5156,true,true
2.4952,true,true
6.4542,true,true
6.5922,true,true
6.6134,true,true
5.8543,true,true
8.2684,true,true
3.9998,true,true
5.2948,true,true
4.1927,true,true
6.6357,true,true
6.4929,true,true
5.8494,true,true
5.4033,true,true
4.2548,true,true
5.6278,true,false
8.0327,true,true
3.5697,true,true
2.7318,true,true
3.7264,true,true
2.6078,true,true
7.1826,true,true
7.5378,true,true
5.0547,true,true
7.7047,true,true
4.5883,true,true
7.3841,true,true
2.8697,true,true
4.8101,true,true
2.7345,true,true
7.5131,true,true
2.5929,true,true
5.4813,true,false
2.5181,true,true
6.9186,true,false
5.5249,true,false
2.3099,true,true
2.2742,true,true
15.5129,true,true
5.6961,true,true
5.0405,true,true
5.5279,true,true
6.8124,true,true
5.6836,true,true
4.8100,true,true
2.7591,true,true
6.2809,true,true
2.3052,true,false
6.6066,true,true
4.8565,true,true
8.3211,true,false
2.6698,true,true
7.2985,true,true
2.5692,true,true
5.0445,true,true
5.6983,true,false
2.3977,true,true
7.4939,true,true
2.7973,true,true
6.9360,true,true
6.7737,true,true
3.7207,true,false
8.8598,true,true
3.0063,true,true
2.8852,true,true
2.9115,true,true
7.1757,true,true
2.6830,true,true
5.7432,true,true
4.0577,true,true
3.1903,true,true
4.8522,true,true
6.6480,true,true
3.1338,true,true
3.0813,true,true
6.5901,true,false
3.8104,true,true
2.7606,true,true
2.7735,true,true
3.6171,true,true
13.7416,true,true
2.6510,true,true
4.9021,true,true
5.8365,true,true
4.3787,true,true
3.1836,true,true
6.0287,true,true
2.7892,true,true
3.0861,true,true
9.9234,true,true
9.5695,true,true
5.1926,true,true
4.0507,true,true
5.0916,true,false
3.9480,true,true
5.9554,true,false
5.2414,true,true
6.2295,true,true
2.9252,true,true
4.7102,true,true
2.5603,true,true
7.5706,true,true
3.6091,true,true
3.4962,true,true
4.7815,true,true
2.3742,true,true
5.3015,true,true
2.3493,true,true
6.0889,true,true
5.8219,true,true
3.8626,true,true
6.4633,true,true
2.2293,true,true
4.7510,true,true
7.2074,true,true
3.7564,true,false
6.0609,true,true
4.3244,true,true
4.6950,true,true
2.8059,true,true
4.0177,true,false
6.1275,true,true
4.7760,true,true
6.9956,true,true
6.7074,true,true
6.6543,true,true
6.7574,true,true
6.4639,true,true
1.9690,true,true
7.8864,true,true
5.6927,true,true
18.4063,true,true
2.7096,true,true
9.1353,true,true
6.6698,true,true
10.3086,true,false
5.5405,true,true
2.8383,true,false
3.0724,true,true
3.4386,true,true
3.2091,true,true
1.9782,true,true
3.3605,true,true
6.5969,true,true
6.2841,true,true
1.9462,true,true
6.6463,true,false
2.4374,true,true
4.1741,true,true
7.1803,true,true
6.7678,true,true
3.2626,true,true
6.6779,true,true
7.0877,true,false
2.2610,true,true
6.1195,true,true
2.9881,true,true
3.0392,true,true
5.9269,true,true
7.6274,true,true
3.6108,true,true
2.4407,true,true
3.3014,true,true
6.3347,true,true
3.2644,true,true
6.4130,true,true
5.4039,true,true
2.1676,true,true
2.3146,true,true
4.6778,true,true
4.4034,true,true
5.4375,true,false
7.3941,true,true
3.1643,true,true
4.0359,true,true
7.7631,true,false
2.9742,true,true
3.9283,true,true
2.9897,true,true
4.4061,true,true
3.1024,true,false
9.3721,true,true
4.2783,true,false
2.5524,true,true
7.4389,true,false
3.6829,true,true
6.9262,true,true
8.2217,true,true
4.2136,true,true
3.0913,true,false
8.3896,true,true
5.6797,true,true
6.1057,true,true
4.0185,true,true
3.1307,true,true
8.0438,true,false
6.0024,true,true
2.8513,true,true
2.5860,true,true
6.5594,true,true
3.5174,true,true
2.6755,true,true
9.0192,true,true
4.7932,true,true
2.7974,true,true
7.7978,true,true
4.9881,true,false
5.7317,true,true
2.5686,true,true
2.2828,true,true
2.1687,true,true
5.4713,true,false
3.2214,true,true
7.0198,true,false
6.7472,true,true
6.0085,true,true
4.1611,true,false
5.7582,true,false
1.6252,true,true
4.3074,true,true
6.1145,true,false
2.8359,true,true
6.5249,true,true
6.5139,true,true
2.1868,true,true
8.0019,true,true
5.0973,true,true
7.4178,true,true
3.0251,true,true
6.0682,true,true
3.2534,true,false
4.8690,true,false
4.3170,true,true
3.5999,true,false
9.9616,true,false
2.9305,true,true
4.8217,true,true
10.7295,true,true
7.7543,true,true
4.6986,true,false
2.5378,true,true
4.9864,true,false
11.0493,true,true
8.4387,true,true
4.4487,true,true
5.4337,true,true
10.1051,true,true
6.9567,true,true
5.9945,true,true
3.1241,true,false
5.5197,true,false
4.3466,true,true
4.4081,true,true
3.8001,true,true
2.7374,true,true
2.6937,true,true
2.5098,true,true
8.4728,true,true
2.6686,true,true
8.3509,true,true
4.2412,true,true
2.9143,true,false
3.0664,true,true
6.6006,true,true
6.1421,true,true
2.8862,true,true
3.2168,true,true
4.1156,true,true
4.2508,true,true
6.5215,true,true
5.5973,true,true
7.2221,true,true
18.4011,true,true
7.6606,true,true
4.9793,true,false
2.9005,true,true
4.8848,true,true
6.8716,true,true
6.3860,true,true
3.6683,true,true
4.0434,true,false
2.8943,true,true
6.7022,true,true
5.3811,true,false
5.0155,true,false
8.6680,true,true
2.9389,true,true
6.7077,true,false
7.2293,true,true
4.5237,true,true
7.8066,true,true
2.4385,true,true
2.2309,true,true
4.1608,true,true
3.2803,true,true
2.2845,true,true
3.9451,true,true
7.8054,true,true
4.5124,true,false
2.4389,true,true
4.1414,true,true
3.1102,true,true
5.9501,true,true
4.6753,true,false
5.1104,true,false
4.9175,true,true
9.1882,true,false
3.5019,true,true
5.2469,true,true
2.1978,true,true
5.3849,true,true
4.0451,true,true
3.0295,true,true
8.4870,true,true
8.8168,true,true
3.8603,true,true
2.7222,true,true
2.9636,true,true
6.2906,true,true
3.9293,true,false
2.9924,true,true
3.9029,true,true
7.1845,true,true
5.5187,true,true
2.2245,true,true
1.9817,true,true
5.7836,true,true
3.5141,true,true
2.3784,true,true
9.9403,true,true
6.0335,true,true
3.2162,true,true
6.3786,true,true
4.4614,true,true
6.2081,true,true
5.8520,true,true
5.2931,true,true
1.9323,true,true
5.2755,true,false
6.0239,true,true
4.5755,true,false
2.7370,true,true
7.2894,true,true
8.3111,true,true
3.8694,true,true
3.9323,true,true
2.9975,true,true
8.6411,true,true
2.7532,true,true
7.7104,true,true
3.5557,true,true
4.7691,true,true
6.4794,true,true
3.1160,true,true
6.7699,true,true
5.2809,true,true
6.6816,true,true
3.2760,true,true
2.3008,true,true
2.7379,true,true
7.4942,true,true
2.5780,true,true
3.6333,true,true
4.0904,true,true
3.0038,true,true
4.3288,true,true
2.3429,true,true
4.1103,true,true
3.1859,true,true
8.9057,true,true
6.9375,true,false
2.6070,true,true
6.5831,true,true
2.3000,true,true
2.4953,true,true
3.9332,true,true
5.1677,true,true
2.1955,true,true
6.9852,true,true
2.8016,true,true
3.2764,true,true
2.2636,true,true
6.3115,true,true
2.6838,true,true
5.3747,true,true
2.2847,true,true
2.5622,true,true
4.4822,true,true
3.7668,true,true
3.5168,true,true
3.0001,true,true
3.2059,true,true
2.1975,true,true
1.9063,true,true
7.5209,true,true
6.5429,true,true
6.4249,true,true
2.0480,true,true
4.1005,true,true
3.0196,true,true
5.0250,true,true
4.9762,true,true
3.0331,true,true
3.4936,true,true
4.8480,true,true
2.8913,true,true
6.1856,true,true
5.8017,true,true
5.0669,true,true
6.3365,true,true
5.7808,true,true
2.7321,true,true
3.2829,true,true
10.5174,true,true
2.2070,true,true
4.2854,true,true
2.0530,true,true
4.1342,true,false
8.1127,true,true
3.3175,true,true
4.9309,true,true
4.4281,true,true
2.3182,true,true
5.5642,true,true
5.7749,true,true
5.6101,true,true
4.7180,true,true
2.6810,true,true
4.1390,true,true
3.4722,true,false
4.1000,true,true
3.0324,true,true
7.7209,true,false
2.8943,true,true
4.4927,true,true
3.6627,true,true
3.6158,true,true
7.7183,true,false
4.4808,true,true
2.1730,true,true
2.4679,true,true
4.4959,true,false
3.1215,true,true
4.6686,true,false
2.4749,true,true
2.5102,true,true
2.3476,true,true
2.0227,true,true
6.1672,true,true
6.2794,true,true
1.7599,true,true
6.9427,true,true
3.7804,true,true
7.7461,true,false
3.1559,true,false
3.2205,true,true
9.5784,true,true
7.5202,true,true
7.6785,true,true
3.9160,true,true
6.7816,true,true
2.8242,true,true
2.8281,true,true
4.4790,true,true
3.9495,true,true
4.1667,true,true
7.4463,true,true
4.8570,true,true
4.0016,true,true
6.8613,true,false
3.6692,true,true
6.6691,true,true
11.2453,true,true
7.1662,true,true
3.0249,true,true
4.2987,true,true
2.4988,true,true
3.7547,true,true
5.8934,true,false
8.0659,true,true
8.8714,true,true
2.8644,true,true
6.3383,true,true
2.3361,true,true
3.7588,true,true
3.1213,true,true
4.0477,true,true
7.0592,true,true
4.5633,true,true
6.0787,true,true
2.8789,true,true
7.7108,true,true
2.7911,true,true
9.0327,true,true
3.1429,true,true
6.6251,true,false
2.2441,true,true
2.2976,true,true
2.1296,true,true
5.2703,true,false
4.3992,true,true
3.0600,true,true
3.0941,true,true
5.2897,true,true
3.6059,true,true
9.1179,true,true
8.2965,true,false
8.6531,true,true
2.9384,true,true
7.1449,true,true
5.0326,true,true
3.1565,true,true
3.5453,true,true
3.4995,true,true
5.1256,true,false
5.1850,true,true
3.3238,true,true
7.3814,true,true
5.4255,true,false
4.6095,true,false
4.1096,true,true
3.1169,true,true
5.8542,true,false
3.8283,true,false
6.3186,true,true
2.2722,true,true
3.6705,true,true
2.7486,true,true
3.2206,true,true
5.5752,true,true
5.7959,true,false
3.3160,true,false
6.4597,true,false
2.2718,true,true
2.3642,true,true
2.4870,true,true
6.4676,true,true
2.4011,true,true
2.3813,true,true
2.9233,true,true
3.3168,true,true
3.0546,true,true
9.7353,true,true
10.7890,true,true
10.5191,true,true
6.5244,true,true
11.1107,true,true
11.4470,true,true
5.2312,true,true
4.5333,true,false
2.5204,true,true
7.1913,true,false
24.0040,true,true
12.4180,true,true
9.5838,true,true
23.3206,true,true
4.5906,true,true
2.7045,true,true
6.7492,true,true
12.1953,true,true
6.9177,true,true
9.4219,true,false
6.2190,true,true
1.7551,true,true
6.6382,true,true
4.1588,true,true
3.5167,true,true
7.7043,true,true
8.5130,true,true
6.2925,true,false
2.5836,true,true
6.3458,true,true
3.1364,true,true
10.8102,true,true
4.9450,true,true
3.8631,true,false
4.5883,true,true
7.6947,true,false
5.1934,true,true
2.4206,true,true
20.3661,true,true
7.7751,true,false
2.3921,true,true
5.1097,true,true
4.9007,true,true
4.4507,true,true
6.6184,true,true
6.1006,true,true
4.4717,true,false
3.9582,true,true
2.7356,true,true
5.7627,true,true
5.6709,true,false
8.1958,true,true
5.1806,true,false
2.2438,true,true
6.4493,true,false
4.6170,true,true
9.3206,true,false
15.8965,true,true
6.9746,true,true
6.8654,true,true
5.0850,true,true
5.0917,true,true
3.5115,true,true
9.9268,true,true
3.7140,true,true
6.4050,true,true
3.0245,true,false
9.0985,true,true
6.0612,true,true
3.4862,true,false
4.3005,true,true
3.4450,true,false
6.6182,true,true
3.4467,true,true
3.0136,true,true
2.9730,true,true
3.1260,true,true
7.1272,true,true
3.0299,true,true
7.3754,true,true
3.8803,true,true
7.7079,true,true
9.7126,true,true
5.3464,true,false
2.1592,true,true
2.0747,true,true
3.0723,true,true
7.5358,true,true
5.5164,true,true
7.5211,true,false
3.3061,true,true
3.0229,true,true
8.2861,true,true
4.1515,true,true
2.9357,true,true
13.3715,true,true
6.4376,true,true
24.8415,true,true
8.0551,true,true
18.9540,true,true
3.5931,true,true
10.1243,true,false
3.3965,true,true
4.3426,true,true
2.4543,true,true
7.3232,true,true
5.6127,true,true
6.6576,true,true
2.4118,true,true
2.3573,true,true
2.4583,true,true
2.7687,true,true
3.1437,true,false
5.7985,true,true
4.0049,true,true
5.1179,true,true
4.1082,true,false
4.7937,true,true
3.8496,true,false
6.9800,true,true
8.8096,true,true
25.5134,true,true
7.9178,true,true
6.7533,true,true
2.9702,true,true
4.4608,true,true
2.6046,true,true
9.3528,true,true
4.6391,true,false
2.6747,true,true
2.8374,true,true
6.0588,true,true
3.1654,true,true
10.5796,true,true
6.1239,true,true
3.0277,true,true
9.2101,true,false
5.6967,true,true
7.4677,true,true
4.3675,true,true
3.6075,true,true
3.1353,true,true
10.2912,true,true
4.6855,true,true
2.7841,true,true
7.9651,true,false
4.9304,true,false
4.3889,true,true
5.4481,true,true
4.9501,true,true
8.8931,true,true
5.5204,true,true
2.4383,true,true
6.1133,true,false
3.2657,true,true
10.4406,true,true
10.0565,true,false
7.1035,true,true
5.9137,true,true
4.9928,true,false
4.0851,true,true
3.1715,true,true
6.5818,true,true
3.3250,true,false
2.3858,true,true
4.2508,true,true
3.6195,true,true
2.6991,true,true
2.9701,true,true
3.0030,true,true
10.0318,true,true
4.5712,true,true
4.4023,true,true
4.9980,true,true
2.8923,true,true
8.4533,true,true
4.0069,true,true
17.1937,true,true
6.2733,true,false
4.9517,true,false
3.9831,true,true
2.8872,true,true
8.1976,true,false
3.1384,true,true
2.9481,true,true
5.7766,true,true
2.4645,true,true
7.3284,true,false
4.8879,true,true
17.5749,true,true
24.2297,true,true
2.6603,true,true
8.4693,true,true
4.4607,true,true
3.0593,true,false
7.3715,true,false
6.4710,true,true
7.9643,true,true
1.9800,true,true
5.0337,true,false
5.0291,true,true
3.0342,true,true
5.5673,true,true
2.1189,true,true
3.7800,true,false
3.5400,true,true
2.5657,true,true
5.8122,true,false
5.1459,true,true
6.0288,true,true
7.7488,true,false
3.3884,true,false
7.1087,true,false
7.7673,true,false
3.7863,true,false
2.8382,true,true
2.8171,true,true
3.2025,true,true
5.8116,true,true
4.7524,true,true
2.7913,true,true
8.7740,true,true
7.4370,true,true
5.3168,true,true
2.3879,true,true
8.4682,true,false
6.6320,true,true
2.5354,true,true
2.9530,true,false
6.3498,true,false
6.0703,true,true
5.9559,true,true
8.1249,true,false
3.1636,true,true
7.1215,true,true
5.9288,true,false
2.7579,true,true
8.1498,true,true
8.0148,true,true
3.9895,true,true
3.3436,true,true
2.3086,true,true
7.4534,true,true
2.4893,true,true
22.6119,true,true
3.0877,true,true
2.8105,true,true
10.5332,true,true
4.5147,true,false
6.2099,true,true
2.8665,true,true
2.6914,true,true
4.0450,true,true
7.5680,true,false
5.8239,true,true
2.8919,true,true
4.7744,true,true
3.8014,true,true
2.9183,true,true
3.4460,true,true
2.7240,true,true
5.5522,true,true
4.3246,true,true
2.4953,true,true
6.4064,true,true
1.9507,true,true
5.4175,true,true
2.2004,true,true
2.2090,true,true
2.1747,true,true
2.9443,true,true
3.1162,true,true
3.1932,true,true
4.0259,true,true
2.8350,true,true
5.8379,true,true
5.5410,true,false
2.6075,true,true
2.7887,true,true
5.3279,true,true
5.5336,true,true
5.3460,true,true
2.7070,true,true
4.1588,true,true
3.3163,true,true
5.3943,true,true
4.6812,true,false
6.5443,true,true
7.0809,true,true
6.3929,true,true
3.2383,true,true
4.1783,true,true
2.3529,true,true
3.9101,true,true
8.4506,true,true
4.5650,true,true
6.3720,true,true
5.8883,true,true
4.9575,true,true
2.7598,true,true
4.5827,true,true
4.0667,true,false
4.4839,true,true
5.8028,true,true
5.1303,true,false
4.5726,true,true
3.9109,true,true
10.5099,true,true
5.2567,true,false
2.3018,true,true
7.8874,true,true
5.9295,true,false
4.9836,true,false
7.3917,true,false
9.3069,true,true
6.1231,true,true
8.7497,true,true
15.1919,true,true
6.9847,true,true
4.2048,true,true
2.1303,true,true
4.8220,true,true
2.8370,true,true
7.7774,true,true
3.3526,true,false
3.2799,true,false
5.3625,true,false
2.2867,true,true
4.2119,true,true
7.0630,true,true
3.4697,true,true
2.5323,true,true
2.5325,true,true
6.8198,true,true
7.1840,true,true
2.7753,true,true
2.7637,true,true
6.7441,true,true
2.3749,true,true
5.2836,true,true
4.6041,true,true
7.2584,true,false
6.4105,true,true
2.9821,true,true
4.3618,true,true
3.9101,true,true
2.9607,true,true
2.8945,true,true
3.8143,true,true
8.8875,true,false
3.5818,true,false
2.3883,true,true
2.2752,true,true
2.2193,true,true
7.4058,true,true
3.0128,true,true
4.9226,true,true
2.9254,true,true
2.8643,true,true
7.3387,true,true
2.7829,true,true
7.1448,true,true
4.3979,true,true
8.2477,true,true
7.0282,true,false
3.9978,true,true
8.0595,true,true
11.5048,true,true
9.9172,true,true
3.8027,true,true
3.3674,true,true
2.6006,true,true
17.7647,true,true
1.9347,true,true
8.4863,true,true
4.6979,true,false
7.3447,true,false
2.3864,true,true
5.0493,true,true
5.9950,true,true
7.4124,true,false
2.6203,true,true
2.7456,true,true
2.7610,true,true
7.2919,true,true
2.4789,true,true
6.3492,true,true
2.0042,true,true
3.9382,true,true
5.0248,true,true
6.5748,true,true
4.2984,true,true
5.9771,true,true
6.9684,true,true
4.6721,true,true
5.7719,true,true
3.9407,true,true
3.2736,true,true
5.2777,true,false
7.5919,true,true
4.2658,true,true
4.5463,true,true
2.5539,true,true
9.1108,true,true
5.6690,true,true
3.3493,true,false
5.3526,true,true
7.0725,true,true
2.0863,true,true
4.5664,true,true
6.3575,true,false
7.5868,true,true
2.9003,true,true
4.5445,true,false
2.6002,true,true
3.2876,true,true
12.5889,true,true
4.3676,true,false
4.3802,true,true
2.4112,true,true
2.3546,true,true
3.6168,true,true
2.4493,true,true
2.5768,true,true
3.2660,true,true
10.1455,true,true
2.7944,true,true
8.1194,true,false
5.3461,true,true
3.8139,true,true
3.3672,true,true
5.2854,true,true
3.4111,true,false
3.5075,true,false
