latency_ms,ok,allowed
7.0480,true,true
1.1558,true,true
3.1178,true,true
4.6146,true,false
3.8647,true,false
3.8380,true,true
3.3727,true,true
9.6397,true,true
5.0506,true,false
5.6045,true,true
2.7418,true,true
1.1991,true,true
2.7197,true,false
9.1822,true,true
3.6707,true,true
1.6811,true,true
1.2362,true,true
5.1895,true,true
2.2102,true,true
0.7749,true,true
1.4132,true,true
0.9602,true,true
1.9801,true,true
9.7765,true,false
4.3469,true,true
1.3469,true,true
1.4043,true,true
0.9417,true,true
5.2491,true,true
1.2879,true,true
0.9491,true,true
1.6761,true,true
1.2709,true,true
7.5431,true,true
1.3118,true,true
1.5642,true,true
6.5337,true,false
3.1692,true,true
0.6520,true,true
5.5908,true,true
1.2966,true,true
1.1180,true,true
1.7947,true,false
1.3141,true,true
4.0455,true,true
6.6268,true,false
1.0392,true,true
1.7229,true,true
2.9081,true,true
5.9130,true,false
1.6267,true,true
24.2092,true,true
0.9951,true,false
1.6309,true,true
5.1017,true,true
4.6014,true,false
1.1407,true,true
3.6650,true,true
1.2925,true,true
2.8232,true,true
12.8585,true,true
10.2365,true,true
7.0260,true,true
4.2705,true,false
4.1611,true,false
2.3771,true,true
1.4311,true,false
8.4022,true,true
3.2060,true,true
0.9426,true,true
1.5500,true,true
1.1900,true,true
3.1219,true,true
3.3245,true,true
9.7209,true,true
7.2138,true,true
1.1150,true,true
2.4692,true,true
1.5386,true,true
2.5308,true,true
3.7568,true,true
4.3702,true,true
3.3849,true,false
4.9703,true,true
2.5395,true,true
28.0193,true,true
9.7118,true,false
2.7298,true,true
1.3618,true,true
2.8868,true,false
3.1460,true,true
8.8597,true,true
6.2464,true,true
4.0741,true,true
2.0966,true,true
9.4637,true,true
4.0940,true,false
6.1079,true,true
9.4057,true,true
4.2285,true,false
0.6938,true,true
1.1680,true,true
1.2939,true,true
1.6956,true,true
2.8298,true,true
1.4696,true,true
4.8021,true,false
1.3414,true,true
4.3643,true,false
1.6319,true,true
1.0961,true,false
5.3037,true,true
6.4994,true,true
1.2276,true,true
2.5008,true,true
9.4478,true,true
0.6877,true,true
1.9580,true,true
3.3143,true,true
1.3417,true,true
5.9160,true,false
1.2983,true,true
0.8160,true,true
1.3037,true,true
0.8059,true,true
2.9480,true,true
2.1584,true,true
1.6241,true,true
2.7851,true,true
4.3545,true,true
0.8886,true,true
2.7126,true,true
1.2463,true,true
0.7662,true,true
4.3122,true,true
0.8716,true,true
1.4467,true,true
3.0433,true,false
1.6765,true,true
1.2013,true,false
2.2962,true,true
2.6019,true,true
9.0544,true,true
1.4281,true,true
3.3213,true,true
0.9387,true,true
4.8504,true,false
2.0232,true,true
1.5242,true,true
1.0706,true,true
2.6440,true,true
3.7057,true,true
5.9591,true,true
2.2021,true,true
1.4551,true,true
0.9995,true,true
8.4860,true,true
0.5990,true,true
1.0712,true,true
4.5358,true,true
1.0979,true,true
3.3959,true,true
0.9478,true,true
8.2841,true,true
3.4650,true,true
1.4842,true,true
6.8182,true,false
4.1500,true,false
9.0293,true,true
6.3617,true,false
0.8017,true,true
2.9649,true,true
1.7930,true,true
8.1050,true,true
3.9076,true,false
5.7980,true,true
6.8123,true,true
2.1602,true,true
6.5978,true,true
7.7526,true,false
4.2913,true,false
2.0369,true,true
3.9415,true,true
3.1551,true,true
1.6366,true,true
4.7143,true,false
6.7578,true,true
1.3184,true,true
2.4988,true,true
4.1831,true,true
1.6343,true,true
3.1078,true,true
3.1524,true,true
4.2078,true,true
2.0200,true,true
4.7584,true,true
4.1389,true,false
0.7277,true,false
2.9748,true,true
9.8941,true,true
6.8428,true,true
15.8843,true,true
10.1889,true,true
4.7141,true,true
4.7889,true,false
1.8566,true,true
1.5860,true,true
2.0384,true,true
23.8651,true,true
7.1631,true,true
1.4455,true,true
1.0813,true,true
7.0948,true,false
2.2683,true,true
17.0142,true,true
1.0156,true,true
1.5487,true,true
8.0338,true,true
3.4660,true,false
1.1406,true,true
1.5154,true,true
2.8123,true,true
2.0055,true,true
9.1159,true,true
8.6422,true,true
7.2910,true,true
1.8655,true,false
8.1686,true,true
2.9721,true,true
1.5790,true,true
5.5465,true,false
1.1480,true,true
14.1805,true,true
6.3133,true,true
1.2603,true,true
1.0397,true,true
5.9338,true,true
6.8865,true,true
2.3594,true,true
2.7335,true,true
1.4137,true,true
2.4366,true,true
1.0190,true,true
1.7275,true,true
5.1344,true,true
3.7980,true,false
1.4426,true,true
0.9874,true,true
9.1886,true,true
3.0468,true,true
1.6888,true,true
3.6072,true,true
1.2542,true,true
11.3401,true,true
8.8936,true,true
3.1803,true,true
1.2514,true,true
0.9829,true,true
8.2269,true,true
4.0010,true,true
8.8089,true,true
2.6174,true,true
1.2391,true,true
2.4828,true,true
2.7253,true,true
6.0981,true,true
1.6354,true,true
4.5922,true,true
12.8972,true,true
0.9633,true,true
5.0689,true,false
5.5776,true,true
11.5601,true,true
7.0523,true,true
0.8461,true,true
1.4245,true,true
6.6925,true,true
5.2531,true,false
0.9413,true,true
3.5298,true,false
1.5371,true,true
1.2731,true,true
0.8863,true,true
2.0281,true,true
2.1658,true,true
2.2516,true,true
14.5844,true,true
6.3025,true,false
2.2732,true,true
5.6118,true,false
3.9697,true,false
5.8898,true,false
3.4096,true,true
12.7903,true,true
2.9996,true,true
2.0978,true,true
1.5905,true,true
2.7095,true,true
1.2856,true,true
0.8531,true,true
1.4659,true,true
1.6659,true,true
1.1741,true,true
8.4881,true,true
1.0210,true,true
8.9556,true,true
8.4320,true,true
2.1997,true,true
3.5333,true,true
1.6217,true,true
4.7261,true,true
4.3691,true,true
5.6788,true,false
5.9045,true,true
1.3566,true,true
0.9164,true,false
3.1987,true,true
8.3206,true,false
5.2964,true,true
5.6382,true,true
4.9002,true,true
4.9146,true,true
4.1802,true,true
1.7262,true,true
1.9403,true,true
3.2397,true,true
1.7742,true,true
8.8218,true,true
5.2875,true,true
5.6360,true,true
1.5022,true,true
15.2913,true,true
1.3542,true,true
3.9913,true,true
1.6799,true,true
1.9226,true,true
2.1826,true,true
5.4851,true,false
1.1512,true,true
16.7575,true,true
0.7086,true,true
1.3551,true,true
6.3170,true,false
2.2662,true,true
0.8042,true,true
5.3862,true,false
4.0011,true,false
1.5347,true,true
6.0602,true,false
7.9416,true,true
1.7975,true,true
2.1244,true,true
6.7834,true,true
1.2127,true,true
2.0315,true,true
8.8920,true,true
1.3423,true,true
0.8514,true,true
1.4784,true,true
6.6025,true,false
0.9449,true,true
1.5902,true,true
1.0666,true,true
5.3648,true,true
1.9419,true,true
9.0087,true,true
2.0872,true,true
1.8188,true,true
2.3481,true,true
3.9081,true,true
3.8200,true,false
1.3897,true,true
4.7972,true,true
2.2275,true,true
0.9569,true,true
4.1197,true,false
5.1122,true,false
3.3836,true,true
12.7128,true,true
1.8700,true,false
1.4514,true,true
5.6495,true,true
1.5626,true,true
8.1527,true,true
1.4686,true,true
5.1155,true,false
1.6409,true,true
2.7455,true,true
3.6445,true,false
1.3270,true,true
0.8177,true,true
1.5218,true,true
0.9279,true,true
4.7111,true,true
1.4334,true,true
16.6575,true,true
2.3531,true,true
14.1292,true,true
9.6736,true,true
6.0246,true,false
7.1569,true,true
2.8013,true,true
4.7464,true,true
1.3763,true,true
7.7600,true,false
6.9045,true,false
5.1657,true,true
2.2005,true,false
4.1812,true,false
0.7824,true,true
2.0303,true,true
7.2914,true,true
1.7073,true,true
16.9178,true,true
6.1128,true,true
3.3874,true,true
1.5846,true,true
1.3639,true,true
1.0862,true,true
2.9859,true,true
5.2078,true,true
1.6373,true,true
18.0923,true,true
0.9702,true,true
9.8967,true,true
3.3473,true,true
6.7870,true,false
0.7251,true,true
2.7358,true,true
1.2334,true,true
0.6140,true,true
1.1313,true,true
1.6084,true,true
1.1571,true,true
1.6929,true,true
1.1995,true,true
4.6248,true,false
1.2708,true,true
4.0125,true,true
3.0165,true,true
1.5318,true,true
1.6532,true,true
2.9438,true,true
1.9478,true,true
4.6600,true,false
5.1978,true,false
1.2688,true,true
1.7657,true,true
1.7167,true,true
16.8110,true,true
0.9173,true,true
1.4280,true,true
0.9240,true,true
8.2015,true,true
1.7762,true,true
8.9913,true,false
1.2129,true,true
0.6370,true,true
6.0213,true,true
4.2561,true,false
6.1686,true,true
7.1053,true,true
1.6210,true,true
6.1407,true,true
4.5277,true,true
1.7563,true,true
1.4945,true,true
24.3485,true,true
3.3316,true,false
2.1484,true,true
3.2651,true,false
0.8295,true,false
1.3910,true,true
1.4969,true,true
2.7206,true,true
9.5005,true,true
2.2463,true,true
4.6485,true,true
3.4593,true,true
0.9864,true,true
1.4089,true,true
2.3129,true,true
11.2314,true,true
5.0972,true,false
1.7122,true,true
5.1715,true,false
5.9494,true,true
6.0696,true,true
1.4891,true,true
1.0579,true,true
1.4242,true,true
2.7894,true,false
1.3719,true,true
0.9740,true,true
1.3548,true,true
3.9197,true,true
1.5213,true,true
4.9605,true,true
5.5874,true,true
18.9321,true,true
0.7800,true,true
6.3657,true,true
0.6870,true,true
1.1948,true,true
0.4726,true,true
1.5920,true,true
7.4529,true,false
6.3884,true,true
0.6493,true,true
1.2217,true,true
3.0234,true,true
1.5751,true,true
17.2865,true,true
1.2049,true,true
17.1097,true,true
7.0400,true,true
8.6804,true,true
4.6217,true,false
2.7309,true,true
1.2000,true,true
4.2408,true,false
0.7421,true,true
4.0563,true,false
1.5933,true,true
10.5278,true,true
0.8339,true,false
7.4701,true,true
2.2833,true,true
1.3979,true,true
0.9769,true,true
1.5965,true,true
1.8093,true,true
1.3799,true,true
3.4439,true,true
4.2820,true,false
1.5780,true,true
1.6624,true,true
5.2893,true,false
0.6502,true,true
1.1872,true,true
0.5514,true,true
3.6018,true,true
3.1958,true,true
2.1083,true,false
3.0990,true,true
4.6730,true,false
3.4321,true,false
0.9892,true,true
1.6990,true,true
11.1378,true,true
8.2630,true,true
2.8875,true,true
1.2352,true,true
0.8558,true,true
8.4536,true,true
6.7267,true,true
4.0023,true,true
3.2956,true,true
0.9311,true,true
1.5731,true,false
4.0579,true,false
5.9061,true,false
1.3975,true,true
4.3738,true,false
2.4174,true,true
1.4100,true,true
1.0752,true,true
15.7033,true,true
0.7701,true,true
1.4096,true,true
2.6834,true,true
1.4289,true,true
5.4942,true,true
0.9769,true,true
2.3593,true,true
1.0517,true,true
1.4680,true,true
1.2329,true,true
0.8304,true,true
1.4276,true,true
6.0473,true,true
5.3663,true,true
0.8391,true,true
2.6333,true,true
1.7488,true,true
6.9854,true,true
3.0168,true,false
1.6241,true,true
2.9919,true,true
1.6478,true,true
6.9044,true,true
2.0015,true,true
10.2966,true,true
4.2100,true,false
0.7923,true,true
1.4379,true,true
3.6812,true,true
1.3801,true,false
1.0711,true,true
4.5802,true,false
2.4145,true,false
12.2245,true,true
6.6687,true,false
7.1714,true,true
3.8519,true,false
2.9846,true,true
1.4815,true,true
3.4280,true,true
10.5286,true,true
1.4122,true,true
1.7274,true,true
9.5120,true,true
0.9210,true,true
1.5693,true,true
1.0331,true,true
5.0774,true,true
3.3558,true,true
2.4945,true,true
2.8319,true,true
1.4325,true,true
0.8816,true,true
2.3545,true,true
10.2704,true,true
1.7113,true,true
7.2727,true,true
14.2381,true,true
1.8316,true,true
8.6411,true,true
2.2213,true,true
6.3547,true,true
3.9671,true,true
10.5534,true,true
3.7927,true,true
2.1064,true,true
1.7690,true,true
3.1196,true,true
1.6643,true,true
1.4200,true,true
6.1958,true,true
1.7264,true,true
6.2830,true,true
0.5460,true,true
3.4343,true,true
3.4839,true,false
1.1336,true,true
1.6907,true,true
1.5844,true,true
9.2143,true,false
7.5612,true,true
1.5647,true,true
1.1458,true,true
1.7266,true,true
8.1744,true,true
3.0531,true,true
6.3420,true,true
2.2612,true,true
0.9114,true,true
4.6757,true,false
1.8637,true,true
1.4239,true,true
0.9218,true,true
3.7573,true,true
1.3585,true,true
0.8514,true,true
1.3654,true,true
0.8618,true,true
1.4645,true,true
1.5730,true,true
1.7381,true,true
5.3347,true,true
2.6773,true,false
1.3774,true,true
0.9766,true,true
1.6059,true,true
1.2751,true,true
2.2412,true,true
8.3781,true,true
2.4465,true,true
4.0224,true,true
1.6764,true,true
2.0529,true,true
4.2165,true,true
6.0611,true,true
6.6190,true,true
6.4194,true,true
2.0408,true,true
5.2871,true,true
0.8705,true,true
14.2684,true,true
1.3393,true,true
4.7242,true,true
1.2823,true,true
2.4849,true,true
6.3434,true,true
5.1534,true,true
1.8265,true,true
1.7290,true,true
11.1088,true,true
1.6933,true,true
4.4618,true,true
6.2444,true,false
7.1084,true,true
7.2589,true,true
1.9907,true,true
6.1210,true,false
2.2717,true,true
3.9894,true,true
1.8171,true,true
1.4579,true,true
21.8384,true,true
6.7928,true,true
8.1978,true,true
5.7390,true,true
4.7096,true,true
8.0427,true,false
1.7927,true,false
3.1166,true,true
5.5615,true,true
3.4995,true,true
2.6198,true,true
9.2312,true,true
1.6764,true,true
1.9922,true,true
3.2245,true,false
0.8094,true,true
2.0340,true,true
6.4934,true,true
0.7924,true,true
6.3133,true,true
0.9553,true,true
6.0598,true,true
1.5567,true,true
1.2851,true,true
0.7158,true,true
4.3697,true,true
1.0656,true,true
4.1786,true,false
0.7928,true,true
15.5791,true,true
3.0763,true,false
4.1512,true,true
1.7220,true,true
8.0251,true,true
2.0246,true,true
1.7001,true,true
1.2478,true,true
0.8860,true,true
2.6266,true,true
5.8840,true,true
1.2873,true,true
0.8851,true,true
5.3763,true,true
0.6717,true,true
1.2566,true,true
0.7334,true,true
1.3981,true,true
0.9924,true,true
2.1564,true,true
3.1791,true,true
2.3913,true,true
6.0952,true,true
3.1252,true,true
3.3080,true,true
0.9555,true,true
3.3614,true,true
2.2874,true,true
0.7798,true,true
3.1769,true,true
1.7023,true,true
1.3431,true,true
0.9905,true,true
1.9043,true,true
21.7422,true,false
1.5101,true,true
9.0593,true,true
2.8079,true,true
1.2699,true,true
1.3539,true,true
0.9884,true,true
3.3002,true,true
3.7424,true,false
1.2203,true,true
0.5190,true,true
2.6887,true,false
1.3582,true,true
0.9435,true,true
1.6330,true,true
1.1421,true,true
0.5827,true,true
4.2897,true,false
0.8186,true,true
3.6489,true,false
1.1026,true,true
1.6180,true,true
5.7109,true,false
7.7453,true,true
1.7164,true,true
1.4678,true,true
1.7914,true,true
4.5832,true,true
1.0298,true,true
10.3120,true,true
4.6086,true,false
1.1442,true,true
1.6667,true,true
1.8691,true,true
3.4005,true,false
1.5519,true,true
2.6928,true,false
1.1878,true,true
0.6773,true,true
1.0816,true,true
7.4316,true,true
4.2784,true,true
1.5342,true,true
0.9701,true,true
7.4573,true,true
1.4924,true,true
4.0017,true,true
10.2522,true,true
3.2361,true,true
5.9628,true,false
1.3300,true,true
2.5128,true,false
1.6914,true,true
3.6986,true,true
2.5875,true,true
1.1433,true,false
6.5252,true,true
4.9788,true,true
11.2700,true,true
1.5349,true,true
6.6321,true,true
1.4119,true,true
2.6856,true,true
1.2822,true,true
7.8331,true,false
1.7645,true,true
5.2129,true,true
1.7230,true,true
1.5241,true,true
16.7618,true,true
5.4130,true,false
0.7253,true,true
1.2591,true,true
8.7905,true,true
3.7564,true,true
6.7803,true,false
1.1946,true,true
1.7647,true,true
3.2042,true,true
10.2105,true,true
6.1361,true,true
5.0746,true,true
2.1573,true,true
0.7029,true,false
5.3939,true,false
1.4704,true,true
2.6834,true,true
1.6642,true,true
1.3466,true,true
2.2136,true,true
1.3147,true,true
0.9863,true,true
3.2857,true,true
0.9006,true,true
1.9131,true,true
17.4243,true,true
3.0138,true,true
11.4022,true,true
26.1815,true,true
9.8834,true,true
4.7026,true,false
7.1924,true,true
7.6382,true,true
4.1906,true,true
1.3829,true,true
6.2462,true,true
0.6373,true,true
2.8269,true,false
4.5447,true,false
2.4716,true,false
2.5674,true,true
4.5099,true,true
2.4174,true,true
1.0433,true,true
2.7068,true,true
9.4732,true,true
1.3034,true,true
1.5380,true,true
12.9131,true,true
6.7259,true,true
2.4155,true,true
2.1536,true,false
8.1245,true,true
3.9339,true,true
9.6689,true,false
3.4446,true,true
3.7865,true,true
1.4771,true,true
4.9355,true,true
1.4954,true,true
2.7726,true,true
4.3898,true,true
2.4967,true,true
1.2334,true,true
0.7137,true,true
3.7987,true,true
7.4302,true,true
5.8786,true,true
2.0080,true,true
3.1663,true,true
5.8594,true,true
1.2663,true,true
2.7092,true,true
1.2587,true,true
3.2882,true,false
3.0819,true,true
4.8933,true,false
2.8508,true,true
1.4990,true,true
0.9198,true,true
2.8422,true,true
1.3525,true,true
4.3626,true,true
1.5034,true,true
7.0042,true,true
1.0876,true,true
1.6549,true,true
3.3803,true,false
0.9470,true,true
1.4408,true,true
5.1938,true,true
1.6980,true,true
1.2209,true,true
1.7772,true,true
9.3188,true,false
1.7733,true,true
5.4297,true,true
6.4959,true,false
3.0258,true,false
3.1872,true,false
0.8605,true,true
1.4577,true,true
5.8563,true,true
1.2702,true,true
0.8949,true,true
3.8870,true,true
1.5177,true,true
10.6967,true,false
2.3807,true,true
7.4613,true,true
2.5938,true,true
1.3347,true,false
4.6488,true,true
1.3763,true,true
0.9767,true,true
5.4972,true,false
1.6841,true,true
10.0988,true,true
2.1279,true,true
2.6444,true,true
1.2460,true,true
21.9030,true,true
3.5662,true,true
4.7735,true,true
1.4784,true,true
22.7689,true,true
6.8019,true,false
1.1341,true,true
2.2050,true,true
9.2721,true,true
4.2542,true,true
2.8739,true,true
12.5395,true,true
5.5121,true,true
1.0485,true,true
2.5420,true,true
8.9554,true,false
9.5339,true,true
4.3716,true,true
3.4784,true,true
3.2529,true,false
2.2794,true,false
4.8824,true,false
8.5130,true,false
2.3211,true,true
0.8408,true,true
8.7000,true,true
2.7701,true,true
1.3202,true,true
2.9366,true,true
1.7940,true,true
1.5033,true,true
6.1940,true,true
3.1741,true,true
2.9089,true,true
1.5002,true,true
1.0486,true,true
2.5348,true,true
1.1025,true,true
3.5844,true,false
3.8214,true,true
5.5394,true,true
1.2101,true,true
0.6827,true,true
5.2179,true,false
4.9258,true,true
5.3962,true,false
0.9629,true,true
1.6358,true,true
5.0333,true,true
1.6116,true,true
1.1976,true,true
0.7613,true,true
7.0477,true,false
2.2621,true,true
6.4103,true,true
3.7038,true,true
4.5116,true,false
1.1110,true,true
2.4934,true,true
10.5225,true,true
3.9230,true,true
1.4596,true,true
1.0905,true,true
7.4026,true,true
9.4178,true,true
1.9469,true,true
11.4053,true,true
3.3310,true,true
2.2101,true,false
1.3779,true,true
4.0656,true,true
3.2920,true,true
5.8214,true,true
3.1470,true,true
1.7195,true,true
1.2740,true,true
1.0159,true,true
7.5509,true,true
1.6280,true,true
7.3405,true,false
1.3669,true,true
4.8655,true,true
16.8257,true,true
5.0740,true,false
3.1749,true,true
0.6657,true,true
2.9959,true,true
2.9802,true,true
1.5325,true,true
1.2493,true,true
1.9736,true,true
8.2274,true,false
3.1403,true,true
1.1218,true,true
0.8774,true,true
2.9467,true,true
4.5788,true,true
1.3284,true,true
1.0081,true,true
1.5634,true,true
1.3698,true,true
7.6349,true,true
2.4720,true,true
3.8918,true,true
2.7131,true,false
1.3499,true,true
0.8719,true,true
1.3796,true,true
4.8194,true,false
2.7527,true,true
4.3887,true,true
2.7453,true,false
1.5693,true,true
1.0253,true,true
1.6638,true,true
1.1935,true,true
0.8485,true,true
5.8975,true,true
1.3545,true,true
0.9441,true,true
1.9251,true,true
1.5489,true,true
2.6717,true,true
2.2176,true,true
8.6316,true,true
4.5081,true,false
2.2306,true,true
8.8036,true,true
1.8701,true,true
1.4518,true,true
5.6746,true,true
1.0727,true,true
1.7938,true,true
1.8389,true,true
3.0879,true,true
6.1872,true,false
2.2095,true,true
5.5853,true,true
1.0108,true,true
1.6423,true,false
1.0598,true,true
4.2876,true,false
0.8445,true,true
1.4124,true,true
2.7259,true,true
6.8019,true,false
1.1653,true,true
3.2651,true,true
10.8756,true,true
2.6151,true,true
1.2592,true,true
0.8509,true,true
1.9095,true,true
1.9480,true,true
16.7866,true,true
0.9551,true,true
1.5418,true,true
2.6692,true,true
2.7882,true,true
2.8524,true,true
5.1131,true,true
4.2300,true,true
0.7073,true,true
8.4081,true,true
2.1871,true,true
1.6838,true,true
24.3107,true,false
1.6996,true,true
1.1639,true,true
5.6582,true,false
1.4648,true,true
1.7871,true,true
3.0469,true,true
2.2207,true,true
0.6802,true,true
5.8567,true,true
1.1721,true,true
8.0887,true,false
2.1762,true,true
0.7065,true,true
1.2562,true,true
0.7392,true,true
1.1766,true,true
7.1672,true,true
2.6888,true,false
1.2016,true,false
0.4952,true,true
1.5889,true,true
1.8172,true,true
3.9692,true,true
2.2301,true,true
11.2333,true,true
6.5807,true,true
1.0406,true,true
6.2945,true,true
3.6971,true,true
7.8850,true,true
3.2848,true,true
11.6245,true,true
3.4855,true,true
1.1062,true,true
1.5720,true,true
3.6324,true,true
3.4594,true,false
16.1244,true,true
2.9869,true,true
9.7336,true,true
17.0522,true,true
4.0044,true,false
1.4674,true,true
4.9180,true,true
7.9564,true,true
1.8272,true,true
1.6931,true,true
1.4208,true,true
2.8425,true,true
2.5442,true,true
1.1443,true,true
6.0401,true,true
4.4786,true,true
1.6990,true,true
1.8227,true,true
7.0727,true,true
4.6621,true,false
1.4207,true,true
1.1321,true,true
5.7917,true,false
3.7117,true,true
11.0497,true,true
7.5312,true,true
1.3495,true,true
0.9626,true,true
5.3559,true,true
0.8143,true,true
3.2397,true,true
1.7322,true,true
4.6075,true,false
4.0485,true,true
22.9869,true,true
6.4319,true,true
0.8492,true,true
2.1692,true,true
6.8129,true,true
2.8337,true,false
4.2643,true,false
10.7222,true,true
1.2007,true,true
0.7615,true,true
4.3143,true,false
1.0596,true,true
11.0212,true,false
1.8178,true,true
1.4884,true,true
26.4975,true,true
1.2427,true,true
0.8110,true,true
4.8090,true,true
1.4208,true,true
1.0341,true,true
5.3193,true,true
6.5101,true,false
2.7261,true,true
3.0390,true,true
4.2227,true,true
6.2140,true,true
6.4204,true,true
13.3517,true,true
1.3460,true,true
7.3463,true,false
2.9482,true,true
1.6963,true,true
27.6747,true,true
21.4671,true,true
5.8910,true,true
6.7265,true,true
1.0726,true,true
1.6681,true,true
1.1402,true,true
1.7378,true,true
5.4160,true,false
0.9185,true,true
2.2063,true,true
6.1313,true,true
5.9104,true,true
12.1922,true,true
2.0323,true,true
1.6601,true,true
2.8932,true,true
2.6447,true,true
4.7036,true,true
1.6808,true,true
9.8001,true,true
1.1521,true,true
4.6429,true,true
1.3561,true,true
0.8765,true,true
1.2629,true,true
0.7901,true,true
1.3004,true,true
0.8570,true,false
5.3624,true,false
8.0240,true,true
1.7812,true,true
7.3948,true,true
1.5751,true,true
2.5619,true,true
3.4714,true,false
0.9757,true,true
2.1499,true,true
10.5175,true,true
0.9035,true,true
1.4173,true,true
3.1086,true,true
3.2972,true,false
0.8163,true,true
2.9582,true,true
1.4780,true,true
0.8947,true,true
1.3147,true,true
5.9042,true,false
1.7469,true,true
8.5291,true,false
7.8865,true,true
6.8997,true,true
2.3695,true,true
1.4135,true,true
5.2169,true,false
0.8001,true,true
2.6914,true,true
1.2726,true,true
1.3815,true,true
1.6690,true,true
2.9025,true,true
2.2448,true,true
1.4157,true,true
1.0340,true,true
3.7229,true,true
4.8725,true,false
6.3438,true,false
2.7108,true,true
1.3973,true,true
4.0541,true,true
1.5083,true,true
5.3465,true,false
0.9343,true,true
8.2641,true,false
4.1248,true,true
5.9196,true,false
2.6524,true,true
1.2780,true,true
4.2720,true,true
2.4522,true,false
1.1098,true,true
6.3407,true,true
2.3063,true,true
4.8721,true,true
1.3677,true,true
5.2874,true,true
2.2702,true,true
5.5551,true,true
4.5674,true,true
1.1445,true,false
1.6104,true,false
2.7772,true,true
5.5240,true,true
2.7468,true,true
4.4596,true,true
10.7285,true,true
1.0447,true,true
3.1147,true,true
2.1825,true,true
0.7559,true,true
2.0985,true,true
1.7522,true,true
1.4324,true,true
3.5467,true,true
4.0606,true,true
1.7225,true,true
1.2929,true,true
0.9222,true,true
5.5192,true,false
2.3414,true,true
0.9305,true,true
4.6443,true,false
1.1920,true,true
2.3825,true,true
2.6807,true,true
3.0705,true,false
3.1913,true,true
0.6999,true,true
5.1186,true,false
2.2139,true,true
11.5156,true,true
2.3877,true,true
3.8595,true,true
5.7008,true,false
4.1924,true,false
1.3031,true,true
3.3868,true,true
1.0249,true,true
5.2373,true,false
5.3985,true,true
5.7373,true,true
1.7750,true,true
7.4925,true,true
6.1742,true,true
5.4520,true,true
4.6392,true,false
1.9037,true,true
1.5135,true,true
11.6816,true,false
6.5464,true,false
0.8748,true,true
2.4746,true,true
4.1141,true,false
3.4243,true,false
9.8967,true,true
4.4789,true,true
1.0156,true,true
10.0191,true,true
5.8292,true,true
3.1131,true,true
5.5376,true,true
1.4804,true,true
2.6530,true,true
4.4059,true,true
0.8939,true,true
3.3419,true,true
1.6948,true,true
3.6587,true,true
1.1920,true,true
2.4664,true,false
4.2563,true,true
2.5254,true,true
12.5675,true,true
8.8086,true,true
1.4398,true,true
9.6141,true,true
2.3460,true,true
0.9980,true,true
2.1244,true,true
5.2998,true,false
4.8590,true,false
3.0348,true,true
1.5607,true,true
24.5036,true,true
1.2780,true,true
1.1725,true,true
9.3737,true,true
3.2983,true,true
0.8959,true,true
7.4800,true,false
0.7560,true,true
4.0009,true,true
3.0735,true,true
1.6995,true,true
1.1994,true,true
2.3327,true,true
10.5523,true,true
0.8651,true,true
4.4913,true,false
0.8562,true,true
4.1459,true,true
3.5294,true,true
2.4245,true,true
9.8101,true,true
3.7319,true,true
5.0817,true,true
1.1814,true,true
2.3733,true,true
8.5240,true,true
6.6169,true,true
1.1147,true,true
13.9288,true,true
26.4577,true,true
1.7492,true,true
10.4437,true,true
1.2829,true,true
5.4364,true,true
2.7412,true,true
11.4177,true,true
4.1497,true,false
0.6240,true,true
6.9140,true,true
0.9619,true,true
1.6935,true,false
5.2087,true,true
1.1302,true,true
5.1309,true,false
1.6860,true,true
3.0399,true,true
4.9959,true,true
1.6434,true,true
4.9675,true,true
1.5515,true,true
4.4614,true,false
1.1299,true,true
6.7412,true,true
1.1220,true,true
2.4359,true,true
1.6565,true,true
1.1842,true,true
10.2573,true,true
4.0320,true,true
1.6487,true,true
1.5593,true,true
3.4949,true,false
5.9019,true,true
2.8023,true,false
2.6960,true,true
8.1690,true,true
4.7944,true,true
1.4705,true,true
1.0303,true,true
6.6021,true,true
1.1138,true,true
2.0156,true,true
8.0353,true,false
4.0373,true,true
24.8205,true,true
6.9364,true,true
9.6327,true,false
3.7785,true,true
22.6888,true,true
3.2504,true,true
2.2878,true,true
1.0633,true,true
1.7788,true,true
6.6285,true,true
1.1180,true,true
1.8919,true,false
2.5160,true,true
10.4934,true,true
2.1007,true,false
6.6380,true,true
1.0941,true,true
5.2212,true,false
1.2396,true,true
0.8644,true,true
2.2473,true,true
6.4723,true,false
0.9993,true,true
1.8441,true,true
8.1963,true,true
1.5680,true,true
1.7928,true,true
1.4969,true,true
1.1667,true,true
10.8606,true,true
5.1072,true,false
4.2585,true,true
3.1801,true,true
9.1043,true,true
6.9999,true,true
2.0111,true,true
1.6958,true,true
8.0148,true,true
1.6027,true,true
8.4766,true,true
0.9518,true,true
1.5206,true,true
4.5181,true,true
4.5319,true,true
5.8307,true,false
3.4637,true,true
25.1096,true,true
4.3969,true,true
11.6291,true,true
19.2089,true,true
0.8265,true,true
6.6863,true,false
1.0514,true,true
2.3738,true,true
0.9051,true,true
1.4262,true,true
3.3837,true,false
2.6081,true,false
1.2567,true,false
2.5707,true,true
9.3278,true,true
1.6871,true,true
9.5071,true,true
0.7888,true,true
1.9255,true,true
1.4299,true,true
2.1874,true,true
2.5276,true,true
0.9856,true,true
5.3760,true,false
13.3709,true,true
3.4495,true,true
4.6435,true,false
5.7680,true,false
4.8255,true,true
6.9116,true,true
1.3948,true,true
7.6459,true,true
1.0363,true,true
1.6988,true,true
3.3152,true,true
4.8239,true,true
2.9853,true,true
7.5789,true,false
5.8155,true,false
5.7494,true,true
2.7098,true,true
1.3039,true,true
7.9965,true,false
9.4589,true,true
3.6347,true,true
1.1965,true,true
1.3467,true,true
7.6545,true,true
2.8400,true,true
1.5279,true,true
15.0059,true,true
5.9503,true,true
8.8793,true,true
1.3446,true,true
8.0976,true,true
2.1416,true,true
1.2718,true,true
0.8382,true,true
1.3308,true,true
5.0489,true,true
1.6388,true,true
1.1937,true,true
1.3365,true,true
2.1265,true,true
2.2968,true,true
2.0390,true,true
3.9325,true,true
1.5194,true,true
6.2433,true,true
5.0649,true,true
1.6730,true,true
5.7574,true,false
5.4654,true,true
8.6004,true,true
2.4836,true,true
0.8606,true,true
1.2908,true,true
3.9597,true,true
1.4600,true,true
5.1282,true,true
3.0016,true,true
1.5367,true,true
3.0806,true,true
10.4963,true,true
0.8131,true,true
1.3271,true,false
2.2117,true,true
18.7414,true,true
6.6285,true,true
0.7734,true,true
10.0899,true,true
1.3676,true,true
6.3753,true,true
2.4598,true,true
12.5225,true,true
0.6735,true,false
1.1809,true,true
1.5778,true,true
3.6271,true,false
2.7177,true,true
8.7974,true,true
8.2281,true,true
4.0784,true,false
2.2679,true,true
0.8053,true,true
2.0533,true,true
13.9128,true,false
7.6637,true,false
3.8418,true,false
5.0748,true,false
4.7294,true,true
7.4145,true,true
1.4785,true,true
6.0770,true,false
5.1453,true,true
1.6895,true,true
5.1780,true,true
0.7765,true,true
1.4223,true,true
1.0161,true,false
2.2208,true,true
3.9046,true,false
3.2494,true,true
3.5877,true,false
3.6444,true,true
12.1094,true,true
2.0186,true,true
6.4818,true,true
1.0823,true,true
8.9843,true,true
2.8167,true,true
3.0369,true,true
1.7465,true,true
6.1634,true,true
2.8970,true,true
1.4453,true,true
6.6573,true,false
1.9865,true,true
1.6909,true,false
5.9501,true,true
8.2779,true,true
6.3402,true,true
1.0914,true,true
7.7609,true,true
1.5424,true,true
2.7446,true,true
9.6271,true,true
7.0115,true,true
8.2183,true,false
2.1129,true,true
2.6580,true,true
25.6887,true,true
8.6093,true,true
5.4306,true,false
0.9813,true,true
4.4833,true,true
11.7931,true,true
5.9877,true,true
2.0363,true,true
2.2469,true,true
4.9028,true,false
8.3945,true,true
3.1264,true,true
8.9795,true,false
3.8489,true,false
14.8169,true,true
1.3829,true,true
9.5272,true,true
2.6518,true,false
6.7323,true,false
1.7655,true,true
3.6916,true,true
3.9409,true,false
4.1391,true,true
4.2346,true,true
2.1507,true,true
9.2302,true,true
7.6158,true,true
2.7574,true,false
1.3494,true,true
5.4858,true,true
2.8910,true,true
6.0461,true,false
9.6081,true,false
14.3732,true,true
11.3481,true,true
7.9304,true,true
5.0896,true,false
5.3120,true,true
5.0202,true,false
5.2041,true,true
6.6379,true,true
1.0915,true,true
1.4970,true,true
0.9459,true,true
1.4606,true,true
7.3706,true,true
3.0988,true,false
1.6358,true,true
10.6101,true,true
2.4478,true,false
4.9710,true,false
4.9094,true,true
2.1086,true,true
1.9513,true,true
8.2274,true,true
1.4997,true,true
11.2084,true,true
1.5750,true,true
9.5436,true,true
0.7857,true,true
15.0465,true,true
3.2578,true,true
1.6481,true,true
6.0013,true,true
5.2903,true,false
9.2780,true,true
1.6027,true,true
1.2104,true,true
15.6133,true,true
1.5468,true,true
4.0596,true,true
5.5157,true,true
2.0648,true,true
5.7049,true,true
4.1966,true,false
2.6202,true,true
4.4758,true,true
2.6955,true,true
1.1202,true,true
1.7018,true,true
4.0757,true,false
1.5461,true,true
1.7842,true,true
10.5088,true,true
5.4637,true,true
3.5246,true,false
1.0509,true,true
3.6741,true,true
4.1103,true,false
10.9644,true,true
1.7366,true,true
8.6520,true,true
1.0070,true,true
1.6040,true,true
4.2574,true,false
4.2735,true,true
14.1212,true,true
8.2158,true,true
2.3227,true,true
3.1183,true,false
1.5773,true,true
3.2371,true,true
16.8603,true,true
1.6389,true,true
1.3035,true,true
6.7728,true,false
6.1936,true,true
0.6534,true,true
4.4148,true,true
1.0412,true,true
4.9486,true,true
2.1164,true,true
1.6937,true,true
2.4305,true,true
12.9490,true,true
4.7832,true,true
1.1796,true,true
0.7434,true,true
2.3763,true,false
0.8063,true,true
2.6596,true,false
4.1276,true,false
1.5871,true,true
10.4255,true,true
5.0023,true,true
1.6152,true,true
1.2074,true,true
8.9308,true,true
4.2267,true,true
0.8550,true,true
6.4405,true,true
2.8141,true,false
1.4200,true,true
4.7092,true,false
1.3663,true,true
6.6395,true,true
1.0445,true,true
14.0240,true,true
5.7898,true,true
5.7801,true,true
1.2196,true,true
0.8059,true,true
1.4692,true,true
12.1325,true,true
2.7396,true,true
3.4393,true,false
1.1449,true,true
3.5313,true,true
6.7029,true,true
4.3189,true,false
1.6356,true,true
6.8470,true,false
1.2428,true,true
14.4123,true,true
2.3507,true,true
11.9045,true,true
6.5242,true,true
3.2962,true,false
6.7289,true,false
4.4316,true,true
1.0613,true,true
1.8249,true,true
6.8886,true,false
1.2844,true,true
0.9544,true,true
6.9849,true,true
14.6719,true,true
8.8874,true,true
1.5057,true,true
10.2102,true,false
2.2721,true,true
2.6148,true,true
1.2465,true,true
2.2199,true,true
2.2303,true,true
0.9690,true,true
1.8753,true,true
9.1434,true,true
3.9844,true,true
3.2780,true,true
1.3783,true,true
1.1103,true,true
10.4640,true,true
7.2748,true,true
8.1176,true,true
1.8739,true,true
1.4569,true,true
4.8669,true,false
2.9438,true,true
1.6445,true,true
8.7695,true,true
1.0248,true,true
7.2475,true,false
1.4940,true,true
21.5150,true,true
5.3333,true,true
1.1622,true,true
2.5473,true,true
1.0510,true,true
2.1382,true,true
8.9965,true,true
1.3383,true,true
3.7533,true,false
1.3922,true,true
0.9199,true,true
6.9259,true,true
1.4049,true,true
1.6847,true,true
19.6341,true,true
1.3384,true,true
2.3624,true,true
8.4481,true,false
6.2962,true,true
0.6517,true,true
1.2897,true,true
1.1713,true,true
10.1286,true,true
1.5422,true,true
3.1647,true,true
5.8865,true,true
5.0259,true,true
3.0677,true,true
1.7999,true,true
19.1901,true,true
1.7377,true,true
1.9434,true,true
1.4346,true,true
3.3458,true,false
0.9369,true,true
9.3453,true,false
3.2072,true,true
1.3334,true,true
0.9433,true,true
6.3494,true,true
2.3046,true,true
9.9221,true,true
1.3159,true,false
11.5505,true,true
2.4612,true,true
0.9349,true,true
3.3159,true,true
3.2128,true,true
2.7321,true,true
1.3315,true,true
4.0539,true,false
2.2799,true,true
2.8973,true,true
9.4867,true,true
3.2868,true,true
6.7829,true,true
5.6308,true,true
2.7206,true,false
1.3642,true,true
6.3443,true,true
3.0847,true,false
2.6464,true,true
9.3511,true,false
1.6711,true,true
9.7655,true,true
19.2622,true,true
1.1212,true,false
7.6566,true,false
4.0302,true,false
1.4838,true,true
1.6843,true,true
1.1951,true,true
6.8561,true,true
3.6651,true,true
3.9119,true,false
1.5882,true,true
1.2074,true,false
10.8143,true,true
1.2061,true,true
3.9788,true,true
3.2678,true,false
0.7001,true,true
1.2102,true,true
0.6591,true,true
1.2103,true,true
2.4669,true,true
1.0551,true,true
8.3393,true,false
6.1154,true,true
6.8201,true,true
1.1038,true,true
1.6151,true,true
8.4708,true,true
2.4569,true,true
5.1611,true,true
3.4733,true,false
2.7349,true,true
8.1652,true,true
2.3640,true,true
0.9264,true,false
6.9963,true,true
3.1618,true,false
1.8003,true,true
5.0018,true,true
11.7859,true,true
5.9135,true,true
2.7438,true,true
3.1107,true,true
1.6237,true,true
8.0628,true,true
4.1168,true,true
2.0465,true,true
8.2994,true,true
1.6277,true,true
5.9361,true,true
4.1545,true,true
2.6208,true,true
6.5357,true,true
0.9425,true,true
1.4897,true,true
3.3359,true,false
9.9396,true,true
2.5074,true,false
4.4818,true,false
1.0332,true,true
1.6092,true,true
1.2835,true,true
4.6307,true,true
1.2870,true,true
0.8231,true,true
5.7305,true,true
7.7978,true,true
1.8603,true,true
18.8611,true,true
5.8440,true,true
3.7163,true,true
5.5126,true,true
3.4417,true,true
1.1189,true,true
2.3248,true,true
4.3577,true,false
0.8178,true,true
1.3553,true,true
7.3449,true,false
8.2165,true,true
5.2318,true,true
2.0631,true,true
1.7219,true,true
3.1581,true,true
10.0614,true,true
6.8387,true,false
1.1994,true,true
0.6349,true,true
5.5899,true,false
2.7068,true,false
18.0096,true,true
3.4809,true,true
1.5697,true,true
8.9605,true,true
3.5091,true,true
5.0862,true,true
1.7104,true,true
1.2830,true,true
0.8559,true,true
2.0577,true,true
3.3620,true,true
1.5852,true,true
1.1199,true,true
11.3984,true,true
6.4911,true,true
0.7022,true,true
3.4267,true,true
5.5077,true,false
8.2948,true,false
2.6569,true,true
1.0684,true,true
1.6484,true,true
5.7372,true,false
2.7005,true,true
2.5026,true,true
8.9302,true,true
4.0518,true,true
2.2555,true,true
2.9216,true,false
7.7464,true,true
3.0365,true,true
2.3028,true,true
0.9172,true,false
1.3709,true,true
2.0022,true,true
13.7435,true,true
1.5528,true,true
4.9205,true,true
1.6129,true,true
1.3351,true,true
7.9519,true,false
1.4593,true,true
5.4080,true,true
0.8620,true,true
6.4383,true,false
0.7365,true,true
5.9679,true,true
1.4959,true,true
1.2628,true,true
1.6016,true,true
2.8823,true,true
2.9225,true,true
4.7962,true,true
1.2814,true,true
4.5549,true,true
0.9948,true,true
3.3020,true,true
5.1435,true,false
1.8413,true,true
10.2182,true,true
6.1765,true,true
4.1476,true,true
1.6812,true,true
6.9430,true,true
1.8046,true,true
1.3676,true,true
0.8014,true,true
1.5278,true,true
15.0440,true,true
1.2581,true,true
9.1554,true,true
6.1562,true,true
1.6343,true,true
1.1221,true,true
5.3937,true,false
2.8758,true,false
1.7170,true,true
8.1116,true,true
3.2326,true,true
0.7946,true,true
5.6755,true,true
2.9817,true,true
2.2006,true,true
1.2617,true,true
0.7028,true,true
1.8271,true,true
8.6798,true,false
1.1246,true,true
1.7519,true,true
5.8180,true,false
1.1783,true,true
1.3764,true,true
9.4777,true,true
3.9911,true,true
3.3572,true,true
3.5483,true,true
2.8505,true,true
1.4582,true,true
5.9878,true,true
5.9015,true,true
6.6039,true,true
3.6012,true,true
1.2001,true,true
3.5867,true,true
11.4814,true,true
3.4129,true,false
0.9941,true,true
8.2358,true,true
4.9104,true,false
3.2161,true,true
1.4411,true,true
16.7400,true,true
2.5231,true,false
6.1409,true,true
7.5131,true,true
1.6704,true,true
14.5070,true,true
1.6296,true,false
1.2840,true,true
6.8370,true,true
2.5925,true,true
2.4438,true,false
3.6639,true,false
1.6243,true,true
3.0160,true,true
6.9895,true,true
5.4329,true,true
6.5261,true,true
12.7802,true,true
1.4791,true,true
3.0998,true,false
2.4364,true,true
1.0068,true,true
1.6046,true,true
2.0956,true,true
1.7555,true,true
5.0945,true,true
3.5383,true,true
1.1713,true,true
1.8387,true,true
1.3985,true,true
13.3402,true,true
0.9438,true,true
7.9296,true,false
5.8618,true,false
1.2917,true,true
6.0881,true,false
3.3652,true,true
1.4363,true,true
1.0603,true,true
1.7577,true,true
2.6340,true,true
2.8030,true,true
2.9739,true,true
1.5215,true,true
6.0808,true,false
1.9265,true,true
1.6217,true,true
4.5901,true,true
4.7610,true,false
1.3543,true,true
5.7787,true,true
1.4010,true,true
1.6715,true,true
3.1666,true,true
6.9077,true,true
3.5031,true,false
1.1242,true,true
3.3353,true,true
1.1269,true,true
5.8227,true,false
4.6699,true,false
1.2687,true,true
2.4938,true,true
1.1706,true,true
0.8699,true,true
1.6528,true,true
2.6054,true,true
0.9800,true,true
5.6940,true,true
1.2437,true,true
2.4800,true,true
2.5104,true,true
0.9827,true,true
6.1105,true,true
2.9865,true,true
24.7399,true,true
3.5708,true,false
1.1757,true,true
1.9534,true,true
9.1889,true,true
5.2208,true,false
9.0521,true,true
10.2243,true,false
5.7108,true,false
3.7932,true,true
4.2682,true,true
3.7045,true,true
3.9139,true,false
10.2626,true,true
8.2450,true,true
7.0384,true,true
3.7327,true,true
1.1926,true,true
7.5961,true,true
1.7321,true,true
3.1011,true,true
9.5445,true,true
8.5411,true,true
0.9164,true,true
1.7379,true,true
14.2696,true,true
1.3976,true,true
4.8657,true,true
1.5885,true,true
5.0149,true,true
3.4423,true,true
2.9356,true,true
1.7690,true,true
3.0108,true,true
5.3658,true,false
3.1071,true,true
3.6741,true,true
3.2541,true,true
3.5197,true,true
25.4956,true,true
4.5609,true,true
2.5291,true,true
2.8031,true,true
6.5866,true,false
1.0918,true,true
6.1403,true,false
8.3968,true,false
6.3741,true,true
19.1212,true,true
2.2358,true,true
9.3998,true,false
6.4519,true,false
4.3911,true,false
1.0596,true,true
1.7624,true,true
1.3352,true,true
0.7919,true,true
4.9353,true,true
2.2757,true,true
3.3580,true,false
7.9904,true,true
4.8336,true,true
1.9934,true,true
7.6397,true,true
6.6660,true,true
5.5071,true,true
2.7256,true,false
9.2293,true,true
5.9627,true,false
1.5785,true,true
7.8884,true,false
22.5495,true,true
3.5324,true,false
1.0075,true,true
1.5601,true,true
1.0775,true,true
1.6151,true,true
3.2473,true,true
0.7268,true,true
1.3068,true,true
5.2954,true,true
0.7917,true,true
1.6305,true,true
8.3008,true,true
27.4888,true,true
6.0154,true,true
1.6179,true,true
5.2406,true,true
1.8101,true,true
2.0431,true,true
12.8827,true,true
6.9141,true,true
1.9678,true,true
1.8132,true,true
28.6735,true,true
10.1072,true,true
6.4947,true,false
6.9337,true,false
5.1088,true,true
1.7419,true,true
1.3938,true,true
1.0493,true,true
1.6779,true,true
1.3361,true,true
1.0474,true,true
6.1102,true,false
7.3130,true,true
1.7694,true,true
7.9192,true,true
2.8328,true,true
3.1708,true,true
7.7218,true,true
16.6218,true,true
4.1559,true,true
6.3849,true,false
1.2479,true,true
0.9909,true,true
5.0485,true,true
6.3781,true,true
1.1557,true,true
3.3711,true,true
1.5281,true,true
2.4718,true,false
13.3671,true,true
8.9408,true,true
8.6403,true,true
6.2993,true,false
10.6990,true,true
4.4491,true,false
1.0697,true,true
7.1499,true,true
2.1174,true,true
1.8471,true,true
3.1909,true,true
11.2079,true,true
1.5854,true,true
5.1957,true,true
2.1141,true,false
2.2612,true,true
0.8144,true,true
3.8573,true,false
10.8892,true,true
6.0663,true,false
4.4347,true,false
1.0306,true,true
8.3053,true,true
5.4075,true,true
1.4379,true,true
13.1514,true,true
2.2732,true,true
2.7333,true,true
1.5430,true,true
1.0265,true,true
2.2830,true,true
1.0347,true,true
5.9135,true,false
4.1574,true,true
4.2462,true,true
0.6878,true,true
4.8103,true,true
5.0482,true,true
6.5025,true,false
1.2982,true,true
2.7240,true,true
1.9385,true,true
1.5240,true,true
2.7418,true,true
2.6444,true,true
4.9400,true,false
2.2036,true,true
6.8282,true,true
1.2011,true,true
0.7520,true,true
1.2099,true,false
6.0002,true,true
5.1048,true,true
9.9482,true,true
6.3090,true,true
5.8186,true,true
2.4104,true,true
1.2551,true,false
3.7748,true,true
5.7896,true,true
1.1926,true,true
2.4798,true,true
1.6876,true,true
8.7170,true,true
5.3673,true,false
0.7766,true,true
2.6884,true,true
4.5834,true,true
3.9273,true,true
2.1767,true,true
4.1182,true,true
3.9518,true,false
3.5852,true,true
1.1018,true,true
1.7327,true,true
2.4135,true,true
8.9549,true,true
1.2396,true,true
0.6697,true,true
5.2212,true,false
0.6469,true,true
1.2601,true,true
1.3991,true,true
5.9039,true,true
13.1276,true,true
2.6431,true,true
5.7850,true,true
1.1707,true,true
3.4939,true,true
1.2523,true,true
8.8486,true,true
28.4313,true,true
5.4919,true,true
1.3688,true,true
0.9746,true,true
1.5121,true,true
2.8130,true,true
1.3552,true,true
2.3790,true,true
0.8797,true,true
2.1424,true,true
1.9962,true,true
4.2658,true,false
5.4448,true,false
0.8539,true,true
6.0137,true,true
2.4485,true,true
1.1173,true,true
1.7201,true,true
1.2791,true,true
0.7636,true,true
1.3011,true,true
0.8722,true,true
4.3823,true,true
0.9269,true,true
4.3333,true,false
0.9816,true,true
1.7173,true,true
1.4033,true,true
3.5218,true,true
3.9747,true,true
1.7146,true,true
6.2513,true,true
0.6985,true,true
6.4952,true,true
5.8637,true,true
2.7774,true,true
4.3335,true,true
1.0283,true,true
1.7542,true,true
2.6380,true,true
2.8786,true,true
15.7090,true,true
10.4435,true,true
1.1288,true,true
10.1264,true,false
3.3552,true,true
1.8419,true,true
2.1034,true,true
6.9418,true,true
2.4891,true,true
7.1260,true,true
1.1975,true,true
0.6706,true,true
1.3552,true,true
2.4486,true,true
9.3753,true,false
2.3050,true,true
28.5586,true,true
18.9443,true,true
6.4429,true,true
12.7149,true,true
5.9089,true,false
4.8110,true,true
3.1086,true,false
1.7740,true,true
1.3107,true,true
2.9537,true,true
9.6394,true,true
1.6621,true,true
7.2081,true,true
3.2695,true,true
10.4784,true,true
5.8106,true,false
1.4264,true,true
7.7667,true,true
6.5676,true,true
1.3764,true,true
0.9578,true,true
20.6703,true,true
1.6372,true,true
9.0820,true,true
5.6489,true,true
1.0433,true,true
1.6736,true,false
1.2156,true,true
0.7184,true,true
2.9418,true,false
6.5015,true,false
14.2159,true,true
2.3625,true,true
3.8243,true,true
6.9584,true,false
3.8727,true,false
1.5136,true,true
1.2968,true,true
2.5050,true,true
5.3114,true,true
0.7238,true,true
3.0368,true,true
7.3954,true,true
1.8219,true,true
1.2539,true,true
12.5325,true,true
0.8310,true,true
1.3931,true,true
9.2566,true,true
6.8830,true,false
1.5866,true,true
1.3778,true,true
0.9824,true,true
1.5659,true,true
1.7427,true,true
1.2851,true,true
3.8538,true,true
2.9198,true,true
2.0765,true,true
1.5279,true,true
2.4659,true,true
1.0661,true,true
7.7571,true,true
6.0648,true,true
3.6129,true,false
1.1524,true,true
1.7976,true,true
2.1589,true,true
2.4030,true,true
1.8009,true,true
3.1049,true,false
1.6010,true,true
3.0107,true,true
1.7218,true,true
1.3907,true,true
0.9176,true,true
6.8057,true,true
4.4105,true,false
5.2303,true,false
1.4326,true,true
3.1735,true,false
0.8364,true,true
3.1687,true,true
1.6023,true,true
5.3898,true,false
1.9595,true,true
9.9499,true,true
1.3277,true,true
13.2129,true,true
6.2282,true,true
0.6803,true,true
6.3599,true,false
1.3169,true,true
6.3559,true,true
1.2504,true,true
7.7857,true,true
2.1471,true,true
11.7091,true,true
5.6462,true,false
2.5933,true,true
1.2693,true,true
1.7065,true,true
8.4604,true,true
2.5971,true,true
1.7841,true,true
1.1807,true,true
2.9009,true,false
1.4007,true,true
0.9766,true,true
1.6476,true,true
4.1848,true,true
1.8120,true,true
1.4274,true,true
0.9770,true,true
1.4805,true,true
0.8990,true,true
6.8390,true,true
1.1005,true,true
7.4214,true,false
1.8760,true,true
1.5719,true,true
3.2280,true,true
2.7313,true,true
5.8508,true,true
6.1647,true,true
4.7787,true,true
1.4211,true,true
0.9429,true,true
6.8988,true,true
1.2128,true,true
0.7360,true,true
6.9621,true,true
1.6971,true,true
4.8184,true,false
3.0813,true,true
3.2745,true,true
3.4890,true,true
4.9081,true,true
2.8085,true,false
6.6782,true,true
1.1074,true,true
5.8309,true,false
3.2640,true,true
10.9221,true,true
5.7723,true,false
9.0841,true,true
4.9121,true,true
3.3319,true,true
4.0018,true,true
3.1661,true,false
3.8678,true,true
11.0801,true,true
3.2631,true,false
2.6771,true,true
4.8882,true,false
1.4907,true,true
3.4686,true,true
1.2589,true,true
7.8554,true,true
3.2693,true,false
0.7948,true,true
4.3934,true,false
1.0436,true,true
7.5881,true,true
3.2172,true,true
0.7067,true,true
1.4011,true,true
1.0940,true,true
1.7337,true,true
4.8924,true,false
1.5076,true,true
15.5327,true,true
1.6815,true,true
1.9033,true,true
8.3005,true,false
1.7241,true,true
9.8384,true,true
10.2945,true,false
10.0753,true,true
5.2736,true,false
2.2419,true,true
0.9617,true,true
1.6246,true,true
1.1423,true,true
3.4818,true,true
1.7578,true,true
1.3359,true,true
1.3896,true,false
14.8870,true,true
1.1049,true,true
3.4021,true,true
1.0602,true,true
1.6288,true,true
0.9969,true,true
1.5337,true,true
1.5723,true,true
1.9914,true,true
3.2634,true,true
6.3722,true,true
9.2009,true,false
3.4998,true,true
4.6485,true,true
8.6415,true,true
2.6328,true,true
9.8490,true,true
1.8539,true,true
1.9311,true,true
1.5378,true,true
1.2788,true,true
0.7900,true,true
1.3613,true,true
0.9174,true,true
7.7362,true,false
20.7381,true,false
3.3372,true,false
28.9712,true,true
1.5372,true,true
2.6482,true,true
5.8765,true,false
7.6020,true,false
1.4955,true,true
1.1906,true,true
0.7967,true,true
3.7109,true,true
2.6752,true,true
1.1329,true,true
1.7816,true,true
1.4945,true,true
3.1080,true,true
7.7163,true,true
7.0599,true,false
4.7612,true,true
16.4220,true,true
5.2710,true,false
0.6972,true,true
2.8847,true,true
9.2721,true,true
1.7835,true,true
1.3052,true,true
7.2684,true,true
2.9571,true,true
5.9844,true,false
1.4956,true,true
2.6918,true,true
1.9510,true,true
1.4554,true,true
2.7689,true,true
1.3327,true,true
1.5538,true,true
0.9913,true,true
1.4798,true,true
3.6114,true,true
2.8066,true,true
3.9851,true,true
12.4321,true,true
4.6271,true,true
1.3378,true,true
1.8050,true,true
1.5170,true,true
6.3819,true,true
9.8161,true,true
1.2843,true,true
13.8556,true,true
6.6830,true,false
1.0438,true,true
1.6778,true,true
2.8277,true,false
2.7103,true,false
3.1172,true,true
3.2435,true,true
0.8121,true,true
5.7970,true,false
2.6888,true,true
12.1635,true,true
4.3740,true,true
1.1164,true,false
4.0241,true,false
5.4127,true,false
6.3512,true,false
4.3821,true,false
5.2739,true,false
0.8285,true,true
4.4524,true,false
1.2374,true,false
0.8451,true,true
3.0522,true,false
9.9213,true,false
2.4069,true,true
7.1298,true,true
2.9905,true,false
1.9612,true,true
8.3851,true,false
1.9028,true,true
4.0190,true,false
2.8890,true,true
1.8473,true,true
11.8739,true,true
4.0863,true,false
1.6616,true,true
1.1386,true,true
5.1442,true,true
5.9560,true,false
7.0346,true,true
8.2735,true,true
7.9740,true,true
6.2014,true,false
1.6091,true,true
1.2597,true,true
1.6066,true,true
1.3020,true,true
14.3561,true,true
1.8570,true,true
8.2175,true,true
3.7555,true,true
6.6860,true,false
3.7643,true,false
1.3209,true,true
1.0273,true,true
4.9355,true,false
2.1999,true,true
0.6792,true,true
7.9135,true,true
3.0567,true,true
6.6087,true,true
27.0608,true,true
2.3651,true,true
12.4741,true,true
7.9744,true,true
2.6460,true,true
2.8909,true,false
1.7199,true,true
4.5684,true,false
1.3007,true,true
1.0955,true,true
6.4665,true,false
0.7570,true,true
5.9278,true,true
1.4693,true,true
3.0416,true,true
5.6279,true,false
1.0456,true,true
4.9942,true,true
3.5882,true,true
1.2330,true,true
1.4254,true,true
17.8472,true,true
2.3986,true,false
2.5609,true,false
2.7554,true,false
3.8762,true,true
4.7219,true,true
6.0692,true,false
12.3473,true,true
2.1622,true,true
1.8204,true,true
1.3632,true,true
6.3857,true,true
2.0962,true,true
10.6233,true,true
3.3355,true,true
4.9149,true,true
1.5634,true,true
7.7706,true,true
2.9319,true,false
1.5253,true,true
5.1221,true,false
4.8804,true,false
2.8838,true,false
1.6276,true,true
1.1667,true,true
7.5703,true,false
0.9178,true,true
9.2773,true,true
1.6304,true,true
1.2017,true,true
2.0433,true,true
11.0227,true,true
1.4653,true,true
4.8762,true,true
1.4328,true,true
2.2336,true,true
4.2856,true,true
0.8421,true,true
5.3216,true,true
2.7090,true,true
1.8431,true,true
3.0583,true,true
1.6451,true,true
1.2141,true,true
0.6691,true,true
1.2674,true,true
0.7627,true,true
2.4765,true,false
2.6385,true,true
1.1846,true,true
4.1110,true,false
9.6976,true,true
1.5575,true,true
8.4395,true,true
6.9355,true,true
3.7568,true,true
6.1251,true,true
2.1967,true,true
18.3200,true,true
1.2124,true,true
0.6807,true,true
1.1976,true,true
1.3596,true,true
3.3749,true,false
0.9366,true,true
1.4341,true,false
2.5164,true,true
6.1723,true,true
3.1382,true,true
13.5017,true,true
3.3097,true,true
0.8940,true,true
1.4627,true,true
7.1372,true,true
0.8880,true,true
2.1315,true,true
2.0037,true,true
4.8384,true,false
5.9065,true,true
1.7414,true,true
12.4083,true,false
1.6138,true,true
2.5906,true,true
2.7972,true,true
3.7253,true,true
1.1617,true,true
1.5536,true,true
2.5155,true,true
4.2876,true,true
1.0314,true,true
1.6384,true,true
1.4103,true,true
4.2800,true,false
3.1372,true,false
1.7633,true,true
4.3673,true,true
2.7196,true,true
9.0707,true,true
3.2536,true,true
0.8472,true,true
1.3459,true,true
0.9446,true,true
3.4835,true,true
1.1942,true,true
5.9846,true,false
8.7265,true,true
3.9009,true,false
3.9077,true,false
7.4884,true,true
2.0426,true,true
1.5629,true,true
1.7046,true,true
1.3603,true,true
1.0288,true,true
1.6365,true,false
2.1118,true,true
1.7612,true,true
1.2573,true,true
4.6586,true,true
1.1982,true,true
2.9851,true,true
2.2462,true,true
0.7998,true,true
1.4236,true,true
8.0848,true,false
1.8439,true,true
1.6964,true,true
1.4264,true,true
3.6111,true,false
1.4336,true,true
1.2044,true,true
8.1565,true,true
3.4062,true,true
9.3497,true,true
5.3288,true,true
2.2232,true,true
0.7898,true,true
5.5453,true,false
1.1110,true,true
0.7477,true,true
2.4063,true,true
12.6073,true,true
1.7417,true,false
4.3381,true,true
2.0566,true,true
1.6981,true,true
1.2663,true,true
6.4891,true,false
5.1865,true,false
5.2793,true,true
5.3489,true,true
0.8871,true,true
4.6624,true,true
2.5306,true,true
1.1956,true,true
10.9965,true,true
6.4465,true,false
1.6104,true,true
3.8594,true,true
4.6327,true,true
2.9231,true,true
1.3804,true,true
2.2161,true,true
0.7157,true,true
1.2821,true,true
0.7579,true,true
1.4252,true,true
1.7832,true,true
2.0893,true,true
8.2481,true,false
2.1789,true,true
3.5929,true,true
4.7658,true,false
1.3803,true,true
2.5741,true,true
1.3182,true,true
0.9785,true,false
1.7397,true,true
6.1316,true,true
2.0766,true,true
1.8507,true,true
1.5785,true,true
4.7970,true,false
7.0801,true,true
1.3795,true,true
4.0042,true,false
1.6997,true,true
9.7698,true,true
2.4898,true,false
6.3897,true,true
3.3491,true,true
0.9714,true,true
10.7475,true,true
1.6873,true,true
9.0096,true,true
17.7788,true,true
0.8797,true,true
2.1335,true,true
1.8613,true,true
1.5195,true,true
23.6592,true,true
1.6050,true,true
1.1654,true,false
2.5724,true,true
1.1790,true,true
3.6646,true,true
6.8436,true,true
2.2105,true,true
1.9587,true,false
2.5703,true,true
12.6688,true,true
0.7013,true,true
3.0345,true,true
4.5542,true,true
3.7155,true,true
11.7251,true,true
1.5363,true,true
4.8888,true,true
5.7973,true,true
1.1818,true,true
9.8687,true,true
3.7988,true,true
5.5974,true,true
1.5127,true,true
0.9193,true,true
8.2576,true,true
4.0127,true,true
1.5676,true,true
1.0553,true,true
1.6663,true,true
1.8673,true,true
1.5504,true,true
6.5521,true,true
5.8455,true,false
6.1143,true,true
4.5815,true,true
1.1737,true,true
5.0230,true,false
2.7226,true,true
1.6237,true,true
3.5505,true,false
12.1157,true,true
1.3347,true,true
4.6743,true,true
5.9081,true,true
1.9500,true,true
1.4458,true,true
0.8916,true,true
2.6194,true,true
1.3452,true,true
0.8301,true,true
3.8104,true,true
1.9416,true,true
1.5617,true,true
2.8600,true,false
3.1092,true,true
7.4002,true,true
6.3383,true,true
0.7508,true,true
6.1287,true,false
8.5065,true,true
2.4650,true,true
3.6718,true,true
1.2398,true,true
0.8108,true,true
1.4447,true,true
5.8224,true,true
1.7973,true,true
1.3372,true,true
5.7345,true,true
4.6852,true,true
2.7421,true,true
2.0046,true,true
7.1738,true,true
1.6234,true,true
1.3041,true,true
7.3472,true,true
8.7412,true,true
5.2825,true,true
10.8721,true,true
5.7399,true,false
2.5151,true,true
14.8568,true,true
5.0119,true,true
7.0758,true,true
3.3636,true,false
1.0546,true,false
1.6430,true,true
1.2252,true,true
8.9085,true,true
5.0023,true,true
12.3762,true,true
1.6473,true,true
1.6461,true,true
1.3766,true,true
21.4975,true,true
1.3923,true,true
1.0671,true,true
1.6660,true,true
3.1697,true,true
0.9534,true,true
1.5644,true,true
1.4712,true,true
5.7664,true,false
2.5389,true,true
29.1744,true,true
11.3947,true,true
2.2392,true,true
0.8512,true,true
4.8779,true,true
3.5832,true,true
6.4691,true,false
5.1225,true,true
7.4256,true,true
1.6376,true,true
1.3867,true,true
0.9581,true,true
1.6461,true,true
1.3795,true,true
0.9053,true,true
5.2939,true,false
0.7126,true,true
4.3701,true,false
0.8988,true,true
6.1524,true,true
4.4859,true,false
2.8690,true,true
1.5158,true,true
1.0108,true,true
10.1741,true,true
9.4396,true,false
6.1366,true,true
5.6399,true,true
1.0012,true,true
2.3445,true,true
13.1160,true,true
7.4345,true,true
1.3857,true,true
0.9091,true,true
3.7779,true,false
1.3867,true,true
2.3554,true,true
4.1321,true,false
3.1553,true,true
6.0582,true,false
1.5096,true,true
1.1662,true,true
7.7380,true,true
2.3131,true,true
5.6555,true,true
5.4527,true,true
3.0682,true,true
1.7001,true,true
1.2908,true,true
1.9080,true,true
11.1165,true,true
2.1314,true,true
3.6443,true,true
1.8077,true,true
5.8386,true,true
2.8282,true,true
2.1442,true,true
4.4667,true,true
1.6059,true,true
1.2622,true,true
4.5318,true,false
1.0412,true,true
5.1900,true,true
2.8972,true,false
7.2007,true,false
1.8727,true,true
1.4620,true,true
0.9765,true,true
2.8267,true,true
5.9069,true,true
6.0743,true,true
5.8897,true,true
1.3511,true,true
0.7880,true,true
2.0878,true,true
2.1836,true,true
5.8194,true,false
4.1227,true,true
1.6444,true,true
1.7683,true,true
3.4077,true,true
1.1344,true,true
5.5253,true,false
3.0379,true,false
4.9364,true,false
1.5873,true,true
5.6984,true,false
1.1564,true,true
1.6248,true,true
1.3518,true,true
23.6509,true,true
7.5942,true,true
4.6813,true,true
11.0334,true,true
4.4986,true,false
1.0177,true,true
1.5957,true,true
1.1629,true,true
6.0481,true,true
1.5162,true,true
4.5326,true,true
5.7037,true,false
1.2874,true,true
5.3790,true,true
0.7361,true,true
1.3773,true,true
0.8941,true,true
1.6230,true,true
7.9995,true,true
4.9027,true,true
1.5303,true,true
6.2480,true,false
4.8319,true,true
1.6437,true,true
4.1581,true,true
3.5579,true,true
1.1724,true,false
0.6430,true,true
5.6186,true,false
3.7977,true,true
1.4943,true,true
1.2530,true,true
2.8952,true,true
6.6912,true,true
1.6665,true,true
6.4299,true,true
1.0514,true,true
4.9685,true,true
1.5651,true,true
1.7984,true,true
2.1015,true,true
0.7846,true,true
2.0837,true,true
6.3718,true,true
4.5752,true,true
4.9453,true,false
3.4339,true,true
1.1168,true,true
1.8470,true,true
1.4368,true,true
1.2705,true,true
1.6617,true,true
1.2031,true,true
1.3246,true,true
3.1489,true,true
11.2415,true,true
5.0134,true,false
1.6295,true,true
1.1726,true,true
6.8707,true,true
3.6179,true,true
1.1246,true,true
3.9033,true,true
10.6712,true,true
5.3603,true,true
0.8430,true,true
4.9225,true,true
3.3923,true,false
1.0334,true,true
1.6984,true,true
1.2861,true,true
4.0104,true,true
3.6645,true,true
1.2533,true,true
2.7884,true,true
1.3546,true,true
21.0745,true,true
0.8951,true,true
2.4492,true,true
1.0057,true,true
2.5358,true,true
1.9322,true,true
8.3351,true,true
1.8024,true,true
6.2688,true,false
0.6165,true,true
1.1757,true,true
2.3794,true,true
1.0053,true,true
3.2429,true,true
3.9748,true,true
1.7400,true,true
1.3263,true,true
1.6968,true,true
8.8396,true,true
1.1447,true,true
6.5051,true,false
2.4592,true,true
1.1506,true,true
11.8424,true,true
1.1943,true,true
0.5994,true,true
4.6853,true,false
1.1914,true,true
7.0046,true,true
1.7411,true,true
5.9446,true,true
1.5417,true,true
1.1997,true,true
1.3069,true,true
5.9063,true,true
1.7216,true,true
4.0801,true,false
6.9653,true,false
5.6346,true,true
1.1551,true,true
3.2414,true,true
3.6432,true,false
1.2456,true,true
6.5241,true,true
2.1312,true,true
4.7952,true,true
4.7398,true,false
2.4601,true,true
1.0176,true,true
1.4756,true,true
1.8834,true,true
1.3606,true,true
11.6103,true,true
6.4456,true,true
2.9664,true,true
2.2226,true,true
0.7715,true,true
2.8820,true,false
7.7111,true,true
2.8174,true,true
1.5549,true,true
2.8504,true,false
28.1755,true,true
1.7165,true,true
1.3308,true,true
2.6293,true,true
2.7181,true,true
5.8157,true,false
5.5597,true,false
1.0187,true,true
1.6516,true,true
1.3635,true,true
5.6328,true,true
1.1279,true,true
1.5487,true,true
4.8042,true,false
6.3743,true,true
0.7962,true,true
1.6387,true,true
1.7929,true,true
10.2955,true,true
1.5282,true,true
2.9078,true,true
1.9310,true,true
2.2571,true,true
0.9602,true,false
3.8303,true,true
11.2527,true,true
6.7897,true,true
2.6597,true,true
1.3070,true,true
1.5685,true,true
1.0109,true,true
4.0120,true,false
2.5735,true,true
3.0898,true,true
6.3741,true,true
4.0032,true,false
11.1601,true,true
3.1803,true,true
5.1957,true,true
0.7270,true,true
5.7598,true,false
1.8441,true,true
1.4359,true,true
6.5958,true,true
1.2967,true,true
8.8936,true,true
2.6989,true,true
1.3716,true,true
1.0542,true,true
3.4177,true,true
2.8780,true,true
1.4901,true,true
2.2896,true,true
0.7294,true,true
1.3579,true,true
7.0543,true,true
7.9202,true,true
3.6371,true,true
1.2806,true,true
1.0036,true,true
3.2348,true,true
2.2767,true,true
2.3866,true,true
3.8682,true,true
4.1900,true,true
2.5551,true,true
4.2817,true,true
6.2874,true,true
8.3878,true,true
10.3663,true,true
16.6537,true,true
4.2727,true,true
3.1194,true,true
3.4684,true,false
9.3349,true,true
2.4128,true,true
12.3331,true,true
3.4723,true,true
1.9839,true,true
2.4026,true,true
1.2249,true,true
0.7888,true,true
1.6104,true,true
1.2710,true,true
2.8395,true,true
2.0841,true,true
3.6353,true,true
1.4241,true,false
1.1162,true,true
3.6632,true,true
10.9218,true,true
4.3097,true,false
1.0023,true,false
1.7223,true,true
2.3564,true,true
1.1489,true,true
1.7967,true,true
1.7736,true,true
17.1445,true,true
1.2753,true,true
13.6261,true,true
3.2644,true,true
0.9659,true,true
7.4599,true,true
1.6722,true,true
1.6634,true,true
1.4599,true,true
16.8584,true,true
0.8436,true,true
4.5710,true,true
3.2894,true,true
7.2476,true,true
4.9422,true,true
11.0295,true,true
5.7114,true,true
5.1457,true,false
2.4872,true,true
1.8281,true,true
1.4235,true,true
4.6535,true,true
1.3604,true,true
3.4750,true,true
4.1723,true,true
2.2562,true,true
1.3853,true,true
0.9466,true,true
1.5420,true,true
1.7549,true,true
10.3133,true,true
3.5611,true,true
2.1137,true,false
4.0879,true,true
1.7542,true,true
1.4403,true,true
6.0109,true,true
7.7071,true,false
1.7965,true,true
1.9765,true,true
1.6151,true,true
1.1427,true,true
1.6564,true,true
5.6666,true,false
2.7378,true,true
4.4408,true,false
0.9865,true,true
4.8053,true,true
7.4985,true,false
7.8332,true,true
6.2388,true,true
0.6884,true,true
8.9042,true,true
4.2672,true,false
6.4767,true,true
1.3180,true,true
9.1738,true,true
24.3064,true,false
5.6902,true,true
4.1585,true,true
10.3832,true,true
4.2686,true,true
5.2354,true,true
0.7179,true,true
1.3132,true,true
1.9967,true,true
1.7077,true,true
1.3044,true,true
6.6364,true,false
0.9383,true,true
14.0859,true,true
1.3461,true,true
2.8773,true,true
1.7460,true,true
3.9099,true,false
2.3203,true,true
9.7064,true,true
8.0167,true,true
7.3036,true,false
1.9082,true,true
3.5399,true,true
8.8155,true,false
1.1834,true,true
10.7431,true,true
2.0405,true,true
4.1990,true,false
0.6928,true,true
3.2522,true,true
1.0684,true,true
12.2255,true,true
1.5397,true,true
1.3751,true,true
6.2141,true,true
6.9729,true,true
4.6956,true,false
5.7408,true,false
1.2423,true,true
0.6519,true,true
5.5701,true,true
3.4191,true,true
11.4216,true,true
1.9243,true,true
3.2393,true,true
1.3689,true,true
5.9019,true,true
2.2152,true,false
2.8790,true,false
1.6998,true,false
1.4370,true,true
1.2900,true,true
8.5772,true,true
8.7781,true,true
2.5342,true,true
3.1536,true,true
0.9356,true,true
4.9979,true,true
1.5966,true,true
2.9079,true,true
1.6602,true,true
4.7166,true,true
2.1012,true,true
3.8335,true,false
2.4600,true,true
5.1881,true,false
0.8605,true,true
2.9702,true,true
2.0359,true,true
8.3536,true,true
9.0857,true,true
5.3259,true,false
1.3150,true,true
10.0004,true,true
4.7184,true,true
1.5910,true,true
2.7441,true,true
1.4055,true,true
7.7364,true,true
3.5510,true,true
1.7525,true,true
4.7577,true,false
1.5445,true,true
5.6605,true,false
1.1961,true,true
2.6946,true,true
9.9989,true,false
6.5284,true,true
0.8894,true,true
2.2985,true,true
1.1287,true,true
5.2072,true,true
0.8666,true,true
1.6551,true,true
3.2964,true,false
1.6345,true,true
9.2399,true,true
1.5714,true,true
5.2204,true,true
0.8008,true,true
1.4449,true,false
12.1244,true,true
1.4241,true,true
1.2222,true,true
0.9736,true,true
1.8714,true,true
6.1895,true,true
1.8215,true,true
1.7178,true,true
1.5072,true,true
1.4572,true,true
1.1796,true,true
2.7533,true,true
1.3960,true,true
2.1103,true,false
6.9706,true,true
4.9133,true,false
1.6051,true,true
3.2951,true,true
3.6454,true,false
1.3413,true,true
3.6085,true,false
2.9206,true,true
7.0588,true,true
6.3536,true,true
3.2504,true,false
0.8759,true,true
13.4528,true,true
2.9169,true,true
9.5186,true,true
2.5223,true,true
2.5996,true,true
4.4811,true,true
16.9833,true,true
12.0647,true,true
5.8460,true,false
4.3627,true,false
0.8769,true,true
1.6165,true,true
3.7858,true,false
5.7520,true,true
2.9381,true,true
5.6389,true,false
5.0510,true,false
1.7001,true,true
1.3196,true,true
1.7267,true,true
1.3253,true,true
1.0992,true,true
5.2211,true,true
0.9940,true,true
23.6457,true,true
1.5047,true,true
1.2278,true,true
5.3523,true,true
12.1709,true,true
3.6716,true,true
1.3667,true,true
2.3266,true,true
2.5308,true,true
9.6806,true,true
1.0841,true,true
2.2747,true,true
0.8516,true,true
6.0934,true,true
1.5409,true,true
5.4245,true,true
1.3800,true,true
1.0369,true,true
1.7392,true,true
3.6302,true,true
3.3359,true,false
2.2659,true,false
0.7969,true,true
1.3015,true,true
4.0437,true,false
1.7032,true,true
1.2706,true,true
5.3704,true,false
8.6268,true,true
4.0757,true,true
4.8932,true,false
1.6641,true,true
1.4303,true,true
20.7145,true,true
3.1444,true,true
5.3975,true,false
6.9856,true,true
4.0558,true,true
1.5631,true,true
2.8090,true,false
1.4254,true,true
4.7616,true,true
11.6315,true,true
0.9080,true,true
3.3945,true,true
3.5357,true,true
5.0278,true,true
1.6072,true,true
1.1031,true,true
1.7538,true,true
5.6851,true,true
3.2583,true,false
0.8265,true,true
1.4756,true,true
1.1400,true,true
3.9686,true,true
2.2728,true,true
7.1037,true,true
7.8085,true,false
5.8650,true,false
1.7659,true,true
20.5469,true,true
5.2777,true,true
2.3280,true,true
7.8294,true,true
5.4155,true,true
1.0171,true,true
5.6784,true,true
2.8371,true,true
10.8367,true,true
2.8279,true,true
6.6641,true,true
6.6373,true,true
6.4404,true,true
4.3269,true,true
1.7519,true,true
1.5545,true,true
1.2555,true,true
0.9702,true,true
3.2782,true,true
0.9695,true,true
12.7274,true,true
1.2064,true,true
10.5855,true,true
1.5142,true,true
14.2861,true,true
4.1164,true,false
1.7714,true,true
1.3162,true,true
1.8895,true,true
12.1623,true,true
4.1425,true,true
1.9186,true,true
4.7729,true,true
2.5928,true,false
1.5156,true,true
7.7906,true,false
1.6729,true,true
3.5923,true,true
1.4348,true,true
3.8155,true,true
1.6135,true,true
1.5407,true,true
2.3000,true,true
1.0857,true,true
6.1165,true,true
4.9459,true,true
1.7276,true,true
4.2238,true,true
3.5700,true,false
8.5001,true,true
5.1662,true,true
5.7853,true,true
4.0756,true,true
3.6711,true,true
4.4084,true,false
1.0995,true,true
2.0375,true,true
9.0438,true,false
1.5710,true,true
1.2728,true,true
0.9039,true,true
1.6896,true,true
5.6302,true,true
2.2585,true,true
0.8783,true,true
3.2509,true,true
4.8401,true,true
1.4567,true,true
1.0463,true,true
1.7001,true,true
1.3922,true,true
1.8816,true,true
4.9314,true,true
1.5059,true,true
1.2219,true,true
5.5455,true,true
1.6501,true,true
1.7535,true,true
4.9532,true,true
6.4111,true,true
4.2197,true,false
0.8963,true,true
2.9839,true,false
1.6312,true,true
3.4232,true,true
10.2823,true,true
3.2756,true,true
5.6233,true,false
1.1366,true,true
4.6514,true,true
12.3733,true,true
3.2267,true,true
2.0726,true,true
7.2660,true,true
2.1967,true,true
2.1608,true,true
9.5496,true,true
1.3778,true,true
3.5454,true,true
1.1241,true,true
1.8105,true,true
3.4153,true,true
2.7543,true,true
3.1588,true,true
2.3587,true,true
4.0218,true,true
10.5348,true,true
1.0640,true,true
6.6895,true,true
0.9530,true,true
1.7523,true,true
1.3813,true,true
1.1808,true,true
5.2530,true,true
0.7491,true,true
7.5126,true,false
1.9748,true,true
17.4361,true,true
3.8852,true,true
6.5242,true,true
1.3883,true,true
6.7199,true,true
5.6190,true,false
3.5291,true,true
1.0709,true,true
1.7417,true,true
3.1692,true,true
2.9779,true,false
1.7457,true,true
3.3624,true,true
3.0100,true,true
7.9393,true,true
5.9011,true,false
2.0055,true,true
4.1761,true,true
0.7551,true,true
3.1780,true,true
0.9405,true,true
1.7049,true,true
2.6467,true,false
3.1520,true,false
3.4397,true,true
1.1119,true,true
1.4692,true,true
1.0327,true,true
1.7273,true,true
7.7758,true,true
3.1463,true,false
4.7377,true,false
4.8656,true,false
3.0980,true,true
3.3904,true,true
2.7559,true,true
1.3883,true,true
1.0495,true,true
3.5617,true,true
1.2517,true,true
3.4437,true,true
10.1483,true,true
5.5514,true,true
1.9910,true,true
1.7048,true,false
2.2323,true,true
0.8829,true,true
1.7109,true,true
1.4281,true,true
9.0506,true,false
12.5038,true,true
6.8114,true,true
0.6709,true,false
1.4797,true,true
6.1139,true,false
1.8875,true,true
6.3595,true,false
0.8609,true,true
7.0781,true,false
10.6516,true,true
1.2733,true,true
9.1694,true,true
2.4531,true,true
2.0071,true,true
8.0217,true,true
2.6413,true,true
1.9838,true,true
5.0879,true,false
5.8935,true,true
3.4058,true,false
0.9756,true,true
1.8723,true,true
3.4794,true,true
1.7183,true,true
4.1692,true,false
2.6917,true,true
2.1449,true,true
6.9405,true,true
1.4438,true,true
3.0689,true,true
2.1794,true,true
3.0684,true,true
8.7333,true,true
7.2300,true,false
2.1627,true,true
0.9770,true,true
5.5567,true,true
1.4789,true,true
1.2414,true,true
21.2571,true,true
1.2981,true,true
1.1969,true,true
0.8949,true,true
1.6022,true,true
1.0561,true,true
2.2727,true,true
9.5057,true,true
3.6490,true,true
4.4920,true,true
3.0975,true,true
1.6921,true,true
6.7899,true,true
1.2905,true,true
2.7170,true,true
1.2918,true,true
1.1805,true,true
5.3107,true,false
7.0630,true,true
1.4860,true,true
1.0668,true,true
1.5308,true,true
3.8759,true,true
3.8686,true,false
2.4611,true,false
4.5342,true,false
1.2173,true,true
4.3878,true,true
7.1128,true,true
4.9706,true,false
3.5059,true,true
1.7299,true,true
3.8780,true,true
3.0704,true,true
1.7406,true,true
8.8085,true,true
4.3624,true,false
5.2523,true,true
0.7489,true,true
3.3083,true,true
2.2722,true,true
4.7877,true,false
12.4201,true,true
2.8042,true,true
1.3650,true,true
0.9784,true,true
2.1382,true,true
10.4492,true,true
7.5250,true,true
1.7607,true,false
4.3968,true,true
11.7338,true,true
9.7577,true,true
4.3828,true,false
4.4576,true,true
1.1132,true,true
1.8622,true,true
1.5675,true,true
5.6188,true,true
1.1711,true,true
0.7716,true,true
3.2309,true,true
1.1335,true,false
9.4689,true,true
5.4297,true,false
4.5161,true,false
1.2299,true,true
5.7642,true,false
4.6359,true,false
4.7600,true,true
1.5325,true,true
1.4959,true,true
5.3532,true,false
1.3871,true,true
1.1112,true,true
1.6376,true,true
1.2316,true,true
5.0264,true,true
5.1311,true,true
1.6523,true,true
1.2225,true,true
4.4520,true,true
3.8394,true,true
4.5930,true,true
8.4096,true,true
2.2151,true,true
0.8343,true,true
1.4687,true,true
5.9651,true,true
1.5416,true,true
1.1672,true,true
2.5335,true,true
1.8538,true,true
1.6812,true,true
2.9701,true,true
3.6824,true,true
6.8423,true,true
5.8052,true,false
13.9674,true,true
5.8900,true,false
2.6348,true,true
3.0456,true,false
9.3198,true,true
1.7408,true,true
7.1631,true,true
9.1715,true,true
3.8757,true,true
2.8480,true,true
1.5662,true,true
1.8910,true,true
1.5299,true,true
1.2473,true,true
3.5100,true,false
4.0925,true,false
2.8508,true,true
9.0892,true,true
3.9790,true,false
4.0448,true,true
1.7493,true,true
3.0457,true,false
3.7814,true,true
2.9148,true,true
7.4361,true,true
1.6679,true,true
1.4315,true,true
7.4516,true,true
1.2119,true,true
2.6713,true,false
3.1114,true,false
2.7601,true,true
10.6495,true,true
4.9224,true,true
2.1926,true,true
0.7350,true,true
4.3587,true,false
0.9686,true,true
4.6415,true,true
13.0478,true,true
1.2040,true,true
0.7625,true,true
2.9172,true,true
4.7205,true,true
1.2634,true,true
0.9947,true,true
2.9098,true,true
1.7652,true,true
9.2771,true,false
6.6255,true,true
3.7680,true,true
2.4485,true,true
1.1236,true,true
1.7473,true,true
2.1143,true,true
12.8819,true,true
9.2482,true,false
8.7837,true,false
7.7271,true,true
4.7377,true,true
6.0584,true,true
1.7427,true,true
1.2602,true,true
1.6905,true,true
6.1525,true,true
3.3660,true,false
1.5572,true,true
2.9010,true,true
3.1595,true,false
2.0957,true,true
10.8239,true,true
4.3047,true,false
0.8810,true,true
1.5733,true,true
6.3645,true,true
0.9323,true,true
1.7264,true,true
1.2934,true,true
3.6877,true,false
1.2193,true,true
0.8552,true,true
7.6057,true,false
6.6415,true,false
2.7858,true,true
23.5658,true,true
11.3895,true,true
3.3899,true,false
1.0271,true,true
6.4968,true,true
3.7806,true,false
6.0477,true,false
6.4124,true,true
1.3748,true,true
6.3626,true,true
5.2116,true,true
0.7589,true,true
1.3733,true,true
0.9482,true,true
1.6343,true,true
1.2029,true,true
0.8352,true,true
1.6163,true,true
4.4668,true,true
1.0675,true,true
1.8892,true,true
4.8977,true,false
1.5898,true,true
9.3498,true,true
5.0025,true,true
1.5049,true,true
1.1037,true,true
2.0973,true,true
15.6990,true,true
5.4965,true,true
1.2183,true,true
7.9655,true,false
1.4749,true,true
4.9960,true,true
1.7065,true,true
5.2514,true,false
8.5862,true,true
7.6098,true,true
6.1180,true,false
1.6883,true,true
1.2540,true,true
0.9062,true,true
12.7879,true,true
7.0240,true,true
5.2870,true,true
4.4525,true,true
2.7910,true,false
2.8145,true,true
1.5752,true,true
6.3775,true,false
1.0584,true,true
3.8232,true,true
13.9067,true,true
7.4488,true,true
1.2469,true,true
1.5023,true,true
1.1649,true,true
1.3905,true,true
2.4555,true,true
1.0893,true,true
1.6609,true,true
1.1412,true,false
1.7289,true,true
3.1026,true,false
1.8780,true,true
1.4271,true,true
1.8679,true,true
11.2597,true,true
1.6436,true,true
1.1595,true,true
2.3933,true,true
12.4874,true,true
1.7235,true,true
6.7272,true,true
13.1570,true,true
2.3495,true,true
4.6449,true,true
1.1129,true,true
1.5403,true,true
1.6632,true,true
1.8711,true,true
6.1617,true,true
1.8679,true,true
4.4822,true,true
2.6415,true,true
2.9711,true,true
2.2766,true,true
0.9106,true,true
1.6140,true,true
1.2970,true,true
0.9560,true,true
8.2089,true,true
7.0853,true,true
1.5453,true,true
4.7019,true,true
1.3106,true,true
4.7127,true,false
7.7772,true,true
1.5750,true,true
4.0197,true,false
1.5588,true,true
4.3597,true,false
3.6065,true,true
5.7750,true,false
1.2681,true,true
5.2436,true,true
3.1040,true,false
1.6620,true,true
4.5904,true,true
6.5885,true,true
4.8077,true,true
5.5959,true,false
3.4592,true,true
5.4304,true,true
2.4480,true,true
4.6146,true,false
7.2206,true,true
1.3002,true,true
6.8690,true,true
3.1553,true,true
4.8705,true,true
6.3027,true,false
3.9766,true,false
1.5689,true,true
9.6877,true,true
1.5070,true,true
6.5227,true,false
1.8787,true,true
3.5102,true,true
4.6800,true,true
5.3997,true,false
1.4668,true,true
1.0511,true,true
1.9676,true,true
9.1335,true,true
1.4365,true,true
5.2444,true,true
5.3560,true,true
5.9304,true,true
4.5571,true,true
25.2542,true,true
1.1415,true,true
1.8918,true,true
1.4758,true,true
3.3682,true,true
1.0293,true,true
6.3871,true,true
4.2241,true,false
5.9719,true,true
1.7126,true,true
7.2686,true,true
1.3423,true,false
0.9089,true,true
3.0114,true,true
4.0727,true,true
11.0416,true,true
5.8439,true,false
1.4043,true,true
2.5011,true,true
4.4329,true,true
1.9301,true,true
1.6577,true,true
2.1140,true,true
10.5161,true,true
4.4926,true,true
2.8869,true,true
1.6833,true,true
1.4714,true,true
1.3518,true,true
1.2317,true,true
4.5920,true,true
1.3908,true,true
2.6324,true,false
1.9695,true,true
1.5426,true,true
1.5851,true,true
8.5270,true,false
5.5465,true,true
0.9872,true,true
1.7844,true,true
1.3832,true,true
1.1183,true,true
1.7993,true,true
6.9369,true,true
1.3798,true,false
0.9891,true,true
2.4179,true,true
1.1391,true,true
4.4036,true,true
4.8629,true,true
3.0032,true,true
2.1783,true,true
28.2366,true,true
0.8033,true,true
1.4589,true,true
4.3793,true,true
1.5495,true,true
1.0212,true,true
5.3555,true,true
6.7037,true,false
7.3975,true,true
2.7680,true,true
1.4974,true,true
1.9114,true,true
7.8993,true,false
1.7632,true,true
1.4543,true,true
2.3475,true,true
1.4407,true,true
6.2315,true,true
2.5630,true,true
13.2813,true,true
1.3980,true,true
2.5746,true,true
1.7284,true,true
10.3342,true,true
4.6104,true,false
4.2483,true,true
0.7672,true,true
1.6341,true,true
18.3638,true,true
6.9708,true,true
3.5972,true,true
2.6212,true,true
7.4563,true,true
3.1203,true,true
1.6288,true,true
3.3327,true,false
0.9552,true,true
4.4629,true,true
2.0472,true,true
3.0721,true,true
5.4754,true,true
0.9904,true,true
6.1564,true,true
3.8233,true,true
1.4567,true,true
1.2910,true,true
7.6506,true,true
4.6982,true,false
3.8422,true,true
4.4545,true,false
2.6433,true,true
1.2027,true,true
3.8571,true,true
2.8207,true,true
4.1280,true,true
1.9985,true,true
2.3021,true,true
0.7997,true,true
2.7875,true,true
1.4178,true,true
0.9665,true,true
4.0951,true,true
14.2017,true,true
5.6526,true,false
1.1442,true,true
2.4960,true,true
6.2186,true,true
1.7695,true,true
2.0437,true,true
1.7234,true,true
1.3032,true,true
2.7124,true,true
2.6602,true,true
2.9892,true,false
8.6145,true,false
7.8968,true,true
12.5872,true,true
7.2819,true,true
7.2056,true,false
1.9222,true,true
6.3433,true,false
0.7421,true,true
1.4921,true,true
5.0370,true,true
2.0882,true,true
11.8995,true,true
1.3735,true,true
9.3298,true,true
1.6509,true,true
2.5819,true,true
6.9872,true,true
1.2446,true,true
4.1701,true,false
11.8556,true,true
4.5786,true,false
1.7244,true,true
1.3432,true,true
0.8634,true,true
1.5469,true,true
1.8258,true,true
3.0158,true,true
2.6538,true,false
1.2681,true,true
0.7409,true,true
2.1120,true,true
3.4301,true,false
2.6674,true,true
10.5963,true,true
13.8855,true,true
9.2322,true,true
5.9695,true,true
3.0127,true,true
1.7391,true,true
1.4649,true,true
0.9756,true,true
3.3128,true,true
12.8496,true,false
4.3339,true,true
0.9012,true,true
10.8161,true,true
1.8877,true,true
8.5201,true,true
4.0720,true,true
1.7159,true,true
3.7477,true,true
1.4207,true,true
1.6719,true,true
1.2154,true,true
0.7626,true,true
1.2633,true,true
0.9733,true,true
2.2728,true,true
7.0818,true,true
4.8534,true,true
3.6044,true,false
3.4507,true,false
0.9314,true,true
9.8794,true,false
1.7101,true,true
9.3308,true,true
6.7023,true,true
4.0164,true,true
1.7878,true,true
1.8800,true,true
1.5964,true,true
1.7955,true,true
3.1800,true,true
1.6998,true,true
1.2306,true,true
0.6409,true,true
4.9952,true,true
1.3765,true,true
4.2303,true,true
10.5535,true,true
0.8449,true,true
1.4766,true,true
1.9214,true,true
12.6983,true,true
8.3104,true,true
1.6766,true,true
7.6233,true,false
3.0372,true,true
25.1765,true,true
0.7170,true,true
1.2962,true,true
2.7832,true,true
1.3730,true,true
2.7797,true,true
3.1195,true,true
15.9894,true,true
1.0751,true,true
5.2921,true,false
2.7543,true,false
5.9431,true,true
5.0167,true,true
1.4691,true,false
0.9730,true,true
3.5214,true,true
1.2087,true,true
4.4930,true,true
0.9770,true,true
1.9276,true,true
16.9546,true,true
7.7565,true,false
2.4271,true,false
15.7137,true,true
5.4119,true,true
5.3873,true,true
3.8027,true,true
2.0652,true,true
1.6415,true,true
1.1786,true,true
6.9521,true,true
3.0517,true,true
1.5449,true,true
3.0953,true,false
1.9194,true,true
1.5365,true,true
3.0005,true,true
6.0638,true,true
1.7747,true,true
3.3053,true,true
0.8496,true,true
3.8432,true,false
3.1570,true,true
9.2382,true,true
3.4395,true,true
0.9786,true,true
16.2317,true,true
3.0430,true,true
3.3550,true,true
1.0194,true,true
8.2658,true,false
1.4940,true,true
10.3059,true,true
1.5197,true,true
1.7025,true,true
1.2428,true,true
2.4918,true,true
3.3697,true,true
11.7533,true,true
2.4657,true,true
5.1837,true,true
0.6471,true,true
1.1553,true,false
5.8041,true,true
1.9291,true,true
1.7126,true,true
4.7480,true,false
1.3029,true,true
1.5319,true,true
9.1776,true,true
7.0213,true,true
1.4339,true,true
1.7396,true,true
5.0324,true,true
1.6502,true,true
1.3094,true,true
2.0611,true,false
1.7814,true,true
1.4803,true,true
1.1206,true,true
1.7232,true,true
1.3786,true,true
4.6368,true,true
1.2936,true,true
8.1741,true,true
6.8762,true,false
1.2439,true,true
1.4450,true,true
6.6440,true,true
1.0916,true,true
2.2825,true,true
0.8661,true,false
3.4382,true,true
5.7507,true,true
1.7092,true,true
4.9150,true,false
2.9339,true,false
1.6686,true,true
1.2766,true,true
0.7629,true,true
5.5963,true,false
2.7038,true,true
1.5065,true,true
1.1779,true,true
1.2829,true,true
1.2444,true,true
0.9122,true,true
3.7404,true,true
1.4149,true,true
2.3930,true,false
4.2844,true,true
0.9052,true,true
22.2801,true,true
1.8086,true,true
1.7612,true,true
19.0307,true,true
0.9584,true,true
3.4023,true,true
0.9767,true,true
2.0615,true,true
3.3157,true,true
2.3954,true,true
1.3679,true,true
0.9691,true,true
9.2740,true,true
1.6794,true,false
5.7389,true,true
2.7863,true,true
1.3781,true,true
1.0886,true,true
1.8066,true,true
1.4188,true,true
1.7245,true,true
6.0724,true,false
1.6323,true,true
3.6593,true,true
8.5858,true,false
5.9033,true,true
1.4082,true,true
1.0503,true,true
3.1678,true,true
5.8440,true,true
3.5207,true,true
1.3409,true,true
2.7533,true,true
6.7929,true,false
5.4919,true,false
2.5775,true,true
1.1052,true,true
3.5530,true,true
1.1873,true,true
4.6708,true,true
2.1336,true,true
2.5050,true,true
11.9709,true,true
4.4773,true,false
1.2468,true,true
9.3600,true,true
3.9342,true,true
4.9223,true,false
1.5816,true,true
1.4059,true,true
0.9041,true,true
1.6306,true,true
3.0202,true,true
1.3893,true,true
0.8870,true,true
6.1579,true,true
1.7576,true,true
1.4262,true,true
4.4639,true,true
1.0269,true,true
2.3358,true,true
5.9268,true,true
2.5384,true,false
8.3075,true,true
5.1472,true,true
3.6328,true,false
1.1640,true,true
4.6563,true,true
2.8847,true,true
3.2717,true,true
3.4233,true,false
1.0724,true,false
7.3411,true,true
1.8970,true,false
2.7047,true,true
1.5139,true,true
1.3742,true,true
0.8905,true,true
11.0452,true,true
8.3869,true,false
2.1442,true,true
9.1081,true,true
30.2140,true,true
4.6348,true,false
3.1436,true,true
4.7065,true,false
7.9996,true,true
2.5393,true,true
4.4266,true,true
1.5250,true,true
8.0131,true,true
1.5287,true,true
1.3417,true,true
1.0884,true,true
2.0097,true,true
1.8003,true,true
1.5949,true,true
1.1883,true,true
9.4314,true,true
0.9685,true,false
4.0640,true,true
4.7165,true,true
6.5413,true,true
14.7568,true,true
6.6479,true,true
2.6400,true,false
3.5918,true,false
8.8949,true,false
3.3998,true,false
1.2138,true,true
4.6346,true,false
1.4138,true,false
7.5390,true,true
3.6788,true,true
2.2458,true,true
6.1544,true,false
2.4422,true,true
1.1464,true,true
2.9892,true,true
3.6941,true,true
9.2880,true,true
3.0469,true,true
2.9962,true,false
1.8130,true,true
1.6449,true,true
4.7024,true,false
1.4123,true,true
1.8384,true,true
4.0904,true,false
11.3963,true,true
8.2601,true,true
3.7736,true,true
1.3306,true,true
8.2034,true,true
1.6803,true,true
1.5989,true,true
1.4787,true,true
5.8905,true,false
2.0132,true,true
2.8923,true,true
5.6528,true,false
5.2572,true,true
2.1786,true,true
10.9525,true,true
1.5054,true,true
3.1998,true,true
1.6990,true,true
8.3667,true,true
4.7651,true,false
2.8964,true,true
1.8072,true,true
1.4895,true,true
1.2425,true,true
8.5489,true,true
13.9513,true,true
8.1298,true,true
2.8723,true,true
1.5935,true,true
3.5265,true,true
1.5188,true,true
1.9819,true,true
16.2973,true,true
3.6239,true,false
3.2845,true,true
11.4902,true,false
2.3173,true,true
6.5937,true,true
6.3120,true,false
13.1766,true,true
0.6954,true,true
1.4344,true,true
8.5590,true,true
7.1652,true,false
6.0794,true,false
2.1511,true,true
15.8174,true,true
1.2191,true,true
0.8927,true,true
3.5356,true,true
1.3100,true,true
3.3000,true,true
0.8443,true,true
5.1796,true,true
3.7269,true,false
1.3986,true,true
6.0602,true,false
1.7339,true,true
5.9566,true,true
3.9305,true,true
3.3359,true,true
3.2039,true,true
12.4065,true,true
3.2819,true,true
0.9177,true,true
2.2442,true,true
0.7405,true,true
1.4008,true,true
10.4004,true,true
4.6237,true,false
1.2748,true,true
8.8257,true,true
4.3843,true,true
17.5487,true,true
7.5115,true,false
3.7907,true,true
7.1664,true,true
1.3550,true,true
2.6282,true,false
2.9489,true,true
10.8555,true,false
4.4515,true,true
1.6397,true,true
3.4814,true,true
5.2811,true,true
7.1270,true,true
3.4443,true,false
3.2013,true,true
2.2288,true,true
4.9967,true,true
15.0215,true,true
3.0751,true,true
1.7280,true,true
3.5125,true,true
3.5852,true,true
1.8824,true,true
3.4822,true,true
3.6143,true,false
3.1423,true,true
3.4914,true,true
1.5186,true,true
1.8281,true,true
3.3316,true,true
16.9195,true,true
5.0048,true,true
18.3012,true,true
1.3518,true,true
8.6891,true,true
1.4781,true,true
11.5230,true,true
2.2201,true,false
4.0688,true,true
0.7420,true,true
1.3043,true,true
0.7972,true,true
5.2716,true,false
3.8293,true,true
9.1937,true,true
3.1043,true,true
1.7781,true,true
2.1247,true,true
9.8146,true,true
16.3883,true,true
1.4837,true,true
4.8143,true,true
1.5431,true,true
1.8431,true,true
1.3902,true,true
1.6134,true,true
1.8458,true,true
3.0592,true,true
15.1979,true,true
6.5169,true,false
4.6720,true,false
1.2692,true,true
0.9028,true,false
1.4829,true,true
1.7387,true,true
1.2981,true,true
8.5075,true,true
2.3846,true,true
0.9951,true,true
3.1322,true,false
1.2907,true,true
3.8743,true,true
1.4029,true,true
5.4753,true,true
6.6121,true,false
1.6352,true,true
5.6460,true,true
1.1880,true,true
2.4426,true,false
12.3210,true,true
1.6165,true,true
1.1658,true,true
3.2185,true,true
3.7275,true,false
1.8841,true,true
6.5559,true,true
2.5656,true,true
4.0710,true,false
5.4676,true,true
1.6785,true,true
3.1542,true,true
1.6068,true,true
1.1375,true,true
6.1866,true,true
7.5720,true,true
7.6401,true,true
3.5753,true,true
1.1644,true,true
1.7251,true,true
3.8358,true,false
4.0276,true,true
4.5073,true,true
2.2897,true,true
0.9564,true,true
1.4739,true,true
6.0121,true,false
4.8767,true,false
6.9018,true,true
1.2899,true,true
1.7087,true,true
2.5910,true,false
1.9225,true,true
12.3096,true,true
1.6101,true,true
1.3564,true,true
1.7081,true,true
1.4032,true,true
7.8041,true,true
3.4287,true,true
3.0377,true,false
1.7959,true,true
8.1994,true,true
6.0750,true,true
2.5104,true,true
5.7759,true,true
2.0127,true,true
8.3511,true,true
21.4098,true,true
7.1467,true,true
3.1130,true,true
4.5243,true,true
1.6355,true,true
7.6933,true,true
1.8482,true,true
1.4909,true,true
1.1958,true,true
7.7941,true,true
14.1443,true,true
1.5467,true,true
12.6924,true,true
6.7026,true,true
1.3781,true,true
1.1749,true,true
3.7556,true,true
8.9961,true,true
1.5062,true,true
9.4477,true,true
5.8890,true,false
3.2198,true,true
2.4752,true,true
1.2629,true,true
3.6260,true,true
11.3805,true,true
2.4031,true,true
1.8765,true,true
1.6854,true,true
5.9554,true,true
3.3014,true,false
1.9354,true,true
13.2617,true,true
3.0442,true,true
1.6795,true,true
4.7183,true,false
1.4187,true,true
1.2181,true,true
0.8048,true,true
1.5471,true,true
2.1188,true,true
2.2925,true,true
1.0350,true,true
5.4716,true,true
1.4893,true,true
14.1457,true,true
8.6848,true,false
6.2596,true,false
0.6227,true,true
5.5352,true,false
0.9726,true,false
1.6412,true,true
1.2156,true,true
0.8882,true,true
3.3406,true,false
2.5710,true,true
2.9270,true,false
9.4427,true,true
5.2694,true,false
0.6594,true,true
4.4062,true,true
6.0865,true,true
1.6454,true,true
3.5280,true,true
3.2969,true,true
0.9378,true,true
1.6082,true,true
2.4373,true,true
15.6418,true,true
4.9377,true,true
2.3665,true,true
0.9464,true,true
13.0839,true,true
6.8547,true,true
1.2732,true,true
2.2980,true,true
2.3452,true,true
1.0015,true,true
1.6802,true,true
3.3264,true,false
4.2406,true,false
7.5288,true,true
2.0880,true,true
4.7388,true,false
10.8579,true,false
19.0731,true,true
9.5938,true,true
1.3064,true,true
16.2841,true,true
4.1704,true,true
2.3466,true,true
3.9553,true,true
1.6496,true,true
3.3151,true,true
1.8278,true,true
1.6377,true,true
12.6316,true,true
3.9631,true,false
2.3530,true,true
16.1845,true,true
5.0988,true,false
6.2349,true,true
1.9287,true,false
7.1076,true,true
3.6064,true,true
1.3786,true,true
3.4172,true,true
1.2113,true,true
1.0234,true,true
5.1700,true,true
2.2266,true,true
1.5267,true,true
1.1894,true,true
0.8926,true,true
1.7089,true,false
1.4428,true,true
1.1588,true,true
1.9850,true,true
2.4446,true,true
4.2413,true,false
0.7547,true,true
3.6873,true,true
7.5286,true,true
5.0423,true,true
5.8226,true,true
8.3966,true,false
2.2042,true,true
5.0150,true,false
6.1627,true,true
1.6614,true,true
1.3005,true,true
0.7861,true,true
3.1762,true,true
1.6605,true,true
1.2387,true,true
8.2439,true,true
2.2766,true,true
1.5325,true,true
1.8704,true,true
1.4216,true,true
3.9969,true,false
4.4778,true,true
0.9935,true,false
1.8224,true,true
8.3882,true,true
5.2285,true,true
6.6006,true,true
2.9218,true,true
4.6774,true,false
2.9258,true,false
6.2281,true,false
10.1942,true,false
4.9521,true,true
3.0546,true,true
3.4363,true,true
3.9231,true,true
1.4201,true,true
3.5232,true,true
1.1196,true,true
6.9692,true,true
1.7579,true,true
1.4745,true,true
4.2248,true,false
0.7399,true,true
12.9859,true,true
3.3129,true,true
11.0690,true,true
4.9833,true,true
8.8396,true,true
3.2668,true,true
0.9951,true,true
1.5984,true,true
4.0894,true,true
4.6596,true,true
1.1769,true,true
3.2744,true,true
0.8299,true,true
4.1261,true,false
1.8088,true,true
8.7504,true,true
2.8444,true,true
5.7119,true,true
1.1562,true,true
1.7231,true,true
3.2979,true,true
0.8744,true,false
1.5611,true,true
1.8747,true,true
3.7646,true,true
2.0337,true,true
2.0408,true,true
9.1201,true,true
1.4037,true,true
1.6742,true,true
1.0906,true,true
4.4339,true,true
1.0873,true,true
1.8264,true,true
2.0505,true,true
4.8958,true,true
1.4368,true,true
1.0185,true,true
2.1951,true,true
5.4305,true,true
0.8104,true,true
12.0546,true,true
29.7938,true,true
7.0870,true,true
1.2446,true,true
2.5251,true,true
1.0120,true,true
6.3057,true,false
0.5492,true,true
8.2555,true,true
2.8378,true,true
2.0055,true,true
4.4896,true,false
1.0602,true,true
14.5970,true,true
1.6230,true,true
9.6592,true,false
1.6290,true,true
7.4847,true,true
5.3513,true,false
1.4354,true,true
4.1671,true,false
5.5914,true,true
7.5762,true,false
5.1777,true,true
1.2852,true,true
0.7423,true,true
10.8064,true,true
2.6491,true,true
1.8143,true,true
1.4341,true,true
1.0249,true,true
3.3940,true,true
4.1891,true,true
6.3168,true,true
0.6454,true,true
1.1301,true,true
0.7319,true,true
1.2513,true,true
0.9490,true,true
8.4275,true,true
0.6306,true,true
2.0062,true,true
2.3930,true,true
7.1698,true,true
1.0072,true,true
1.5607,true,true
2.5931,true,false
1.0215,true,true
1.7553,true,true
3.2363,true,true
1.5450,true,true
7.8010,true,true
1.1844,true,true
0.6376,true,true
3.0307,true,true
1.7923,true,true
1.5403,true,true
2.7797,true,true
1.4074,true,true
1.0512,true,true
3.4822,true,false
1.0085,true,true
5.0346,true,true
8.7481,true,true
1.0480,true,true
7.6411,true,true
4.3824,true,true
4.6422,true,true
1.4229,true,true
2.8423,true,false
1.4690,true,true
1.1355,true,true
4.9064,true,true
5.5169,true,true
1.0222,true,true
1.5192,true,true
0.9346,true,true
1.5734,true,true
3.2121,true,true
10.9267,true,true
5.0985,true,true
13.6543,true,true
2.1797,true,true
6.1260,true,true
2.2344,true,true
0.7017,true,true
1.8716,true,true
3.5214,true,false
1.0539,true,true
2.5031,true,true
1.2663,true,true
16.6487,true,true
6.2013,true,true
2.1703,true,true
1.0190,true,true
1.6750,true,false
3.9125,true,false
4.4232,true,true
2.0591,true,false
10.9946,true,true
6.0950,true,true
1.4814,true,true
5.5296,true,true
3.4335,true,false
1.0829,true,true
2.5091,true,true
2.3824,true,true
8.6621,true,false
15.9941,true,true
1.1077,true,true
5.3716,true,true
0.8972,true,true
1.7543,true,true
3.8455,true,true
5.2911,true,true
2.3170,true,true
0.7608,true,true
1.3771,true,true
0.9479,true,true
6.9787,true,false
4.9780,true,true
3.8854,true,true
1.4538,true,true
6.4360,true,true
5.7850,true,true
6.8741,true,true
1.2871,true,true
0.9553,true,false
8.9030,true,true
6.3085,true,true
2.8881,true,true
1.9272,true,true
1.4164,true,true
0.8917,true,true
7.6043,true,true
1.9443,true,true
1.5922,true,true
1.2609,true,false
0.7462,true,true
1.4066,true,true
12.2545,true,true
6.8287,true,false
5.5197,true,true
6.7733,true,true
2.4675,true,true
2.6939,true,true
2.5151,true,true
10.6278,true,true
0.9427,true,true
7.3951,true,true
2.9581,true,true
1.5439,true,true
1.0364,true,true
6.2264,true,true
14.0156,true,false
3.4673,true,false
0.8042,true,true
8.8311,true,true
6.9364,true,true
1.6180,true,true
6.9872,true,true
0.9581,true,true
1.9150,true,true
5.0557,true,true
5.1451,true,false
0.7157,true,true
3.0527,true,true
11.4864,true,true
2.1809,true,true
6.1813,true,true
1.5836,true,true
1.1061,true,true
3.2325,true,true
2.4392,true,true
6.6675,true,true
3.2046,true,true
5.5493,true,true
0.8593,true,true
2.5197,true,true
1.2540,true,true
14.6851,true,true
5.6249,true,false
6.0659,true,true
3.9347,true,true
1.4846,true,true
5.6418,true,false
1.0767,true,true
5.7609,true,true
1.1202,true,true
2.0768,true,true
8.5518,true,false
5.1202,true,true
4.4890,true,true
6.4906,true,true
0.8625,true,true
8.2899,true,true
1.6951,true,true
3.6953,true,true
7.1347,true,true
4.8188,true,false
2.9629,true,true
5.1304,true,true
1.6883,true,false
8.4070,true,true
6.3666,true,true
0.6216,true,true
4.4989,true,true
1.4734,true,true
3.7191,true,true
5.4612,true,true
1.4843,true,true
1.8365,true,true
1.2656,true,true
1.3245,true,true
1.6523,true,true
5.0576,true,true
5.3512,true,true
3.8029,true,true
4.4628,true,false
4.5560,true,false
12.7888,true,true
2.2538,true,true
0.9371,true,true
2.1540,true,true
2.3154,true,true
3.0926,true,true
2.5094,true,true
1.8001,true,true
2.3896,true,true
2.7906,true,true
1.3478,true,true
10.6720,true,true
1.5570,true,true
13.3246,true,true
7.5861,true,true
3.3101,true,true
0.9450,true,true
2.4298,true,true
0.9988,true,true
5.7208,true,false
1.2557,true,true
3.3705,true,false
1.5756,true,true
4.8122,true,true
1.5657,true,true
4.3919,true,true
2.2833,true,false
0.7968,true,true
1.4066,true,true
3.9729,true,false
1.5595,true,true
3.0525,true,true
2.1758,true,true
10.2903,true,true
3.4615,true,true
6.1725,true,true
3.5245,true,true
1.0965,true,true
1.7998,true,true
1.3673,true,true
0.8389,true,true
1.4324,true,true
3.1277,true,true
1.7194,true,true
1.3786,true,true
10.2172,true,true
11.0892,true,true
6.0733,true,true
12.7204,true,true
0.8539,true,true
1.2987,true,true
0.9415,true,true
2.7251,true,true
3.2959,true,true
16.5037,true,true
2.2224,true,true
0.6988,true,true
4.3555,true,false
3.8180,true,true
4.1543,true,true
6.3070,true,true
0.7146,true,false
2.5353,true,true
1.9433,true,true
4.4780,true,true
5.4742,true,true
0.8964,true,true
6.9152,true,true
5.4010,true,false
1.2475,true,true
8.0587,true,true
2.9287,true,false
1.9627,true,true
1.5727,true,true
6.5615,true,true
3.2541,true,true
0.7610,true,true
1.4217,true,true
1.7052,true,true
1.9635,true,true
3.2214,true,true
0.7230,true,true
2.0484,true,true
2.3430,true,true
2.5353,true,true
2.3726,true,false
4.2736,true,true
11.7984,true,true
2.1762,true,true
0.7891,true,true
2.1268,true,true
2.5516,true,true
1.1031,true,true
9.0393,true,true
5.2133,true,true
5.0827,true,false
1.5520,true,true
5.5172,true,false
5.7965,true,true
8.1301,true,false
5.9499,true,true
1.6739,true,true
22.7785,true,true
1.7329,true,true
1.2447,true,true
0.9566,true,true
2.6210,true,true
9.7031,true,false
1.0115,true,true
1.4595,true,true
1.1863,true,true
2.7659,true,false
1.8659,true,true
5.2615,true,true
0.6795,true,true
1.1775,true,true
0.8311,true,true
2.2270,true,true
2.9754,true,true
1.5864,true,true
8.5394,true,true
10.8264,true,true
5.3935,true,true
2.2132,true,true
5.0948,true,false
2.2705,true,true
0.8771,true,true
8.9895,true,true
4.2866,true,true
19.3347,true,true
0.9526,true,true
3.0505,true,true
8.0027,true,true
1.8998,true,true
6.2697,true,true
11.6141,true,true
6.2513,true,true
22.6735,true,true
6.0458,true,false
1.5678,true,true
7.8199,true,true
5.1060,true,true
3.9290,true,false
2.1548,true,true
1.7548,true,true
1.2283,true,true
0.6934,true,true
1.2548,true,true
5.6297,true,false
2.3517,true,true
8.6321,true,true
1.7395,true,true
4.2834,true,true
2.5601,true,true
1.2438,true,false
5.2843,true,false
0.7133,true,true
2.5122,true,true
3.1535,true,true
7.5514,true,true
2.2721,true,true
1.9805,true,true
2.9749,true,true
2.1908,true,true
2.5775,true,true
1.6737,true,true
3.0417,true,false
3.1772,true,true
2.2873,true,true
1.5097,true,true
3.9779,true,false
3.1749,true,true
2.0308,true,true
19.4607,true,true
1.6542,true,true
1.9845,true,true
6.5206,true,true
0.9225,true,true
3.4700,true,true
12.8659,true,true
1.6398,true,true
1.2715,true,true
4.2649,true,false
2.1954,true,true
5.3092,true,true
1.6610,true,true
8.7379,true,true
2.4950,true,true
3.6847,true,true
2.8810,true,true
7.8088,true,true
6.1333,true,true
1.7169,true,true
4.6318,true,true
2.0798,true,true
3.5262,true,true
2.7836,true,false
8.0290,true,true
7.4323,true,true
1.4889,true,true
2.9509,true,false
4.1574,true,true
1.8143,true,true
4.8743,true,false
6.6992,true,true
1.0619,true,true
6.0092,true,false
5.8011,true,false
3.8117,true,true
3.4895,true,false
1.0006,true,true
5.0800,true,true
8.4886,true,true
1.0145,true,true
9.6880,true,false
2.7164,true,true
1.2364,true,true
0.7552,true,true
1.3773,true,true
1.1127,true,true
1.6445,true,true
3.2715,true,true
0.8713,true,true
6.0173,true,true
8.0009,true,false
1.3448,true,true
8.6804,true,true
0.9822,true,true
2.3632,true,true
0.9259,true,true
3.4569,true,true
0.9459,true,true
1.5580,true,true
3.9889,true,false
11.6562,true,true
2.1568,true,true
1.8348,true,true
7.1484,true,true
2.8439,true,true
3.0434,true,true
9.9238,true,true
1.7932,true,true
9.3824,true,true
2.9696,true,true
1.7065,true,true
9.8330,true,false
1.2280,true,true
8.5488,true,true
1.0109,true,true
6.7260,true,false
8.8718,true,true
7.1754,true,true
7.4781,true,true
22.1474,true,true
10.0602,true,true
3.8356,true,true
5.5629,true,true
0.9698,true,true
5.3002,true,true
8.2131,true,true
2.2983,true,true
7.2828,true,true
1.4929,true,true
1.2169,true,true
0.8890,true,true
3.9799,true,true
1.7894,true,true
2.2167,true,true
10.0662,true,true
1.9094,true,true
15.6492,true,true
11.9268,true,true
2.8535,true,true
1.6262,true,true
4.0187,true,true
1.5228,true,true
1.0350,true,true
4.7840,true,true
1.4774,true,true
1.6731,true,true
3.7572,true,true
1.3225,true,true
2.1678,true,true
1.7393,true,true
6.6434,true,false
1.7949,true,true
8.2536,true,true
1.7210,true,true
1.5422,true,true
1.4060,true,true
3.3752,true,false
4.8108,true,false
1.5358,true,true
2.7953,true,true
1.4497,true,true
1.1304,true,true
1.8520,true,true
2.2232,true,true
7.7342,true,true
1.8679,true,true
1.5373,true,true
1.0289,true,true
1.7879,true,true
9.5682,true,true
0.8906,true,true
4.4547,true,true
6.2247,true,false
1.8519,true,true
1.4486,true,true
7.9234,true,true
6.1026,true,true
4.5951,true,true
3.5224,true,false
1.1618,true,false
3.5394,true,true
5.2254,true,true
12.2914,true,true
3.2955,true,true
11.1639,true,true
6.1770,true,true
3.7753,true,true
6.9891,true,true
9.2839,true,false
6.0762,true,true
1.6470,true,true
1.5054,true,true
1.1084,true,true
5.0375,true,false
2.8758,true,true
2.1443,true,true
1.7014,true,true
1.7879,true,true
11.2813,true,true
9.5715,true,true
1.0886,true,true
7.5843,true,false
0.9882,true,true
1.7620,true,false
1.5229,true,true
3.2755,true,true
6.4506,true,true
2.0160,true,false
1.7643,true,true
2.0176,true,true
9.2721,true,true
4.1991,true,true
5.9803,true,true
2.2900,true,true
11.8871,true,true
1.2646,true,true
6.3265,true,false
6.5416,true,true
1.3950,true,true
6.3900,true,false
2.1053,true,true
2.5161,true,true
11.0305,true,true
1.5228,true,true
1.9540,true,true
1.6183,true,true
10.5685,true,true
1.0523,true,true
12.5186,true,true
1.6745,true,true
10.1082,true,true
1.6305,true,true
2.1952,true,true
1.1346,true,true
15.5021,true,true
2.5241,true,true
1.2524,true,true
6.0791,true,true
2.3187,true,true
0.9724,true,true
2.3291,true,true
0.9118,true,true
4.1516,true,true
5.2390,true,true
13.9828,true,true
2.1766,true,true
3.6484,true,true
2.1207,true,true
1.7869,true,true
2.0018,true,true
7.5006,true,true
2.1092,true,true
3.6092,true,true
1.3308,true,true
4.6526,true,true
2.8591,true,true
16.4610,true,true
12.1384,true,true
1.3675,true,true
1.6618,true,true
4.1550,true,true
1.7752,true,true
6.4756,true,true
6.8829,true,false
5.3975,true,false
0.9613,true,true
5.2462,true,false
1.4825,true,true
5.5805,true,true
7.7764,true,true
1.7917,true,true
3.9411,true,true
5.1914,true,false
0.8071,true,true
1.5302,true,true
1.3564,true,true
2.1229,true,true
4.1794,true,true
11.7283,true,true
5.7880,true,true
1.9336,true,true
16.4857,true,true
1.7463,true,true
2.1293,true,true
1.7395,true,true
1.5300,true,true
2.0410,true,true
1.6347,true,true
1.4700,true,true
11.5581,true,true
1.3132,true,true
8.0780,true,true
1.4969,true,true
1.3122,true,true
6.0173,true,false
3.3040,true,false
24.2552,true,true
0.9865,true,true
1.9768,true,true
4.2993,true,true
1.0668,true,true
1.7506,true,true
2.2372,true,true
2.0881,true,true
7.6271,true,true
6.5201,true,false
4.7392,true,true
2.0416,true,true
2.6937,true,true
6.5160,true,false
4.5755,true,false
3.5181,true,true
4.3168,true,false
1.4057,true,true
1.3744,true,true
8.8958,true,true
6.7041,true,false
1.0721,true,true
2.5163,true,true
5.0952,true,true
12.5857,true,true
1.0696,true,true
3.6399,true,false
16.8084,true,true
2.6407,true,true
2.7353,true,true
1.2162,true,true
0.9043,true,true
8.6651,true,true
2.4739,true,true
18.1375,true,true
2.7492,true,true
1.5521,true,true
3.8144,true,false
7.3675,true,true
1.3931,true,true
14.8379,true,true
1.0546,true,true
4.7672,true,true
5.5276,true,true
9.9091,true,true
5.3180,true,true
2.4294,true,true
1.4616,true,true
5.0755,true,true
1.7292,true,true
1.3899,true,true
8.2850,true,true
3.2239,true,true
0.7723,true,true
4.7860,true,false
5.8294,true,true
1.2654,true,true
2.4146,true,true
2.6640,true,true
11.6394,true,true
4.2881,true,false
3.9246,true,false
1.5359,true,true
2.1691,true,true
10.5455,true,true
1.5081,true,true
6.5228,true,false
1.0282,true,true
5.2514,true,true
12.6675,true,true
2.2877,true,false
1.3952,true,true
1.0633,true,true
6.4335,true,true
5.4087,true,false
2.6040,true,true
9.8106,true,true
1.0743,true,true
1.7950,true,true
1.5253,true,true
4.1416,true,false
1.3840,true,true
0.9695,true,true
1.7742,true,true
3.8949,true,false
8.4305,true,false
4.3980,true,true
1.0649,true,true
6.1394,true,false
8.4324,true,true
7.0406,true,true
5.1176,true,true
2.3276,true,true
7.7749,true,true
6.2418,true,true
5.3920,true,false
4.0281,true,true
1.8359,true,true
4.9029,true,true
2.4727,true,true
1.1103,true,true
1.6345,true,true
5.8430,true,false
1.3593,true,true
1.0467,true,true
1.6517,true,true
5.3645,true,true
1.6639,true,true
3.2289,true,true
0.7762,true,true
3.2045,true,true
1.3756,true,true
1.0122,true,true
1.7138,true,true
4.6582,true,false
8.0999,true,true
9.1100,true,true
2.9944,true,true
3.4543,true,false
3.0633,true,true
3.4799,true,true
5.1244,true,true
1.7924,true,true
2.1104,true,true
3.8151,true,true
1.6056,true,true
1.3530,true,true
1.0224,true,true
1.6895,true,true
6.2994,true,false
0.6688,true,true
8.7538,true,false
5.1364,true,false
0.7438,true,true
7.0535,true,true
1.2944,true,true
3.6601,true,false
1.3351,true,true
4.4271,true,true
1.0397,true,true
1.7474,true,true
5.9455,true,false
1.5156,true,true
1.1540,true,true
2.0003,true,true
1.6806,true,true
4.7278,true,true
5.0156,true,true
4.3900,true,true
1.4221,true,true
1.0530,true,true
3.3516,true,true
0.8442,true,true
2.7477,true,true
1.3113,true,true
2.7438,true,true
11.9856,true,true
1.1679,true,true
4.6602,true,true
1.4472,true,true
0.9626,true,true
8.3065,true,true
4.3545,true,true
9.3424,true,true
4.8961,true,false
4.1063,true,true
3.7187,true,true
3.9928,true,false
1.7988,true,true
1.4116,true,true
6.8123,true,true
5.6662,true,false
1.2486,true,true
0.7108,true,true
6.2023,true,true
6.1856,true,false
4.4607,true,true
1.1440,true,true
5.5376,true,true
2.5942,true,true
3.5837,true,true
11.4087,true,true
7.4811,true,true
1.7129,true,true
1.4096,true,true
1.8306,true,true
9.7947,true,true
5.5390,true,false
2.6490,true,false
5.2697,true,true
2.2623,true,true
1.0541,true,true
1.7623,true,true
3.0475,true,true
7.5056,true,false
1.6360,true,true
8.2071,true,true
3.6132,true,false
1.1841,true,true
0.7534,true,true
1.3204,true,true
0.9730,true,true
1.4357,true,true
9.0336,true,true
3.7446,true,false
4.0114,true,false
2.2910,true,true
6.4752,true,true
1.1494,true,true
4.7648,true,true
3.1591,true,true
6.2819,true,true
6.9211,true,true
6.3852,true,false
5.2880,true,true
9.5733,true,true
3.6417,true,true
1.3331,true,true
1.0153,true,true
3.5711,true,true
6.7876,true,true
7.3833,true,true
5.7238,true,false
1.2799,true,true
10.1662,true,true
5.8441,true,true
1.3671,true,true
1.0857,true,true
6.8741,true,true
1.2518,true,true
1.0256,true,true
3.0354,true,true
9.5156,true,true
1.0520,true,false
5.7352,true,true
5.1158,true,false
2.9725,true,false
1.6619,true,true
12.7927,true,true
9.0342,true,false
5.5770,true,true
5.7665,true,true
12.2739,true,true
5.0132,true,false
1.6866,true,true
1.2911,true,true
1.7777,true,true
1.6591,true,true
7.9104,true,true
1.0669,true,true
13.5405,true,true
3.2748,true,true
3.4888,true,true
2.7239,true,true
4.6675,true,true
1.2589,true,true
8.0039,true,true
2.9291,true,true
1.6522,true,true
6.0417,true,false
1.9803,true,true
5.6455,true,true
5.6517,true,false
1.1523,true,true
1.2708,true,true
25.0087,true,true
5.3790,true,true
0.7703,true,true
1.4520,true,true
0.9835,true,true
2.3198,true,true
0.9502,true,true
7.2200,true,true
5.2517,true,true
3.5409,true,true
5.9469,true,true
1.7730,true,true
1.4959,true,true
2.8191,true,true
1.3399,true,true
3.4719,true,false
1.0449,true,true
1.5897,true,true
1.7435,true,true
8.4988,true,true
0.7246,true,true
5.4045,true,true
1.5479,true,true
1.9812,true,true
1.5721,true,true
15.3156,true,true
1.3058,true,true
7.9459,true,true
1.2380,true,true
6.7320,true,false
2.9553,true,false
1.4991,true,true
4.9173,true,false
5.3972,true,false
0.7864,true,true
8.0333,true,true
2.0781,true,true
6.1705,true,false
5.7348,true,false
2.8700,true,false
1.6087,true,true
2.4995,true,true
2.0210,true,true
2.6373,true,true
1.2914,true,true
1.4411,true,true
10.0819,true,true
2.3043,true,true
13.3615,true,true
5.4904,true,true
1.4996,true,true
2.6192,true,true
1.1198,true,true
4.8989,true,true
1.4241,true,true
2.5220,true,true
6.5389,true,false
5.4827,true,true
0.8478,true,true
1.2580,true,true
5.0575,true,true
7.8126,true,true
14.7581,true,true
2.7740,true,true
8.8196,true,true
15.4238,true,true
2.9347,true,true
3.1371,true,true
5.1941,true,false
6.6307,true,true
6.1617,true,true
1.5737,true,true
3.9220,true,false
4.5162,true,true
1.0310,true,true
1.6026,true,true
1.0906,true,true
1.7238,true,true
1.4120,true,true
7.6921,true,false
14.0385,true,true
1.1381,true,true
8.2592,true,true
1.9261,true,true
2.1287,true,true
16.4284,true,true
1.5290,true,true
6.3644,true,true
1.3076,true,true
3.1528,true,false
1.8150,true,true
4.3794,true,false
3.2617,true,false
1.0694,true,true
1.7088,true,true
14.4328,true,true
1.5435,true,true
5.6567,true,true
1.2106,true,true
2.2999,true,true
0.9609,true,true
6.0022,true,false
4.6807,true,true
1.1514,true,true
6.7158,true,true
4.8819,true,false
2.8347,true,true
5.6285,true,true
1.0287,true,true
8.3678,true,true
6.6691,true,true
3.9027,true,false
5.0477,true,false
1.7431,true,true
1.4137,true,true
23.7806,true,true
1.5859,true,true
2.3486,true,true
0.7894,true,true
8.1167,true,true
1.6335,true,true
7.9581,true,true
1.3787,true,true
4.6344,true,true
5.0241,true,true
2.1806,true,true
4.5116,true,true
10.9524,true,true
1.3365,true,true
4.6620,true,true
4.7800,true,false
6.2109,true,false
2.0437,true,true
2.2576,true,true
6.1663,true,true
2.2548,true,true
0.9739,true,true
3.1472,true,true
1.7690,true,true
1.4450,true,true
3.7610,true,true
6.1226,true,true
1.5859,true,true
1.2320,true,true
2.4084,true,true
2.4204,true,true
3.4251,true,true
1.6226,true,true
1.0930,true,true
2.5036,true,true
1.8813,true,true
7.4857,true,true
2.2081,true,true
0.7386,true,true
1.2969,true,true
7.5488,true,true
9.1002,true,true
4.0611,true,true
3.3490,true,true
3.2971,true,false
3.0863,true,false
1.5523,true,true
0.9787,true,true
1.4084,true,true
0.9295,true,true
3.8977,true,true
1.5152,true,true
2.3276,true,false
0.8458,true,true
10.1708,true,false
5.9398,true,true
2.1450,true,true
3.3876,true,true
0.8864,true,true
12.5445,true,true
0.6832,true,true
2.9728,true,true
7.2359,true,true
3.0647,true,true
1.7598,true,true
6.5021,true,true
1.3602,true,true
0.9321,true,true
3.1047,true,true
2.3710,true,true
4.2144,true,false
2.2847,true,true
3.0918,true,false
1.5865,true,true
3.1091,true,true
4.2609,true,true
3.7847,true,false
4.5491,true,true
1.1645,true,true
2.4173,true,true
3.4648,true,true
1.1122,true,true
1.8454,true,true
1.5079,true,true
1.8827,true,true
13.8191,true,true
7.6688,true,true
5.4545,true,true
2.4229,true,true
3.3710,true,false
1.5544,true,true
2.2236,true,false
2.5836,true,true
2.8065,true,false
4.4492,true,false
0.8818,true,true
1.2937,true,true
2.8659,true,true
3.3362,true,true
2.8621,true,false
13.8141,true,true
2.4461,true,true
1.5786,true,true
6.5827,true,true
3.7143,true,true
1.4950,true,true
1.0522,true,true
4.2528,true,true
1.0336,true,true
14.5008,true,true
5.9879,true,true
1.4622,true,true
0.9845,true,true
1.4893,true,true
1.1005,true,true
2.2332,true,true
1.5245,true,true
0.8805,true,true
1.2940,true,true
5.3510,true,false
0.8539,true,true
3.8382,true,true
5.3123,true,true
1.2326,true,true
0.8561,true,true
3.4009,true,true
10.1047,true,true
3.9142,true,true
2.2526,true,true
2.9777,true,true
13.2365,true,true
5.4662,true,true
0.9732,true,true
1.6563,true,true
1.2101,true,true
4.4649,true,false
7.0050,true,true
9.4045,true,true
12.7425,true,true
1.7013,true,true
9.6749,true,true
1.0809,true,true
6.5685,true,true
8.3392,true,false
6.2479,true,true
1.8657,true,true
9.0351,true,true
1.5457,true,true
1.2388,true,true
2.3324,true,true
2.2289,true,true
2.9819,true,false
4.8678,true,true
1.4586,true,true
8.0748,true,true
2.2402,true,true
0.8648,true,false
1.4599,true,true
1.0711,true,true
2.8939,true,false
1.4418,true,true
5.1784,true,true
6.6622,true,true
1.2756,true,true
1.1433,true,true
1.8622,true,true
3.9088,true,false
1.4982,true,true
1.1552,true,true
3.2729,true,true
18.8341,true,true
0.7055,true,true
7.1494,true,true
2.8156,true,true
1.4560,true,true
2.9825,true,false
2.5388,true,true
1.5084,true,true
3.8704,true,true
1.5452,true,true
1.9564,true,true
2.2114,true,true
9.2184,true,true
5.9622,true,true
3.0964,true,true
5.0814,true,false
4.5703,true,true
2.8009,true,false
8.6659,true,true
5.9658,true,true
1.5387,true,true
1.3051,true,true
7.7120,true,true
1.1257,true,true
1.8452,true,true
2.5742,true,true
3.4853,true,true
5.3352,true,false
0.9233,true,true
1.6687,true,true
1.1945,true,true
1.2854,true,true
0.8412,true,true
10.3350,true,false
4.4825,true,false
4.9926,true,true
1.5207,true,true
1.0602,true,true
4.1571,true,true
5.5419,true,false
0.9047,true,true
1.4357,true,true
5.3734,true,true
1.2864,true,true
14.6075,true,true
21.9823,true,true
8.4249,true,true
3.2729,true,true
3.8990,true,true
1.4414,true,true
1.1164,true,true
2.8136,true,true
4.1128,true,false
4.7410,true,false
1.3826,true,true
1.1211,true,true
1.0839,true,true
2.1655,true,true
16.2561,true,false
3.3938,true,true
22.6667,true,true
10.3013,true,true
3.9001,true,false
2.3387,true,true
8.9427,true,true
18.1994,true,true
1.1395,true,true
3.0029,true,true
1.7064,true,true
6.4795,true,false
0.8017,true,true
1.3278,true,true
1.3559,true,true
11.0070,true,true
3.0595,true,true
5.9692,true,false
1.5962,true,false
1.1596,true,true
6.2340,true,true
1.9484,true,true
1.6817,true,true
2.9760,true,true
2.1713,true,true
5.3856,true,true
0.8091,true,true
11.1773,true,true
1.4723,true,false
1.0114,true,true
5.2822,true,false
0.7548,true,true
8.4869,true,true
0.6055,true,true
7.7741,true,true
1.6473,true,true
5.6324,true,true
7.7590,true,true
2.5470,true,true
4.1781,true,true
11.0246,true,true
5.0652,true,false
5.0061,true,true
1.5499,true,true
1.1794,true,true
1.7549,true,true
3.9001,true,true
5.3293,true,true
2.1361,true,true
6.0918,true,false
7.0529,true,true
1.4034,true,true
18.7469,true,true
2.5993,true,true
1.2360,true,true
8.2735,true,true
14.6670,true,true
7.6531,true,true
3.5524,true,true
23.0249,true,true
14.4287,true,true
5.7862,true,true
1.2322,true,true
5.1753,true,true
12.5371,true,true
0.6115,true,true
5.4967,true,true
4.9696,true,true
11.5653,true,false
1.3525,true,true
5.1292,true,false
1.2515,true,true
0.7189,true,true
1.3778,true,true
1.0538,true,true
5.2372,true,false
1.2334,true,true
6.7237,true,false
1.0561,true,true
1.7433,true,true
1.2202,true,true
8.1306,true,true
2.7281,true,false
1.5085,true,true
7.2535,true,false
2.3546,true,true
1.2789,true,true
0.9322,true,true
3.3967,true,false
1.1303,true,true
0.7756,true,true
5.1515,true,true
1.8020,true,true
5.6147,true,true
1.2949,true,true
0.9482,true,true
24.0145,true,true
0.8277,true,true
1.6663,true,true
3.9866,true,true
5.8155,true,true
1.3655,true,true
1.1502,true,true
7.9748,true,true
5.7015,true,false
4.0870,true,true
4.1103,true,true
3.7284,true,true
1.3454,true,true
1.1433,true,true
3.5204,true,true
1.0961,true,true
1.7469,true,true
1.9802,true,true
1.6384,true,true
1.3197,true,true
3.1131,true,true
6.2225,true,true
2.3688,true,true
1.0283,true,false
1.6597,true,true
4.4847,true,false
2.8055,true,false
7.3268,true,false
2.5810,true,false
5.4774,true,true
2.3434,true,true
0.8818,true,true
6.5053,true,true
4.4710,true,true
3.3020,true,true
2.8135,true,true
3.1341,true,true
1.6583,true,true
1.2701,true,true
1.3296,true,true
4.9849,true,true
1.6286,true,true
16.9951,true,true
2.3899,true,true
0.9954,true,true
2.1572,true,true
1.7230,true,true
1.9926,true,true
1.5435,true,true
2.6108,true,true
1.1810,true,false
5.6265,true,true
1.2062,true,true
0.9597,true,true
4.1947,true,true
0.7096,true,true
1.3009,true,true
8.7857,true,true
3.3585,true,true
0.9030,true,true
1.4215,true,true
0.8865,true,true
4.2580,true,false
0.7155,true,true
1.3952,true,true
0.9656,true,true
5.2310,true,true
8.4849,true,true
2.2387,true,true
3.4581,true,true
4.4397,true,false
5.6140,true,true
2.4232,true,true
8.4691,true,true
27.6702,true,true
4.0702,true,true
12.1950,true,true
3.0076,true,true
6.5026,true,true
8.1543,true,true
3.8477,true,false
27.6531,true,true
1.8418,true,true
10.4274,true,true
5.2919,true,true
0.9865,true,true
1.6539,true,true
2.4268,true,false
5.3543,true,true
11.3906,true,true
8.2895,true,true
6.1037,true,false
1.4671,true,true
1.0515,true,true
3.7736,true,true
6.1094,true,false
6.1594,true,true
5.7612,true,true
1.1580,true,true
5.9779,true,false
15.2634,true,true
7.3300,true,true
4.3357,true,true
3.8281,true,true
4.5280,true,false
4.5640,true,true
3.7384,true,true
3.8726,true,false
11.7335,true,true
1.3671,true,true
0.9609,true,true
3.0616,true,true
9.0381,true,false
6.6044,true,true
1.6012,true,true
1.2687,true,true
1.3147,true,true
2.9117,true,true
2.7298,true,true
6.2548,true,true
1.9228,true,true
8.9339,true,true
4.0446,true,true
1.7695,true,true
3.7250,true,true
19.1235,true,true
2.6615,true,true
10.9323,true,true
4.8668,true,false
1.4650,true,true
9.7291,true,true
4.4348,true,true
7.1924,true,true
4.7559,true,true
6.3879,true,true
0.7006,true,true
1.2500,true,true
0.7628,true,true
3.6752,true,false
11.5104,true,true
6.4093,true,true
5.5039,true,true
5.0621,true,true
1.7076,true,true
1.8564,true,true
1.5356,true,true
3.0914,true,false
5.0490,true,true
1.6701,true,true
7.9404,true,false
5.0132,true,false
1.5711,true,true
10.9808,true,true
1.5181,true,true
1.1339,true,true
3.5762,true,true
3.9802,true,true
3.2049,true,true
2.2033,true,true
6.0540,true,true
6.1655,true,true
2.3328,true,true
0.9755,true,true
5.2055,true,true
0.6586,true,true
1.2189,true,true
6.6631,true,false
3.0831,true,true
10.7627,true,true
1.0831,true,true
1.7018,true,true
1.9929,true,true
5.2109,true,false
8.7577,true,false
2.5125,true,true
16.3093,true,true
1.4428,true,true
1.1243,true,true
8.0407,true,true
4.1417,true,true
10.9589,true,true
1.2497,true,true
4.0113,true,true
1.5346,true,true
1.2514,true,true
6.5657,true,true
0.8876,true,true
3.5290,true,true
11.0232,true,true
1.3332,true,true
0.9870,true,true
2.8716,true,false
1.4063,true,true
6.1687,true,true
1.6979,true,true
10.2661,true,true
4.3074,true,true
2.9300,true,false
3.0715,true,true
1.5299,true,true
4.7893,true,true
1.5107,true,true
1.1931,true,true
2.6273,true,true
1.2045,true,true
2.4042,true,true
1.3760,true,true
3.3403,true,true
0.9011,true,true
5.4258,true,false
5.9827,true,true
1.5985,true,true
14.4110,true,true
3.9872,true,false
1.5662,true,true
8.0951,true,true
20.6309,true,true
2.7330,true,true
1.3838,true,true
0.9572,true,true
6.7759,true,true
1.2196,true,true
0.7676,true,true
1.4636,true,true
3.0815,true,true
1.8738,true,true
16.4395,true,true
1.5042,true,true
2.3853,true,true
7.1242,true,true
2.0865,true,true
2.3435,true,true
4.5815,true,true
6.1773,true,true
13.3369,true,true
4.2399,true,true
16.6993,true,true
5.3023,true,true
0.7919,true,true
1.3501,true,true
1.6428,true,true
1.4302,true,true
4.0071,true,true
1.7516,true,true
4.5771,true,true
2.6689,true,true
3.0438,true,true
3.7034,true,true
5.7331,true,false
5.8108,true,false
1.5383,true,true
8.2740,true,false
4.7125,true,true
5.2946,true,false
0.6824,true,true
1.8581,true,true
2.6010,true,false
1.3539,true,true
0.9453,true,true
4.2343,true,true
1.5257,true,true
5.3200,true,false
1.1982,true,true
2.3102,true,true
0.8614,true,true
4.5209,true,true
1.1522,true,true
1.6517,true,true
4.9779,true,false
2.2452,true,true
1.4780,true,true
3.5241,true,true
4.0139,true,true
11.5923,true,true
0.9074,true,true
11.8386,true,true
2.7955,true,true
1.3252,true,true
1.0622,true,true
15.2728,true,true
12.2131,true,true
9.2321,true,true
7.5822,true,false
3.2233,true,true
3.5691,true,false
3.5535,true,false
1.6532,true,true
10.5381,true,true
1.0017,true,true
1.6722,true,true
9.3488,true,true
1.6564,true,true
5.2255,true,false
0.8185,true,true
1.1959,true,true
3.3449,true,true
1.0495,true,true
2.2440,true,true
17.4993,true,true
7.6521,true,true
3.1459,true,false
6.1351,true,false
2.2539,true,true
0.8448,true,true
1.4615,true,true
6.7986,true,true
0.8721,true,true
4.0147,true,true
1.6904,true,true
5.7509,true,true
2.0289,true,true
2.1589,true,true
8.6527,true,true
2.2934,true,true
0.9987,true,true
1.5953,true,true
1.2918,true,true
0.9207,true,true
1.5147,true,true
6.2512,true,true
0.9621,true,true
4.2547,true,false
5.8049,true,true
1.3919,true,true
2.6446,true,false
2.8570,true,true
1.6095,true,true
1.6181,true,true
5.0736,true,false
1.2546,true,true
3.4961,true,true
3.2108,true,true
3.3714,true,true
0.9551,true,true
2.7741,true,true
9.2592,true,true
3.4111,true,true
1.0127,true,true
1.5732,true,true
1.1918,true,true
3.0398,true,false
3.4143,true,true
5.4705,true,true
4.0181,true,false
4.4455,true,true
1.0270,true,true
1.6768,true,true
7.1921,true,true
13.5951,true,true
1.2072,true,true
2.9594,true,false
4.2506,true,true
1.3084,true,true
0.9141,true,true
1.7768,true,true
1.3887,true,true
16.2876,true,true
1.2326,true,false
2.3690,true,true
0.8902,true,true
3.6891,true,false
1.3819,true,true
2.8287,true,true
3.8201,true,true
3.1961,true,false
6.7388,true,true
1.0661,true,true
3.4774,true,true
8.0893,true,true
3.1773,true,true
1.9295,true,true
1.5103,true,true
2.9315,true,false
3.0128,true,true
1.6320,true,true
4.2129,true,true
4.9186,true,true
5.9204,true,true
1.3756,true,true
5.0132,true,true
4.1234,true,true
12.4912,true,true
2.0794,true,true
3.2882,true,true
1.5421,true,true
1.2650,true,true
1.5107,true,true
2.7666,true,true
13.3287,true,true
3.8641,true,false
1.6879,true,true
1.1820,true,true
7.8582,true,true
1.2149,true,true
8.7652,true,false
1.1773,true,true
8.4140,true,true
8.1450,true,true
3.7115,true,true
1.3139,true,true
6.1152,true,true
3.8860,true,false
2.0537,true,true
7.9113,true,true
1.3994,true,true
10.4532,true,true
0.7555,true,true
1.2962,true,true
1.5179,true,true
2.2738,true,false
0.8676,true,true
1.5123,true,true
5.6387,true,true
1.1673,true,true
0.8880,true,true
1.4112,true,true
4.3303,true,false
0.8926,true,true
4.2523,true,false
3.9763,true,false
1.8199,true,true
16.6158,true,true
0.6477,true,true
8.9520,true,true
1.5151,true,true
1.2343,true,true
0.7150,true,true
5.8368,true,false
5.9853,true,true
1.3972,true,true
3.3600,true,true
1.5971,true,true
1.2403,true,true
5.7260,true,true
2.9768,true,true
10.8846,true,true
7.4318,true,true
13.6825,true,true
1.4244,true,true
1.0992,true,true
0.7038,true,true
1.2205,true,true
9.9920,true,true
1.9789,true,true
8.3413,true,true
4.4010,true,true
1.0049,true,true
9.0800,true,true
3.7620,true,true
6.3370,true,false
4.4489,true,true
0.8810,true,true
8.7098,true,false
5.1258,true,true
3.3702,true,false
0.9583,true,true
2.2148,true,true
0.8016,true,true
1.6619,true,true
10.2031,true,false
1.5125,true,true
1.1797,true,true
1.3808,true,true
1.4348,true,true
1.2460,true,true
2.6345,true,true
4.8341,true,true
2.0119,true,true
3.4290,true,false
2.7803,true,true
1.4932,true,true
2.3720,true,true
11.2310,true,true
5.4471,true,true
2.2983,true,true
1.6262,true,false
1.4388,true,true
1.0749,true,true
1.7246,true,true
1.2232,true,true
7.9670,true,true
1.9982,true,true
3.1615,true,true
3.2570,true,true
0.7876,true,true
5.5447,true,true
0.9215,true,true
4.1125,true,true
1.8946,true,true
9.8539,true,true
1.2587,true,true
0.8336,true,true
3.9156,true,true
2.1885,true,true
2.1566,true,true
4.8660,true,true
1.4966,true,true
7.9888,true,true
2.7083,true,true
2.0577,true,true
7.5169,true,true
2.9114,true,true
4.9532,true,true
12.4245,true,true
1.6326,true,true
2.5610,true,true
3.8807,true,true
1.5190,true,true
1.0789,true,true
5.1699,true,false
1.7715,true,true
2.1111,true,true
3.1936,true,true
10.8659,true,true
1.1276,true,true
4.7764,true,true
1.2322,true,true
2.9936,true,true
1.4229,true,true
2.7295,true,true
3.4692,true,true
2.9662,true,true
1.5742,true,true
9.0396,true,true
3.5745,true,true
1.2098,true,true
4.7383,true,false
8.2292,true,true
7.7784,true,true
4.2194,true,true
16.8623,true,true
5.6331,true,true
4.5821,true,true
1.2630,true,true
0.7750,true,true
3.6227,true,true
1.1783,true,true
5.3777,true,false
6.6827,true,true
0.8525,true,true
5.4528,true,true
0.8440,true,true
1.5076,true,true
1.7645,true,true
6.5171,true,true
11.7044,true,true
0.8854,true,true
8.2562,true,false
4.8910,true,true
1.4783,true,true
2.8236,true,true
1.4009,true,true
3.1667,true,false
2.3639,true,true
4.5087,true,true
12.4618,true,true
3.9019,true,false
1.4760,true,true
2.8484,true,true
2.7535,true,true
2.6165,true,true
1.2586,true,true
1.4109,true,true
0.9279,true,true
2.0576,true,true
4.0654,true,false
1.6880,true,true
1.1256,true,true
1.5212,true,true
1.1244,true,true
4.8962,true,true
1.4634,true,true
15.1285,true,true
4.0197,true,false
1.5094,true,true
5.7154,true,true
3.7545,true,true
2.5079,true,true
10.1576,true,true
1.5123,true,true
1.0271,true,true
1.6086,true,true
5.7163,true,true
1.0880,true,true
1.7117,true,true
8.1705,true,true
5.4743,true,true
0.8458,true,true
1.6895,true,true
10.1078,true,true
1.4159,true,true
1.4805,true,true
5.5331,true,false
0.8910,true,true
4.5573,true,true
3.4380,true,true
2.4352,true,true
2.6619,true,false
1.2029,true,false
0.6086,true,true
6.3096,true,true
0.6334,true,true
1.6899,true,true
2.5008,true,true
9.6603,true,false
3.1294,true,false
5.6502,true,true
6.0041,true,true
6.5983,true,true
2.6239,true,true
6.2348,true,true
0.7731,true,true
1.4628,true,true
1.2110,true,true
7.6043,true,true
3.3134,true,true
6.1881,true,false
5.8564,true,true
2.8759,true,false
1.5727,true,true
4.3793,true,true
0.8658,true,true
18.0185,true,true
26.4384,true,true
3.3866,true,true
8.1522,true,true
20.9053,true,true
34.1120,true,true
2.9928,true,true
53.6064,true,true
22.0004,true,true
14.5456,true,true
4.3687,true,true
13.8522,true,true
5.2913,true,true
0.9304,true,true
5.3181,true,true
0.6830,true,true
1.3011,true,true
0.9158,true,true
1.3762,true,true
3.8768,true,false
1.4231,true,true
1.6516,true,true
3.0315,true,true
3.8882,true,false
9.4464,true,true
14.3268,true,true
8.1533,true,true
3.9493,true,true
5.4019,true,true
19.0209,true,true
6.4833,true,false
5.4864,true,true
2.6252,true,false
5.3004,true,true
2.0523,true,true
10.6791,true,true
4.9636,true,false
1.6626,true,true
2.8458,true,true
1.4844,true,true
1.3048,true,true
0.8089,true,true
5.3007,true,true
0.7938,true,true
5.8166,true,true
4.5689,true,true
5.5432,true,true
5.4333,true,true
1.1259,true,true
4.9476,true,false
1.9283,true,true
14.9059,true,true
0.9396,true,true
1.5858,true,true
1.0825,true,true
1.7202,true,true
1.2433,true,true
3.4439,true,false
1.7782,true,true
1.4245,true,true
4.0967,true,true
1.6700,true,true
9.1662,true,true
3.5591,true,true
1.2359,true,false
7.4705,true,true
1.6424,true,true
1.2234,true,true
3.5771,true,false
1.1672,true,true
7.2239,true,false
2.3466,true,true
0.8735,true,true
2.7723,true,true
1.3177,true,true
0.9380,true,true
1.4054,true,true
0.9215,true,true
2.1920,true,true
0.6154,true,true
1.0708,true,true
6.3888,true,true
2.3336,true,true
4.6359,true,false
10.8946,true,true
1.8305,true,true
3.8960,true,true
5.9708,true,false
6.6230,true,false
15.1045,true,true
1.2365,true,true
6.8708,true,true
1.3078,true,true
24.9990,true,true
3.9254,true,true
9.4576,true,true
3.5762,true,true
4.1054,true,true
3.2981,true,true
2.0730,true,false
1.6583,true,false
1.2594,true,true
0.7948,true,true
4.3757,true,false
0.9897,true,true
1.4700,true,true
1.3568,true,true
9.5739,true,true
0.8721,true,true
5.7488,true,false
4.4906,true,false
19.4172,true,true
2.2953,true,true
0.7357,true,true
1.4095,true,true
6.2296,true,true
1.1829,true,true
1.9150,true,true
10.4447,true,true
1.4055,true,true
6.9887,true,true
0.8680,true,true
3.1346,true,false
4.3018,true,true
1.6593,true,true
1.3103,true,true
7.4853,true,true
4.5459,true,false
1.0938,true,true
1.5490,true,true
1.2248,true,false
8.1805,true,true
3.2649,true,false
3.0368,true,false
7.0248,true,false
7.9929,true,true
1.3855,true,true
7.8285,true,true
6.1726,true,true
3.8997,true,true
10.5958,true,true
6.7641,true,true
1.1282,true,true
8.0157,true,true
2.0502,true,true
5.9841,true,false
2.8825,true,false
1.7478,true,true
3.6620,true,true
1.4475,true,true
4.2730,true,false
3.4757,true,false
1.1672,true,true
2.8115,true,true
1.6198,true,true
7.1449,true,false
3.5503,true,false
6.7866,true,false
1.2826,true,true
1.0088,true,true
1.6543,true,true
1.2572,true,true
3.3354,true,false
1.0504,true,true
3.4600,true,true
1.0980,true,true
0.9053,true,true
2.5131,true,true
1.2723,true,true
0.8739,true,true
1.5358,true,true
1.4216,true,true
3.5721,true,false
1.2986,true,true
0.9310,true,true
1.4238,true,true
1.0620,true,true
1.6342,true,true
1.2602,true,false
0.9891,true,true
2.1598,true,true
10.2167,true,true
1.5773,true,true
1.0334,true,true
5.3904,true,true
6.3324,true,true
2.1417,true,true
1.6604,true,true
9.6334,true,true
16.7783,true,true
1.2705,true,true
8.8542,true,true
1.3633,true,true
3.3735,true,true
0.9571,true,true
3.0714,true,true
2.1862,true,true
0.8269,true,true
1.2857,true,true
0.9498,true,true
6.9014,true,true
6.5976,true,false
2.2296,true,true
2.9866,true,false
1.5149,true,false
1.2248,true,true
2.2328,true,true
1.4754,true,true
6.9075,true,false
2.9149,true,true
1.6355,true,true
1.2667,true,true
5.4313,true,true
7.9933,true,true
2.8181,true,true
1.3596,true,true
16.5839,true,true
1.5187,true,true
1.0954,true,true
1.6988,true,true
2.0978,true,true
1.7105,true,true
1.3256,true,false
0.9499,true,true
1.5049,true,true
6.2149,true,true
1.8209,true,true
6.0770,true,true
5.0945,true,true
24.6339,true,true
9.9874,true,false
3.7935,true,true
7.5069,true,true
1.2910,true,true
5.6817,true,true
10.7183,true,true
5.6948,true,true
2.8295,true,true
1.5401,true,true
1.1533,true,true
1.8052,true,true
1.3916,true,true
1.7150,true,true
4.9092,true,false
4.1729,true,true
23.4617,true,true
8.0868,true,true
16.5434,true,true
1.6454,true,true
27.7157,true,true
12.5966,true,true
8.6467,true,true
1.1085,true,true
8.6600,true,true
4.9411,true,true
1.5437,true,true
5.6810,true,true
1.3112,true,true
4.8954,true,true
5.4300,true,true
0.9511,true,true
7.0516,true,true
13.3040,true,true
3.5854,true,true
1.1617,true,true
1.4394,true,true
1.1516,true,true
0.7135,true,true
9.0547,true,true
3.0617,true,true
1.8593,true,true
10.6960,true,true
1.1805,true,true
7.9039,true,true
1.1258,true,true
8.5822,true,true
1.9685,true,true
12.2419,true,true
19.9292,true,true
5.6770,true,false
1.0818,true,true
6.0086,true,true
1.4458,true,true
1.0342,true,true
7.6542,true,true
2.7025,true,true
5.9193,true,true
8.9818,true,true
4.3431,true,true
3.6023,true,true
1.7828,true,true
1.3765,true,true
3.4870,true,false
5.0078,true,false
1.5468,true,true
1.0344,true,true
1.6906,true,true
2.8058,true,true
2.0684,true,true
9.5030,true,true
3.3156,true,true
25.7495,true,true
13.4320,true,false
1.4619,true,true
12.7911,true,true
0.9533,true,true
7.3094,true,true
9.9554,true,true
5.3736,true,true
0.7391,true,true
7.1184,true,true
2.1347,true,true
10.2886,true,true
2.8479,true,true
1.3507,true,true
1.1358,true,true
2.2689,true,true
0.8925,true,true
6.9138,true,true
1.7960,true,true
1.3653,true,true
2.0345,true,true
1.5729,true,true
4.7189,true,false
3.6654,true,true
1.1546,true,true
1.5521,true,true
8.2634,true,true
1.5198,true,true
1.6301,true,true
8.9247,true,true
4.4141,true,true
1.0758,true,true
1.7191,true,true
1.4049,true,true
0.8593,true,true
3.6530,true,false
2.5563,true,true
4.6777,true,false
2.2447,true,true
4.4696,true,false
4.5397,true,false
1.1335,true,true
9.7229,true,true
6.8665,true,false
5.1122,true,false
1.7197,true,true
5.5064,true,true
1.5180,true,true
4.7880,true,false
2.1246,true,true
1.6821,true,true
2.8288,true,true
2.6787,true,true
1.4164,true,true
20.4826,true,true
3.0440,true,true
1.5722,true,true
11.4490,true,true
0.6635,true,true
1.1584,true,true
1.7225,true,true
3.5186,true,true
1.2549,true,true
5.8546,true,true
1.4794,true,true
2.7047,true,true
10.0996,true,false
5.5206,true,true
6.8606,true,true
2.1795,true,true
0.8512,true,true
2.5126,true,true
1.3399,true,true
1.0305,true,true
1.5598,true,true
1.2004,true,true
0.7066,true,true
1.3669,true,true
2.3117,true,true
5.4456,true,true
2.7065,true,true
1.3885,true,true
2.7656,true,true
1.5281,true,true
1.4403,true,true
5.4039,true,false
0.9231,true,true
4.8503,true,false
1.4317,true,true
1.7280,true,true
1.8778,true,true
3.7135,true,true
7.6083,true,true
1.3754,true,true
0.9603,true,true
1.5171,true,true
1.1931,true,false
0.6936,true,true
1.2540,true,true
0.8415,true,true
1.5712,true,false
1.8852,true,true
8.5475,true,true
2.3023,true,true
5.6358,true,true
4.4021,true,true
0.9851,true,true
9.5672,true,false
3.0699,true,true
22.7711,true,true
10.2911,true,true
5.8992,true,false
1.2647,true,true
0.9242,true,true
3.2556,true,true
2.0108,true,true
2.3447,true,true
9.6776,true,true
11.5385,true,true
5.4130,true,true
0.9532,true,true
1.4847,true,true
1.0703,true,true
1.7421,true,true
1.2392,true,true
7.7809,true,true
1.7031,true,true
5.5850,true,true
5.3998,true,true
0.7316,true,true
3.5339,true,true
5.0453,true,true
3.7466,true,false
1.2409,true,true
7.0236,true,true
3.9897,true,false
7.6928,true,true
2.2244,true,true
25.6175,true,true
1.6659,true,true
7.4661,true,true
4.7938,true,false
1.4905,true,true
15.9335,true,true
0.9162,true,true
1.4047,true,true
2.1214,true,true
3.0981,true,true
6.8285,true,false
5.9621,true,false
1.4396,true,true
7.1668,true,true
2.4285,true,true
11.1693,true,true
2.9105,true,true
3.7119,true,true
1.2528,true,true
0.6939,true,true
1.8875,true,true
5.7538,true,true
5.9139,true,true
5.4238,true,true
5.8203,true,true
1.1906,true,true
4.8633,true,false
1.6550,true,true
1.2598,true,true
3.0082,true,true
1.5695,true,true
4.8706,true,false
11.6863,true,true
0.9901,true,true
9.0159,true,true
4.7967,true,true
1.4077,true,true
1.3896,true,true
1.2355,true,true
0.9112,true,true
4.0987,true,false
1.7049,true,true
2.8584,true,false
2.2595,true,true
1.1691,true,true
8.7984,true,true
2.4265,true,true
0.9742,true,true
6.7145,true,true
3.9772,true,true
1.5394,true,true
1.4837,true,true
7.8994,true,true
3.5981,true,true
2.5027,true,true
7.5345,true,true
1.4744,true,true
8.5939,true,true
0.9452,true,true
8.6533,true,true
2.6869,true,true
6.1768,true,true
2.2676,true,true
0.9765,true,true
2.3740,true,true
0.8119,true,true
1.4132,true,true
2.5396,true,true
1.0406,true,true
1.7312,true,true
1.4121,true,true
2.9160,true,true
3.2191,true,false
5.9848,true,false
1.9236,true,true
2.2383,true,true
3.6166,true,false
5.3595,true,true
0.8724,true,true
1.9713,true,true
1.4386,true,true
7.2079,true,true
1.1841,true,true
4.0938,true,false
10.8872,true,true
8.8857,true,true
2.6388,true,true
4.9912,true,false
5.8115,true,true
1.2782,true,true
5.4388,true,true
1.8910,true,true
1.7954,true,true
4.4504,true,true
4.1733,true,true
4.2761,true,true
1.0921,true,true
4.5712,true,true
4.3229,true,true
0.8650,true,false
2.2473,true,true
5.4387,true,false
7.0506,true,false
1.1144,true,true
5.0973,true,false
1.7629,true,true
1.3898,true,true
0.9181,true,true
3.2036,true,true
6.5518,true,false
0.8016,true,true
1.3903,true,true
7.3390,true,false
1.1112,true,true
3.3428,true,true
1.5928,true,true
1.2050,true,true
0.6236,true,true
1.1685,true,true
1.7474,true,true
2.7326,true,true
3.1717,true,true
5.2064,true,true
6.7826,true,false
2.3234,true,false
2.3353,true,true
0.9463,true,true
7.0557,true,false
10.6599,true,true
5.2994,true,false
1.7052,true,false
8.4174,true,true
5.2036,true,true
0.9968,true,true
4.5736,true,true
1.2512,true,true
2.6143,true,true
7.6162,true,true
3.4562,true,true
10.9666,true,true
1.7894,true,true
1.3877,true,true
9.2517,true,true
1.9345,true,true
9.0331,true,false
22.3093,true,true
1.7742,true,true
9.9673,true,true
1.4118,true,true
6.7720,true,true
0.8486,true,true
3.4830,true,false
2.4555,true,true
4.5272,true,false
1.0508,true,true
1.6022,true,true
1.2281,true,true
3.9444,true,false
1.5614,true,true
12.9297,true,false
0.8531,true,true
8.6289,true,true
4.7558,true,true
9.1486,true,true
7.6384,true,true
1.6854,true,true
1.4381,true,true
1.2393,true,true
0.8105,true,true
1.4475,true,true
2.6970,true,true
4.1581,true,true
1.6187,true,true
1.7681,true,true
3.0202,true,true
4.9178,true,true
1.3349,true,true
1.7499,true,true
1.3819,true,true
2.2751,true,true
10.9169,true,true
1.2688,true,true
2.7564,true,false
3.2053,true,false
0.7681,true,true
6.1705,true,true
6.6408,true,true
1.4645,true,true
4.0841,true,true
4.7732,true,false
5.7442,true,false
1.2056,true,true
0.7928,true,true
7.4991,true,true
6.0370,true,true
6.3586,true,true
9.2234,true,true
3.7733,true,true
6.0301,true,true
3.6471,true,true
8.9870,true,true
3.5174,true,true
1.0420,true,true
1.5800,true,true
1.0887,true,true
8.2793,true,true
3.3811,true,true
1.3961,true,true
1.2996,true,true
5.1073,true,true
1.7568,true,true
3.1205,true,false
3.2933,true,true
0.9511,true,true
1.5872,true,true
2.0900,true,true
2.4553,true,true
3.5065,true,true
1.2949,true,true
10.3190,true,true
1.9018,true,true
9.4735,true,true
6.9738,true,true
7.2546,true,true
3.2268,true,true
3.7747,true,true
16.8398,true,true
0.9319,true,true
1.6047,true,true
4.8330,true,false
1.4967,true,true
4.3171,true,false
0.9160,true,true
1.4918,true,true
10.6180,true,true
7.2610,true,true
7.4964,true,true
5.3018,true,true
2.4860,true,true
1.6648,true,true
6.5286,true,true
2.3500,true,false
8.4863,true,true
7.2950,true,true
3.8745,true,true
2.3832,true,false
0.8968,true,true
1.5100,true,true
3.0516,true,true
2.0508,true,true
1.7698,true,true
4.9186,true,true
1.5511,true,true
1.1581,true,false
4.3812,true,true
0.8939,true,true
1.3700,true,true
0.7948,true,true
1.2535,true,true
0.8759,true,true
9.4142,true,true
4.4730,true,false
1.7395,true,true
1.3441,true,true
5.2134,true,true
0.7014,true,true
1.2773,true,true
0.8810,true,true
3.0928,true,false
3.0939,true,true
8.3365,true,true
2.5065,true,true
2.6077,true,true
1.0857,true,true
1.5946,true,true
1.2929,true,true
0.9329,true,true
1.4536,true,true
2.0326,true,true
6.7290,true,true
1.0649,true,true
6.4323,true,true
0.6981,true,true
7.3452,true,true
5.7359,true,true
3.6067,true,true
6.1805,true,false
0.5938,true,true
2.3182,true,true
1.6755,true,true
10.4238,true,true
4.8499,true,true
5.2185,true,true
0.7550,true,true
1.4460,true,true
6.5572,true,false
3.1370,true,false
1.8304,true,true
3.2176,true,true
0.7404,true,true
4.4447,true,true
1.6412,true,true
6.3979,true,false
3.4523,true,false
0.9846,true,true
1.4761,true,true
2.1038,true,false
1.6906,true,true
2.9045,true,true
1.4915,true,true
7.3929,true,true
7.8133,true,false
7.0941,true,true
1.6522,true,true
1.3232,true,true
2.6849,true,true
1.3436,true,true
1.5055,true,true
1.1376,true,true
2.2915,true,true
6.6814,true,true
3.2561,true,true
1.5145,true,true
1.7355,true,true
7.9855,true,true
8.6417,true,true
0.9758,true,true
2.1518,true,true
21.8202,true,true
1.7891,true,true
16.8047,true,true
1.4740,true,true
1.9566,true,true
1.9149,true,true
3.1257,true,false
0.6614,true,true
1.1165,true,true
4.8453,true,true
1.4203,true,true
5.1238,true,true
4.7072,true,true
1.4597,true,true
2.8622,true,false
1.4733,true,true
6.2710,true,false
2.2271,true,true
4.6220,true,false
7.0353,true,true
1.2253,true,true
0.7933,true,true
3.0082,true,true
4.9956,true,true
13.0264,true,true
2.2417,true,true
2.4099,true,true
3.6134,true,true
10.6532,true,true
3.9083,true,true
1.6069,true,true
6.9822,true,true
3.1703,true,false
1.2932,true,true
5.7500,true,true
1.1649,true,true
6.2277,true,true
1.9419,true,true
4.7057,true,false
1.3609,true,true
5.8356,true,true
1.2290,true,true
8.4924,true,true
5.9122,true,true
1.8957,true,true
4.7125,true,true
1.2207,true,true
1.0054,true,true
8.4697,true,true
7.5536,true,false
3.6144,true,false
2.0611,true,true
1.7896,true,true
2.5415,true,false
1.1318,true,true
7.5444,true,true
5.4030,true,true
1.3994,true,true
5.5539,true,true
1.6930,true,true
9.6579,true,true
10.3712,true,true
9.5082,true,true
2.3851,true,true
9.7145,true,false
0.9834,true,true
4.6580,true,true
3.5094,true,false
8.2300,true,false
3.1891,true,false
1.2648,true,true
0.9372,true,true
1.4408,true,true
7.8247,true,false
6.2183,true,false
2.2310,true,true
5.1807,true,true
25.0618,true,true
1.3351,true,true
4.5718,true,true
1.1879,true,true
5.0545,true,true
2.0889,true,true
11.1207,true,true
1.4139,true,true
2.8048,true,true
1.2640,true,true
1.3404,true,true
0.8028,true,true
1.3784,true,true
0.9376,true,true
6.0063,true,true
1.3799,true,true
0.9215,true,true
6.8480,true,true
1.7874,true,true
1.2626,true,true
8.5110,true,true
1.2709,true,true
1.3510,true,true
0.9832,true,true
7.0291,true,true
7.1478,true,true
2.7429,true,true
1.2645,true,true
7.7353,true,true
2.1220,true,true
2.3488,true,true
2.3066,true,true
2.7453,true,true
2.0289,true,true
2.1603,true,true
1.5463,true,true
2.5189,true,true
3.7499,true,true
3.6553,true,true
4.9689,true,true
1.5600,true,true
4.5779,true,true
4.7417,true,true
4.3308,true,true
0.9116,true,true
2.6056,true,true
2.0234,true,true
3.2850,true,false
1.3016,true,true
4.5671,true,true
5.3894,true,false
7.9214,true,false
2.4843,true,true
2.1777,true,true
10.2487,true,true
6.6439,true,true
6.0947,true,true
2.1086,true,true
3.1563,true,false
1.8061,true,true
1.4172,true,true
0.9862,true,true
3.4884,true,true
1.1168,true,true
7.5929,true,true
5.4482,true,true
1.5077,true,true
3.8543,true,false
4.8121,true,false
1.3032,true,true
2.3625,true,true
2.6042,true,true
11.0712,true,true
1.3206,true,true
0.7355,true,true
2.1871,true,true
4.7703,true,true
1.7456,true,true
13.3731,true,false
1.2357,true,true
2.9636,true,false
1.5480,true,true
1.0403,true,true
7.2964,true,true
2.0361,true,true
1.4204,true,true
1.0219,true,true
1.6424,true,true
1.7959,true,true
5.7786,true,true
1.2831,true,true
1.4297,true,true
7.0844,true,true
10.2532,true,true
5.4111,true,false
2.3418,true,true
2.7063,true,true
6.2054,true,false
4.0196,true,true
10.6808,true,true
5.4918,true,true
0.9549,true,true
1.5464,true,true
1.1812,true,true
1.9818,true,true
6.6178,true,true
3.3819,true,false
6.9001,true,true
13.9498,true,true
4.2655,true,false
1.4841,true,true
2.3464,true,false
1.4546,true,true
1.0603,true,true
1.5840,true,true
5.5487,true,true
0.9704,true,true
11.4565,true,true
5.7170,true,true
1.2828,true,true
1.4894,true,true
1.2162,true,true
4.3674,true,true
1.0994,true,true
4.7364,true,true
3.5831,true,true
1.3008,true,true
1.7857,true,true
1.7171,true,true
9.1626,true,true
1.6001,true,true
1.3477,true,true
3.1941,true,false
5.4379,true,true
3.6969,true,false
7.2162,true,true
5.0141,true,false
6.1667,true,false
1.6342,true,true
2.1687,true,true
5.6963,true,false
5.2553,true,false
19.5290,true,true
3.9856,true,true
1.5092,true,true
1.0491,true,true
3.0484,true,true
1.5643,true,true
4.3600,true,true
4.1470,true,true
6.3913,true,true
0.9262,true,true
4.4233,true,false
0.9943,true,true
3.2654,true,true
2.1506,true,true
1.8806,true,true
18.7882,true,true
1.3566,true,true
1.2426,true,true
12.9694,true,true
1.9991,true,true
4.0106,true,true
1.6888,true,true
8.2436,true,true
2.9944,true,false
3.3206,true,true
2.6704,true,true
4.8426,true,false
1.7759,true,true
1.9942,true,true
15.1240,true,true
5.6676,true,true
1.0682,true,true
1.6066,true,true
1.1179,true,true
3.6179,true,true
3.0262,true,true
2.9152,true,true
3.8333,true,true
17.2855,true,true
1.8563,true,true
2.6695,true,false
6.0486,true,true
7.9193,true,false
7.2316,true,true
4.7874,true,true
2.9955,true,true
3.2974,true,true
0.8570,true,true
9.9377,true,true
4.0526,true,true
6.8520,true,true
1.2682,true,true
4.2295,true,true
0.7525,true,true
1.8979,true,true
1.4610,true,true
1.7223,true,true
10.1483,true,false
3.1523,true,true
3.4150,true,true
1.4327,true,true
0.9954,true,true
2.1400,true,true
3.5882,true,true
1.7241,true,true
3.7932,true,false
5.0172,true,true
1.6317,true,true
1.2059,true,true
0.6572,true,true
4.2604,true,false
0.7498,true,true
1.3596,true,true
1.0493,true,false
3.0836,true,true
1.7115,true,true
1.7718,true,true
1.5987,true,true
8.0402,true,true
1.4634,true,true
5.6587,true,false
7.9638,true,true
3.0684,true,true
2.4258,true,true
4.2553,true,true
4.0532,true,true
12.4578,true,true
2.6103,true,false
1.1516,true,true
11.0388,true,true
6.6927,true,true
1.0328,true,false
10.5535,true,true
2.3553,true,true
1.5006,true,true
2.9818,true,true
4.9572,true,false
1.5184,true,true
1.1236,true,true
1.5813,true,true
1.1453,true,true
8.4704,true,true
1.1768,true,true
2.7165,true,true
16.5651,true,true
3.3554,true,false
2.4610,true,true
1.0557,true,true
2.8105,true,true
1.2794,true,true
0.7942,true,true
1.1710,true,true
0.5333,true,true
1.7028,true,true
9.6942,true,false
19.4124,true,true
0.9677,true,true
4.7556,true,true
2.0563,true,true
3.3437,true,false
2.4188,true,true
2.4422,true,true
0.8687,true,true
8.2053,true,true
2.1087,true,true
6.7187,true,true
0.9726,true,true
1.5886,true,false
6.7522,true,true
1.3081,true,true
6.2248,true,true
4.4038,true,true
3.4296,true,true
1.1320,true,true
1.6845,true,true
8.1589,true,true
1.5564,true,true
2.8923,true,false
3.4447,true,true
0.8945,true,true
6.1540,true,true
1.5437,true,true
3.6942,true,true
9.0698,true,false
4.6527,true,true
12.1828,true,true
6.4272,true,false
0.8125,true,true
14.4024,true,true
1.5516,true,true
4.1946,true,false
1.4656,true,true
1.0917,true,true
0.6251,true,true
1.0853,true,true
6.1928,true,false
3.5982,true,true
3.0653,true,true
6.3564,true,true
5.8631,true,false
3.6108,true,false
3.1639,true,true
3.0763,true,false
1.7523,true,true
2.0179,true,true
5.3127,true,false
1.7719,true,true
2.0776,true,true
23.9489,true,true
19.2857,true,true
0.8528,true,true
1.6135,true,true
1.2953,true,true
1.6378,true,true
8.3620,true,true
1.8090,true,true
4.0377,true,false
3.4276,true,true
4.5776,true,true
2.5718,true,true
1.2079,true,true
4.6534,true,true
1.2695,true,true
0.8297,true,true
1.3959,true,true
1.8576,true,true
6.2335,true,true
2.3291,true,true
0.9129,true,true
1.4946,true,true
2.8229,true,true
3.1087,true,true
8.2646,true,true
2.1511,true,true
21.3183,true,true
17.7634,true,true
13.1389,true,true
6.9547,true,true
1.2849,true,true
2.1787,true,true
1.7247,true,true
2.1291,true,true
1.8137,true,true
8.6789,true,true
2.4371,true,true
1.0051,true,true
1.6770,true,true
1.9618,true,true
3.2932,true,true
0.8901,true,true
2.0675,true,true
1.6201,true,true
6.6626,true,true
0.9134,true,true
2.8332,true,true
1.5763,true,false
9.6362,true,true
0.9708,true,true
1.3942,true,true
17.4488,true,true
8.9873,true,true
1.6279,true,true
10.5941,true,true
0.9619,true,true
5.8556,true,false
3.9932,true,false
1.4671,true,true
8.7170,true,true
4.2239,true,false
6.4970,true,true
13.8424,true,true
20.1647,true,true
6.9027,true,true
1.1109,true,true
7.4271,true,true
7.6494,true,true
5.4807,true,true
1.0351,true,true
3.3985,true,false
5.0881,true,false
12.5420,true,true
0.7127,true,true
1.2830,true,true
3.1116,true,true
2.3814,true,true
1.1576,true,true
5.8961,true,true
1.3345,true,true
4.8543,true,true
1.7657,true,true
5.6985,true,true
2.7162,true,true
2.8430,true,true
11.2050,true,false
7.6472,true,true
6.6292,true,true
8.9901,true,true
3.6651,true,true
4.9726,true,true
8.1324,true,true
2.1266,true,true
21.0400,true,true
3.9532,true,true
8.8216,true,true
6.9482,true,true
3.0898,true,false
4.8119,true,true
4.6292,true,false
1.1469,true,true
1.7730,true,true
3.0661,true,false
6.5009,true,true
0.9735,true,true
3.2942,true,true
5.9702,true,true
1.4592,true,true
3.8123,true,true
9.7627,true,true
12.0600,true,true
8.8145,true,true
4.6882,true,true
1.2829,true,true
0.8030,true,true
1.7630,true,true
8.0138,true,true
19.3493,true,true
6.7817,true,true
2.0874,true,true
3.8098,true,true
3.9174,true,false
2.8511,true,true
1.3685,true,true
0.7303,true,true
1.3460,true,true
2.6387,true,true
10.9559,true,true
7.4033,true,false
2.6306,true,false
8.2943,true,true
2.4042,true,true
0.8685,true,true
1.5213,true,true
2.1306,true,true
12.8153,true,true
1.7623,true,true
31.2588,true,true
1.2019,true,true
7.5755,true,true
3.3807,true,true
4.8062,true,false
4.7760,true,true
1.3381,true,true
1.7630,true,true
1.3318,true,true
1.0438,true,true
2.4178,true,true
1.0342,true,true
1.6840,true,true
1.3407,true,true
8.5382,true,true
16.1291,true,true
1.7579,true,true
2.4305,true,true
1.0826,true,true
22.8479,true,true
1.1328,true,true
1.8457,true,true
8.9058,true,true
1.3023,true,true
3.1043,true,false
1.8223,true,true
3.4079,true,false
6.9102,true,true
0.9448,true,true
2.2097,true,true
3.0421,true,true
1.6010,true,true
9.2440,true,true
1.5739,true,true
13.4038,true,true
1.1602,true,true
1.7245,true,true
5.0193,true,true
8.8113,true,false
2.9204,true,true
23.5046,true,true
11.0523,true,false
3.2032,true,true
2.4622,true,true
1.0204,true,true
1.5949,true,true
1.0252,true,true
1.9684,true,true
8.7678,true,true
7.5414,true,true
4.0644,true,true
2.3443,true,true
2.4805,true,true
1.0572,true,true
1.6377,true,true
1.9555,true,true
2.2546,true,true
0.7915,true,true
2.1139,true,true
5.9311,true,true
1.5048,true,true
8.0386,true,true
1.5035,true,true
11.7145,true,true
1.5571,true,true
2.7657,true,true
1.4506,true,true
1.2747,true,true
4.6340,true,true
5.7882,true,true
7.1033,true,true
4.0164,true,true
2.8832,true,false
9.2477,true,true
5.1803,true,false
1.6734,true,true
4.4316,true,false
2.7884,true,false
1.4253,true,true
2.3859,true,true
1.0458,true,true
6.2783,true,false
0.9124,true,true
1.5054,true,true
5.7553,true,true
2.5966,true,true
1.1948,true,true
6.3179,true,true
2.6181,true,true
5.1753,true,false
1.3887,true,true
1.0224,true,true
15.5478,true,true
10.9828,true,true
5.8647,true,false
1.2735,true,false
0.8832,true,true
5.5022,true,false
11.7754,true,true
0.9822,true,true
7.4761,true,true
6.9921,true,true
1.6229,true,true
3.7077,true,true
1.1228,true,true
0.6955,true,true
1.1614,true,true
7.7777,true,true
9.6882,true,true
4.6903,true,true
12.0105,true,true
1.4266,true,true
1.0197,true,true
3.1137,true,true
4.4764,true,true
1.0408,true,true
1.4388,true,false
2.9408,true,false
1.3482,true,true
4.3202,true,true
0.8587,true,true
1.2391,true,true
5.3416,true,true
1.3753,true,true
0.9862,true,true
4.4715,true,false
8.9576,true,true
2.8543,true,true
3.0380,true,true
1.4487,true,true
8.9873,true,true
1.2052,true,true
0.5673,true,true
1.1107,true,true
11.9968,true,true
6.3509,true,false
5.2731,true,false
13.6191,true,true
3.6009,true,true
17.8686,true,true
13.0877,true,true
1.8894,true,true
9.4516,true,true
0.6572,true,true
3.1014,true,true
1.7816,true,true
6.8231,true,false
2.4364,true,true
7.1255,true,true
1.4460,true,true
12.7974,true,true
0.8895,true,true
6.3876,true,false
2.3659,true,true
11.4010,true,true
1.7315,true,true
1.3382,true,true
2.6060,true,true
9.4767,true,false
7.1630,true,true
5.1787,true,true
4.0532,true,true
3.6357,true,true
7.0762,true,true
2.0480,true,true
15.4118,true,true
8.2252,true,true
3.0959,true,true
3.1044,true,false
2.2233,true,true
0.7521,true,true
1.1797,true,true
2.5522,true,true
1.2508,true,true
1.9756,true,true
3.7609,true,true
1.3553,true,true
1.5551,true,true
1.1875,true,true
0.7339,true,true
2.6285,true,true
1.0924,true,true
1.7365,true,true
1.2863,true,true
1.0826,true,true
4.1235,true,true
1.3939,true,true
1.1612,true,true
0.7060,true,true
1.3872,true,true
1.9080,true,true
1.5812,true,true
1.0515,true,true
5.9727,true,false
1.4511,true,true
1.0358,true,true
1.6195,true,true
1.8369,true,true
1.5998,true,true
1.2623,true,true
4.6645,true,true
3.0829,true,true
2.9848,true,true
13.8649,true,true
1.7657,true,false
1.3180,true,false
1.4758,true,true
2.2375,true,false
6.8232,true,true
6.4865,true,true
12.9454,true,true
0.8090,true,true
7.9815,true,true
15.2374,true,true
9.4815,true,true
1.2815,true,true
8.5491,true,false
4.7986,true,true
1.5619,true,true
1.2347,true,true
14.9298,true,true
0.9695,true,true
1.5702,true,true
6.6848,true,true
2.8101,true,true
3.8649,true,false
3.7596,true,true
1.3123,true,true
2.1843,true,true
2.4121,true,true
2.5865,true,true
1.2614,true,true
8.2834,true,true
9.1808,true,true
2.4223,true,true
12.9352,true,true
0.9217,true,true
1.4400,true,true
5.1527,true,true
1.7493,true,true
1.2516,true,true
5.1833,true,true
2.1087,true,true
3.5055,true,true
4.1540,true,true
1.9425,true,true
10.8508,true,true
1.3658,true,true
0.9357,true,true
3.4312,true,true
0.9562,true,true
7.5246,true,true
3.7836,true,true
11.6583,true,true
6.1529,true,true
2.1594,true,true
7.4888,true,true
4.1977,true,true
4.8974,true,true
6.1321,true,true
4.5104,true,true
1.1432,true,true
0.5985,true,true
3.6721,true,true
4.1596,true,false
0.7963,true,true
3.2715,true,true
9.9455,true,true
5.2465,true,true
0.6865,true,true
6.8482,true,false
1.4402,true,true
4.0654,true,true
1.6613,true,true
1.8144,true,true
8.6900,true,true
8.0249,true,false
2.6172,true,true
1.1824,true,true
4.7552,true,true
3.5614,true,true
1.3982,true,true
16.8311,true,true
0.8399,true,true
10.6065,true,true
0.9502,true,true
5.3015,true,false
3.2139,true,false
2.4209,true,true
0.9303,true,false
9.4397,true,true
3.7608,true,true
16.5509,true,true
4.6306,true,true
8.5620,true,true
3.7084,true,true
1.3460,true,true
1.7290,true,true
4.9570,true,true
1.5086,true,true
1.2890,true,true
3.7886,true,true
2.0597,true,true
1.6029,true,true
8.6508,true,true
5.0133,true,true
1.7377,true,true
1.7810,true,true
1.3323,true,true
4.4485,true,false
1.0338,true,true
3.1925,true,true
0.6314,true,true
1.0107,true,true
8.3559,true,true
2.4129,true,true
4.1442,true,false
2.3728,true,true
3.3528,true,false
1.4521,true,true
1.0056,true,true
3.0580,true,false
2.6992,true,true
11.8215,true,true
2.5887,true,true
3.0304,true,false
2.3788,true,true
0.9442,true,true
4.2406,true,true
0.8966,true,true
20.9741,true,true
7.5524,true,true
14.1151,true,true
1.7359,true,true
1.9634,true,true
1.5157,true,true
1.1329,true,true
3.8085,true,true
9.4380,true,true
6.7405,true,true
0.8753,true,true
1.5601,true,true
5.2429,true,false
0.7607,true,true
2.0167,true,true
1.6490,true,true
4.8660,true,false
1.4880,true,true
3.2480,true,true
12.4399,true,true
1.6488,true,true
1.2980,true,true
0.9882,true,true
1.5506,true,true
1.0413,true,true
1.6821,true,true
6.4732,true,true
2.1081,true,true
7.4518,true,true
1.7267,true,true
1.8357,true,true
5.6719,true,false
1.1309,true,false
1.7438,true,true
9.1625,true,true
1.9983,true,true
2.0348,true,true
1.6249,true,true
1.1754,true,true
7.5452,true,true
1.2916,true,true
8.7109,true,true
1.0115,true,true
1.5631,true,true
1.1098,true,true
6.3247,true,false
4.3921,true,true
2.6767,true,true
10.7682,true,true
5.4532,true,true
0.9542,true,true
1.4439,true,true
2.5727,true,true
1.2599,true,true
4.6052,true,false
1.1629,true,true
1.8010,true,true
1.4907,true,true
4.4066,true,true
5.6629,true,false
1.2079,true,true
1.2891,true,true
8.5159,true,true
0.8032,true,true
1.3954,true,true
1.6671,true,true
1.2275,true,true
0.8396,true,true
1.3857,true,true
2.5166,true,true
1.1611,true,true
4.1890,true,true
11.7746,true,true
2.6836,true,true
6.1738,true,true
2.2425,true,true
2.1784,true,true
1.8857,true,true
1.4368,true,true
1.8071,true,true
8.7054,true,true
4.3857,true,true
2.7383,true,true
1.4303,true,false
3.7286,true,false
13.4056,true,true
8.4033,true,true
2.4862,true,true
4.7118,true,false
1.4657,true,false
5.8198,true,true
4.6243,true,false
5.9046,true,true
1.3592,true,true
18.6350,true,true
1.5692,true,true
1.1980,true,true
4.9361,true,false
1.3145,true,true
7.0975,true,true
4.9343,true,true
1.5325,true,true
5.7186,true,false
2.5914,true,true
1.1647,true,true
1.6273,true,true
1.1758,true,true
0.7176,true,true
3.8761,true,false
1.3957,true,false
5.2024,true,true
1.7684,true,true
4.7321,true,true
1.1670,true,true
0.5554,true,true
10.1036,true,true
7.5213,true,true
4.0364,true,true
2.1078,true,true
9.9712,true,true
1.8129,true,true
2.2939,true,true
7.0764,true,true
13.4393,true,true
6.0275,true,false
7.9219,true,false
1.9884,true,true
1.6002,true,false
7.3028,true,true
1.5774,true,true
3.0053,true,true
3.2556,true,false
0.8296,true,true
5.9373,true,false
1.3104,true,true
0.7122,true,true
1.2309,true,true
1.8073,true,false
11.5375,true,true
6.1971,true,true
13.4005,true,true
3.0910,true,false
5.2273,true,true
1.2127,true,true
2.3481,true,true
3.5201,true,true
4.2381,true,true
17.2449,true,true
4.4300,true,true
0.8551,true,true
1.5468,true,true
2.3051,true,false
1.7282,true,true
8.4684,true,false
5.1932,true,false
1.3979,true,true
1.0230,true,true
2.2540,true,true
4.0967,true,false
10.6954,true,true
2.9076,true,true
11.7180,true,false
2.0052,true,true
9.2810,true,true
1.5441,true,true
1.9315,true,true
1.5550,true,true
3.2751,true,false
0.8194,true,true
5.0709,true,true
1.5586,true,true
12.1826,true,true
6.8621,true,true
5.0336,true,true
1.7291,true,true
4.9965,true,false
1.5555,true,true
7.8161,true,true
1.0755,true,true
5.9043,true,true
4.4531,true,true
5.6069,true,true
3.3048,true,true
0.9437,true,true
5.1317,true,true
3.9529,true,true
14.3979,true,true
9.8585,true,true
5.2915,true,true
5.7583,true,false
2.9740,true,false
1.9996,true,true
15.2374,true,true
3.3887,true,false
5.7939,true,true
1.1865,true,true
1.4259,true,true
0.8765,true,true
2.3463,true,true
0.8478,true,true
8.7934,true,true
6.2091,true,true
2.1823,true,true
0.7224,true,true
3.6990,true,true
3.3542,true,true
4.0925,true,false
2.3104,true,true
0.9847,true,false
11.4985,true,true
0.7595,true,true
1.4172,true,true
1.0612,true,true
2.8926,true,true
2.1722,true,true
1.7065,true,true
2.8660,true,true
5.1127,true,false
6.8670,true,true
2.8975,true,true
1.5826,true,true
1.1649,true,true
2.7657,true,true
1.4375,true,true
1.5018,true,true
1.2451,true,false
3.8504,true,true
1.5238,true,true
11.8408,true,true
7.2149,true,true
1.0824,true,true
2.1687,true,true
1.6729,true,true
5.8705,true,true
21.5821,true,true
9.8214,true,true
4.7478,true,true
1.4692,true,true
1.0105,true,true
1.8014,true,true
4.3553,true,false
2.7440,true,true
2.9091,true,true
1.4026,true,true
2.6406,true,true
1.3557,true,true
7.0769,true,false
5.7278,true,true
1.2665,true,false
0.9591,true,true
1.6265,true,true
5.0776,true,true
1.8824,true,true
9.4798,true,true
7.0288,true,true
1.6188,true,true
8.1499,true,true
1.5676,true,false
5.5496,true,true
3.6159,true,true
6.5922,true,true
1.0691,true,true
17.1193,true,true
4.7125,true,true
9.4976,true,true
7.8804,true,true
3.7147,true,true
15.7533,true,true
7.2436,true,true
14.0267,true,true
4.6439,true,true
5.5873,true,true
1.0388,true,true
1.6605,true,true
1.8767,true,true
3.6258,true,true
1.5208,true,true
2.9610,true,true
1.4953,true,true
0.9758,true,true
1.4382,true,true
0.9103,true,true
1.3198,true,true
2.4347,true,true
5.3730,true,true
12.7619,true,true
0.7828,true,true
1.1978,true,true
0.6602,true,true
1.8162,true,true
1.9028,true,true
1.5283,true,true
1.1259,true,true
8.0124,true,true
2.0511,true,true
1.6006,true,true
1.3403,true,true
14.0229,true,true
10.2664,true,true
7.8292,true,true
1.1061,true,true
7.9918,true,true
6.2774,true,true
5.0489,true,true
7.0350,true,true
1.3909,true,true
4.7136,true,true
1.1202,true,true
6.9449,true,true
3.0861,true,true
3.3189,true,true
2.7161,true,true
1.2916,true,true
0.8036,true,true
1.3797,true,true
0.9112,true,true
2.6508,true,true
1.7579,true,true
1.2952,true,true
2.5111,true,true
1.8751,true,true
1.5166,true,true
1.2073,true,true
0.7795,true,true
5.4541,true,true
1.0903,true,true
1.8369,true,false
1.2908,true,true
0.9025,true,true
3.2664,true,true
6.8740,true,true
1.2176,true,true
6.3720,true,true
5.6908,true,false
1.8437,true,true
2.9071,true,true
1.4977,true,true
0.9706,true,true
4.6509,true,true
4.8303,true,true
1.4345,true,true
5.4156,true,true
4.4957,true,true
7.8650,true,true
2.0688,true,true
3.0351,true,false
4.7820,true,true
6.0014,true,false
7.2481,true,false
1.7008,true,true
1.2784,true,true
3.9089,true,true
1.4983,true,true
0.9381,true,true
2.0599,true,true
1.5973,true,true
1.1525,true,true
1.6227,true,true
1.1246,true,true
4.1075,true,false
1.7154,true,true
5.3725,true,false
0.8977,true,true
1.6021,true,true
1.1192,true,true
9.8180,true,true
6.7014,true,false
1.0394,true,true
7.1524,true,true
1.5081,true,true
6.6394,true,true
7.0675,true,false
1.5106,true,true
5.7739,true,true
2.7533,true,true
11.0783,true,true
1.3226,true,true
0.9165,true,true
1.6198,true,true
6.2716,true,true
1.8889,true,true
14.2417,true,true
3.9530,true,true
4.4977,true,true
1.0142,true,true
4.4066,true,true
1.0907,true,true
1.6443,true,true
11.5342,true,true
1.5673,true,true
6.0410,true,true
3.2704,true,true
5.2171,true,false
2.6773,true,false
1.5966,true,true
12.6314,true,true
7.3424,true,true
8.5429,true,true
3.8116,true,true
1.3642,true,true
3.2674,true,true
0.9721,true,true
1.6545,true,true
1.1586,true,true
0.8067,true,true
1.2859,true,true
1.4942,true,true
1.1537,true,true
6.2846,true,true
7.5172,true,true
1.6713,true,true
1.2147,true,true
2.1083,true,true
7.2385,true,false
1.6349,true,false
1.6915,true,false
8.4329,true,true
19.5070,true,true
4.6954,true,true
1.3872,true,true
1.5955,true,true
1.3061,true,true
4.6438,true,true
2.1960,true,true
11.0978,true,false
7.0643,true,true
1.8483,true,false
20.1326,true,true
3.5217,true,true
13.4174,true,true
1.5134,true,true
7.7731,true,false
14.3683,true,true
1.9768,true,true
4.4813,true,false
1.0512,true,true
1.4934,true,true
1.1287,true,true
0.6751,true,false
2.8628,true,false
3.8521,true,false
1.4663,true,true
2.8448,true,true
12.2751,true,true
1.5721,true,true
1.1671,true,true
1.3857,true,true
0.9016,true,true
8.5543,true,true
1.3030,true,true
1.4562,true,true
4.9122,true,true
1.4962,true,true
9.7606,true,true
10.1982,true,true
5.6653,true,false
6.5135,true,true
5.6322,true,true
3.5683,true,true
5.0626,true,true
1.6286,true,true
5.7730,true,false
4.6769,true,true
11.4871,true,true
2.1072,true,true
2.8902,true,true
2.6188,true,true
1.3126,true,true
9.1759,true,true
2.1959,true,true
3.6329,true,false
1.2382,true,true
0.7831,true,true
1.4067,true,true
5.0476,true,true
6.9108,true,true
3.0397,true,true
1.6370,true,true
1.2917,true,true
0.8572,true,true
5.9372,true,false
4.3739,true,false
2.5482,true,true
1.0842,true,true
7.6631,true,true
5.5024,true,true
0.8897,true,false
3.7915,true,false
1.5584,true,true
5.8781,true,false
1.3070,true,true
8.6588,true,true
3.0672,true,true
1.5609,true,true
6.9293,true,false
2.4124,true,true
0.9219,true,true
20.8161,true,true
1.6390,true,true
1.1870,true,true
8.9143,true,true
2.6796,true,true
2.0290,true,true
1.6517,true,true
3.9516,true,false
5.1715,true,false
4.3694,true,true
11.0965,true,true
1.5282,true,true
7.8467,true,true
3.6247,true,true
2.8892,true,true
9.9876,true,true
24.2361,true,true
1.0991,true,true
3.5641,true,true
1.1008,true,true
4.1369,true,false
3.5009,true,true
1.1637,true,false
1.6605,true,true
1.2619,true,true
0.7924,true,true
1.3930,true,true
2.4843,true,false
1.0447,true,true
2.2150,true,true
1.9439,true,true
8.5136,true,true
4.0678,true,true
1.5672,true,true
1.0018,true,true
3.2687,true,true
4.1312,true,false
1.7866,true,true
8.9647,true,true
1.1929,true,true
9.5650,true,true
7.0553,true,true
5.6034,true,true
2.6777,true,true
8.4658,true,true
4.8995,true,false
2.8209,true,false
5.3172,true,false
1.4547,true,true
5.7297,true,true
6.9585,true,true
3.4270,true,false
0.8978,true,true
7.2073,true,true
1.4820,true,true
4.9619,true,true
5.5524,true,true
7.0633,true,true
1.9872,true,true
3.6358,true,true
2.6614,true,true
6.6134,true,true
0.8731,true,true
3.0688,true,true
1.6083,true,true
3.6172,true,true
1.2245,true,true
5.4710,true,true
0.9507,true,true
1.6134,true,true
1.3030,true,true
1.8250,true,true
4.4564,true,false
1.5130,true,true
10.7254,true,true
5.1365,true,false
3.0255,true,true
3.4918,true,true
1.1832,true,true
0.6042,true,true
1.3004,true,true
2.5560,true,true
0.9347,true,false
5.7353,true,true
1.5914,true,true
5.6402,true,true
2.5966,true,true
6.5431,true,true
7.1654,true,true
1.5956,true,true
5.0555,true,true
2.2046,true,true
4.9126,true,true
4.4063,true,false
0.7933,true,true
3.6903,true,true
1.3190,true,true
0.9565,true,true
3.3816,true,true
4.4833,true,true
1.0789,true,true
1.5053,true,true
1.0231,true,true
6.2393,true,false
1.6731,true,true
1.8432,true,true
1.2290,true,true
0.8232,true,true
4.0521,true,false
1.7045,true,true
1.3459,true,true
1.2697,true,true
11.1619,true,true
1.4620,true,true
1.0929,true,true
1.6398,true,true
6.0854,true,true
5.3471,true,true
7.0053,true,true
1.9116,true,true
4.5418,true,true
2.4555,true,true
1.0000,true,false
1.5207,true,true
6.8974,true,true
1.0167,true,true
1.6889,true,true
1.1511,true,true
1.7418,true,false
7.1804,true,true
4.2553,true,true
0.8377,true,true
1.4404,true,false
8.3581,true,false
3.8760,true,true
6.9227,true,false
4.0773,true,false
1.4725,true,true
1.0419,true,true
10.5610,true,true
4.3172,true,true
8.7520,true,true
2.8314,true,false
1.3830,true,true
9.6058,true,false
5.4722,true,true
6.8509,true,true
2.9368,true,true
1.4533,true,true
8.7466,true,false
6.4212,true,false
5.4259,true,false
1.0348,true,true
2.2277,true,true
4.6107,true,true
5.6708,true,true
12.4159,true,true
6.1670,true,true
4.1950,true,false
2.3192,true,true
0.8749,true,true
6.3902,true,false
4.7908,true,true
3.1519,true,false
2.9321,true,false
2.0268,true,true
11.0807,true,true
3.6429,true,false
1.2693,true,false
0.8029,true,true
1.3506,true,true
3.7918,true,false
1.3326,true,true
3.9799,true,false
3.9165,true,false
2.7616,true,false
1.9052,true,true
1.4344,true,true
0.9841,true,false
6.5386,true,false
12.8087,true,true
0.9585,true,true
4.6806,true,true
3.3186,true,true
0.9373,true,true
7.4550,true,true
2.1961,true,true
2.2569,true,true
1.0316,true,true
1.5281,true,true
1.7378,true,true
1.3427,true,true
2.6276,true,true
1.2175,true,true
1.5955,true,true
5.0433,true,true
1.7245,true,true
2.6198,true,true
1.9473,true,true
1.9541,true,true
12.3221,true,true
3.5423,true,true
4.7747,true,false
2.7931,true,true
11.3515,true,true
1.7523,true,true
2.9338,true,true
2.1132,true,true
1.6576,true,true
1.4139,true,true
1.1349,true,true
6.5091,true,true
1.9431,true,true
8.9815,true,false
4.3021,true,true
0.8822,true,true
3.2255,true,true
1.4304,true,true
1.0909,true,true
1.3537,true,true
0.9809,true,true
8.0140,true,true
1.8703,true,true
1.6384,true,true
4.8758,true,false
5.2479,true,true
0.7289,true,true
5.6678,true,true
2.7666,true,true
1.4426,true,true
5.2191,true,true
1.4579,true,true
1.6696,true,true
7.3467,true,false
3.0334,true,true
1.5848,true,true
1.1313,true,true
1.6015,true,true
10.0051,true,true
3.4264,true,true
1.1989,true,true
3.0162,true,false
1.6813,true,true
1.1795,true,true
4.9470,true,true
2.2006,true,true
0.7993,true,true
1.3253,true,true
9.0926,true,true
2.8436,true,true
3.0940,true,true
1.6803,true,true
8.0001,true,true
2.8881,true,true
1.3061,true,true
1.8972,true,true
2.3692,true,true
1.0304,true,true
1.6748,true,true
6.8606,true,true
1.1300,true,true
8.1864,true,true
2.8581,true,true
1.4265,true,true
1.0127,true,true
4.0667,true,false
2.9501,true,false
1.6817,true,true
1.3301,true,true
0.9521,true,true
4.7291,true,false
4.8350,true,true
8.7739,true,true
2.6000,true,true
2.9872,true,true
10.4367,true,false
18.9295,true,true
3.5078,true,false
1.7251,true,true
3.0546,true,false
7.9826,true,false
2.1891,true,true
3.9569,true,false
3.6632,true,false
1.2627,true,true
1.5501,true,true
1.9229,true,true
5.6451,true,true
8.4661,true,true
5.7638,true,true
6.2972,true,false
8.2026,true,true
3.4789,true,true
1.3300,true,true
4.5479,true,false
4.0875,true,true
1.7861,true,true
1.3189,true,true
0.7837,true,true
4.5616,true,true
1.7680,true,true
3.1849,true,true
12.2771,true,true
1.6320,true,true
3.2643,true,true
1.5922,true,true
3.3791,true,true
1.0047,true,true
8.2677,true,true
2.3597,true,true
6.0521,true,true
1.5502,true,true
2.9629,true,true
6.5831,true,true
1.3043,true,true
14.7215,true,true
5.7444,true,true
1.2765,true,true
5.8887,true,true
2.9497,true,true
11.7973,true,true
6.2028,true,false
3.2128,true,true
1.2509,true,true
5.8895,true,true
4.6590,true,true
1.3861,true,true
4.8137,true,true
1.3499,true,true
4.5298,true,true
1.4220,true,true
1.8804,true,true
1.6250,true,true
1.1422,true,true
5.9935,true,true
2.8858,true,true
7.1022,true,true
2.5866,true,true
2.8454,true,true
1.4320,true,true
7.7122,true,false
2.2603,true,true
17.6033,true,true
4.6780,true,false
4.7940,true,true
4.4255,true,false
10.9270,true,true
3.3387,true,false
2.0210,true,false
3.3216,true,true
0.9443,true,true
7.6996,true,false
1.6108,true,true
1.0028,true,false
8.5389,true,true
0.7952,true,false
2.7460,true,true
11.2068,true,true
6.7920,true,true
4.5046,true,true
1.1829,true,true
6.0783,true,true
1.6925,true,true
8.3525,true,true
3.1931,true,true
0.7255,true,true
4.6633,true,true
5.3731,true,false
4.6743,true,false
3.5587,true,true
1.3732,true,true
0.9302,true,true
3.4893,true,true
1.2282,true,true
1.5394,true,true
1.1084,true,true
1.6532,true,true
6.8604,true,true
1.2541,true,true
8.4456,true,true
2.8666,true,true
7.3831,true,true
1.5777,true,true
5.3307,true,true
0.7316,true,true
1.7316,true,true
