latency_ms,ok,allowed
2.9177,true,true
3.9409,true,true
3.0551,true,true
5.0279,true,false
7.3665,true,true
4.2724,true,true
5.0525,true,true
6.5277,true,false
2.8021,true,true
4.4242,true,true
5.1629,true,false
5.0345,true,false
3.4887,true,true
5.7056,true,true
3.6072,true,true
3.6567,true,true
3.7671,true,true
5.1820,true,true
1.8240,true,true
2.8618,true,true
2.9063,true,true
6.3547,true,true
1.8375,true,true
4.2127,true,true
2.8411,true,true
6.4513,true,false
3.3248,true,true
2.2858,true,true
4.1536,true,true
6.7092,true,true
2.4167,true,true
2.6175,true,true
2.7215,true,true
3.9343,true,true
2.9746,true,true
2.9898,true,true
4.2442,true,true
3.2583,true,true
2.4431,true,true
6.5799,true,true
3.5137,true,false
2.9323,true,true
3.5740,true,false
6.5820,true,false
3.3698,true,true
4.5055,true,true
2.4079,true,true
6.2772,true,false
3.0747,true,true
14.4409,true,true
4.7746,true,false
2.6187,true,true
2.5981,true,true
3.8846,true,false
8.7965,true,true
4.1279,true,true
3.0777,true,true
3.3321,true,true
2.4275,true,true
2.4647,true,true
6.3898,true,true
3.7753,true,false
5.3471,true,true
2.3303,true,true
4.9924,true,true
9.4671,true,true
8.2075,true,true
2.7575,true,true
4.1122,true,true
3.6142,true,true
3.6785,true,true
3.0980,true,false
4.8243,true,true
6.2051,true,false
7.2217,true,true
7.0549,true,true
7.3122,true,false
5.5104,true,true
4.5919,true,true
2.4584,true,true
3.3247,true,true
3.6409,true,true
4.6986,true,true
6.9341,true,true
20.8106,true,true
3.2519,true,true
2.4242,true,true
2.4819,true,true
5.9130,true,false
3.0277,true,true
5.0498,true,false
9.5754,true,true
4.3875,true,true
3.2780,true,true
6.5368,true,true
2.3015,true,true
6.1169,true,true
4.7556,true,true
5.5726,true,true
6.3779,true,false
2.0548,true,true
5.0540,true,true
2.9397,true,true
6.2243,true,true
2.0196,true,true
6.7144,true,true
5.7317,true,true
2.9682,true,true
5.8124,true,true
2.9057,true,true
5.2669,true,false
5.1915,true,true
6.5619,true,false
5.5512,true,false
8.5916,true,true
2.5185,true,true
4.8939,true,true
4.4794,true,false
2.5367,true,true
6.6739,true,true
5.3075,true,false
2.2095,true,true
4.8572,true,true
2.8490,true,true
2.9077,true,true
2.9892,true,true
3.9691,true,true
4.9171,true,true
3.0954,true,true
2.9813,true,true
3.3773,true,true
3.1071,true,true
6.5429,true,true
3.8440,true,false
4.0947,true,true
2.9623,true,true
4.2384,true,true
2.9272,true,true
2.8007,true,true
2.8386,true,true
7.5282,true,true
8.6131,true,true
5.3798,true,true
4.5287,true,false
3.7769,true,true
2.8774,true,true
5.0080,true,true
2.8371,true,true
2.8659,true,true
2.9437,true,true
2.6985,true,true
3.1395,true,true
4.7560,true,true
4.1723,true,true
4.9745,true,true
4.1300,true,false
2.9549,true,true
2.9029,true,true
2.8079,true,true
2.7651,true,true
9.6922,true,false
4.7111,true,true
2.7441,true,true
4.3719,true,true
2.4347,true,true
2.7030,true,true
5.4655,true,true
4.1419,true,true
6.5410,true,false
4.5646,true,false
3.6087,true,true
2.9856,true,true
5.3635,true,true
6.1686,true,true
3.7819,true,true
4.1605,true,true
5.1634,true,true
4.5458,true,true
7.5126,true,true
5.8088,true,false
3.7424,true,true
5.5891,true,true
3.0182,true,true
2.8986,true,true
3.4531,true,true
2.5140,true,true
3.6587,true,false
4.0004,true,false
5.6766,true,true
3.5396,true,true
5.4568,true,false
2.3521,true,true
2.2067,true,true
2.8176,true,true
6.2287,true,true
6.8671,true,true
6.2850,true,true
2.7163,true,true
3.4771,true,true
4.1786,true,true
10.7598,true,true
5.5325,true,true
6.4399,true,false
3.3342,true,true
2.3318,true,true
2.8198,true,true
2.9372,true,true
16.1736,true,true
5.3223,true,false
8.8079,true,true
2.7128,true,true
2.7881,true,true
10.9691,true,true
5.8986,true,true
5.1597,true,false
5.7874,true,false
7.2817,true,true
6.6223,true,true
3.8946,true,true
2.9152,true,true
2.9586,true,true
2.8299,true,true
2.8125,true,true
7.2520,true,false
5.4525,true,true
4.1695,true,true
5.9976,true,true
2.9398,true,true
2.9250,true,true
4.5157,true,true
2.4266,true,true
2.9212,true,true
12.3314,true,true
5.5636,true,true
3.4846,true,true
6.1452,true,true
5.4569,true,false
8.0514,true,true
6.0869,true,true
3.0438,true,true
3.1287,true,true
4.8125,true,false
3.9690,true,true
2.9136,true,true
4.7676,true,true
2.8965,true,true
2.9160,true,true
3.2543,true,true
4.0868,true,true
3.0658,true,true
3.3116,true,true
6.9663,true,true
2.4211,true,true
8.5602,true,true
5.5909,true,false
2.4316,true,true
3.6883,true,true
12.1447,true,false
9.4333,true,true
4.4837,true,true
4.2368,true,false
2.3843,true,true
2.7106,true,true
2.9069,true,true
2.8471,true,true
6.0995,true,true
3.1995,true,true
5.9421,true,false
5.6362,true,false
2.7022,true,true
2.7354,true,true
6.8510,true,true
8.9145,true,true
4.9421,true,true
6.6966,true,true
2.5581,true,true
5.9276,true,true
4.8213,true,true
3.8015,true,true
4.2441,true,true
3.0653,true,true
3.8917,true,true
3.0932,true,true
3.2825,true,true
2.3587,true,true
2.3386,true,true
11.4998,true,true
3.2179,true,true
9.6531,true,true
2.5095,true,true
4.3860,true,true
2.5538,true,true
8.7893,true,true
2.8241,true,true
3.8361,true,true
6.8507,true,true
4.9631,true,false
2.9365,true,true
2.8972,true,true
2.9062,true,true
2.8285,true,true
4.7508,true,false
3.9663,true,true
3.6680,true,false
6.8990,true,true
5.1089,true,false
4.1968,true,false
3.3681,true,true
2.6210,true,false
3.1827,true,true
3.4752,true,true
3.6457,true,true
2.6897,true,true
5.7864,true,true
2.3675,true,true
3.9139,true,true
2.9210,true,true
3.0306,true,true
6.3749,true,true
5.6686,true,true
3.1035,true,true
4.9344,true,true
4.1108,true,true
2.4984,true,true
4.8440,true,true
2.9456,true,true
5.1455,true,false
3.2620,true,true
3.5922,true,true
4.3015,true,false
3.1114,true,true
3.1685,true,true
2.3321,true,true
4.9162,true,true
5.4075,true,false
3.7609,true,true
4.6116,true,true
11.4034,true,true
7.0546,true,true
3.6441,true,false
3.6681,true,true
2.8348,true,true
5.3342,true,true
4.4220,true,false
2.4310,true,true
2.2190,true,true
2.0912,true,true
2.8612,true,true
13.5779,true,true
8.1501,true,true
3.9543,true,true
4.3508,true,true
6.8219,true,true
5.3512,true,true
6.0465,true,true
5.8393,true,true
6.6760,true,true
2.7032,true,true
2.6732,true,true
4.6278,true,true
2.9354,true,true
3.0394,true,true
4.5279,true,true
3.0228,true,false
6.7056,true,true
5.0740,true,false
7.1176,true,true
6.4614,true,true
4.6412,true,true
4.2255,true,true
3.1653,true,false
3.6145,true,true
4.3197,true,true
7.1604,true,true
2.2829,true,true
2.2862,true,true
4.5515,true,true
11.5551,true,true
7.2320,true,false
2.5950,true,true
5.7494,true,true
5.1189,true,false
5.8219,true,true
2.7633,true,true
2.6319,true,true
3.0861,true,true
2.8391,true,true
2.9512,true,true
6.7616,true,true
3.1015,true,true
3.0846,true,true
3.0219,true,true
3.3821,true,true
2.5568,true,true
10.7853,true,true
4.1537,true,false
6.1537,true,false
5.6767,true,false
6.2911,true,true
6.2685,true,false
3.2362,true,true
6.8505,true,true
5.1589,true,true
3.2494,true,true
7.0208,true,true
2.7073,true,true
5.4015,true,false
4.7431,true,true
2.8042,true,true
3.3489,true,true
4.8695,true,true
6.0953,true,true
5.6315,true,false
2.6909,true,true
6.8743,true,true
6.0033,true,true
3.5712,true,false
3.1930,true,true
1.9672,true,true
4.5635,true,true
12.3221,true,true
6.7489,true,true
9.1546,true,false
2.9758,true,true
9.5690,true,true
2.0556,true,true
3.1989,true,true
3.3658,true,true
4.4689,true,true
2.4781,true,true
4.2978,true,true
2.1128,true,true
6.4988,true,true
3.0940,true,true
3.1114,true,true
2.0454,true,true
5.5526,true,false
3.7240,true,true
6.8471,true,true
5.2737,true,true
2.0917,true,true
6.0727,true,false
3.1088,true,true
3.1202,true,true
4.5317,true,true
2.4400,true,true
5.4076,true,true
3.8372,true,false
13.0344,true,true
2.7293,true,true
3.0161,true,true
5.9212,true,true
3.4385,true,true
5.6653,true,true
3.4958,true,true
2.9304,true,true
2.7410,true,true
5.8618,true,true
3.7724,true,true
5.1067,true,false
5.1309,true,true
4.0961,true,true
2.8365,true,true
6.9471,true,true
8.4789,true,true
5.5080,true,true
3.0931,true,false
23.3182,true,true
4.1205,true,true
4.3775,true,false
4.7470,true,false
2.4830,true,true
7.4828,true,true
4.2119,true,true
4.0311,true,true
2.9005,true,true
3.0307,true,true
4.6426,true,true
3.6147,true,true
5.4205,true,false
2.2357,true,true
9.9342,true,true
4.7913,true,true
8.0719,true,true
2.7494,true,true
4.3315,true,true
3.8954,true,true
4.2633,true,true
5.5475,true,true
6.9001,true,true
2.2908,true,true
3.4925,true,true
2.3408,true,true
2.4894,true,true
2.4033,true,true
3.6281,true,true
5.3256,true,false
4.2384,true,false
2.5825,true,true
7.3498,true,true
3.0832,true,true
4.1203,true,false
3.6737,true,true
2.5925,true,true
3.2846,true,true
5.3880,true,true
3.3661,true,true
6.1679,true,false
2.6989,true,true
2.7901,true,true
4.4130,true,true
11.5657,true,true
18.7390,true,true
6.2800,true,false
2.9355,true,false
4.2929,true,true
6.0413,true,true
4.1716,true,true
3.2563,true,true
3.5218,true,true
3.7929,true,true
2.6205,true,true
2.4065,true,true
2.4391,true,true
5.1615,true,true
8.7003,true,true
3.3373,true,true
5.0514,true,true
3.3680,true,true
2.4161,true,true
8.2834,true,false
3.7082,true,true
2.7853,true,true
2.7377,true,true
6.4316,true,true
5.2952,true,false
2.2889,true,true
4.6042,true,false
6.1406,true,true
6.4640,true,false
2.1779,true,true
6.9097,true,false
2.8573,true,true
5.3547,true,true
2.2987,true,true
2.3807,true,true
2.3971,true,true
4.9311,true,false
3.0677,true,true
7.7151,true,true
8.1145,true,true
3.6933,true,false
2.7911,true,true
5.8182,true,true
6.6210,true,true
4.2283,true,true
6.3051,true,true
2.0681,true,true
8.1887,true,false
6.6589,true,false
5.6998,true,true
2.4267,true,true
2.6087,true,true
4.7554,true,true
2.7259,true,true
6.2912,true,true
16.8049,true,true
6.3266,true,true
2.0716,true,true
2.8765,true,true
4.6116,true,false
2.5315,true,true
5.2789,true,false
2.2070,true,true
1.2937,true,true
2.3232,true,true
2.2180,true,true
5.6001,true,true
2.8478,true,true
3.5273,true,false
5.7977,true,true
4.2502,true,true
3.5227,true,true
5.0459,true,true
2.9687,true,true
5.5005,true,true
2.9107,true,true
3.0324,true,true
6.5671,true,false
3.4717,true,false
3.7880,true,true
2.9498,true,true
9.7961,true,true
4.3952,true,false
4.8599,true,false
2.6542,true,true
4.9126,true,false
2.5508,true,true
2.4811,true,true
2.6545,true,true
5.2286,true,true
3.6405,true,false
8.7032,true,true
5.5895,true,true
5.9636,true,true
2.7185,true,true
2.7193,true,true
6.3047,true,true
1.9516,true,true
2.8236,true,true
7.9066,true,true
4.6695,true,true
2.7061,true,true
2.8027,true,true
2.4541,true,true
3.1667,true,true
3.0345,true,true
3.0615,true,true
3.1525,true,true
3.1200,true,true
3.1131,true,true
7.1699,true,true
3.0192,true,true
2.9243,true,true
7.8478,true,true
7.3008,true,true
3.6053,true,true
2.5949,true,true
5.8118,true,true
5.7309,true,true
2.6982,true,true
10.4505,true,true
3.5965,true,true
6.0353,true,true
2.7191,true,true
2.8634,true,true
2.7665,true,true
2.7161,true,true
4.8861,true,false
5.9881,true,true
6.8872,true,true
2.4889,true,true
2.4582,true,true
5.9511,true,false
2.7195,true,true
2.8196,true,true
2.6879,true,true
4.1748,true,false
4.8964,true,true
2.7182,true,true
3.3938,true,true
2.9169,true,true
5.3908,true,true
2.2240,true,true
5.8462,true,true
2.7176,true,true
6.1344,true,true
2.8567,true,true
3.6293,true,true
2.5442,true,true
3.8728,true,true
2.6239,true,true
5.5606,true,true
2.2141,true,true
2.2978,true,true
2.2326,true,true
1.8528,true,true
7.2530,true,true
4.6508,true,true
6.6363,true,true
5.9499,true,true
2.8008,true,true
3.0033,true,true
2.9801,true,true
6.1296,true,true
3.8085,true,true
6.9063,true,true
2.4878,true,true
3.7093,true,true
2.4816,true,true
2.9326,true,true
5.5681,true,true
6.3374,true,true
4.0851,true,true
6.4676,true,true
6.7497,true,true
8.5906,true,true
2.8083,true,true
3.1606,true,true
6.8915,true,true
3.7208,true,true
2.7651,true,true
4.6062,true,false
3.5116,true,true
8.1913,true,true
3.5762,true,true
5.4852,true,false
2.4368,true,true
2.3519,true,true
5.1544,true,true
3.5713,true,true
5.5389,true,true
4.9070,true,true
6.0433,true,true
3.0114,true,true
2.9095,true,true
6.6063,true,false
3.6989,true,true
5.6994,true,true
3.0248,true,true
5.9447,true,true
6.4588,true,true
5.6257,true,true
3.7276,true,true
2.9427,true,true
2.8803,true,true
2.7544,true,true
3.5969,true,true
3.3180,true,true
2.9198,true,false
2.9385,true,true
2.6637,true,true
2.7753,true,true
7.3330,true,true
2.7072,true,true
2.7036,true,true
6.3752,true,true
3.4543,true,false
4.5005,true,true
4.2797,true,false
6.4460,true,true
2.2485,true,true
2.3523,true,true
7.7705,true,true
4.1949,true,true
2.3928,true,true
4.1771,true,false
5.6223,true,true
2.8773,true,true
6.3845,true,true
3.6036,true,true
2.7896,true,true
4.1243,true,true
3.4937,true,true
2.6276,true,true
3.5168,true,false
3.8841,true,true
5.5881,true,true
6.7069,true,true
2.6813,true,true
2.7422,true,true
9.1288,true,true
3.5205,true,true
2.8303,true,true
2.8200,true,true
2.7296,true,true
2.5285,true,true
5.4602,true,true
2.4912,true,true
4.3486,true,true
2.9798,true,true
2.9568,true,true
2.9261,true,true
2.9053,true,true
3.0369,true,true
2.8409,true,true
6.9129,true,true
2.9659,true,true
3.1688,true,true
3.2164,true,true
3.0285,true,true
19.4481,true,false
2.9458,true,true
3.0374,true,true
11.3883,true,true
5.5485,true,false
3.5202,true,false
2.5087,true,true
2.4908,true,true
4.7241,true,false
5.2043,true,true
3.6276,true,true
3.0598,true,true
6.8467,true,true
3.5127,true,true
6.0822,true,false
4.1333,true,false
4.2518,true,true
2.1461,true,true
3.8831,true,true
8.3187,true,true
6.6218,true,true
3.6342,true,true
2.3396,true,true
2.2487,true,true
6.3288,true,true
2.0568,true,true
3.1189,true,true
3.6556,true,true
3.8126,true,true
3.4477,true,true
8.4470,true,true
4.7311,true,true
5.7862,true,true
2.4324,true,true
2.2937,true,true
3.0631,true,true
3.1942,true,true
2.5403,true,true
5.1359,true,false
5.8748,true,false
5.4203,true,false
3.0164,true,true
3.4564,true,true
2.4440,true,true
2.4808,true,true
3.6191,true,false
2.5365,true,true
8.5047,true,false
6.3891,true,true
1.9567,true,true
2.7491,true,true
2.4575,true,true
2.2141,true,true
2.0245,true,true
3.0446,true,true
4.9935,true,true
3.9602,true,true
5.7542,true,true
3.7253,true,false
6.7872,true,true
6.4349,true,true
6.9177,true,true
5.1319,true,true
3.1645,true,true
5.8193,true,false
4.0740,true,true
3.5422,true,true
4.4312,true,true
10.4225,true,false
6.5435,true,true
2.5438,true,true
15.3114,true,true
4.5672,true,false
2.3523,true,true
4.8294,true,true
4.2105,true,true
3.3630,true,true
2.3077,true,true
2.3850,true,true
2.4893,true,true
6.0763,true,true
6.5402,true,true
3.8866,true,true
7.2185,true,false
3.2956,true,true
2.2967,true,true
4.1827,true,false
4.9100,true,true
2.7958,true,true
2.8453,true,true
6.9579,true,true
6.8464,true,true
2.5404,true,true
3.2927,true,true
3.4925,true,false
6.4209,true,false
4.8290,true,false
15.7020,true,true
11.1521,true,true
24.0018,true,true
3.2808,true,true
9.7045,true,true
5.6234,true,true
8.4786,true,true
4.2793,true,true
3.9320,true,true
6.2588,true,true
4.7841,true,false
5.3154,true,true
5.9917,true,true
4.9041,true,true
2.9856,true,true
6.3145,true,false
2.8489,true,true
3.3301,true,true
6.3415,true,true
3.4976,true,true
2.7945,true,true
3.6465,true,true
10.0761,true,true
5.6430,true,true
2.6893,true,true
5.6939,true,true
6.6760,true,true
4.7743,true,true
2.8738,true,true
4.6659,true,true
5.9430,true,true
4.2950,true,true
4.3583,true,true
2.1378,true,true
2.0853,true,true
6.1602,true,true
5.7264,true,true
2.5333,true,true
2.5152,true,true
8.9986,true,false
8.1379,true,true
3.6329,true,true
5.8722,true,true
2.8153,true,true
5.0019,true,true
3.1849,true,true
3.3966,true,true
2.2902,true,true
3.7033,true,true
2.8032,true,true
5.2018,true,true
1.8558,true,true
4.6201,true,false
2.5556,true,true
2.5424,true,true
2.4777,true,true
5.6617,true,true
3.4120,true,true
4.7113,true,false
3.3144,true,false
2.9320,true,true
2.9141,true,true
2.8331,true,true
5.9545,true,true
3.5556,true,true
6.0209,true,false
3.3692,true,true
6.1171,true,true
2.8332,true,true
2.5818,true,true
5.8033,true,false
5.8273,true,true
3.1385,true,true
3.7010,true,false
2.5085,true,true
5.0911,true,false
5.8377,true,true
3.0608,true,true
1.9922,true,true
3.8595,true,true
7.0906,true,true
2.8791,true,true
3.5646,true,true
3.1609,true,false
2.3256,true,true
2.3627,true,true
4.4907,true,true
2.7456,true,true
2.7393,true,true
2.7610,true,true
4.7256,true,false
4.1587,true,false
3.2034,true,true
4.8019,true,false
19.5371,true,true
3.8302,true,true
2.8905,true,true
2.8488,true,true
4.7547,true,true
18.4893,true,true
3.0443,true,true
3.1561,true,true
6.3372,true,false
12.7905,true,true
6.9276,true,false
4.8202,true,false
2.9248,true,true
3.8734,true,true
2.9369,true,true
2.9964,true,true
4.1581,true,true
11.7447,true,true
6.4790,true,true
1.9482,true,true
3.2921,true,false
2.1969,true,true
4.5087,true,false
5.5162,true,true
3.7674,true,true
7.3293,true,true
2.5673,true,true
2.9720,true,true
5.8594,true,true
2.7271,true,true
6.1333,true,true
3.0355,true,true
7.3619,true,true
2.5839,true,true
2.6357,true,true
5.7240,true,true
2.5614,true,true
3.4793,true,false
2.7654,true,true
3.8799,true,true
3.8363,true,true
6.1903,true,true
4.7472,true,false
2.8872,true,true
4.5406,true,false
3.9642,true,true
5.6001,true,true
2.3461,true,true
2.5464,true,true
6.0467,true,true
6.6279,true,false
3.0657,true,true
6.4682,true,true
6.6996,true,true
3.0000,true,true
5.8612,true,true
3.6587,true,true
2.6177,true,true
2.4635,true,true
3.6750,true,false
4.0237,true,true
5.7760,true,true
2.7665,true,true
6.2170,true,false
5.8651,true,true
3.2364,true,true
3.6911,true,false
2.6992,true,true
2.7722,true,true
3.6952,true,true
3.8420,true,true
6.3043,true,true
5.4267,true,false
3.5276,true,true
2.4367,true,true
3.7581,true,true
3.8507,true,true
5.9500,true,true
6.4077,true,true
2.0645,true,true
4.7935,true,true
2.6384,true,true
3.1721,true,false
12.9000,true,true
3.0268,true,true
3.0238,true,true
3.2734,true,true
2.2693,true,true
7.6515,true,true
3.4116,true,true
2.4247,true,true
2.3690,true,true
3.4194,true,true
2.4261,true,true
2.5107,true,true
3.2405,true,false
2.1423,true,true
3.6552,true,false
2.5327,true,true
3.9620,true,true
2.7431,true,true
2.6925,true,true
7.2985,true,true
3.7234,true,true
3.5056,true,true
2.6032,true,true
5.5964,true,true
2.3533,true,true
2.2949,true,true
2.2325,true,true
3.4443,true,true
5.3707,true,true
6.4249,true,true
3.1877,true,true
2.1675,true,true
5.0398,true,true
6.4835,true,true
3.4572,true,true
5.8582,true,true
5.0247,true,false
3.0642,true,true
3.8388,true,true
3.4179,true,true
2.4351,true,true
5.0410,true,true
2.8485,true,true
7.2123,true,true
6.4521,true,true
1.9859,true,true
3.0436,true,true
4.5093,true,true
5.1302,true,true
4.2837,true,true
3.2041,true,false
3.2472,true,true
2.4372,true,true
5.3080,true,true
1.8863,true,true
4.1595,true,true
4.4599,true,true
4.9736,true,false
5.7276,true,false
2.6236,true,true
2.5230,true,true
2.5778,true,true
6.5592,true,true
3.0653,true,true
3.2377,true,true
8.0834,true,true
6.4697,true,false
1.9664,true,true
3.0240,true,true
6.3519,true,true
2.9825,true,true
10.6564,true,true
2.3874,true,true
2.1830,true,true
7.9910,true,false
3.1014,true,true
3.0724,true,true
3.0937,true,true
5.4759,true,true
3.1305,true,true
3.0672,true,true
2.9788,true,true
4.4414,true,true
2.4604,true,true
4.9605,true,false
6.5010,true,true
5.4279,true,false
6.1383,true,true
3.2644,true,true
3.1427,true,true
3.2496,true,true
2.3169,true,true
3.6881,true,true
5.4916,true,true
5.9414,true,false
5.9271,true,true
2.7369,true,true
3.2525,true,true
2.1814,true,true
2.2660,true,true
2.0976,true,true
6.0575,true,true
3.5413,true,true
2.8813,true,true
2.9110,true,true
7.9632,true,true
4.8576,true,false
5.8834,true,true
8.8043,true,true
3.8249,true,true
5.2417,true,false
1.9883,true,true
3.4696,true,true
9.7429,true,true
8.9382,true,true
8.2267,true,true
6.0728,true,true
4.1895,true,true
2.1262,true,true
3.2271,true,true
3.4326,true,true
15.4689,true,true
6.0943,true,true
8.4545,true,true
5.9931,true,true
20.0433,true,true
3.1872,true,true
2.5721,true,true
5.2750,true,true
3.5264,true,true
2.8510,true,true
4.2830,true,false
2.4015,true,true
5.0792,true,false
8.3993,true,true
3.3535,true,true
4.9114,true,true
2.7724,true,true
3.8385,true,true
3.3479,true,true
3.0999,true,false
4.9565,true,true
3.1223,true,true
3.8390,true,true
5.5483,true,false
6.8174,true,true
5.8628,true,true
3.6807,true,true
5.2910,true,false
2.9939,true,true
7.6047,true,true
7.2238,true,false
3.2260,true,true
7.4003,true,true
3.4955,true,true
22.9128,true,true
4.4981,true,false
17.0781,true,true
2.5954,true,true
4.5046,true,true
5.0725,true,false
3.8088,true,false
6.7711,true,true
2.4880,true,true
2.9453,true,true
3.2319,true,true
2.6944,true,true
7.1829,true,true
4.3582,true,false
21.3062,true,true
5.0543,true,true
3.1014,true,true
3.0837,true,true
2.9982,true,true
5.0426,true,false
4.3072,true,true
2.2709,true,true
5.3640,true,true
4.3430,true,true
2.3760,true,true
2.4289,true,true
5.9393,true,true
4.4479,true,true
8.1444,true,true
3.6354,true,true
2.5759,true,true
4.4812,true,true
18.9504,true,true
13.4901,true,true
2.9244,true,false
2.9573,true,true
5.7506,true,true
5.4793,true,true
2.1328,true,true
3.1326,true,true
2.9534,true,true
2.8826,true,true
6.3974,true,true
2.8353,true,true
2.9375,true,true
3.4723,true,true
7.0366,true,true
2.8961,true,true
2.7774,true,true
11.0113,true,true
3.3257,true,true
3.5710,true,false
6.6370,true,true
5.0695,true,true
4.2883,true,false
2.1751,true,true
5.1013,true,true
4.3797,true,true
4.9741,true,true
2.9296,true,true
2.9956,true,true
6.4308,true,true
2.1658,true,true
3.2399,true,true
5.1267,true,false
3.1803,true,true
6.6621,true,true
7.3831,true,true
2.9119,true,true
4.4478,true,true
5.8317,true,true
7.4770,true,true
2.8250,true,true
2.9181,true,true
3.1496,true,true
2.8327,true,false
6.7072,true,true
3.6668,true,true
2.8471,true,true
5.8683,true,true
2.6074,true,true
2.6850,true,true
2.5634,true,true
2.3834,true,true
2.3428,true,true
2.7277,true,false
5.7941,true,true
5.2914,true,true
4.7055,true,false
5.0234,true,false
3.0507,true,true
3.2949,true,true
2.3093,true,true
5.6938,true,true
3.6368,true,true
2.4584,true,true
7.3278,true,false
3.2328,true,true
5.2733,true,false
2.0359,true,true
3.0036,true,true
6.5900,true,true
2.4457,true,true
2.5758,true,true
3.6207,true,true
2.4986,true,true
4.5775,true,true
2.6296,true,true
5.1248,true,false
5.1594,true,true
5.8980,true,true
6.1846,true,false
3.2092,true,true
3.1444,true,true
5.4255,true,true
3.4059,true,true
4.7611,true,false
5.0703,true,false
6.0876,true,true
6.1619,true,false
2.1757,true,true
3.2768,true,true
8.7901,true,true
4.4075,true,false
2.3967,true,true
4.5509,true,true
4.6835,true,false
3.8078,true,true
2.8507,true,true
5.7744,true,true
2.3547,true,true
2.9765,true,true
3.0749,true,true
3.1327,true,true
3.2530,true,true
2.3026,true,true
3.5025,true,true
2.4466,true,true
3.1839,true,true
4.4140,true,true
2.1757,true,true
2.9583,true,true
2.9156,true,true
3.0207,true,true
4.3186,true,true
7.0664,true,false
3.5867,true,true
3.6883,true,false
2.7463,true,true
6.0443,true,false
2.6643,true,true
6.8940,true,true
2.4172,true,true
4.1952,true,true
8.7112,true,true
3.4532,true,true
2.4029,true,true
3.2546,true,true
2.2053,true,true
2.5567,true,false
2.5749,true,true
6.3761,true,true
5.2394,true,false
1.9807,true,true
9.4553,true,true
5.7071,true,false
2.4854,true,true
6.3879,true,true
6.1813,true,true
3.4157,true,true
2.5005,true,true
5.3050,true,false
7.5521,true,false
8.1458,true,true
2.3189,true,true
5.1403,true,true
4.4733,true,true
6.2738,true,true
6.2791,true,false
4.2086,true,true
3.0567,true,true
3.4615,true,true
6.3497,true,true
5.5400,true,true
2.3403,true,true
2.9841,true,false
5.8693,true,true
3.0906,true,true
4.6512,true,true
2.9724,true,true
5.3278,true,false
2.5569,true,true
4.0407,true,true
3.3502,true,true
3.3295,true,true
3.3242,true,true
4.8459,true,true
11.7483,true,true
7.6624,true,true
4.8798,true,true
2.9985,true,true
3.4720,true,true
3.5497,true,false
5.1842,true,true
3.0536,true,true
5.8167,true,false
2.9591,true,true
21.1370,true,true
3.8950,true,true
4.1022,true,true
3.6881,true,true
3.9582,true,false
2.7585,true,true
3.1796,true,true
3.5225,true,true
2.3919,true,true
4.0215,true,true
4.1805,true,true
3.0046,true,true
2.8509,true,true
2.6714,true,true
9.1459,true,true
6.4327,true,false
6.5394,true,true
2.8388,true,true
3.7926,true,true
2.4589,true,true
6.7373,true,true
2.4597,true,true
3.7061,true,false
7.7882,true,true
2.6027,true,true
3.9656,true,true
5.2029,true,true
3.1648,true,true
3.0801,true,true
10.9911,true,true
23.4919,true,true
2.7724,true,true
10.2383,true,true
2.9230,true,true
5.7855,true,true
6.4274,true,true
2.0000,true,true
7.1112,true,false
2.8722,true,true
5.2141,true,false
5.1074,true,true
5.7204,true,false
5.5147,true,true
2.2905,true,true
2.5295,true,true
10.5552,true,true
2.3601,true,true
4.3441,true,true
2.3558,true,true
3.5670,true,true
6.0364,true,true
3.5474,true,true
5.3254,true,false
6.1003,true,true
2.9238,true,true
3.9399,true,true
5.4351,true,false
2.9197,true,true
4.2252,true,true
3.0437,true,false
3.1515,true,true
6.9862,true,true
7.3776,true,true
4.9679,true,true
3.3617,true,true
5.6362,true,true
4.2059,true,true
5.8071,true,true
2.4460,true,true
5.1550,true,false
3.1100,true,true
9.6988,true,true
3.5756,true,false
2.4239,true,true
4.9965,true,false
5.7125,true,false
5.7324,true,true
13.8807,true,true
3.2674,true,true
2.5151,true,true
2.8749,true,true
6.3404,true,true
2.1060,true,true
5.0095,true,true
4.9558,true,true
3.2935,true,true
2.2753,true,true
8.8054,true,true
3.7641,true,true
4.1873,true,true
3.3834,true,true
2.4877,true,true
3.7926,true,false
2.7020,true,true
2.9443,true,true
3.9373,true,true
5.1235,true,false
3.1317,true,true
4.8206,true,false
2.8308,true,true
2.9959,true,true
3.2979,true,true
4.7487,true,false
2.8671,true,true
7.6458,true,true
2.7409,true,true
5.9779,true,true
5.4947,true,true
4.2863,true,true
3.1580,true,true
3.8301,true,false
6.0801,true,true
3.1560,true,true
5.8319,true,true
2.7339,true,true
2.6446,true,true
4.8691,true,true
5.5804,true,true
6.6671,true,true
2.4091,true,true
17.8744,true,true
2.5119,true,true
12.0476,true,true
10.0202,true,true
4.2589,true,false
2.0253,true,true
9.7563,true,true
6.6072,true,true
2.9977,true,true
4.7636,true,false
2.8929,true,true
3.7328,true,true
2.6657,true,true
4.2081,true,true
4.6905,true,false
7.5913,true,true
4.2983,true,false
11.3834,true,true
3.4724,true,true
2.4362,true,true
2.5516,true,true
3.7233,true,true
4.4271,true,true
2.6272,true,true
3.8161,true,false
11.0346,true,true
3.3352,true,true
2.6921,true,true
11.5445,true,true
4.1785,true,true
6.5293,true,true
4.1137,true,true
6.8042,true,true
2.5824,true,true
2.5027,true,true
5.0364,true,false
3.7261,true,true
4.9783,true,false
3.6758,true,true
2.5117,true,true
4.4065,true,true
2.2226,true,true
2.2567,true,true
6.9314,true,true
9.4442,true,true
3.9962,true,false
3.2799,true,true
6.1679,true,true
6.4965,true,true
3.5030,true,true
2.6136,true,true
15.5609,true,true
7.1026,true,true
5.6941,true,true
5.2178,true,true
2.0200,true,true
3.9690,true,true
5.6261,true,true
3.9752,true,true
3.1151,true,true
6.3028,true,true
1.7037,true,true
3.4102,true,true
2.3054,true,true
3.9730,true,true
6.8088,true,false
8.1233,true,true
5.3569,true,true
2.1382,true,true
5.2069,true,false
6.1337,true,true
3.1458,true,true
10.7371,true,true
7.7829,true,true
6.6551,true,false
2.4869,true,true
4.6371,true,false
4.6545,true,true
5.4728,true,true
2.6017,true,true
4.1921,true,true
2.1456,true,true
3.0706,true,true
5.0667,true,true
3.2638,true,true
2.3152,true,true
4.1484,true,false
3.4781,true,true
12.8745,true,true
3.0687,true,true
7.9601,true,true
2.7940,true,true
5.4516,true,false
7.8658,true,true
3.3222,true,true
10.2489,true,true
2.9749,true,true
6.8619,true,true
2.6873,true,true
6.3232,true,true
1.8632,true,true
4.6089,true,true
4.0838,true,true
6.7802,true,false
6.2759,true,true
1.8340,true,true
3.5138,true,true
2.9835,true,true
5.2298,true,true
1.9659,true,true
6.6037,true,true
3.7091,true,true
3.5550,true,false
2.5707,true,true
2.5516,true,true
6.5574,true,true
2.3339,true,true
6.0534,true,true
2.9860,true,true
9.3484,true,false
3.5582,true,true
3.0876,true,false
4.4470,true,true
2.6661,true,true
5.9516,true,true
6.0487,true,false
3.0846,true,true
4.9918,true,true
5.9525,true,true
5.3741,true,false
2.0596,true,true
7.1968,true,false
2.8040,true,true
4.7343,true,false
5.3070,true,false
2.0044,true,true
3.0711,true,true
3.9618,true,true
5.8675,true,true
2.7912,true,true
8.6027,true,false
6.8840,true,true
3.3281,true,false
2.4002,true,true
8.2628,true,true
9.6997,true,false
3.4658,true,true
5.2882,true,true
5.0507,true,true
3.1213,true,true
3.6885,true,true
18.8799,true,true
5.2179,true,true
3.6529,true,true
5.4036,true,false
2.1683,true,true
8.2268,true,true
8.1867,true,false
6.1002,true,true
2.9768,true,true
4.4120,true,true
4.3076,true,true
6.5412,true,true
3.0116,true,false
3.1933,true,true
4.0591,true,false
3.7787,true,true
6.7790,true,true
2.3271,true,true
2.2985,true,true
2.3058,true,true
6.6074,true,true
2.2908,true,true
2.2906,true,true
3.6815,true,true
7.4458,true,false
5.2661,true,false
4.8513,true,true
5.4164,true,false
2.8030,true,false
5.3449,true,false
2.9291,true,true
3.0659,true,true
10.4610,true,true
5.8553,true,true
7.5034,true,true
4.8007,true,true
5.7911,true,true
2.5461,true,true
7.8867,true,false
3.6195,true,true
3.4754,true,true
6.4183,true,true
2.1045,true,true
6.7724,true,true
2.6074,true,true
2.8207,true,true
5.0915,true,true
3.7040,true,false
3.2227,true,true
11.0676,true,true
6.7268,true,true
3.2545,true,true
3.0193,true,false
7.0385,true,true
3.2918,true,false
2.2690,true,true
4.6356,true,false
6.8556,true,true
2.6015,true,true
5.0555,true,true
4.8798,true,false
2.9519,true,true
3.0736,true,true
3.6415,true,true
6.4903,true,true
4.0712,true,false
6.5545,true,true
2.5425,true,true
9.3683,true,true
2.8725,true,true
4.3413,true,true
2.3511,true,true
4.3758,true,true
2.3612,true,true
3.0343,true,true
4.2130,true,true
2.2277,true,true
6.1192,true,true
3.1124,true,true
3.4607,true,true
3.0967,true,false
4.5514,true,true
5.4947,true,false
4.0243,true,true
6.6946,true,true
3.7042,true,true
4.1264,true,true
3.2658,true,true
2.2049,true,true
7.0556,true,true
2.6830,true,false
6.4105,true,false
2.4281,true,true
2.4256,true,true
2.5491,true,true
2.6798,true,true
6.2304,true,true
9.9009,true,true
5.7130,true,false
2.5153,true,true
4.2203,true,true
2.4488,true,true
12.0504,true,true
4.4293,true,true
2.9590,true,true
2.9365,true,true
7.1457,true,true
5.4279,true,false
3.9108,true,true
4.6337,true,true
3.4802,true,true
3.7839,true,true
4.8029,true,true
2.4783,true,true
6.7929,true,true
4.4001,true,true
5.7349,true,true
2.3888,true,true
5.7064,true,true
2.5077,true,true
2.2389,true,true
3.2009,true,false
6.5362,true,true
7.4069,true,false
5.6822,true,true
5.6589,true,true
2.3939,true,true
2.3981,true,true
6.3536,true,true
1.9166,true,true
3.0465,true,true
6.2167,true,true
3.2900,true,true
2.5255,true,true
5.6611,true,true
2.5710,true,true
6.7960,true,true
5.0102,true,false
3.1399,true,true
5.8453,true,false
4.9699,true,true
3.7266,true,true
3.0599,true,true
3.1614,true,true
11.0552,true,true
3.8024,true,true
3.4900,true,false
4.0741,true,true
5.3802,true,false
3.9710,true,false
4.3983,true,true
3.7830,true,true
6.1621,true,false
3.1299,true,true
5.6132,true,false
7.1813,true,true
2.5230,true,true
4.2832,true,true
3.0325,true,true
4.6662,true,true
3.1962,true,false
2.2064,true,true
4.3294,true,false
2.1938,true,true
2.1590,true,true
4.3634,true,true
3.5178,true,true
4.6998,true,true
13.0367,true,true
5.7089,true,true
2.6616,true,true
3.2886,true,true
2.3971,true,true
2.8455,true,false
3.0543,true,true
3.1694,true,true
5.9082,true,true
5.8806,true,true
2.5803,true,true
7.0533,true,true
2.7379,true,true
2.7467,true,true
8.4581,true,true
2.8276,true,true
8.8515,true,true
7.5604,true,true
2.7382,true,true
4.4793,true,true
2.7131,true,true
2.7307,true,true
5.8284,true,true
2.9090,true,true
2.9398,true,true
13.7970,true,true
7.6037,true,true
5.3678,true,false
4.0042,true,true
5.9211,true,true
4.5497,true,true
2.5291,true,true
2.9908,true,false
5.5427,true,true
2.3068,true,true
2.2573,true,true
2.8368,true,true
3.3596,true,true
3.4835,true,true
5.9267,true,false
2.6130,true,true
2.5353,true,true
2.4786,true,true
4.1145,true,false
2.2378,true,true
5.5725,true,true
2.5721,true,true
4.9219,true,false
6.7977,true,true
2.5341,true,true
5.9376,true,true
5.1775,true,false
5.6561,true,true
5.0882,true,true
3.1241,true,true
3.1356,true,true
16.4898,true,true
3.0391,true,true
9.7874,true,true
3.5659,true,true
5.7867,true,true
2.4551,true,true
2.4229,true,true
2.2593,true,true
5.0115,true,true
2.8572,true,true
5.7764,true,true
2.6987,true,true
8.0288,true,true
3.6456,true,false
10.4202,true,true
3.0597,true,true
3.0101,true,true
3.0918,true,true
6.6083,true,false
2.2585,true,true
5.4888,true,false
5.1888,true,true
5.9079,true,true
6.9304,true,false
3.6970,true,true
3.7926,true,true
7.2067,true,true
6.4476,true,true
4.9202,true,false
2.9019,true,true
3.4626,true,false
3.8088,true,true
5.9995,true,true
4.4214,true,true
2.5882,true,true
4.9798,true,false
7.3144,true,true
5.7011,true,false
2.8055,true,true
5.3237,true,true
2.1107,true,true
3.5583,true,true
3.1272,true,true
5.5173,true,true
3.0466,true,false
10.7853,true,true
4.7539,true,true
2.8421,true,true
9.7423,true,true
2.3830,true,true
2.9882,true,true
3.9638,true,true
5.2973,true,false
2.1650,true,true
7.2905,true,true
3.3200,true,true
4.9217,true,false
3.0687,true,true
3.2365,true,true
4.6737,true,true
5.2501,true,true
2.8947,true,true
5.3225,true,false
6.1730,true,true
5.7208,true,false
3.1445,true,false
6.8835,true,true
2.7556,true,true
5.0651,true,true
3.0191,true,true
4.8362,true,true
5.9306,true,true
3.6480,true,true
5.0492,true,false
6.7772,true,true
2.5913,true,true
4.0199,true,true
4.3990,true,true
2.6012,true,true
2.6068,true,true
8.1662,true,true
2.5410,true,true
8.7668,true,true
2.6453,true,true
2.7068,true,true
3.2609,true,false
3.4852,true,true
4.1910,true,true
4.5025,true,true
2.4499,true,true
3.3130,true,true
5.6927,true,true
2.6534,true,true
3.1270,true,false
3.3921,true,true
2.8044,true,true
18.0344,true,true
2.4902,true,true
4.4204,true,true
2.8358,true,false
4.3422,true,true
2.6374,true,false
6.9493,true,true
13.9909,true,true
5.9524,true,true
5.1561,true,true
4.0934,true,true
5.4585,true,true
2.8771,true,true
2.9121,true,true
2.7689,true,true
2.9955,true,true
13.8293,true,true
6.8075,true,true
3.6841,true,true
6.4841,true,true
4.3263,true,true
6.0308,true,false
4.3325,true,true
4.1144,true,true
7.7321,true,false
2.8254,true,true
2.9349,true,true
2.9804,true,true
4.8835,true,false
12.6324,true,true
2.8089,true,true
3.4917,true,true
3.8586,true,true
6.1940,true,true
4.2974,true,true
5.8533,true,true
2.5472,true,true
3.1748,true,true
3.4965,true,true
2.5144,true,true
2.4279,true,true
2.4284,true,true
2.3189,true,true
5.7556,true,true
3.6851,true,true
6.1943,true,true
5.9011,true,false
2.8242,true,true
2.9049,true,true
5.6569,true,false
2.5086,true,true
2.6168,true,true
5.5792,true,true
2.3538,true,true
6.2402,true,true
7.1136,true,true
5.3826,true,false
5.6798,true,true
2.4575,true,true
4.3306,true,true
2.3298,true,true
4.5115,true,true
3.1633,true,false
5.4532,true,true
2.6109,true,true
10.4653,true,true
2.0428,true,true
3.6103,true,true
2.6477,true,true
4.7354,true,true
3.0085,true,true
2.9779,true,true
5.4633,true,true
4.6886,true,false
3.2839,true,true
6.0346,true,true
4.2640,true,true
4.2060,true,false
3.0609,true,true
4.2131,true,false
1.9939,true,true
3.0250,true,true
4.8752,true,true
4.0287,true,true
3.6323,true,false
2.7721,true,true
5.0784,true,false
3.3779,true,true
5.8994,true,true
2.8284,true,true
4.7350,true,true
3.0547,true,true
3.7724,true,true
6.4539,true,true
2.1754,true,true
2.8469,true,true
5.8040,true,false
12.0932,true,true
5.7347,true,false
2.4492,true,true
12.9149,true,true
8.3441,true,true
4.1645,true,false
2.0680,true,true
2.8565,true,true
3.6499,true,true
5.5592,true,true
2.2628,true,true
2.2946,true,true
2.2435,true,true
6.6881,true,true
3.0734,true,true
5.0345,true,true
4.4894,true,true
2.5120,true,true
2.6596,true,true
2.9216,true,true
2.6654,true,true
3.5941,true,true
2.2803,true,true
6.4922,true,true
13.6308,true,true
6.1223,true,true
14.2235,true,false
3.2161,true,true
3.9839,true,true
11.0992,true,true
12.7010,true,false
8.0454,true,true
15.2999,true,true
3.6994,true,false
2.8060,true,true
8.6603,true,false
3.4264,true,true
11.1618,true,true
2.9177,true,true
2.8834,true,true
8.1351,true,true
6.2166,true,true
3.1876,true,true
13.7589,true,true
3.2186,true,true
5.2883,true,true
4.5478,true,true
7.3038,true,true
3.8259,true,true
5.7303,true,true
2.4516,true,true
2.4869,true,true
5.8984,true,true
2.9803,true,true
4.8647,true,false
5.8855,true,true
2.5496,true,true
2.5583,true,true
8.6883,true,true
4.0441,true,true
8.1209,true,true
3.5204,true,true
5.7924,true,true
4.4373,true,true
8.0193,true,true
5.1303,true,false
3.0689,true,true
5.5719,true,false
2.6735,true,true
3.6902,true,true
2.6692,true,true
4.9723,true,false
4.3950,true,true
2.3947,true,true
11.0319,true,true
5.6972,true,true
8.5157,true,false
5.2444,true,false
2.1286,true,true
3.1629,true,true
5.4530,true,false
5.7849,true,true
2.4826,true,true
2.6187,true,true
7.1919,true,true
2.9242,true,true
2.9124,true,true
3.3389,true,true
4.3984,true,true
2.6438,true,true
2.8817,true,true
5.5043,true,true
2.3264,true,true
2.5693,true,true
5.4280,true,true
4.1017,true,true
5.9376,true,false
2.7027,true,true
3.7209,true,true
7.0761,true,true
9.7109,true,false
3.6615,true,true
2.6433,true,true
3.9261,true,true
3.9336,true,true
4.0683,true,false
2.8647,true,true
4.6407,true,false
3.3066,true,true
2.2655,true,true
4.9611,true,true
4.2250,true,false
5.4350,true,false
3.1561,true,true
3.1353,true,true
5.8563,true,true
5.1476,true,true
18.2731,true,true
6.1206,true,true
3.1228,true,true
6.0771,true,true
4.3636,true,true
6.8106,true,true
4.0197,true,true
3.2589,true,true
3.2740,true,false
6.6543,true,true
5.6024,true,true
4.4885,true,true
2.4177,true,true
5.5674,true,true
6.4366,true,true
7.8337,true,true
3.2937,true,true
6.0808,true,true
3.5128,true,false
3.4876,true,true
3.2390,true,true
2.4061,true,true
5.7155,true,false
2.4062,true,true
5.5000,true,true
13.8235,true,true
8.0770,true,false
2.7951,true,true
3.8608,true,true
5.3161,true,true
2.1345,true,true
3.8976,true,true
2.6457,true,true
5.1515,true,false
2.9339,true,true
4.2970,true,true
6.7336,true,false
4.0891,true,false
7.0849,true,true
3.0821,true,true
17.0735,true,true
7.9309,true,false
3.8275,true,true
2.7311,true,true
2.6958,true,true
2.6731,true,true
2.9771,true,true
2.9031,true,true
4.0840,true,false
11.3185,true,true
6.0818,true,true
7.7669,true,false
8.1139,true,true
10.6295,true,true
2.3222,true,true
9.4369,true,true
3.8481,true,true
8.1013,true,true
3.7313,true,true
4.4465,true,true
6.4193,true,true
3.3225,true,false
6.4577,true,false
3.3461,true,true
7.2342,true,false
6.9003,true,true
4.5689,true,true
4.6244,true,true
2.6004,true,true
5.0821,true,true
10.5905,true,false
5.2157,true,true
21.2855,true,true
2.8257,true,true
2.9686,true,true
3.0476,true,true
3.0707,true,true
3.2640,true,true
2.2144,true,true
2.1098,true,true
3.3152,true,true
2.7652,true,true
6.8390,true,false
6.5226,true,false
2.1514,true,true
5.7722,true,true
4.3254,true,false
5.5241,true,true
3.2451,true,true
3.6677,true,true
4.8463,true,true
4.2744,true,true
6.9817,true,true
6.2797,true,false
3.6641,true,true
2.8051,true,true
7.1817,true,true
5.4890,true,false
4.8711,true,true
2.8668,true,true
7.7998,true,true
3.8912,true,true
2.9542,true,true
4.6501,true,true
5.2738,true,true
2.2588,true,true
6.3639,true,false
2.1731,true,true
3.0490,true,true
3.0804,true,true
11.4062,true,true
5.6331,true,true
2.5589,true,true
6.9851,true,true
13.4603,true,true
2.7501,true,true
2.8945,true,true
2.0484,true,true
3.1218,true,true
4.5605,true,false
4.3284,true,true
8.9637,true,true
3.6505,true,true
6.2890,true,true
2.0081,true,true
9.0988,true,true
5.5844,true,true
7.9278,true,false
3.0814,true,true
7.9463,true,true
4.3594,true,true
4.0616,true,true
7.5465,true,true
7.6288,true,true
3.2458,true,true
3.2677,true,true
5.1467,true,false
5.7892,true,false
4.2980,true,false
2.8447,true,true
3.8391,true,true
2.6693,true,true
11.8988,true,true
7.5840,true,false
6.5031,true,true
2.0959,true,true
3.0573,true,true
5.7505,true,true
3.8819,true,true
4.7318,true,false
11.9987,true,true
1.6552,true,true
2.7135,true,true
2.8099,true,true
5.4572,true,false
4.7618,true,true
3.2166,true,true
1.9849,true,true
3.7352,true,true
5.1339,true,false
3.1221,true,true
7.6899,true,true
4.2708,true,true
2.2949,true,true
2.3481,true,true
2.3458,true,true
7.1892,true,true
2.4603,true,true
2.4244,true,true
2.4270,true,true
2.5871,true,true
4.8817,true,true
3.5104,true,true
2.5039,true,true
2.6056,true,true
5.6837,true,true
5.9458,true,false
9.2993,true,false
4.2281,true,true
3.9234,true,true
5.1780,true,true
5.1135,true,true
6.2338,true,true
6.8004,true,false
3.1910,true,true
9.5279,true,true
2.2038,true,true
2.7329,true,true
6.8626,true,false
4.8148,true,true
3.3613,true,false
4.6024,true,true
5.5742,true,true
3.5196,true,true
3.7258,true,true
4.0842,true,true
3.0971,true,true
2.7881,true,true
2.7436,true,true
2.7907,true,true
4.1955,true,true
2.1132,true,true
2.2160,true,true
2.3257,true,true
3.0311,true,true
2.8982,true,true
3.8836,true,true
3.1989,true,true
6.0781,true,true
5.9243,true,true
3.0121,true,true
4.8680,true,false
2.5575,true,true
6.2414,true,true
6.6247,true,true
19.7639,true,true
2.3225,true,true
4.7542,true,true
6.5969,true,true
8.6371,true,true
3.2304,true,true
1.8701,true,true
2.9774,true,true
2.8867,true,true
2.9393,true,true
4.0971,true,true
3.8570,true,true
3.2991,true,true
2.1960,true,true
1.9402,true,true
3.9309,true,true
2.7207,true,true
2.7410,true,true
2.8117,true,true
7.0710,true,true
3.6217,true,true
2.4789,true,true
2.5677,true,true
4.0343,true,true
4.6761,true,false
8.6025,true,true
2.4543,true,true
3.5577,true,true
4.9556,true,false
7.7641,true,true
3.5737,true,true
4.4866,true,false
6.6128,true,true
2.1771,true,true
3.9335,true,true
4.4114,true,true
2.5684,true,true
5.5439,true,true
4.1337,true,true
4.0535,true,true
4.9702,true,true
2.6854,true,true
10.0488,true,true
7.3785,true,true
3.3544,true,true
2.2341,true,true
2.1886,true,true
5.7992,true,true
6.3716,true,true
4.3268,true,true
2.3608,true,true
2.9151,true,true
2.9470,true,true
2.8463,true,true
3.4384,true,true
10.6542,true,true
6.8855,true,false
23.3575,true,true
5.8735,true,true
14.9212,true,true
10.9004,true,true
10.3043,true,true
6.3813,true,true
2.5571,true,false
5.3377,true,true
4.5171,true,false
5.4825,true,true
6.2278,true,true
3.9171,true,true
3.0073,true,true
7.1832,true,true
4.0005,true,false
3.0369,true,true
8.6330,true,true
5.7498,true,false
3.3927,true,true
7.7512,true,true
6.7790,true,false
2.9843,true,true
22.7590,true,true
7.4365,true,true
3.0468,true,true
6.2580,true,true
3.0625,true,false
3.4827,true,false
2.4685,true,true
5.2878,true,true
4.1010,true,false
5.0115,true,true
12.8882,true,true
2.4046,true,true
3.0013,true,true
2.8520,true,true
6.9686,true,true
7.5448,true,true
2.5950,true,true
5.6232,true,false
8.1108,true,true
3.3361,true,true
2.2792,true,true
3.0998,true,true
3.2244,true,true
3.3088,true,true
10.7359,true,true
3.4446,true,false
7.6289,true,true
2.8623,true,true
3.1314,true,true
2.1494,true,true
5.1423,true,true
3.9763,true,true
2.8742,true,true
4.7191,true,true
3.0196,true,true
4.4555,true,true
2.4257,true,true
4.0438,true,true
9.9596,true,false
3.7604,true,true
2.8164,true,true
3.9494,true,true
4.2392,true,true
2.9756,true,true
5.4344,true,true
2.2736,true,true
2.0869,true,true
3.0683,true,true
4.3565,true,true
4.9215,true,true
4.8581,true,false
2.9850,true,true
4.1553,true,false
2.9143,true,true
3.5237,true,false
7.3761,true,true
2.6002,true,true
4.0018,true,true
5.9812,true,false
4.4944,true,false
3.5334,true,true
2.6598,true,true
3.5635,true,true
2.8600,true,true
3.9270,true,false
3.0362,true,true
3.9592,true,true
13.3488,true,true
8.0317,true,true
3.0566,true,true
7.4391,true,true
4.6766,true,true
3.9908,true,true
4.6515,true,true
7.6956,true,true
8.0434,true,false
5.9329,true,true
3.5642,true,true
2.7927,true,true
7.5371,true,true
7.1958,true,true
4.6789,true,false
3.5603,true,true
4.3192,true,true
2.2906,true,true
5.2808,true,true
5.5369,true,true
2.4285,true,true
4.2878,true,true
2.6827,true,false
4.1831,true,true
3.1759,true,true
2.0246,true,true
3.1395,true,true
3.1307,true,true
5.6872,true,true
2.3234,true,true
2.3028,true,true
2.0964,true,true
3.9038,true,true
3.0954,true,true
3.0961,true,true
8.2695,true,true
7.1066,true,true
3.6047,true,true
2.5789,true,true
4.8880,true,true
3.3992,true,false
2.6208,true,true
3.1039,true,false
5.9204,true,true
4.8359,true,true
2.7931,true,true
4.3327,true,false
18.0682,true,true
3.1395,true,true
4.5567,true,true
3.6475,true,false
3.1637,true,true
10.8357,true,true
2.7074,true,true
3.8393,true,false
2.8320,true,true
3.5755,true,true
4.3290,true,true
5.2652,true,true
2.2866,true,true
4.7351,true,false
4.0870,true,true
8.0736,true,true
5.3284,true,false
2.2679,true,true
3.4824,true,false
4.2742,true,true
2.2373,true,true
2.3188,true,true
2.3672,true,true
6.1735,true,true
3.0733,true,true
5.7632,true,false
3.4330,true,true
2.4065,true,true
6.3509,true,true
2.0750,true,true
8.5704,true,false
3.5821,true,true
2.7055,true,true
2.8670,true,true
7.1331,true,true
14.8860,true,true
7.0819,true,false
3.7933,true,true
3.0739,true,true
3.2971,true,true
7.5763,true,true
2.3668,true,true
2.3087,true,true
5.9282,true,false
3.6714,true,true
2.8050,true,true
2.6764,true,true
6.1060,true,false
2.9946,true,true
3.2382,true,true
2.3535,true,true
11.8197,true,true
6.8948,true,false
2.3275,true,true
2.8594,true,true
2.9216,true,true
2.8952,true,true
2.8274,true,true
3.3279,true,true
2.1981,true,true
1.2095,true,true
4.6156,true,false
2.7758,true,true
5.5876,true,true
4.2164,true,true
2.4898,true,true
3.5000,true,true
3.0587,true,true
8.7299,true,true
5.7789,true,false
6.6602,true,true
2.6169,true,true
3.7190,true,false
2.7065,true,true
2.5949,true,true
4.1675,true,false
4.0465,true,true
3.2264,true,true
19.7971,true,true
8.7977,true,true
2.9802,true,true
3.8294,true,true
2.6150,true,true
6.4823,true,true
2.7882,true,true
4.8704,true,false
2.8185,true,true
4.4751,true,false
5.9736,true,true
5.9268,true,false
4.8264,true,true
7.8872,true,false
2.4615,true,true
2.6369,true,true
6.7201,true,true
2.4888,true,true
2.4496,true,true
11.0904,true,true
5.7613,true,true
16.3261,true,true
6.4413,true,true
2.9413,true,true
3.0875,true,true
6.6694,true,true
6.7392,true,true
3.5525,true,true
3.0510,true,true
3.3238,true,true
2.2070,true,true
4.1738,true,true
3.0455,true,true
3.1043,true,true
3.2194,true,true
6.4824,true,true
2.3097,true,true
4.6723,true,true
3.9852,true,false
3.0441,true,true
7.6468,true,true
3.0912,true,true
7.4357,true,true
3.2230,true,true
3.9105,true,true
2.8389,true,true
8.1312,true,true
8.3055,true,true
3.2462,true,true
12.6591,true,true
2.1620,true,true
3.7397,true,true
2.5355,true,true
4.3179,true,false
2.2021,true,true
7.7718,true,false
5.8413,true,false
4.0760,true,true
7.1956,true,false
5.0476,true,false
6.5050,true,false
3.9872,true,false
7.8260,true,false
3.5473,true,true
2.6028,true,true
4.1385,true,false
4.4909,true,false
5.0693,true,false
4.3478,true,true
3.5561,true,false
2.4716,true,true
4.7734,true,false
9.4817,true,false
5.2321,true,false
2.1685,true,true
3.9857,true,false
3.0206,true,true
5.5497,true,false
5.2146,true,false
3.6983,true,true
4.2226,true,true
5.1429,true,false
9.6672,true,true
8.9331,true,true
7.6367,true,true
5.2241,true,true
7.6432,true,true
5.9146,true,false
8.2289,true,false
9.5189,true,true
16.0680,true,true
5.3982,true,true
32.8979,true,true
6.4983,true,false
2.2829,true,true
4.8912,true,false
3.8291,true,true
7.9042,true,true
7.9706,true,true
8.7948,true,true
3.9143,true,true
4.9766,true,false
4.0764,true,true
3.2122,true,true
2.5041,true,true
4.4461,true,true
3.7658,true,true
6.1304,true,false
8.5819,true,true
2.8896,true,true
18.7955,true,true
5.0257,true,true
10.5920,true,true
17.0525,true,true
7.6689,true,true
3.4052,true,true
2.4102,true,true
4.3809,true,false
2.3502,true,true
4.6146,true,false
8.7481,true,false
4.3660,true,true
2.3422,true,true
3.8494,true,false
4.5933,true,false
4.8843,true,false
4.5893,true,true
2.6290,true,true
5.3297,true,true
2.1911,true,true
3.4915,true,true
14.5836,true,true
3.1948,true,false
4.0867,true,true
4.5251,true,true
3.8191,true,true
4.5597,true,true
3.5535,true,true
8.7317,true,true
3.3188,true,true
4.5523,true,true
4.0366,true,true
2.9548,true,true
6.9034,true,true
7.6559,true,true
2.4862,true,true
3.9073,true,true
7.9028,true,true
5.6125,true,false
4.4605,true,true
3.0939,true,true
3.1179,true,true
3.0924,true,true
3.0656,true,true
5.1407,true,true
4.7618,true,false
4.8382,true,true
4.1743,true,true
9.0808,true,true
3.9463,true,true
3.0665,true,true
3.0197,true,true
7.7004,true,true
2.9224,true,true
4.8510,true,true
5.2580,true,true
2.1924,true,true
3.6175,true,true
4.5722,true,true
3.0068,true,true
4.6594,true,true
2.8070,true,true
3.3970,true,true
2.0050,true,true
3.3866,true,true
2.4694,true,true
3.5799,true,false
2.3205,true,true
2.3972,true,true
3.3087,true,false
2.1381,true,true
3.2227,true,true
5.4774,true,true
2.9044,true,false
8.8734,true,true
3.2303,true,true
3.0285,true,true
6.3634,true,false
9.7733,true,true
4.9950,true,true
6.4028,true,true
2.9536,true,true
3.3039,true,true
3.9079,true,false
4.1268,true,true
4.8419,true,true
2.7344,true,true
2.8656,true,true
2.5396,true,true
6.6329,true,true
8.9166,true,true
2.6839,true,true
2.4409,true,true
2.7051,true,true
2.5520,true,true
5.9480,true,false
4.2087,true,true
1.9331,true,true
4.0892,true,true
4.2202,true,false
6.6294,true,true
5.9339,true,true
4.2195,true,true
2.9456,true,true
4.2241,true,true
2.0320,true,true
6.2368,true,true
2.4395,true,true
5.5623,true,false
3.9108,true,true
4.0101,true,true
2.8489,true,true
2.7749,true,true
2.6876,true,true
5.2161,true,false
6.5974,true,true
2.3961,true,true
4.6505,true,false
2.5617,true,true
8.3269,true,true
2.5736,true,true
6.3839,true,true
3.7362,true,true
2.6489,true,true
4.3765,true,false
2.2985,true,true
5.6005,true,false
3.3631,true,false
2.1405,true,true
6.2660,true,true
6.0315,true,true
2.8446,true,true
5.9815,true,true
5.8619,true,true
2.7066,true,true
2.9102,true,true
2.8342,true,true
2.7791,true,true
6.5762,true,false
4.5786,true,false
5.0743,true,false
4.8752,true,false
2.9546,true,true
3.0253,true,true
5.4194,true,false
2.1618,true,true
3.1327,true,true
3.2589,true,true
3.2910,true,true
2.7334,true,true
4.7255,true,true
2.9714,true,true
7.4425,true,true
2.9019,true,true
2.9372,true,true
5.1012,true,true
7.2714,true,true
6.6875,true,true
2.4977,true,true
2.4793,true,true
2.7278,true,true
3.7613,true,false
3.0222,true,true
9.3918,true,true
3.9318,true,true
7.5061,true,true
3.8965,true,true
3.0357,true,true
3.1132,true,true
3.2045,true,true
6.3051,true,true
2.7333,true,false
5.5974,true,false
2.5832,true,true
5.2135,true,true
2.1226,true,true
7.5953,true,true
5.2128,true,true
5.7099,true,true
5.5820,true,true
3.8712,true,true
4.4842,true,true
2.5644,true,true
3.1174,true,true
3.9714,true,true
9.4138,true,true
4.3532,true,true
2.4227,true,true
2.4582,true,true
2.5136,true,true
3.9220,true,true
4.7591,true,true
2.8120,true,true
2.8585,true,true
5.5078,true,false
2.5905,true,true
5.4903,true,false
5.8702,true,true
2.8269,true,true
2.8482,true,true
3.4138,true,true
2.1410,true,true
3.2291,true,true
2.3041,true,true
5.5271,true,false
3.5676,true,true
10.7454,true,true
4.3225,true,true
2.0378,true,true
8.7915,true,true
3.8123,true,true
4.0602,true,true
6.3901,true,true
8.7649,true,true
3.6102,true,true
4.3796,true,true
11.7192,true,true
3.5539,true,false
2.3942,true,true
5.3456,true,false
2.0830,true,true
18.4193,true,true
2.6507,true,true
4.7851,true,false
2.8310,true,true
4.8147,true,true
2.8141,true,true
4.0439,true,false
10.3502,true,true
6.9547,true,true
2.6068,true,true
2.7380,true,true
9.4297,true,true
2.4375,true,true
2.4567,true,true
4.5970,true,false
7.1867,true,true
2.5741,true,true
3.1036,true,true
6.6320,true,true
3.3365,true,true
2.5449,true,true
8.8161,true,true
4.9476,true,true
7.5027,true,true
2.8573,true,true
2.6400,true,true
5.9003,true,true
2.7960,true,true
2.8841,true,true
2.9911,true,true
3.0391,true,true
3.1268,true,true
6.6615,true,false
7.5599,true,true
5.4329,true,false
5.2475,true,true
5.6385,true,true
3.6163,true,true
3.2952,true,true
2.3605,true,true
4.0299,true,true
12.7378,true,true
4.3298,true,true
11.0430,true,true
5.6187,true,false
3.7838,true,true
4.3721,true,true
3.0608,true,true
3.2246,true,true
3.5680,true,true
10.7970,true,false
6.6756,true,true
2.7145,true,true
7.3344,true,true
2.5303,true,true
3.0419,true,true
2.9830,true,true
5.6442,true,true
8.7446,true,true
3.6162,true,true
2.7698,true,true
6.9360,true,true
4.1784,true,true
3.6522,true,true
4.8101,true,true
2.7703,true,true
7.0920,true,true
4.3984,true,false
2.4613,true,true
2.5168,true,true
3.1875,true,true
5.7427,true,true
2.4860,true,true
5.6282,true,true
6.2337,true,true
3.0093,true,true
7.0639,true,true
3.5465,true,true
5.3386,true,true
5.4026,true,true
6.0463,true,true
6.4291,true,true
4.8188,true,true
14.0257,true,true
5.1840,true,true
6.4485,true,true
2.3944,true,true
4.7157,true,true
3.8603,true,true
3.0875,true,true
6.7934,true,true
8.3903,true,true
3.8230,true,true
3.6794,true,true
2.7996,true,true
19.9649,true,true
2.7739,true,true
3.6163,true,false
2.7325,true,true
4.8875,true,false
2.9064,true,true
3.0283,true,true
3.2736,true,true
5.0467,true,false
20.3116,true,true
8.0944,true,true
8.1213,true,true
3.8967,true,true
5.7281,true,false
2.4567,true,true
3.6231,true,true
2.9695,true,true
3.1289,true,true
6.9415,true,true
3.4349,true,true
5.8066,true,false
2.6516,true,true
2.7434,true,true
4.7114,true,false
5.5434,true,true
2.5671,true,true
2.6161,true,true
13.1076,true,true
2.4984,true,true
2.5848,true,true
7.0980,true,false
2.8611,true,true
2.8133,true,true
2.5642,true,true
4.4008,true,true
6.3916,true,true
2.2974,true,true
4.9237,true,true
4.9575,true,true
4.9167,true,false
7.7591,true,true
9.0418,true,true
7.0642,true,true
2.8089,true,true
4.1162,true,false
6.1827,true,true
6.6219,true,true
9.4961,true,true
2.5113,true,true
13.1796,true,true
2.5070,true,true
4.4475,true,true
2.8787,true,true
7.3630,true,true
7.8911,true,true
5.7182,true,true
5.4914,true,true
5.8943,true,true
3.6874,true,false
2.6636,true,true
8.9509,true,true
2.8254,true,true
7.8581,true,true
2.7296,true,true
3.4597,true,true
3.1199,true,false
3.0413,true,true
6.4977,true,true
2.1389,true,true
5.7239,true,false
4.6221,true,true
4.2042,true,true
7.0179,true,false
3.3830,true,false
6.2785,true,true
3.6502,true,true
2.8924,true,true
5.9215,true,false
6.2295,true,true
4.7441,true,true
5.8556,true,true
4.6191,true,true
3.7952,true,true
3.9258,true,true
2.8685,true,true
2.7933,true,true
3.5518,true,true
3.5407,true,true
8.8197,true,false
3.8053,true,true
5.2530,true,true
1.8252,true,true
6.4229,true,false
1.8435,true,true
2.9181,true,true
2.8233,true,true
2.7648,true,true
2.4732,true,true
7.7064,true,false
2.6011,true,true
15.1069,true,true
2.7934,true,true
6.4627,true,true
5.9349,true,true
7.3510,true,true
7.2364,true,true
5.3231,true,false
2.2078,true,true
4.2229,true,false
5.0632,true,true
3.2013,true,true
5.8164,true,true
2.5275,true,true
3.2416,true,true
2.5948,true,true
3.4011,true,true
2.7963,true,false
3.0774,true,true
2.9249,true,true
4.7001,true,false
4.0333,true,true
2.9923,true,true
7.3313,true,false
4.4756,true,true
4.1067,true,false
2.8594,true,true
2.9437,true,true
2.9209,true,true
2.9306,true,true
3.1259,true,true
3.0898,true,true
2.9399,true,true
2.9451,true,true
2.9192,true,true
5.6815,true,true
2.4965,true,true
6.4400,true,true
2.3564,true,true
4.4782,true,true
2.2432,true,true
3.2906,true,false
3.5309,true,false
2.6723,true,true
3.4585,true,true
4.4068,true,true
3.5729,true,true
4.4438,true,true
3.6384,true,true
2.8272,true,true
6.5345,true,true
2.3032,true,true
2.1610,true,true
4.0509,true,true
5.0797,true,true
3.1015,true,true
6.2377,true,true
3.2669,true,true
4.7073,true,true
2.7906,true,true
2.8048,true,true
6.4640,true,true
2.7942,true,false
2.9548,true,true
6.4344,true,true
5.7080,true,true
7.2393,true,true
2.6153,true,true
4.2894,true,true
5.5414,true,false
2.3281,true,true
4.9714,true,true
4.6427,true,true
7.5164,true,true
2.8047,true,true
4.3959,true,false
13.1225,true,true
2.3858,true,true
2.4314,true,true
2.4954,true,true
3.4200,true,true
2.5962,true,true
3.4616,true,true
4.6519,true,false
2.8341,true,true
2.9007,true,true
3.0581,true,true
3.1584,true,true
3.0737,true,true
4.9803,true,true
2.8127,true,true
9.0078,true,true
4.3876,true,true
2.5114,true,true
2.3480,true,true
9.6251,true,true
3.7045,true,true
3.5558,true,true
4.8645,true,false
2.6962,true,true
7.5930,true,true
2.5494,true,true
2.8680,true,true
2.6592,true,true
3.5367,true,true
13.1129,true,true
3.7962,true,true
2.8531,true,true
3.6509,true,true
3.1397,true,true
6.4101,true,false
1.9922,true,true
6.9498,true,true
2.4953,true,true
6.3697,true,true
10.3510,true,true
4.3348,true,false
2.5888,true,true
2.6662,true,true
7.3952,true,true
2.4077,true,true
5.8979,true,true
8.4815,true,true
7.2077,true,true
2.1888,true,true
4.6716,true,true
2.5290,true,true
3.6134,true,false
3.6478,true,true
2.4171,true,true
10.0212,true,true
7.2395,true,true
4.3472,true,true
2.2113,true,true
2.0737,true,true
3.0565,true,true
6.3931,true,false
6.4942,true,true
3.0483,true,true
3.0614,true,true
2.8011,true,true
2.7564,true,true
5.9097,true,false
5.1657,true,false
1.9930,true,true
2.8802,true,true
6.0335,true,true
2.7881,true,true
2.7936,true,true
4.8109,true,false
5.7924,true,true
4.9895,true,false
2.8865,true,true
3.5067,true,true
2.8083,true,false
2.6248,true,true
2.5701,true,true
6.6057,true,true
2.9423,true,true
3.2051,true,true
2.2654,true,true
2.5101,true,true
5.4695,true,true
4.9476,true,false
3.0127,true,true
10.3315,true,true
5.5730,true,true
3.1717,true,true
2.3821,true,true
2.9855,true,false
8.6456,true,true
4.4349,true,true
3.1340,true,true
2.1280,true,true
7.8668,true,true
11.7991,true,true
5.8929,true,false
2.8136,true,true
3.5781,true,true
2.5188,true,true
3.6658,true,true
3.8426,true,true
5.7850,true,true
3.8490,true,false
6.5719,true,true
4.1410,true,true
3.2563,true,true
2.4585,true,true
2.6944,true,true
3.0088,true,true
3.1252,true,true
3.3690,true,true
3.1660,true,true
1.8945,true,true
5.1170,true,true
5.9080,true,true
8.2828,true,true
3.7789,true,true
2.7409,true,true
2.8108,true,true
4.6365,true,true
2.6675,true,true
3.0788,true,true
3.2875,true,true
2.2145,true,true
2.2642,true,true
2.9236,true,true
9.4327,true,true
9.9370,true,true
7.7138,true,true
5.6215,true,true
2.6221,true,true
3.4630,true,true
2.6637,true,true
7.6702,true,true
2.3711,true,true
10.1750,true,true
2.9298,true,true
6.8654,true,true
5.5119,true,true
2.2589,true,true
2.2132,true,true
3.3944,true,true
3.3269,true,true
5.9096,true,false
4.2300,true,true
2.2629,true,true
2.8617,true,false
3.0138,true,true
6.6647,true,true
2.9433,true,true
3.5474,true,true
10.7681,true,true
3.7023,true,true
3.6983,true,true
2.8142,true,true
2.5867,true,true
12.1409,true,true
3.4653,true,true
3.4553,true,true
13.1801,true,true
5.6480,true,true
6.1050,true,true
5.6452,true,true
4.1124,true,true
6.6997,true,false
3.8486,true,false
2.8295,true,true
3.0640,true,true
5.3449,true,true
2.1207,true,true
8.6947,true,true
6.2022,true,true
8.8674,true,true
5.6423,true,true
5.4120,true,true
3.4355,true,true
3.7276,true,false
6.9793,true,false
2.7109,true,true
2.8233,true,true
3.5222,true,true
6.3630,true,true
3.0080,true,true
4.8539,true,true
2.6659,true,true
2.6138,true,true
8.4767,true,true
2.7897,true,true
2.5274,true,true
5.8563,true,true
3.8115,true,true
2.8379,true,true
9.1570,true,true
4.8961,true,false
5.6327,true,true
3.0879,true,true
6.5549,true,true
2.2071,true,true
2.8571,true,false
3.0197,true,true
9.3671,true,true
3.9990,true,true
2.8476,true,true
2.9206,true,true
2.6599,true,true
3.2459,true,true
3.5880,true,false
6.2321,true,true
5.3762,true,true
5.2356,true,true
8.2104,true,false
6.5445,true,true
1.9874,true,true
5.3651,true,true
5.4423,true,true
2.9168,true,false
6.4403,true,true
7.2823,true,true
2.0547,true,true
5.1283,true,true
4.6595,true,false
6.2249,true,true
1.9195,true,true
8.5704,true,true
4.8222,true,false
9.3455,true,true
3.6535,true,true
3.8093,true,false
6.4722,true,true
4.7069,true,false
4.8459,true,true
4.5567,true,true
4.6955,true,true
6.6610,true,true
4.6596,true,true
3.8045,true,true
7.5498,true,true
3.0413,true,true
5.5229,true,false
7.5794,true,true
2.3374,true,true
3.1204,true,true
3.8371,true,false
6.1470,true,true
2.8009,true,true
12.5865,true,true
6.3491,true,false
2.0009,true,true
3.0020,true,true
5.5749,true,true
6.4393,true,true
2.0447,true,true
2.9905,true,true
2.7951,true,true
9.8579,true,true
6.4515,true,true
6.5845,true,true
2.1362,true,true
2.1096,true,true
5.7560,true,false
5.6257,true,true
7.1767,true,true
3.8520,true,false
4.1709,true,false
3.1649,true,true
3.6359,true,true
2.6943,true,true
8.8621,true,true
6.3561,true,true
1.9621,true,true
3.1159,true,true
6.9316,true,false
6.2971,true,true
2.3492,true,true
2.6727,true,true
5.6688,true,true
5.4415,true,true
6.1417,true,true
3.1810,true,true
6.1649,true,true
2.8647,true,true
9.5286,true,true
3.6675,true,true
6.2554,true,true
1.8420,true,true
5.5436,true,true
2.1909,true,true
9.6738,true,true
3.4375,true,true
3.5907,true,false
3.7279,true,true
2.6581,true,true
4.0340,true,false
4.7889,true,true
5.2067,true,false
2.0028,true,true
2.7915,true,true
2.8149,true,true
2.9477,true,true
2.9999,true,true
3.1138,true,true
6.5687,true,true
3.4928,true,true
3.9592,true,true
2.8112,true,true
2.9070,true,true
4.4662,true,true
5.1978,true,false
2.0719,true,true
4.2859,true,false
6.1098,true,true
5.0864,true,false
12.0428,true,false
4.2998,true,true
2.1439,true,true
3.3476,true,true
9.6391,true,true
4.4241,true,true
2.4724,true,true
2.4768,true,true
6.6489,true,false
6.3403,true,true
1.8883,true,true
2.8932,true,true
2.7544,true,true
3.5259,true,false
3.2054,true,true
3.7767,true,false
3.3873,true,true
2.4891,true,true
4.8311,true,true
8.5348,true,true
6.3064,true,false
4.8187,true,false
2.6833,true,true
2.7271,true,true
2.5492,true,true
2.6185,true,true
3.8323,true,true
7.0857,true,true
2.5865,true,true
2.5565,true,true
4.6622,true,false
5.5723,true,true
2.6871,true,true
2.7138,true,true
2.6917,true,true
10.7964,true,true
6.9857,true,true
6.9021,true,true
4.6337,true,false
5.9015,true,false
4.0436,true,true
3.0997,true,true
7.6831,true,true
8.0448,true,true
2.5864,true,true
4.7176,true,true
2.9737,true,true
2.8902,true,true
2.9486,true,true
4.1124,true,true
6.1284,true,true
3.1836,true,true
3.3190,true,true
16.7380,true,true
4.1119,true,false
5.4103,true,false
2.2997,true,true
7.4243,true,true
3.0907,true,true
5.4763,true,false
2.2237,true,true
1.9555,true,true
4.6483,true,true
6.8255,true,false
5.7451,true,true
2.5032,true,true
2.5664,true,true
3.9018,true,true
3.2416,true,true
4.8927,true,true
3.4710,true,false
4.6694,true,true
2.7995,true,true
7.7859,true,false
3.4910,true,true
2.2108,true,true
2.3360,true,true
3.2460,true,true
3.1401,true,true
3.1629,true,true
2.2362,true,true
5.4013,true,false
6.4326,true,true
3.5468,true,true
10.4819,true,true
2.5606,true,true
6.5812,true,false
19.4443,true,true
1.9323,true,true
7.0389,true,false
17.0722,true,true
6.8917,true,true
2.6801,true,true
3.3774,true,true
2.3424,true,true
8.9647,true,true
5.8398,true,true
3.3001,true,true
2.5984,true,true
4.0778,true,true
7.0591,true,true
5.2502,true,false
1.9599,true,true
3.0129,true,true
4.6141,true,false
2.4204,true,true
6.0175,true,true
2.9950,true,true
2.7489,true,true
2.4561,true,true
4.4710,true,false
5.1268,true,true
5.6229,true,true
6.9285,true,true
3.9034,true,true
21.1259,true,true
7.2026,true,true
2.3486,true,true
6.6291,true,true
4.2079,true,true
3.1097,true,true
4.1152,true,true
9.1769,true,true
3.0744,true,true
3.3315,true,true
5.9395,true,true
3.4110,true,true
4.9519,true,true
4.8124,true,false
3.3363,true,true
3.0267,true,false
5.5865,true,true
2.6217,true,true
2.7183,true,true
3.7748,true,true
5.3470,true,true
7.9686,true,true
4.8716,true,false
4.6849,true,false
5.4578,true,true
2.5102,true,true
2.7099,true,true
2.4896,true,true
2.7075,true,true
9.0495,true,true
8.4835,true,true
4.0976,true,true
4.3649,true,true
2.3870,true,true
5.7127,true,true
3.3741,true,true
3.4144,true,true
2.5504,true,true
2.8807,true,true
4.0393,true,true
3.3736,true,true
5.6711,true,true
3.3787,true,true
4.0960,true,false
7.1529,true,true
3.5723,true,true
5.8315,true,false
5.2577,true,false
11.1377,true,true
6.2353,true,true
3.2501,true,true
3.5300,true,false
3.2176,true,true
2.1452,true,true
5.6470,true,true
2.5615,true,true
5.1661,true,true
3.0995,true,true
6.3893,true,true
2.3472,true,true
2.6815,true,true
2.5121,true,true
4.2778,true,true
3.9570,true,true
7.5438,true,true
2.8736,true,true
5.8906,true,true
2.7441,true,true
2.9188,true,true
2.8441,true,true
3.7357,true,true
3.7100,true,false
3.5644,true,true
2.7986,true,true
2.9722,true,true
5.1508,true,true
6.4559,true,true
2.1820,true,true
2.8268,true,true
4.0497,true,true
3.8142,true,true
3.8842,true,true
3.7691,true,true
5.8704,true,true
4.9140,true,true
2.8178,true,true
2.8486,true,true
7.0049,true,true
3.8032,true,true
8.2241,true,true
2.8053,true,true
3.0221,true,true
7.2256,true,true
5.4135,true,true
3.6644,true,true
8.0691,true,true
6.5817,true,false
2.4399,true,true
4.3968,true,true
2.4002,true,true
4.7891,true,true
2.9298,true,true
2.7663,true,true
2.8305,true,true
3.6951,true,true
7.1014,true,true
5.4986,true,true
2.3241,true,true
5.4281,true,false
2.2966,true,true
2.5430,true,true
3.0182,true,true
4.4842,true,true
3.7316,true,true
5.1253,true,false
6.6003,true,false
3.1441,true,true
3.2007,true,true
2.2525,true,true
6.2210,true,true
2.1019,true,true
4.2881,true,true
4.7147,true,false
3.8477,true,true
2.8582,true,true
2.6466,true,true
3.7780,true,true
2.9712,true,true
2.9231,true,true
3.4590,true,true
3.6092,true,true
5.5810,true,true
2.2620,true,true
2.3045,true,true
2.3352,true,true
2.8612,true,true
2.8029,true,true
3.7176,true,true
11.9505,true,true
6.2424,true,true
1.9136,true,true
2.7030,true,true
2.6088,true,true
2.5359,true,true
2.2666,true,true
2.3711,true,true
4.6867,true,false
5.5668,true,true
2.7551,true,true
2.7329,true,true
5.9894,true,false
2.7218,true,true
2.7066,true,true
4.4766,true,false
3.7059,true,true
2.8685,true,true
4.9695,true,true
4.5489,true,true
3.6700,true,true
4.2815,true,true
3.1747,true,true
2.2137,true,true
4.0552,true,false
3.0465,true,true
3.1828,true,true
4.5923,true,true
5.0307,true,false
7.8394,true,true
7.5953,true,false
3.3042,true,true
3.3640,true,false
5.0090,true,true
4.8438,true,false
3.3751,true,true
10.6604,true,true
8.7067,true,true
6.9100,true,false
5.8331,true,true
3.2930,true,true
3.9341,true,false
6.6852,true,true
4.4570,true,false
1.5267,true,true
3.6715,true,false
5.3379,true,true
4.2423,true,true
5.5488,true,true
2.2335,true,true
2.2600,true,true
4.9655,true,false
3.0292,true,true
4.6869,true,true
2.5711,true,true
1.6276,true,true
6.4884,true,true
3.3133,true,true
2.5407,true,true
5.3559,true,false
2.2950,true,true
5.1245,true,true
3.5184,true,true
1.6215,true,true
4.3845,true,false
3.8059,true,false
2.6924,true,true
17.5127,true,true
3.1240,true,true
3.0916,true,true
3.0902,true,true
2.2954,true,true
2.3774,true,true
2.5900,true,true
5.5692,true,true
2.4306,true,true
3.3919,true,true
5.2061,true,true
1.8851,true,true
2.8209,true,true
4.0582,true,true
3.5494,true,true
2.6856,true,true
2.5650,true,true
2.4092,true,true
3.6073,true,false
7.9902,true,true
8.8024,true,true
4.3908,true,true
2.2710,true,true
4.5675,true,false
3.5752,true,true
3.5511,true,false
3.9374,true,true
4.6568,true,true
3.5372,true,true
4.0897,true,true
4.3346,true,false
2.5985,true,true
3.5579,true,true
3.6296,true,true
2.9271,true,true
3.1195,true,true
6.6063,true,false
2.3444,true,true
4.6374,true,true
2.6077,true,true
2.6688,true,true
6.3377,true,true
3.2089,true,true
10.6152,true,false
3.6181,true,false
2.6863,true,true
2.7783,true,true
7.6172,true,true
4.4249,true,true
5.0680,true,true
3.0391,true,true
3.6748,true,true
11.3658,true,true
8.2492,true,true
2.9572,true,true
6.0478,true,true
2.8960,true,true
2.6410,true,true
4.9831,true,false
5.0680,true,true
5.0896,true,false
3.0448,true,true
2.8999,true,true
4.0148,true,false
5.6880,true,false
3.6241,true,true
4.6650,true,false
2.4762,true,true
9.2399,true,true
6.0627,true,true
4.9817,true,true
2.7871,true,true
6.9117,true,true
4.6443,true,true
2.4979,true,true
3.0232,true,true
8.4588,true,true
4.1254,true,true
5.7321,true,true
5.0297,true,true
5.6245,true,false
2.3790,true,true
5.8077,true,true
3.9370,true,true
3.7812,true,true
6.5801,true,true
4.8744,true,true
2.8898,true,true
5.1851,true,true
6.2281,true,true
4.9160,true,false
2.6443,true,true
7.5554,true,false
6.7555,true,false
4.3649,true,false
2.2075,true,true
1.8509,true,true
5.3823,true,true
7.6666,true,true
2.1466,true,true
3.1570,true,true
2.5909,true,true
8.7923,true,true
2.5840,true,true
6.5847,true,true
5.2324,true,true
4.1755,true,false
2.2788,true,true
4.6813,true,true
2.7317,true,true
2.6566,true,true
2.8821,true,true
3.1596,true,true
3.9870,true,false
5.9712,true,false
2.8056,true,true
3.8888,true,true
2.9947,true,true
3.7836,true,true
2.8472,true,true
2.6150,true,true
2.4297,true,true
4.2560,true,true
2.5971,true,false
2.9189,true,true
2.8490,true,true
3.8693,true,false
6.5700,true,true
4.2973,true,true
2.0482,true,true
11.2640,true,true
6.8484,true,false
4.9013,true,true
5.5407,true,false
6.0421,true,true
7.1059,true,true
6.4188,true,true
4.1649,true,true
10.7680,true,true
2.2624,true,true
2.4461,true,true
2.3848,true,true
6.5709,true,true
2.2979,true,true
2.5491,true,true
6.7370,true,true
3.2484,true,true
6.4572,true,true
5.6547,true,true
5.6464,true,true
2.6420,true,true
2.9329,true,true
4.4174,true,false
3.5366,true,true
4.9760,true,false
10.2627,true,true
4.1484,true,true
7.2584,true,false
7.0062,true,true
4.7553,true,false
4.0553,true,true
3.0657,true,true
6.1976,true,true
6.6360,true,true
2.8053,true,true
4.2959,true,false
2.4583,true,true
2.5435,true,true
4.9471,true,false
3.3850,true,false
5.0583,true,true
6.3705,true,true
2.8563,true,true
5.2561,true,true
6.2831,true,true
3.1100,true,false
3.1330,true,true
3.8832,true,true
3.0067,true,true
8.9838,true,false
5.5976,true,true
2.5577,true,true
11.0408,true,true
7.3119,true,true
2.6445,true,true
2.9563,true,false
3.5605,true,true
6.8838,true,true
5.6682,true,true
2.6090,true,true
6.0225,true,true
5.7283,true,true
3.3115,true,false
5.6935,true,true
6.1890,true,true
3.5160,true,true
5.2362,true,true
1.8896,true,true
2.6897,true,true
5.9715,true,false
3.1992,true,false
3.2950,true,true
2.9073,true,true
3.0810,true,true
4.3438,true,true
4.9869,true,true
6.0336,true,true
4.0154,true,true
2.8921,true,true
2.8966,true,true
3.6135,true,false
11.2894,true,true
5.7362,true,true
7.9596,true,true
3.0257,true,true
5.7764,true,false
3.8252,true,true
3.1588,true,true
3.7476,true,true
4.2559,true,true
8.4565,true,true
5.8419,true,true
2.4444,true,true
2.7042,true,true
5.3360,true,false
6.0514,true,true
4.2362,true,true
2.9698,true,true
6.5980,true,true
3.1823,true,true
3.0505,true,true
3.2190,true,true
6.9174,true,true
6.0696,true,true
8.1643,true,true
3.5340,true,false
5.7614,true,true
4.0622,true,true
3.7763,true,true
5.9825,true,false
3.5215,true,true
2.2632,true,true
2.3116,true,true
5.5927,true,true
2.1956,true,true
1.9005,true,true
3.5222,true,true
5.6103,true,true
3.7416,true,true
6.2064,true,true
3.6850,true,true
2.4699,true,true
3.5676,true,false
3.0883,true,true
13.4363,true,true
2.9956,true,true
4.5498,true,false
3.6276,true,true
3.5587,true,true
7.7145,true,true
21.5626,true,true
3.7826,true,true
4.0734,true,true
2.9926,true,true
3.7988,true,true
2.6598,true,true
4.6647,true,true
2.5287,true,true
2.5123,true,true
3.8242,true,true
4.4662,true,true
2.3952,true,true
6.4559,true,true
5.5238,true,false
3.0347,true,false
4.0097,true,true
3.0833,true,true
5.8929,true,true
2.8163,true,true
3.5851,true,true
4.8732,true,true
6.0985,true,false
3.3143,true,true
10.2893,true,true
4.3108,true,true
4.3419,true,true
8.6155,true,true
7.3092,true,true
4.7281,true,true
4.6164,true,true
2.7646,true,true
3.9351,true,true
5.7186,true,true
5.5152,true,true
3.3959,true,true
3.6654,true,true
3.3122,true,false
4.9528,true,false
2.9942,true,true
7.9682,true,true
6.8981,true,true
6.6885,true,true
4.2492,true,false
4.4587,true,true
8.4660,true,true
2.4713,true,true
6.3504,true,true
2.7742,true,false
3.5020,true,false
3.6078,true,true
3.3299,true,true
3.7580,true,false
4.6967,true,false
6.3372,true,true
3.3125,true,false
2.4003,true,true
4.3460,true,true
3.1207,true,false
3.0537,true,true
9.2302,true,true
3.0696,true,true
6.7386,true,true
19.7717,true,true
2.2019,true,true
2.9284,true,true
3.1749,true,true
2.9874,true,true
2.9464,true,true
5.2837,true,true
5.5307,true,true
6.0624,true,true
5.3869,true,true
2.0997,true,true
8.4148,true,true
5.5369,true,true
3.1250,true,true
7.4566,true,true
5.7786,true,true
4.8027,true,true
6.1881,true,true
9.0931,true,false
6.8186,true,false
3.6901,true,true
4.5758,true,true
2.7955,true,true
4.0627,true,true
5.2698,true,true
2.2829,true,true
2.3638,true,true
6.4773,true,true
4.5418,true,true
2.5686,true,true
2.5803,true,true
3.2891,true,true
2.3200,true,true
4.2282,true,true
2.9314,true,true
2.9473,true,true
7.5158,true,true
3.1906,true,true
3.4444,true,true
2.4736,true,true
3.2867,true,true
3.7665,true,true
2.6043,true,true
2.4294,true,true
3.5770,true,true
2.6434,true,true
2.6306,true,true
4.7034,true,true
5.1231,true,false
3.2050,true,true
17.1941,true,true
4.8117,true,true
2.7889,true,true
4.9563,true,true
7.0652,true,true
3.2195,true,true
4.5332,true,false
3.6582,true,true
6.2641,true,true
4.1232,true,true
5.3451,true,false
11.8792,true,true
8.3012,true,false
3.9729,true,true
3.3454,true,true
4.2760,true,true
2.1393,true,true
3.3501,true,true
4.1538,true,true
5.2305,true,true
5.6348,true,true
2.7461,true,true
11.9125,true,true
5.9121,true,true
2.9475,true,true
6.3186,true,true
8.2656,true,true
4.8242,true,true
6.1223,true,true
2.8556,true,true
2.9472,true,true
11.0547,true,true
3.2658,true,true
2.7969,true,true
4.7758,true,true
7.0053,true,true
2.5716,true,true
5.2767,true,false
3.2401,true,true
3.6091,true,true
9.8382,true,true
4.9939,true,true
3.9928,true,false
3.8752,true,true
5.1681,true,false
4.5046,true,true
3.6203,true,true
2.9850,true,true
7.4491,true,true
3.9474,true,false
4.3667,true,true
2.3030,true,true
5.7616,true,true
2.7226,true,true
2.6828,true,true
6.7724,true,false
2.9078,true,true
2.8400,true,true
3.9768,true,true
3.8427,true,true
2.8397,true,true
5.4908,true,false
6.0275,true,true
4.3890,true,true
3.1051,true,true
10.2318,true,true
3.1476,true,true
2.1397,true,true
3.8249,true,true
6.0189,true,true
2.8438,true,true
3.6597,true,false
3.2164,true,true
2.1242,true,true
3.0583,true,true
3.2182,true,true
3.2996,true,true
7.6549,true,true
16.4692,true,true
8.4989,true,true
6.5152,true,true
1.9561,true,true
3.8817,true,true
8.1658,true,true
3.9942,true,true
2.7917,true,true
5.1401,true,true
7.9648,true,true
3.0059,true,true
9.2517,true,true
8.3000,true,true
4.4821,true,true
4.3061,true,false
5.4872,true,true
3.1670,true,true
6.7941,true,true
2.5283,true,true
3.9231,true,false
7.2979,true,true
7.8586,true,true
5.4121,true,false
5.4099,true,true
4.8296,true,false
5.6311,true,true
8.0207,true,true
2.8007,true,true
2.6208,true,true
2.6625,true,true
2.6201,true,true
4.8454,true,false
3.4930,true,true
7.2829,true,true
5.4435,true,true
6.1995,true,true
3.0770,true,true
6.9339,true,true
3.7305,true,true
2.7710,true,true
3.8411,true,true
3.4643,true,true
4.8581,true,false
2.9108,true,true
11.7276,true,true
7.1506,true,true
2.2395,true,true
2.8272,true,true
2.7292,true,true
4.7537,true,false
3.3129,true,true
2.5701,true,true
4.7462,true,false
2.6508,true,true
3.2886,true,false
3.3169,true,true
5.2867,true,true
4.8133,true,true
4.0662,true,true
7.0662,true,true
3.7701,true,true
2.8510,true,true
9.5841,true,true
8.1016,true,true
2.3821,true,true
5.0332,true,true
4.5302,true,false
2.4785,true,true
3.8149,true,true
2.6791,true,true
7.6143,true,false
3.2288,true,true
2.3538,true,true
2.2672,true,true
2.2850,true,true
3.1923,true,false
2.1332,true,true
6.8253,true,true
2.4929,true,true
2.4539,true,true
2.3278,true,true
3.0639,true,true
11.1089,true,true
7.8162,true,true
2.5649,true,true
5.4667,true,false
20.6684,true,true
3.2642,true,true
3.6027,true,true
2.7251,true,true
2.6534,true,true
2.7062,true,true
2.6705,true,true
13.6244,true,true
2.7684,true,true
2.7905,true,true
2.8032,true,true
5.7059,true,true
6.6715,true,false
4.9719,true,false
3.0965,true,true
4.3845,true,true
2.5935,true,true
2.7205,true,true
3.5358,true,true
4.1928,true,true
3.2940,true,true
12.8023,true,true
3.9060,true,false
2.9568,true,true
2.8680,true,true
5.7869,true,true
3.7932,true,true
4.3877,true,true
5.4210,true,true
3.1128,true,true
2.9857,true,true
3.5531,true,true
2.4385,true,true
5.2467,true,false
2.8297,true,true
2.8323,true,true
2.8617,true,true
3.0579,true,true
3.4821,true,true
4.1266,true,false
9.0185,true,false
3.9053,true,true
5.4745,true,false
2.3009,true,true
10.5542,true,true
2.2387,true,true
12.9217,true,true
1.9091,true,true
4.6419,true,true
2.5697,true,true
2.7832,true,true
4.1658,true,true
3.9588,true,false
2.9337,true,true
6.8364,true,true
5.1807,true,true
1.9596,true,true
3.7897,true,true
7.6511,true,true
7.4294,true,true
2.4518,true,true
5.5073,true,true
2.6681,true,true
2.7606,true,true
3.3668,true,true
14.0091,true,false
2.5579,true,true
6.5456,true,true
2.3606,true,true
6.8140,true,true
2.1443,true,true
8.8289,true,true
3.5767,true,true
2.6368,true,true
6.2308,true,true
3.8541,true,false
2.7456,true,true
3.2666,true,true
6.0173,true,false
3.2243,true,true
2.3181,true,true
2.4804,true,true
4.3085,true,false
4.2827,true,true
2.2660,true,true
5.1190,true,true
2.0807,true,true
3.0389,true,true
3.2922,true,true
3.2397,true,false
2.0878,true,true
4.3402,true,true
2.3027,true,true
2.3971,true,true
4.7884,true,false
2.7651,true,true
8.4157,true,true
2.1502,true,true
8.8559,true,true
6.8851,true,false
5.3864,true,true
4.2918,true,false
2.0980,true,true
3.3233,true,true
3.0703,true,false
3.3402,true,true
2.4438,true,true
2.6944,true,true
2.9839,true,true
6.0661,true,true
3.6640,true,true
2.8369,true,true
18.5689,true,true
3.0790,true,true
3.0681,true,true
10.2647,true,true
3.1162,true,true
7.2824,true,true
3.9050,true,true
3.0851,true,true
2.3138,true,true
2.3117,true,true
4.3785,true,true
2.4407,true,true
2.4250,true,true
9.1872,true,true
2.9523,true,true
4.4655,true,true
4.0340,true,true
3.6969,true,true
2.6021,true,true
2.7934,true,true
4.2353,true,true
2.9643,true,true
5.2891,true,false
2.7220,true,true
4.4811,true,true
2.6756,true,true
4.7169,true,true
4.2498,true,true
5.2717,true,true
2.0567,true,true
4.0164,true,true
4.8998,true,false
2.7891,true,true
6.4321,true,true
5.9873,true,true
3.3104,true,true
9.6087,true,true
5.5560,true,true
2.2205,true,true
2.1914,true,true
5.4502,true,false
2.1899,true,true
7.9200,true,true
7.4692,true,true
5.7789,true,false
6.6539,true,true
3.4988,true,false
3.9671,true,true
2.8027,true,true
2.8602,true,true
4.8077,true,false
4.0478,true,true
2.8231,true,true
2.9299,true,true
3.7958,true,true
2.7497,true,true
3.7560,true,true
2.7972,true,true
2.7089,true,true
5.1109,true,true
3.0699,true,true
2.9955,true,true
4.6518,true,true
3.4737,true,true
3.1178,true,true
6.0256,true,false
3.7920,true,false
2.8351,true,true
3.5885,true,true
2.7361,true,true
5.1963,true,false
3.0735,true,false
10.3449,true,true
4.1652,true,false
3.2696,true,true
2.2816,true,true
2.2828,true,true
2.5095,true,true
2.5431,true,true
11.6825,true,true
7.5936,true,true
3.6758,true,true
4.3804,true,false
3.0301,true,true
3.4931,true,false
9.8257,true,true
7.9304,true,true
3.8546,true,true
2.5753,true,true
5.4756,true,true
2.2855,true,true
9.0483,true,true
5.8937,true,false
2.7254,true,true
3.3329,true,false
4.2296,true,false
1.9582,true,true
3.0598,true,true
4.3224,true,true
11.5949,true,true
2.4318,true,true
5.8876,true,false
6.1469,true,true
3.8425,true,false
2.8036,true,true
4.6571,true,false
2.5743,true,true
6.7181,true,true
7.4646,true,false
3.3668,true,true
5.9852,true,false
6.4747,true,true
2.2658,true,true
5.9301,true,true
3.2796,true,true
4.1215,true,false
5.5834,true,false
5.4056,true,true
4.4054,true,true
2.2785,true,true
2.4049,true,true
8.3790,true,false
8.2700,true,false
3.6891,true,true
2.5895,true,true
2.4846,true,true
2.4299,true,true
3.0555,true,true
4.4002,true,true
6.5174,true,true
8.7780,true,true
4.1499,true,true
3.3233,true,true
3.2756,true,false
2.6299,true,true
5.6604,true,false
2.7217,true,true
4.8627,true,true
7.2833,true,true
2.8760,true,true
3.0170,true,true
8.0712,true,true
3.4007,true,true
6.6415,true,true
3.1584,true,true
5.9074,true,false
2.4474,true,true
2.2486,true,true
4.1644,true,false
5.1745,true,true
2.0636,true,true
3.1136,true,true
3.1005,true,true
7.5148,true,true
9.0390,true,true
6.0665,true,true
6.6386,true,true
4.7358,true,false
3.3282,true,false
2.2202,true,true
3.9307,true,true
13.6852,true,true
6.5651,true,true
5.6360,true,true
6.0739,true,true
2.1101,true,true
3.1205,true,true
6.6776,true,true
9.3736,true,true
6.3329,true,false
2.2675,true,true
5.8182,true,false
2.7303,true,true
9.3812,true,true
7.5231,true,true
13.7731,true,true
3.2212,true,true
2.0252,true,true
4.6746,true,false
2.4654,true,true
2.9531,true,true
4.4293,true,true
2.1517,true,true
8.8685,true,true
4.6557,true,true
5.8390,true,true
6.1809,true,true
4.0313,true,false
4.8136,true,true
4.8553,true,true
2.9005,true,true
12.4824,true,true
6.9751,true,false
2.4901,true,true
2.7747,true,true
6.7067,true,true
3.3983,true,false
2.3817,true,true
5.2728,true,true
2.1139,true,true
4.2181,true,true
11.0399,true,true
10.2719,true,true
5.1351,true,false
5.7923,true,true
5.1043,true,false
6.4441,true,true
2.7979,true,true
3.0632,true,true
3.2022,true,true
3.7432,true,true
6.1616,true,true
3.6808,true,true
2.5448,true,true
4.2431,true,true
3.9199,true,false
6.1179,true,true
2.7774,true,true
5.2148,true,false
3.3970,true,true
11.3866,true,true
3.8584,true,true
2.9430,true,true
2.6389,true,true
4.8759,true,true
4.0387,true,true
2.8235,true,true
2.7339,true,true
6.0832,true,false
2.6464,true,true
1.6109,true,true
6.5680,true,true
14.3768,true,true
2.7672,true,true
2.4199,true,true
10.8165,true,true
7.1215,true,true
5.3482,true,true
5.4422,true,true
3.0633,true,true
2.5478,true,true
3.4070,true,true
4.5111,true,false
2.9662,true,true
4.4762,true,true
5.5115,true,true
6.9200,true,true
3.4884,true,true
9.8957,true,true
2.8345,true,true
4.4362,true,false
4.7251,true,false
2.6551,true,true
2.4709,true,true
4.9159,true,true
6.5451,true,true
4.1254,true,false
3.0426,true,true
8.2061,true,true
6.6381,true,true
3.4654,true,false
3.3281,true,true
5.7096,true,false
6.0243,true,true
2.9210,true,true
3.0916,true,true
6.3004,true,true
2.2887,true,true
3.8368,true,false
5.2541,true,true
2.8080,true,true
2.8551,true,true
3.0242,true,true
4.1027,true,true
5.8852,true,true
7.7746,true,false
5.2977,true,true
4.9869,true,true
2.8522,true,true
5.1375,true,true
4.5911,true,true
9.5032,true,true
5.7958,true,false
3.3150,true,false
2.2196,true,true
2.2024,true,true
5.9856,true,true
3.7643,true,true
6.4472,true,true
2.8893,true,true
6.7193,true,true
3.8825,true,true
4.2974,true,true
2.2450,true,true
2.5260,true,true
2.3700,true,true
3.9352,true,true
11.3746,true,true
5.1704,true,true
5.3248,true,false
1.9707,true,true
3.0795,true,true
3.2438,true,true
3.6950,true,false
5.7204,true,true
3.3413,true,true
2.3933,true,true
3.7065,true,true
2.9508,true,true
8.9172,true,true
2.8308,true,true
9.7933,true,true
5.6869,true,true
6.6286,true,true
7.8415,true,true
2.4963,true,true
6.4072,true,true
2.6312,true,true
6.3746,true,true
2.8258,true,true
5.7414,true,true
2.6683,true,true
3.5677,true,true
4.4746,true,true
2.5818,true,true
3.0816,true,false
5.6817,true,true
7.2790,true,true
3.2521,true,true
10.8832,true,true
4.4511,true,true
2.9944,true,false
8.7192,true,true
4.8868,true,true
3.6215,true,true
5.8651,true,true
3.8933,true,true
3.7152,true,true
6.1357,true,true
6.6318,true,false
12.6277,true,true
3.6780,true,true
10.7488,true,true
4.4802,true,true
5.6771,true,true
2.5384,true,true
2.4500,true,true
2.9470,true,false
3.0323,true,true
10.8742,true,true
5.3784,true,true
2.3204,true,true
5.0398,true,false
3.1488,true,true
3.3148,true,true
9.5973,true,true
7.6403,true,true
4.5127,true,true
5.1308,true,true
4.9785,true,true
3.4565,true,true
8.8193,true,true
3.0150,true,false
3.0498,true,true
4.4863,true,true
6.9721,true,false
2.2721,true,true
1.9432,true,true
3.6442,true,true
2.4581,true,true
6.4892,true,true
5.1384,true,true
6.8818,true,true
5.5213,true,true
15.4024,true,true
4.2992,true,true
2.2484,true,true
11.5363,true,true
2.2230,true,true
8.3926,true,false
2.5613,true,true
6.2462,true,true
5.0839,true,false
3.0615,true,true
3.2259,true,true
4.6964,true,false
3.9040,true,false
3.7325,true,true
11.0074,true,true
2.5604,true,true
3.7470,true,true
5.6844,true,true
5.8023,true,false
2.5309,true,true
2.5531,true,true
2.8444,true,true
3.5173,true,true
14.9739,true,true
7.1221,true,true
3.0745,true,true
3.3326,true,true
2.4129,true,true
5.8374,true,false
5.8340,true,true
5.5837,true,false
5.9648,true,true
3.0450,true,true
3.1211,true,true
3.4032,true,true
5.5155,true,true
2.3991,true,true
4.0293,true,true
3.0460,true,true
7.3679,true,true
11.5275,true,true
24.4507,true,true
19.1916,true,true
3.0168,true,true
2.8075,true,true
15.7843,true,false
30.0829,true,true
7.0428,true,true
2.6742,true,true
3.6363,true,true
6.0993,true,true
3.1032,true,true
9.3760,true,true
3.6340,true,false
13.5281,true,true
4.6089,true,true
9.1268,true,true
5.5435,true,true
2.7331,true,true
4.9808,true,true
3.2082,true,true
20.7557,true,false
2.0234,true,true
3.6347,true,false
2.3929,true,true
2.5312,true,true
2.6336,true,true
6.4141,true,false
2.1592,true,true
2.0557,true,true
7.8733,true,false
3.5907,true,true
2.4284,true,true
5.4761,true,false
2.1188,true,true
4.9565,true,true
4.9272,true,true
7.2195,true,true
5.3172,true,false
6.5932,true,true
5.8755,true,false
3.6825,true,true
6.5229,true,true
3.7043,true,false
10.0822,true,true
3.7778,true,true
2.7317,true,true
3.5278,true,true
2.3455,true,true
2.3086,true,true
2.4590,true,true
4.1674,true,true
3.6259,true,false
7.0687,true,true
7.5670,true,true
3.9718,true,true
5.5325,true,true
3.0738,true,true
3.1628,true,true
4.3053,true,true
2.3000,true,true
3.1166,true,true
5.0672,true,true
2.9923,true,true
3.3575,true,true
3.8146,true,false
2.5642,true,true
6.7079,true,false
2.4645,true,true
2.5652,true,true
2.6362,true,true
6.7011,true,true
3.7915,true,true
7.9218,true,true
2.6832,true,true
3.1939,true,true
3.2263,true,true
5.3054,true,true
2.2082,true,true
2.0421,true,true
3.8427,true,false
6.0389,true,false
3.8201,true,true
4.1819,true,true
6.3871,true,true
4.9387,true,false
2.8459,true,true
2.7940,true,true
3.4695,true,true
6.1103,true,true
3.5736,true,true
2.6772,true,true
2.8268,true,true
5.0102,true,true
5.1578,true,true
3.4941,true,true
2.4305,true,true
4.4853,true,true
2.6060,true,true
3.5028,true,true
2.7881,true,true
3.5416,true,true
2.7395,true,true
3.8033,true,true
2.7698,true,true
4.1877,true,true
3.5651,true,false
1.6730,true,true
3.2076,true,true
2.2499,true,true
3.9121,true,false
3.1968,true,true
2.8193,true,true
7.6828,true,true
4.2863,true,true
3.5775,true,true
4.9697,true,true
3.0975,true,true
3.2884,true,true
2.9069,true,true
3.2453,true,true
9.6737,true,false
22.3964,true,true
3.5460,true,true
2.3873,true,true
2.2306,true,true
2.3927,true,true
2.4182,true,true
5.1920,true,false
5.9960,true,true
2.7896,true,true
3.0262,true,true
11.3456,true,true
3.9202,true,false
12.0224,true,true
6.6984,true,true
2.1645,true,true
4.3370,true,true
3.6570,true,true
10.0466,true,true
4.8957,true,true
3.7984,true,false
5.4547,true,true
6.3316,true,true
5.4123,true,true
7.3044,true,true
8.1984,true,true
4.1396,true,true
5.9097,true,true
2.6097,true,true
2.8650,true,true
6.1278,true,false
4.0589,true,false
8.6750,true,true
6.8562,true,true
6.0605,true,true
2.9353,true,true
3.0610,true,true
3.3011,true,true
4.5626,true,true
2.4933,true,true
6.1536,true,true
2.7806,true,true
4.1013,true,true
7.5675,true,true
6.5619,true,true
2.0284,true,true
2.9701,true,true
2.7486,true,true
4.1193,true,true
2.9417,true,true
2.3312,true,true
9.6811,true,true
2.3265,true,true
2.5355,true,true
3.6679,true,false
2.6630,true,true
2.7321,true,true
2.9208,true,true
2.7421,true,true
2.7473,true,true
2.9542,true,true
5.4874,true,false
3.1096,true,true
7.3676,true,true
6.2154,true,true
5.2742,true,true
3.2363,true,true
2.5943,true,false
2.6063,true,true
3.3674,true,true
2.4493,true,true
2.3022,true,true
6.0745,true,true
5.9164,true,true
2.7302,true,true
2.7338,true,true
2.7276,true,true
2.9812,true,true
4.7681,true,false
3.2664,true,true
8.7142,true,true
2.7292,true,true
2.6448,true,true
4.8196,true,false
5.1085,true,true
3.1437,true,true
5.6907,true,true
2.5931,true,true
2.6983,true,true
2.7838,true,true
12.3257,true,true
3.0657,true,true
10.5852,true,true
8.4225,true,false
3.7155,true,true
2.5564,true,true
3.2855,true,false
4.6115,true,true
3.2421,true,false
4.8736,true,true
6.1122,true,true
7.9202,true,true
4.5539,true,true
2.6246,true,true
2.5992,true,true
2.6701,true,true
7.9270,true,true
4.7943,true,true
5.1259,true,false
3.2241,true,true
4.2458,true,true
2.3889,true,true
6.8802,true,true
4.9605,true,true
4.9785,true,true
5.6522,true,false
3.9204,true,true
8.2299,true,true
4.8100,true,true
3.6867,true,true
5.8460,true,true
5.3607,true,true
3.0360,true,true
3.8172,true,true
5.2796,true,true
5.9528,true,true
2.8391,true,true
2.8849,true,true
8.1373,true,true
6.2366,true,false
3.5362,true,true
6.6499,true,true
2.1758,true,true
8.8643,true,true
5.9650,true,true
2.8348,true,true
3.2422,true,true
2.4051,true,true
4.3460,true,false
2.1006,true,true
11.5808,true,true
7.4621,true,true
4.2654,true,true
5.6344,true,true
4.6167,true,false
2.8738,true,true
6.9469,true,true
2.6956,true,true
2.9385,true,true
8.4921,true,false
4.8088,true,true
2.8291,true,true
2.8468,true,true
3.0409,true,true
3.7814,true,false
3.1240,true,true
6.6401,true,true
5.0973,true,true
6.5359,true,true
1.4526,true,true
6.6596,true,true
2.3981,true,true
2.4545,true,true
4.4550,true,true
6.9358,true,true
5.1777,true,true
3.8636,true,false
2.7157,true,true
3.0641,true,true
5.5604,true,true
2.4421,true,true
4.6229,true,false
2.6244,true,true
2.7018,true,true
3.3365,true,true
2.3439,true,true
4.2724,true,true
8.2291,true,false
7.9241,true,true
2.9648,true,true
3.1396,true,true
4.2307,true,true
3.1800,true,true
3.0097,true,true
4.2971,true,false
3.6202,true,true
2.7780,true,true
6.9803,true,true
3.1569,true,true
3.0615,true,true
3.9119,true,true
4.8239,true,true
4.3043,true,true
3.9439,true,true
8.2930,true,true
2.6877,true,true
3.1728,true,true
3.7142,true,true
5.4829,true,true
4.1234,true,true
2.1064,true,true
5.2019,true,true
2.1771,true,true
6.3485,true,true
7.5662,true,true
4.9470,true,true
4.0304,true,true
3.0005,true,true
5.3392,true,false
6.4716,true,true
6.5402,true,true
3.3830,true,true
2.4409,true,true
2.3333,true,true
2.1367,true,true
3.7914,true,true
4.5387,true,true
3.4075,true,false
6.1577,true,true
11.5410,true,true
5.8223,true,false
2.8801,true,true
3.0835,true,true
4.9190,true,true
2.7170,true,true
2.8178,true,true
6.1175,true,true
4.2977,true,true
2.9314,true,true
2.9532,true,true
4.2569,true,false
2.4131,true,true
3.9515,true,true
8.2797,true,true
5.0322,true,true
3.0246,true,true
3.8015,true,true
5.9479,true,true
6.8035,true,false
6.0459,true,false
2.5478,true,true
4.3430,true,true
5.7907,true,true
4.0534,true,true
3.8974,true,true
3.5680,true,true
3.4307,true,false
3.1525,true,true
2.2383,true,true
6.4183,true,true
2.0921,true,true
3.0784,true,true
7.4485,true,true
4.5366,true,true
2.8098,true,true
7.0477,true,false
2.8895,true,true
5.6850,true,true
2.5056,true,true
4.8669,true,false
3.7393,true,true
2.5507,true,true
5.2068,true,false
2.4188,true,true
8.2415,true,true
3.1706,true,true
6.0964,true,true
5.8579,true,true
3.6968,true,true
2.9229,true,true
2.9636,true,true
6.2187,true,true
3.6269,true,true
13.7592,true,true
2.4360,true,true
2.2440,true,true
1.9148,true,true
2.7692,true,true
3.4122,true,true
3.1174,true,true
6.7581,true,false
2.4568,true,true
2.2605,true,true
2.9037,true,true
2.8630,true,true
7.4512,true,true
5.4584,true,true
4.7841,true,true
2.7847,true,true
2.9875,true,true
7.3995,true,true
4.1103,true,false
10.4141,true,true
5.3651,true,true
2.9571,true,true
3.9065,true,true
2.8201,true,true
2.8881,true,true
5.8908,true,true
4.0391,true,true
2.9198,true,true
2.8431,true,true
4.0240,true,true
8.0550,true,true
3.3924,true,true
2.4543,true,true
3.5468,true,false
2.7026,true,true
5.5786,true,true
3.5552,true,true
3.9461,true,true
2.7146,true,true
6.9965,true,true
6.1687,true,true
5.7095,true,false
2.3974,true,true
2.1115,true,true
10.1789,true,true
19.7752,true,true
9.9824,true,true
4.6401,true,false
17.1649,true,true
3.1707,true,true
2.8453,true,true
2.7879,true,true
2.7189,true,true
6.0490,true,false
5.3742,true,true
4.0998,true,false
3.2817,true,true
2.8737,true,true
2.8648,true,true
3.9371,true,true
4.7722,true,true
5.0159,true,false
2.9679,true,true
3.0137,true,true
3.0436,true,true
3.5921,true,true
6.4877,true,true
2.0263,true,true
5.2198,true,true
3.2232,true,true
2.7000,true,true
3.0177,true,true
5.6189,true,true
2.5507,true,true
3.7168,true,false
12.8055,true,true
2.0897,true,true
5.4260,true,false
5.2465,true,true
3.1734,true,true
2.0402,true,true
3.8584,true,true
10.1325,true,true
4.6918,true,true
18.7468,true,true
2.5876,true,true
6.0003,true,true
4.2973,true,true
3.2815,true,true
2.4493,true,true
4.9845,true,true
4.3712,true,false
2.2905,true,true
2.2157,true,true
7.3214,true,false
2.9413,true,true
4.3371,true,true
2.1966,true,true
8.5837,true,false
3.7620,true,true
2.5267,true,true
3.2826,true,true
8.4102,true,true
3.8564,true,true
5.3119,true,false
2.4662,true,true
4.5678,true,true
11.8622,true,true
3.5909,true,true
5.1516,true,true
5.5657,true,true
2.4742,true,true
6.0351,true,false
3.3803,true,true
2.2140,true,true
7.9863,true,true
6.9612,true,true
3.9687,true,true
2.9724,true,true
3.0627,true,true
17.7158,true,true
3.5285,true,true
3.8958,true,true
3.4932,true,false
2.4423,true,true
6.5606,true,true
2.5358,true,true
3.8131,true,true
2.6772,true,true
9.1764,true,false
2.9548,true,true
5.5878,true,true
2.8646,true,true
4.8633,true,true
2.7668,true,true
4.0104,true,true
3.1242,true,true
4.6938,true,true
5.3446,true,true
2.3854,true,true
3.2630,true,true
3.7301,true,true
2.6729,true,true
2.7983,true,true
4.3803,true,true
5.3796,true,true
3.1292,true,true
4.2996,true,true
4.2824,true,true
2.4327,true,true
5.6422,true,false
5.5713,true,false
3.1066,true,true
5.3924,true,false
2.2387,true,true
3.0205,true,true
2.9838,true,true
3.1612,true,true
4.8375,true,true
6.8788,true,true
2.5619,true,true
2.4902,true,true
5.4016,true,true
4.8525,true,false
4.0029,true,false
2.8526,true,true
3.4975,true,true
2.5742,true,true
5.1794,true,false
4.2817,true,false
4.2198,true,true
2.3013,true,true
2.3013,true,true
8.9025,true,true
3.2386,true,true
3.0462,true,true
5.9026,true,true
5.1837,true,false
1.9949,true,true
2.9564,true,true
3.1424,true,true
10.5546,true,true
2.9561,true,true
8.1048,true,true
4.9327,true,true
2.9860,true,true
6.0592,true,true
3.7339,true,false
7.9304,true,true
2.5572,true,true
6.0407,true,true
3.1645,true,true
7.2374,true,true
3.5363,true,false
2.3735,true,true
6.2294,true,true
3.2457,true,true
4.7342,true,true
5.3996,true,false
16.3887,true,true
5.7900,true,true
6.8384,true,true
2.5149,true,true
4.0045,true,true
7.4179,true,true
6.6854,true,true
3.0008,true,true
6.5251,true,true
8.3978,true,true
3.9172,true,true
2.9483,true,true
5.3426,true,true
5.6510,true,true
4.2545,true,false
4.0821,true,true
8.1333,true,true
9.3136,true,true
3.1266,true,true
10.3607,true,true
2.8951,true,true
8.5381,true,false
4.1181,true,true
3.0475,true,true
5.0388,true,true
4.2152,true,true
3.2665,true,true
5.0555,true,true
3.9891,true,true
2.8435,true,true
5.5205,true,true
4.0761,true,true
4.7729,true,true
4.4661,true,true
8.5799,true,true
2.7170,true,true
2.7532,true,true
2.8593,true,true
2.7750,true,true
5.4595,true,true
4.8003,true,true
2.7649,true,true
2.6185,true,true
2.8864,true,true
3.2691,true,false
7.5042,true,true
6.6947,true,true
5.4550,true,true
2.2782,true,true
2.2241,true,true
6.8543,true,true
2.2197,true,true
2.0487,true,true
3.5489,true,true
4.1436,true,false
3.2313,true,true
8.0840,true,true
2.4601,true,true
3.2681,true,true
3.3857,true,true
6.0025,true,true
3.2223,true,false
3.4793,true,true
6.3553,true,false
2.9272,true,true
3.3530,true,true
11.7688,true,true
5.0087,true,true
3.0743,true,true
4.2142,true,true
3.6212,true,true
4.5524,true,true
2.5675,true,true
2.5807,true,true
2.3430,true,true
2.5322,true,true
3.3976,true,true
4.3456,true,true
4.1440,true,true
6.1644,true,true
2.9677,true,true
9.8123,true,true
8.9473,true,false
3.4635,true,true
2.6878,true,true
2.7113,true,true
4.2343,true,false
4.5424,true,false
2.9089,true,false
3.5292,true,false
2.9006,true,true
2.7356,true,true
9.1046,true,true
4.6651,true,true
3.1788,true,false
8.5109,true,true
7.6199,true,true
2.2921,true,true
5.4454,true,false
3.6300,true,true
4.1181,true,true
4.4615,true,true
4.8170,true,true
6.4145,true,true
3.1416,true,true
6.8381,true,true
4.1423,true,true
8.4827,true,true
6.8866,true,true
2.1906,true,true
6.1999,true,true
7.3566,true,true
3.9009,true,true
2.9259,true,true
2.9209,true,true
11.4007,true,true
2.5908,true,true
2.8552,true,true
2.8420,true,true
3.7050,true,true
4.0900,true,true
3.1347,true,true
8.3295,true,true
4.2637,true,true
4.8941,true,true
11.2672,true,true
6.7328,true,true
2.4701,true,true
2.2172,true,true
3.0093,true,true
2.9911,true,true
4.7819,true,true
4.8572,true,true
2.9078,true,true
2.8195,true,true
5.2471,true,false
4.7761,true,true
8.6767,true,true
2.6664,true,true
10.8535,true,true
3.6471,true,true
3.4869,true,true
3.9947,true,true
5.6087,true,true
3.4928,true,true
6.3165,true,false
2.1284,true,true
7.6273,true,true
6.9577,true,true
3.6748,true,true
7.3100,true,true
7.0233,true,true
6.2699,true,true
3.6410,true,true
5.9554,true,true
3.9726,true,true
3.6168,true,true
3.7845,true,true
6.3103,true,true
9.1067,true,true
3.5310,true,true
3.9568,true,false
12.1491,true,true
2.7125,true,true
3.7770,true,false
6.0226,true,true
3.7935,true,true
4.0454,true,false
5.2901,true,true
2.1768,true,true
3.4309,true,true
6.2485,true,true
5.5736,true,false
8.7975,true,false
4.3718,true,true
4.3908,true,true
2.3346,true,true
15.6188,true,true
3.3354,true,true
2.5975,true,true
3.2789,true,true
5.8533,true,false
2.7921,true,true
3.5989,true,true
2.7165,true,true
2.6315,true,true
4.0545,true,true
3.2943,true,true
5.0792,true,true
3.3242,true,true
2.2169,true,true
1.9176,true,true
2.9582,true,true
8.7475,true,false
7.8471,true,true
2.6730,true,true
5.7231,true,true
2.4779,true,true
7.0421,true,true
2.8396,true,true
2.9549,true,true
7.0795,true,true
6.5106,true,true
5.9914,true,true
12.2981,true,true
5.8229,true,true
7.3130,true,false
3.0290,true,true
4.7825,true,true
2.6648,true,true
10.8065,true,true
4.6554,true,true
2.8157,true,true
2.6012,true,true
4.3676,true,false
2.5120,true,true
5.9487,true,false
5.3180,true,true
4.1367,true,true
2.2616,true,true
3.4805,true,true
6.5177,true,true
5.9440,true,true
5.2444,true,true
4.7817,true,false
3.9079,true,true
4.7740,true,true
7.8123,true,false
3.8192,true,true
5.9084,true,true
5.1355,true,false
3.0026,true,true
3.2745,true,true
5.1092,true,true
4.7934,true,false
2.8217,true,true
8.9461,true,true
3.6480,true,true
6.0538,true,true
3.2123,true,true
2.4776,true,true
6.6226,true,true
5.9019,true,false
3.8464,true,true
3.9231,true,true
17.6529,true,true
9.1215,true,true
5.9768,true,false
2.8674,true,true
3.1215,true,true
1.9360,true,true
4.6888,true,false
5.7930,true,true
2.4746,true,true
9.8916,true,true
2.9235,true,true
6.2107,true,true
3.2146,true,true
2.5672,true,true
3.0317,true,true
5.6743,true,true
2.6434,true,true
6.2017,true,true
5.4124,true,true
2.9787,true,false
6.4064,true,true
2.1252,true,true
7.0737,true,true
6.5597,true,true
7.9579,true,true
5.2344,true,false
4.8797,true,false
5.6055,true,true
6.0223,true,false
3.6588,true,true
4.9776,true,false
3.2355,true,true
2.3560,true,true
4.9545,true,false
4.8590,true,false
3.1290,true,true
3.1280,true,true
2.1279,true,true
2.5691,true,true
7.3462,true,true
2.8277,true,true
3.0610,true,true
2.7137,true,true
4.3805,true,false
2.0841,true,true
2.9940,true,true
2.9379,true,true
5.9931,true,true
6.0786,true,true
10.2272,true,true
4.6759,true,true
5.0604,true,true
2.9749,true,true
2.9014,true,true
5.1534,true,true
2.1930,true,true
1.9622,true,true
6.7096,true,true
2.4741,true,true
2.4238,true,true
2.3516,true,true
3.1599,true,true
7.4940,true,true
5.5593,true,false
2.3916,true,true
3.8873,true,true
2.7818,true,true
4.7849,true,true
2.9824,true,true
4.9486,true,false
6.8276,true,true
5.7256,true,true
3.2862,true,false
1.9978,true,true
3.0305,true,true
2.8697,true,true
3.7580,true,true
2.6578,true,true
2.6566,true,true
5.5939,true,false
5.6922,true,true
2.9340,true,false
3.6555,true,true
2.7267,true,true
2.5351,true,true
2.2699,true,true
2.2769,true,true
5.6935,true,true
11.9552,true,true
5.7378,true,true
2.4193,true,true
2.9802,true,false
2.8811,true,true
2.9826,true,true
5.8091,true,true
2.6993,true,true
2.6585,true,true
9.0048,true,true
2.6653,true,true
3.0757,true,true
4.3493,true,false
3.2281,true,true
5.8044,true,true
5.9357,true,true
2.5743,true,true
2.3430,true,true
2.8229,true,false
4.3204,true,true
2.4062,true,true
2.1515,true,true
3.2610,true,true
8.1867,true,true
3.8992,true,true
3.8010,true,false
2.6189,true,true
5.8457,true,true
2.5252,true,true
2.5141,true,true
2.2516,true,true
5.0717,true,true
3.0162,true,true
6.5827,true,true
4.9651,true,true
3.2974,true,true
2.2007,true,true
4.4544,true,false
2.3811,true,true
5.4077,true,false
2.0518,true,true
7.1677,true,true
5.4375,true,true
5.9574,true,false
3.0000,true,true
3.4029,true,true
2.1643,true,true
3.8858,true,true
6.7396,true,true
3.4754,true,false
2.2942,true,true
3.5450,true,true
6.0440,true,true
3.9591,true,true
3.1360,true,true
3.1308,true,true
3.9890,true,true
5.8711,true,true
6.9285,true,false
5.1643,true,false
3.4002,true,false
2.5232,true,true
5.1081,true,false
3.1215,true,true
3.3864,true,true
4.9920,true,true
5.7447,true,true
9.4132,true,true
3.6634,true,true
8.7548,true,true
5.9956,true,true
2.8260,true,true
5.2369,true,false
4.2334,true,true
2.1332,true,true
3.5697,true,true
4.1646,true,false
3.7325,true,true
3.8170,true,true
6.8208,true,true
3.9087,true,true
2.8865,true,true
5.2555,true,false
7.8764,true,true
3.3587,true,true
2.9055,true,false
7.6003,true,true
4.5692,true,true
4.2270,true,true
1.9538,true,true
3.0155,true,true
3.0491,true,true
7.7376,true,false
3.6011,true,true
6.4274,true,true
12.8922,true,true
5.3041,true,true
2.7052,true,true
2.7862,true,true
5.0161,true,true
3.0934,true,true
6.1373,true,true
3.0699,true,true
3.1152,true,true
3.3172,true,true
2.4437,true,true
2.9129,true,true
3.9823,true,true
4.3905,true,false
20.6606,true,true
2.3180,true,true
6.7900,true,true
5.3518,true,false
2.9784,true,true
2.8722,true,true
3.5331,true,true
2.5466,true,true
3.6387,true,true
3.1201,true,true
3.9456,true,true
5.5781,true,true
4.0970,true,true
3.0366,true,true
3.0540,true,true
3.1755,true,true
3.8622,true,true
3.7032,true,true
2.9331,true,true
5.1285,true,false
3.1963,true,true
3.8223,true,true
5.5785,true,false
3.9816,true,true
7.2247,true,true
14.6855,true,true
2.8627,true,true
6.5804,true,true
2.1934,true,true
3.5613,true,false
5.2644,true,false
3.1817,true,false
2.9281,true,true
5.6349,true,false
7.1120,true,true
3.3849,true,true
6.8929,true,true
2.0161,true,true
3.1532,true,true
3.4323,true,true
6.5166,true,true
2.9226,true,true
5.3056,true,true
7.3399,true,true
4.2791,true,true
2.2427,true,true
2.3178,true,true
9.5343,true,true
7.6290,true,true
3.4262,true,false
7.4116,true,true
3.5465,true,true
2.7002,true,true
3.5450,true,true
3.4495,true,true
5.3078,true,true
4.5150,true,false
4.5794,true,false
6.0782,true,false
3.6396,true,true
3.9894,true,true
3.8579,true,true
9.0776,true,true
5.6374,true,true
4.9600,true,true
10.0960,true,true
8.5952,true,false
3.1492,true,true
3.2774,true,true
2.2362,true,true
4.8523,true,false
5.1280,true,true
2.0684,true,true
5.1760,true,true
3.3626,true,true
3.9750,true,false
4.4698,true,true
2.5584,true,true
2.6163,true,true
7.1722,true,true
13.9057,true,true
9.1446,true,true
3.2968,true,true
3.6966,true,false
2.9971,true,true
11.0983,true,true
2.8704,true,true
3.1022,true,true
5.8635,true,true
2.7472,true,true
6.6332,true,true
2.8379,true,true
2.8971,true,true
7.3460,true,true
10.1842,true,true
5.8814,true,true
2.7427,true,true
2.7663,true,true
7.1562,true,false
5.1815,true,false
5.6629,true,false
2.2653,true,true
4.7249,true,false
5.8447,true,true
21.9402,true,true
3.4240,true,true
3.7754,true,true
2.9026,true,true
4.3921,true,true
5.5953,true,true
5.0103,true,true
3.8773,true,true
8.4250,true,true
4.4078,true,true
13.6673,true,true
2.3710,true,true
3.3203,true,true
4.6820,true,true
5.0692,true,true
7.7188,true,true
3.1014,true,true
6.9000,true,true
3.4026,true,true
2.4216,true,true
4.1446,true,false
2.7677,true,true
2.5726,true,true
5.9541,true,true
5.8807,true,true
2.8148,true,true
5.6302,true,true
2.3868,true,true
2.5129,true,true
5.2341,true,false
2.7345,true,true
7.7874,true,true
4.0651,true,true
3.0000,true,true
3.1692,true,true
6.7655,true,false
2.5864,true,true
2.6284,true,true
6.0421,true,false
2.9585,true,true
2.9312,true,true
4.0138,true,false
3.1117,true,true
3.7192,true,true
9.2365,true,true
3.0235,true,true
4.2229,true,true
2.3054,true,true
5.8800,true,true
2.7205,true,true
2.6999,true,true
7.5431,true,true
3.0645,true,true
5.2411,true,true
2.3390,true,true
2.3541,true,true
3.2293,true,true
3.4537,true,false
2.7509,true,true
2.7092,true,true
2.6349,true,true
2.7646,true,true
3.9956,true,true
2.9762,true,true
3.0708,true,true
3.0721,true,true
7.7862,true,true
3.4611,true,true
3.4442,true,true
2.4433,true,true
2.7875,true,true
10.2962,true,true
6.4911,true,false
4.8483,true,false
2.8964,true,true
9.6935,true,true
3.4688,true,true
3.8237,true,true
3.0922,true,true
5.4747,true,true
2.1708,true,true
3.3104,true,false
4.0969,true,true
3.1715,true,true
6.3021,true,true
5.6092,true,true
2.4211,true,true
3.1752,true,true
3.2538,true,true
3.4563,true,true
2.3625,true,true
3.4063,true,true
2.5370,true,true
2.2794,true,true
2.0079,true,true
3.0672,true,true
4.6291,true,false
11.4566,true,true
7.3245,true,true
2.0931,true,true
4.3064,true,false
5.6279,true,true
2.5344,true,true
2.6972,true,true
2.5914,true,true
2.5710,true,true
5.2560,true,true
2.1983,true,true
2.1682,true,true
2.3473,true,true
2.3238,true,true
3.9576,true,false
2.7042,true,true
8.2422,true,true
2.6937,true,true
3.8490,true,false
8.6894,true,false
3.6229,true,true
2.3184,true,true
3.0921,true,true
6.1769,true,false
2.6112,true,true
5.1791,true,true
4.1052,true,true
3.3458,true,true
2.3732,true,true
2.0936,true,true
4.8562,true,false
3.9770,true,true
2.8315,true,true
2.8745,true,true
3.9488,true,true
2.6261,true,true
6.5400,true,true
3.7130,true,true
3.0416,true,true
7.1458,true,true
7.0434,true,true
4.0596,true,true
6.3680,true,true
3.4802,true,true
2.3706,true,true
10.9287,true,true
4.9217,true,true
3.0709,true,true
3.0391,true,true
3.0458,true,true
4.3160,true,true
5.6225,true,true
14.3962,true,true
13.4181,true,true
7.3261,true,true
3.7756,true,true
2.8478,true,true
4.2263,true,false
5.3057,true,false
5.2776,true,true
3.1889,true,false
3.1275,true,true
5.6836,true,false
2.5620,true,true
3.0115,true,false
2.7363,true,true
3.4845,true,true
3.9189,true,true
4.1953,true,true
6.3932,true,true
2.1302,true,true
4.3790,true,false
2.7963,true,true
3.1484,true,true
7.4171,true,true
2.9122,true,true
4.6484,true,true
3.6887,true,true
2.8180,true,true
3.6346,true,true
4.9821,true,false
3.1335,true,true
6.5638,true,true
4.0419,true,true
2.9147,true,true
11.2504,true,true
3.4263,true,true
4.8067,true,true
5.6540,true,true
2.5521,true,true
8.5750,true,true
3.3737,true,true
3.7172,true,false
4.0461,true,true
3.2910,true,true
2.2074,true,true
5.6087,true,true
6.0956,true,true
4.5670,true,true
3.2598,true,true
6.8068,true,true
3.9575,true,true
3.4005,true,true
3.1947,true,true
6.5418,true,true
4.8094,true,false
5.6812,true,true
2.6189,true,true
3.8297,true,false
3.2594,true,false
2.3250,true,true
2.1860,true,true
6.0074,true,true
3.0003,true,true
3.5322,true,false
2.6754,true,true
6.0663,true,true
7.9246,true,true
6.3833,true,true
5.7462,true,true
5.3366,true,false
2.0350,true,true
4.0045,true,true
6.1248,true,true
3.1075,true,true
5.0376,true,false
4.2809,true,true
12.1587,true,true
7.7910,true,true
3.6476,true,true
3.7326,true,true
3.9789,true,true
10.2313,true,true
4.1139,true,true
3.1003,true,true
3.0706,true,true
3.2664,true,true
2.2500,true,true
2.3855,true,true
2.4987,true,true
2.6346,true,true
2.5449,true,true
10.4836,true,false
4.5306,true,false
5.9236,true,true
5.3012,true,true
2.1736,true,true
2.8023,true,false
4.9439,true,true
13.6746,true,true
3.2949,true,true
2.3970,true,true
6.2362,true,true
5.2135,true,true
1.9023,true,true
6.4167,true,true
4.2263,true,false
9.1801,true,true
3.8188,true,false
2.6144,true,true
4.9803,true,false
3.0694,true,true
3.3087,true,true
5.7474,true,false
5.7781,true,false
6.7541,true,true
2.6640,true,true
2.5081,true,true
8.5389,true,false
2.3278,true,true
9.1484,true,true
2.8922,true,true
2.6703,true,true
2.5577,true,true
4.6535,true,true
3.7059,true,true
3.5905,true,true
2.5029,true,true
8.8977,true,true
6.2735,true,true
3.5625,true,true
2.5525,true,true
5.1789,true,true
3.6760,true,true
5.4644,true,true
3.5402,true,true
2.4309,true,true
2.2771,true,true
3.2074,true,true
2.3168,true,true
4.3826,true,false
2.2309,true,true
2.9682,true,true
6.3770,true,true
2.3894,true,true
16.4694,true,true
2.1217,true,true
6.8027,true,true
4.9909,true,true
4.2996,true,true
3.3861,true,true
9.9429,true,true
4.4606,true,false
2.4446,true,true
4.3328,true,true
2.6467,true,true
7.3110,true,true
4.2208,true,false
3.7668,true,false
5.4408,true,true
3.5810,true,true
2.5216,true,true
5.2411,true,true
9.7829,true,true
5.6614,true,true
2.1399,true,true
2.0141,true,true
4.3734,true,false
2.6540,true,true
3.2151,true,false
4.2898,true,false
2.3248,true,true
2.6117,true,true
5.6658,true,true
2.7800,true,true
3.4773,true,true
7.1963,true,true
3.0660,true,true
4.0113,true,true
6.3597,true,true
3.9938,true,true
4.1725,true,true
3.3541,true,true
2.1963,true,true
5.7710,true,true
2.6731,true,true
3.7810,true,false
4.2951,true,true
18.5746,true,true
2.8967,true,true
3.0712,true,true
3.1503,true,true
2.3942,true,true
6.0283,true,true
2.9980,true,true
4.1633,true,true
2.8574,true,false
2.9512,true,true
4.0919,true,true
3.7201,true,true
2.7316,true,true
2.6596,true,true
2.5361,true,true
2.4754,true,true
6.3140,true,true
2.5479,true,false
4.2460,true,false
4.9653,true,true
5.6775,true,true
2.6689,true,true
5.2030,true,true
1.9945,true,true
3.0616,true,true
3.1109,true,true
6.1758,true,true
3.7558,true,true
5.2739,true,true
12.2911,true,true
5.4404,true,true
2.2815,true,true
2.1234,true,true
6.9160,true,true
2.6997,true,true
2.6025,true,true
2.5403,true,true
4.9751,true,false
2.8735,true,true
2.8396,true,true
2.8599,true,true
5.1735,true,false
3.4410,true,true
2.3604,true,true
4.0269,true,true
3.0164,true,true
2.8942,true,true
2.9869,true,true
3.0587,true,true
3.4212,true,true
2.5488,true,true
5.0553,true,false
4.1917,true,true
3.1892,true,true
2.7893,true,true
4.7078,true,true
2.4963,true,true
2.5699,true,true
5.3499,true,false
2.1970,true,true
2.9981,true,true
3.0783,true,true
3.1459,true,true
2.7164,true,true
3.1769,true,true
5.5532,true,true
2.4700,true,true
4.5595,true,true
5.1530,true,true
2.8657,true,true
3.5684,true,true
2.4751,true,true
8.6308,true,true
6.8574,true,true
3.4531,true,true
22.6743,true,true
11.8367,true,true
5.7496,true,false
2.8842,true,true
4.5211,true,false
5.6242,true,true
3.5831,true,false
2.5143,true,true
5.0279,true,false
4.5889,true,true
5.0207,true,true
3.3692,true,true
3.1709,true,true
2.0548,true,true
6.1789,true,true
6.9696,true,true
5.4563,true,true
2.5730,true,true
10.4281,true,true
2.2313,true,true
3.3000,true,false
3.1185,true,true
7.8007,true,true
4.2366,true,false
2.2895,true,true
6.0745,true,true
13.8497,true,true
8.3821,true,false
4.1828,true,true
5.7831,true,false
2.6695,true,true
5.7770,true,true
3.3037,true,true
7.7588,true,true
3.3739,true,true
9.5064,true,false
3.4626,true,true
2.2896,true,true
6.2094,true,true
4.6384,true,true
6.2994,true,true
2.9120,true,true
1.9069,true,true
2.9772,true,true
9.2264,true,true
7.4145,true,true
3.3654,true,false
5.5093,true,false
3.5570,true,true
2.3824,true,true
10.5443,true,true
2.1281,true,true
3.4137,true,true
7.6535,true,true
5.2246,true,false
6.9177,true,true
2.7431,true,true
2.6284,true,true
10.1473,true,true
5.0066,true,true
4.6158,true,true
3.2112,true,true
4.7108,true,false
2.7362,true,true
5.5441,true,true
7.5269,true,true
6.8296,true,true
3.3377,true,true
3.2967,true,true
2.3919,true,true
2.8491,true,true
2.8628,true,true
3.0202,true,true
6.9190,true,true
2.8139,true,true
2.6341,true,true
4.4886,true,false
3.1477,true,true
10.5712,true,true
2.5346,true,true
4.7184,true,true
5.5746,true,false
3.1265,true,true
2.0752,true,true
3.2423,true,true
3.1269,true,true
8.6559,true,true
4.4764,true,true
2.6406,true,true
4.5203,true,true
4.9326,true,false
2.9791,true,true
4.3973,true,true
8.1176,true,true
2.6935,true,true
2.6892,true,true
2.6697,true,true
6.8973,true,true
6.4903,true,false
12.0218,true,true
6.1011,true,true
3.5896,true,true
2.6710,true,true
2.6900,true,true
4.8500,true,true
11.2382,true,true
3.2750,true,true
3.5263,true,true
3.8436,true,true
5.5891,true,false
3.7641,true,false
5.9745,true,true
3.2487,true,true
5.5851,true,true
2.4380,true,true
2.4073,true,true
3.5217,true,false
3.4014,true,false
2.4249,true,true
6.4200,true,true
2.2651,true,true
3.8410,true,true
3.5733,true,true
2.3853,true,true
4.7170,true,false
2.7483,true,true
3.4305,true,true
3.5230,true,true
3.7432,true,true
3.2675,true,true
2.2331,true,true
2.1706,true,true
3.5661,true,true
2.9646,true,true
3.2925,true,true
2.4008,true,true
11.2159,true,true
6.3932,true,true
2.2208,true,true
4.9718,true,true
12.6666,true,true
3.1184,true,true
3.3895,true,true
5.9380,true,true
4.7139,true,true
2.9062,true,true
6.4473,true,true
2.9718,true,true
3.5420,true,true
5.9993,true,true
6.5329,true,false
2.9975,true,true
3.2436,true,true
2.5043,true,true
3.4242,true,true
3.1483,true,true
4.9935,true,true
3.8693,true,true
5.3385,true,true
3.8435,true,false
3.6525,true,true
3.8790,true,true
10.9425,true,true
2.3448,true,true
3.4234,true,true
2.5502,true,true
2.6405,true,true
4.5323,true,false
3.6385,true,true
2.5406,true,true
4.0991,true,true
3.2743,true,true
2.2409,true,true
2.3269,true,true
2.1424,true,true
3.2686,true,true
2.6364,true,true
2.6359,true,true
5.5624,true,true
6.3817,true,true
1.9730,true,true
4.1791,true,false
3.2793,true,true
2.4081,true,true
2.5436,true,true
3.0362,true,true
3.2341,true,true
2.0971,true,true
3.4659,true,true
5.1055,true,false
2.1275,true,true
9.9397,true,true
3.8101,true,true
3.0650,true,true
3.2360,true,true
2.8677,true,false
5.7059,true,true
3.6841,true,true
6.0749,true,true
8.6563,true,true
10.2503,true,false
4.0182,true,true
5.7278,true,false
2.5570,true,true
2.9516,true,true
6.7398,true,true
5.2135,true,true
3.7216,true,true
8.7473,true,true
4.0732,true,true
3.0636,true,true
6.6513,true,true
6.9019,true,true
2.9538,true,true
3.3939,true,true
2.4839,true,true
8.8603,true,true
8.0040,true,false
3.7997,true,false
2.8393,true,true
2.7182,true,true
3.2720,true,false
3.3874,true,true
2.4152,true,true
10.2099,true,true
6.3177,true,true
2.9705,true,true
6.5010,true,false
2.8874,true,true
3.0615,true,true
3.1313,true,true
6.2258,true,true
2.7245,true,true
3.5257,true,true
2.4374,true,true
6.2155,true,true
6.4909,true,false
6.5899,true,true
1.6536,true,true
4.3039,true,true
4.6471,true,false
2.8005,true,true
2.7510,true,true
2.6231,true,true
3.5569,true,true
4.3245,true,true
4.2709,true,false
4.0528,true,true
6.9026,true,true
2.7136,true,true
6.7846,true,true
2.4634,true,true
3.9120,true,true
7.0371,true,true
2.6074,true,true
4.7083,true,true
4.5299,true,true
3.3224,true,true
3.6390,true,true
2.7297,true,true
10.5667,true,true
2.3760,true,true
9.6971,true,true
3.1483,true,true
2.9948,true,true
2.9574,true,true
4.2244,true,true
4.1088,true,false
3.6921,true,false
2.4907,true,true
3.0253,true,true
6.8086,true,true
5.3833,true,false
5.7454,true,false
2.4809,true,true
3.5145,true,true
5.1384,true,false
3.4657,true,false
4.2578,true,true
6.4824,true,true
2.2483,true,true
10.4237,true,true
3.1599,true,true
3.3127,true,true
2.2120,true,true
3.7039,true,true
2.5827,true,true
2.5610,true,true
2.5405,true,true
2.4139,true,true
7.6302,true,true
6.8588,true,false
2.2782,true,true
2.3729,true,true
4.2640,true,true
1.9023,true,true
3.0349,true,true
5.0103,true,true
4.5707,true,true
2.4371,true,true
2.7408,true,true
4.2980,true,true
4.0610,true,true
3.6672,true,true
6.5460,true,true
5.0923,true,false
10.5100,true,true
4.4212,true,true
2.4694,true,true
4.9600,true,false
5.0488,true,true
2.7770,true,true
6.2386,true,true
13.6722,true,true
6.6011,true,true
3.8936,true,false
18.0271,true,true
3.8570,true,true
6.3100,true,false
2.1306,true,true
7.3694,true,false
3.1356,true,true
9.4599,true,true
4.9570,true,true
2.7510,true,true
2.7643,true,true
8.2695,true,true
3.7720,true,true
2.9181,true,true
6.3284,true,true
8.4218,true,true
5.4272,true,true
2.1514,true,true
3.3337,true,true
7.8978,true,true
3.0200,true,true
3.1579,true,true
3.6433,true,true
4.4628,true,true
2.8692,true,true
3.8666,true,true
3.3738,true,true
2.3607,true,true
8.7260,true,true
3.8991,true,true
5.6660,true,false
2.5965,true,true
11.0516,true,true
6.7594,true,true
2.3605,true,true
2.1770,true,true
4.4066,true,true
2.4116,true,true
4.8795,true,false
6.5714,true,true
6.2225,true,false
3.1928,true,true
3.0545,true,true
3.2058,true,true
7.7143,true,true
2.9804,true,true
5.9863,true,true
5.6115,true,false
3.7807,true,true
2.9539,true,true
3.0128,true,true
5.1345,true,true
3.4847,true,true
8.3764,true,false
8.0362,true,true
3.8052,true,true
5.9343,true,true
10.4332,true,true
6.6182,true,false
4.9471,true,true
6.9288,true,true
3.4857,true,true
3.6038,true,true
2.6326,true,true
6.6785,true,true
2.4980,true,true
2.3795,true,true
4.9519,true,true
16.3027,true,false
2.6017,true,true
10.2289,true,true
6.9659,true,true
2.5062,true,true
2.3678,true,true
3.4229,true,true
7.8368,true,true
2.8644,true,true
4.5347,true,true
3.3548,true,true
4.1542,true,true
8.7822,true,false
3.0596,true,true
8.3766,true,true
6.7451,true,true
3.8281,true,true
7.1062,true,true
3.3724,true,false
2.4762,true,true
2.8509,true,true
2.7530,true,true
2.9290,true,true
7.0370,true,true
4.1356,true,true
4.0193,true,true
5.1490,true,true
2.0303,true,true
3.7977,true,true
4.8928,true,true
3.5216,true,false
5.0377,true,true
3.1098,true,true
3.1325,true,true
3.1564,true,true
5.2900,true,true
3.8701,true,true
2.9470,true,true
4.7211,true,true
2.7963,true,true
3.6256,true,false
3.5854,true,true
4.9844,true,true
5.6063,true,true
3.0102,true,true
8.8276,true,true
2.9785,true,true
4.9139,true,true
2.9633,true,true
5.0159,true,true
3.0894,true,true
6.1108,true,false
6.5546,true,true
2.2760,true,true
3.7537,true,true
8.4545,true,true
5.7778,true,true
3.1173,true,true
7.6071,true,true
3.3866,true,true
3.3630,true,true
3.2335,true,true
2.3272,true,true
2.2894,true,true
2.9880,true,true
9.9572,true,false
17.3636,true,true
4.9002,true,true
2.6721,true,true
6.6781,true,true
13.2054,true,true
6.7243,true,true
2.6654,true,true
22.4098,true,true
6.5364,true,true
4.7761,true,true
5.0666,true,true
2.9529,true,true
5.3435,true,false
4.6773,true,true
1.8020,true,true
5.2784,true,true
2.0091,true,true
5.9845,true,true
2.9533,true,true
4.7293,true,true
3.5068,true,true
8.4516,true,true
7.4556,true,true
2.2053,true,true
4.5718,true,false
5.8837,true,true
2.6092,true,true
2.7695,true,true
4.3424,true,true
3.1265,true,false
1.8999,true,true
8.3173,true,true
3.9740,true,true
4.3822,true,true
5.5907,true,true
2.4228,true,true
5.5606,true,true
4.9449,true,false
3.1093,true,true
4.9831,true,true
3.7151,true,true
4.3181,true,true
3.3839,true,true
2.7650,true,true
3.8184,true,false
5.0905,true,false
6.4323,true,true
8.8504,true,true
2.7703,true,true
2.9677,true,true
4.0183,true,false
5.4417,true,true
4.8788,true,true
3.5642,true,true
6.7914,true,true
2.2517,true,true
2.3888,true,true
4.4834,true,false
2.5172,true,true
5.1776,true,true
1.8655,true,true
5.4992,true,true
2.3058,true,true
3.4374,true,true
5.7487,true,true
8.8311,true,true
2.8311,true,true
5.3425,true,true
2.0131,true,true
5.6938,true,false
3.3782,true,true
5.3571,true,true
2.2055,true,true
1.9712,true,true
8.6407,true,true
3.6676,true,true
2.7716,true,true
5.6107,true,true
2.3948,true,true
3.4466,true,true
3.3994,true,true
2.6585,true,true
2.6654,true,true
4.5938,true,true
6.9722,true,true
5.7558,true,true
2.5512,true,true
4.0053,true,false
3.3348,true,true
2.1356,true,true
4.2608,true,false
2.3065,true,true
3.4006,true,true
2.6523,true,true
5.1750,true,true
3.8196,true,true
2.9135,true,true
3.7293,true,true
4.2674,true,false
12.4174,true,true
10.2539,true,true
24.1578,true,true
6.2576,true,true
15.1278,true,true
5.9245,true,false
2.8405,true,true
12.8230,true,true
7.3082,true,true
6.2383,true,true
6.1993,true,true
5.5241,true,true
6.0494,true,false
3.1572,true,true
4.6277,true,true
2.7434,true,true
3.0588,true,true
3.0485,true,true
3.1975,true,true
2.5211,true,true
2.6693,true,true
7.0664,true,true
5.5548,true,false
2.3849,true,true
3.7698,true,false
7.9790,true,true
6.1642,true,true
4.4363,true,true
12.9188,true,true
2.8806,true,false
3.2099,true,true
3.6320,true,true
2.6608,true,true
5.6702,true,true
8.1591,true,true
2.5416,true,true
9.8461,true,true
6.8460,true,false
2.7364,true,true
2.9082,true,true
3.3425,true,true
2.6272,true,true
4.0552,true,true
4.3206,true,true
4.8517,true,true
5.8044,true,true
6.1594,true,true
3.6951,true,false
3.0223,true,true
5.0599,true,true
12.3096,true,true
2.7990,true,true
4.9867,true,true
4.8428,true,true
4.6809,true,false
2.5326,true,true
2.7233,true,true
3.7909,true,true
2.7129,true,true
2.9255,true,true
3.6947,true,true
2.7590,true,true
7.2603,true,false
3.2036,true,true
2.4736,true,true
8.7338,true,true
2.7109,true,true
2.6479,true,true
5.9149,true,true
6.1366,true,false
3.0697,true,true
8.4835,true,false
3.6520,true,true
2.7159,true,true
2.6622,true,true
2.6402,true,true
5.1552,true,false
3.1754,true,true
4.1999,true,false
2.5760,true,true
2.7013,true,true
3.5432,true,true
2.3602,true,true
7.6147,true,true
4.8907,true,true
5.1680,true,true
4.0463,true,true
3.0030,true,true
8.2800,true,true
3.8129,true,true
2.9562,true,true
18.9670,true,true
7.4857,true,true
2.3040,true,true
3.0215,true,false
6.2604,true,true
1.7821,true,true
3.8612,true,false
2.8149,true,true
3.8492,true,true
3.0629,true,true
6.5249,true,false
5.4472,true,false
2.5740,true,true
6.9390,true,true
3.1551,true,true
9.7876,true,true
4.4867,true,true
3.3879,true,true
12.0020,true,true
6.5214,true,true
2.5545,true,false
6.2606,true,true
3.1845,true,false
4.1542,true,true
6.8026,true,true
6.5330,true,false
7.7833,true,true
2.3002,true,true
2.9031,true,true
2.8633,true,true
10.1000,true,true
2.5689,true,true
2.4793,true,true
2.1829,true,true
2.4630,true,true
2.9088,true,true
5.3705,true,false
3.5321,true,true
5.8109,true,true
2.4460,true,true
2.3176,true,true
8.6169,true,true
3.8458,true,true
4.3791,true,true
3.9662,true,true
7.5488,true,true
3.0426,true,true
5.2013,true,false
12.3809,true,true
6.7732,true,false
3.0202,true,false
6.7703,true,true
2.5018,true,true
2.5253,true,true
5.7059,true,true
6.0744,true,true
3.0302,true,true
2.8724,true,true
4.0747,true,false
6.5332,true,true
4.7365,true,false
2.6878,true,true
2.7905,true,true
5.5315,true,false
8.1707,true,false
4.8235,true,false
5.0239,true,false
3.2838,true,true
2.1849,true,true
3.7846,true,false
2.9079,true,true
2.6584,true,true
2.5999,true,true
6.5300,true,true
2.0773,true,true
3.8555,true,true
4.9870,true,false
3.0360,true,true
3.7491,true,false
2.7433,true,true
2.5254,true,true
2.5584,true,true
5.3916,true,false
5.9491,true,true
2.8269,true,true
4.0985,true,true
3.1073,true,true
3.2287,true,true
2.1867,true,true
6.3090,true,true
2.1505,true,true
3.2355,true,true
2.1219,true,true
7.2297,true,true
3.2770,true,true
6.6929,true,false
12.0986,true,true
7.0011,true,true
3.1839,true,false
7.3791,true,true
5.4441,true,true
2.3184,true,true
3.7020,true,true
2.6030,true,true
2.7092,true,true
5.7480,true,true
2.7658,true,true
2.8428,true,true
3.0112,true,true
6.5999,true,true
2.4018,true,true
4.3928,true,true
4.0860,true,true
3.1223,true,true
2.2400,true,true
7.1289,true,true
3.3232,true,false
14.7793,true,true
11.6035,true,true
5.9808,true,true
2.9381,true,true
5.2076,true,true
4.5664,true,true
10.4568,true,true
5.8615,true,true
9.0875,true,false
6.8312,true,true
2.6250,true,true
2.4723,true,true
7.0656,true,true
2.1795,true,true
3.3207,true,true
2.3010,true,true
2.2897,true,true
5.5090,true,true
8.0242,true,false
2.6850,true,true
3.4345,true,true
3.1479,true,true
3.3330,true,true
3.8891,true,true
7.0331,true,true
2.6583,true,true
5.0669,true,false
8.8014,true,true
7.3051,true,true
2.5992,true,true
2.6087,true,true
2.7021,true,true
2.4702,true,true
2.6622,true,true
3.0473,true,true
6.9575,true,true
3.1418,true,true
23.0964,true,true
24.0743,true,true
15.6138,true,true
5.3391,true,true
24.3622,true,true
18.6211,true,true
8.6076,true,true
6.6108,true,true
2.1546,true,true
5.4090,true,true
2.4290,true,true
7.4500,true,true
6.3013,true,true
4.3188,true,true
3.4293,true,true
2.4799,true,true
7.0280,true,true
3.7856,true,false
6.0526,true,true
3.6786,true,true
2.7163,true,true
2.7065,true,true
2.8782,true,true
4.1104,true,true
3.3825,true,true
2.4721,true,true
3.5553,true,false
5.7376,true,true
2.6737,true,true
8.3516,true,true
2.5021,true,true
13.2692,true,true
2.6778,true,true
11.1236,true,true
3.5045,true,true
2.4598,true,true
4.0922,true,true
2.7296,true,true
2.5352,true,true
6.5350,true,true
3.1354,true,true
3.4638,true,false
6.0292,true,true
2.7556,true,true
4.1926,true,true
2.8779,true,true
5.2548,true,false
2.4057,true,true
3.9447,true,false
5.9625,true,true
2.7181,true,true
2.6288,true,true
2.8055,true,true
9.6847,true,true
5.5587,true,true
21.7801,true,true
5.1845,true,true
6.8623,true,true
2.6799,true,true
9.4551,true,true
2.0969,true,true
4.7624,true,true
6.1846,true,true
3.5683,true,true
3.2232,true,true
7.7093,true,true
6.4509,true,true
2.0873,true,true
3.0260,true,true
9.5939,true,true
2.5405,true,true
3.6088,true,true
2.5177,true,true
3.2077,true,true
6.5249,true,true
5.7135,true,false
3.0376,true,false
3.0988,true,true
3.0159,true,true
3.8926,true,true
5.3962,true,true
4.8664,true,true
3.4843,true,true
3.3024,true,true
2.3554,true,true
4.4477,true,true
3.7822,true,false
2.7919,true,true
3.1259,true,true
3.2171,true,true
5.9256,true,false
3.0050,true,true
3.1468,true,true
7.6742,true,true
4.1389,true,true
3.1955,true,true
2.3123,true,true
2.7484,true,false
5.6453,true,true
2.5609,true,true
2.5974,true,true
2.8542,true,true
4.3348,true,false
9.4460,true,true
3.3092,true,true
5.0281,true,false
6.6011,true,true
2.1302,true,true
3.0937,true,true
3.8160,true,true
17.0731,true,true
2.6753,true,true
4.4430,true,false
4.5457,true,false
2.9817,true,true
2.9881,true,true
4.2954,true,true
2.3067,true,true
5.6887,true,true
3.4087,true,true
9.6961,true,true
2.6178,true,true
2.7930,true,true
4.9480,true,true
7.1707,true,true
3.7708,true,true
4.6928,true,false
2.8675,true,true
2.9787,true,true
2.9073,true,true
2.6748,true,true
3.1491,true,true
3.4941,true,true
3.9836,true,true
7.5240,true,true
7.1541,true,true
2.1648,true,true
2.8964,true,true
2.8692,true,true
2.7206,true,true
8.9946,true,true
6.1524,true,true
7.1464,true,true
2.9004,true,true
2.8318,true,true
6.6750,true,true
8.4593,true,false
3.2082,true,true
6.5117,true,true
2.4713,true,true
5.2286,true,false
2.0859,true,true
3.0009,true,true
3.1747,true,true
6.2840,true,true
2.4165,true,true
2.6774,true,true
4.8154,true,true
3.8413,true,true
2.6766,true,true
3.3439,true,true
4.7799,true,true
2.7491,true,true
14.5200,true,true
3.6662,true,true
3.0685,true,true
18.1165,true,true
6.2188,true,false
3.0567,true,true
3.0533,true,true
3.7368,true,true
4.6612,true,false
3.7206,true,false
6.6921,true,true
9.0780,true,true
3.2710,true,true
6.4123,true,false
2.2455,true,true
1.9824,true,true
3.5805,true,true
2.8879,true,true
5.7266,true,true
2.6846,true,true
5.9769,true,true
5.5536,true,true
4.9585,true,true
5.3936,true,false
5.0651,true,true
6.7594,true,true
2.9427,true,true
3.5728,true,true
7.0591,true,true
6.1843,true,true
19.9243,true,true
4.2941,true,true
3.9467,true,true
5.1362,true,true
4.0568,true,true
12.9574,true,true
2.2195,true,true
2.5143,true,true
4.2188,true,true
4.3767,true,true
2.2976,true,true
4.9446,true,false
2.7992,true,true
3.6535,true,true
5.7204,true,true
2.7504,true,true
9.4904,true,true
3.2505,true,true
5.9752,true,false
6.0501,true,true
2.6713,true,true
3.7085,true,true
6.8567,true,true
3.4888,true,true
4.9075,true,true
4.1507,true,true
2.8601,true,true
4.1427,true,false
2.6470,true,true
5.5859,true,true
5.7070,true,true
4.2707,true,false
6.1667,true,true
3.6553,true,true
6.2394,true,true
5.1333,true,true
3.6916,true,false
2.8177,true,true
3.2131,true,true
2.3298,true,true
3.4242,true,true
4.6884,true,true
3.4098,true,true
3.1436,true,false
4.6010,true,true
4.4129,true,true
2.6264,true,true
2.5214,true,true
3.0441,true,true
8.5138,true,true
8.3884,true,true
3.4896,true,true
9.6735,true,true
3.6203,true,true
6.5361,true,true
6.1251,true,true
7.6028,true,true
7.8792,true,true
8.7884,true,true
8.0959,true,false
7.3540,true,true
5.7266,true,true
3.8101,true,false
3.0085,true,true
2.9676,true,true
7.1578,true,true
3.9783,true,false
4.1920,true,true
5.0757,true,false
3.3781,true,true
2.3116,true,true
2.2914,true,true
2.3206,true,true
2.3707,true,true
4.6632,true,true
2.5682,true,true
7.5720,true,false
7.1544,true,true
4.6452,true,true
2.8118,true,true
6.4029,true,true
2.8283,true,true
6.3121,true,true
3.6136,true,true
9.0299,true,true
8.1013,true,true
5.7010,true,true
2.6517,true,true
4.1610,true,true
5.3357,true,true
2.3408,true,true
5.0390,true,true
5.4065,true,true
2.1979,true,true
3.9573,true,true
7.1142,true,true
3.8751,true,true
3.6328,true,true
2.7367,true,true
6.3866,true,true
2.6930,true,false
4.2076,true,false
2.2725,true,true
2.2898,true,true
4.8023,true,false
3.5930,true,true
3.1694,true,false
2.1290,true,true
2.8824,true,true
2.8895,true,true
7.0833,true,false
3.5877,true,true
4.6251,true,true
5.2733,true,true
4.8721,true,false
2.9237,true,true
2.8671,true,true
5.4403,true,false
6.2537,true,false
2.7204,true,true
5.4496,true,true
3.2326,true,true
2.3842,true,true
3.5580,true,true
2.6112,true,true
2.7101,true,true
2.6441,true,true
4.9245,true,false
3.5892,true,true
7.0908,true,true
6.6481,true,true
3.5090,true,false
6.0509,true,true
6.0288,true,true
4.2162,true,true
5.0778,true,false
3.1443,true,true
4.2027,true,true
3.8292,true,true
6.9790,true,true
5.0374,true,false
6.9436,true,true
2.7947,true,true
4.6201,true,false
10.7816,true,true
7.4821,true,true
3.1965,true,true
7.3928,true,true
5.2318,true,true
1.8944,true,true
3.6419,true,false
2.8021,true,true
2.8494,true,true
7.5138,true,false
2.8381,true,true
5.9309,true,true
6.3062,true,true
4.9661,true,false
3.1439,true,true
6.7055,true,false
6.5743,true,true
5.9287,true,true
2.9668,true,true
4.7611,true,true
4.4121,true,true
3.1926,true,true
1.8766,true,true
5.5548,true,true
2.6572,true,true
2.6015,true,true
2.6584,true,true
2.9624,true,true
4.6350,true,false
3.4892,true,true
5.5961,true,true
2.3755,true,true
3.4740,true,true
4.1596,true,false
2.9585,true,true
3.0669,true,true
7.7626,true,true
3.6683,true,true
2.9043,true,true
2.9263,true,true
3.1325,true,true
3.4946,true,false
5.2937,true,true
5.2869,true,true
4.6811,true,false
3.3754,true,true
5.0775,true,true
4.9659,true,true
6.3417,true,true
2.7198,true,true
5.9337,true,true
4.3051,true,true
5.8061,true,true
6.8142,true,true
2.6285,true,true
5.3175,true,true
3.3982,true,true
5.2813,true,true
2.1660,true,true
7.1256,true,true
3.3312,true,true
7.5272,true,true
1.9671,true,true
2.8770,true,true
2.9239,true,true
3.0230,true,true
7.0375,true,true
2.7465,true,true
2.8334,true,true
2.7726,true,true
2.6712,true,true
2.8086,true,true
5.1297,true,true
1.9715,true,true
5.7099,true,false
6.7448,true,true
2.4539,true,true
5.0782,true,true
2.9089,true,true
9.3029,true,true
5.2722,true,true
5.3302,true,false
2.2520,true,true
2.5101,true,true
4.1581,true,true
6.5402,true,true
2.1740,true,true
3.0687,true,true
4.1724,true,false
1.9990,true,true
2.9681,true,true
10.8882,true,true
6.5759,true,true
8.6753,true,true
3.4929,true,true
5.9584,true,true
6.3465,true,true
7.4872,true,true
3.2971,true,true
6.3030,true,true
4.4694,true,true
3.1712,true,true
2.9770,true,true
5.6781,true,false
2.5505,true,true
3.2643,true,true
2.6141,true,true
2.9621,true,true
6.0891,true,true
2.9339,true,true
2.9733,true,true
4.4322,true,true
5.0839,true,false
3.0875,true,true
3.1903,true,true
2.1591,true,true
3.5983,true,true
6.5050,true,true
5.0115,true,true
5.2433,true,false
5.8455,true,false
4.1686,true,true
8.5548,true,true
3.8560,true,true
2.7830,true,true
2.9770,true,true
5.6932,true,false
3.5261,true,true
3.0848,true,true
2.9254,true,true
6.9699,true,true
5.3173,true,true
2.1603,true,true
3.0177,true,true
2.9464,true,true
3.1075,true,true
2.5361,true,false
2.7220,true,true
5.7241,true,true
6.3634,true,true
3.8304,true,false
5.4561,true,true
2.1755,true,true
3.4195,true,true
2.1298,true,true
3.9358,true,true
4.2244,true,false
2.3768,true,true
4.7672,true,false
4.6146,true,true
2.7916,true,true
2.6376,true,true
9.4226,true,true
4.0871,true,true
6.2919,true,true
2.0181,true,true
4.9923,true,false
4.2798,true,true
2.3210,true,true
3.1913,true,true
1.9842,true,true
3.8052,true,true
4.0198,true,true
3.0151,true,true
3.9776,true,true
3.1686,true,true
3.1162,true,true
4.6376,true,false
5.0562,true,false
5.6069,true,true
2.3245,true,true
2.4397,true,true
2.4402,true,true
3.0639,true,false
3.1950,true,true
2.2309,true,true
3.3114,true,true
5.4463,true,true
1.9784,true,true
2.9567,true,true
2.7620,true,true
8.8652,true,true
4.2702,true,true
3.3985,true,true
18.4649,true,true
6.3522,true,true
13.4936,true,true
6.1902,true,true
2.0369,true,true
3.3679,true,false
2.2420,true,true
3.6372,true,true
3.0340,true,true
2.8283,true,true
5.8282,true,true
4.3007,true,true
4.7242,true,false
2.5545,true,true
2.6440,true,true
3.7475,true,true
4.7161,true,false
7.4904,true,true
2.8294,true,true
2.6318,true,true
7.8008,true,true
2.6093,true,true
2.6002,true,true
2.6245,true,true
3.3653,true,true
10.1320,true,true
3.6265,true,true
2.3180,true,true
6.2710,true,true
3.1737,true,false
4.8242,true,true
2.9475,true,true
3.7162,true,true
4.1013,true,true
4.4370,true,true
3.5479,true,false
3.3018,true,true
3.5494,true,true
2.6285,true,true
3.5934,true,true
2.5426,true,true
6.0504,true,true
2.6099,true,true
9.3377,true,true
6.4207,true,true
4.5828,true,true
3.8772,true,true
2.7222,true,true
2.5430,true,true
5.1796,true,true
5.0289,true,true
5.9636,true,true
4.0451,true,true
2.9142,true,true
3.5187,true,false
4.8461,true,true
2.6844,true,true
5.3972,true,true
2.2890,true,true
5.2930,true,true
2.7977,true,true
9.9014,true,true
6.4189,true,true
4.1988,true,true
6.2303,true,false
4.3077,true,true
2.2085,true,true
7.0232,true,false
6.8724,true,true
2.6673,true,true
4.2052,true,false
2.9695,true,true
2.9224,true,true
6.8812,true,false
2.6338,true,true
4.3362,true,true
1.5673,true,true
18.0882,true,true
4.2466,true,false
3.5810,true,true
3.6882,true,true
2.6763,true,true
4.4687,true,true
3.8683,true,false
2.7911,true,true
3.3475,true,true
2.6159,true,true
6.4458,true,true
3.5143,true,false
2.6110,true,true
6.4265,true,true
2.3743,true,true
6.9887,true,true
3.4052,true,true
4.2255,true,true
4.8925,true,true
3.1327,true,true
5.4395,true,false
1.9491,true,true
3.0134,true,true
3.1811,true,true
2.2820,true,true
5.0183,true,true
5.5027,true,true
4.2001,true,false
2.9675,true,true
6.4116,true,true
2.1604,true,true
3.0280,true,true
2.9725,true,true
2.8927,true,true
3.8344,true,true
2.8031,true,true
3.5473,true,true
6.2191,true,true
3.7408,true,true
5.5356,true,true
3.0397,true,true
3.1259,true,true
6.3123,true,true
4.2393,true,true
3.6869,true,true
6.3900,true,true
4.2956,true,true
2.8249,true,false
2.8213,true,true
6.6161,true,false
5.9798,true,true
2.9004,true,true
6.0814,true,true
3.0132,true,true
8.0178,true,true
6.0909,true,true
3.6614,true,false
5.9788,true,true
6.6150,true,true
4.7839,true,true
4.5584,true,true
2.3986,true,true
2.4370,true,true
2.2717,true,true
3.4755,true,false
6.8084,true,true
3.0676,true,true
4.0438,true,true
3.1329,true,true
8.2278,true,true
4.4239,true,true
2.6247,true,true
6.1748,true,false
6.5387,true,true
2.0611,true,true
3.9912,true,true
6.2835,true,true
2.4309,true,true
3.5635,true,true
10.9128,true,false
4.2830,true,true
5.3125,true,true
5.5324,true,false
2.0759,true,true
6.9521,true,true
3.2155,true,true
2.2438,true,true
2.4611,true,true
5.3876,true,true
3.3299,true,true
4.9602,true,true
2.8503,true,true
3.9978,true,false
7.0102,true,true
5.4523,true,false
2.1985,true,true
2.1422,true,true
2.7799,true,true
6.3915,true,true
7.7609,true,true
3.2006,true,true
7.6521,true,true
2.9916,true,true
6.1261,true,false
3.1483,true,true
3.1125,true,true
2.9169,true,true
3.5209,true,true
6.8450,true,true
4.3355,true,true
7.0100,true,true
3.7483,true,true
2.8345,true,true
3.4537,true,false
2.3190,true,true
2.2859,true,true
4.7356,true,true
2.9170,true,true
7.1537,true,true
3.6855,true,true
2.8638,true,true
7.2470,true,true
3.9407,true,true
4.9097,true,true
2.8815,true,true
6.2216,true,false
5.3603,true,true
2.2017,true,true
1.9625,true,true
6.7372,true,true
3.6733,true,true
2.7124,true,true
4.3368,true,false
2.6677,true,true
7.3636,true,true
3.3427,true,true
6.8529,true,true
2.6758,true,true
11.1307,true,true
6.2964,true,true
3.4608,true,true
2.4311,true,true
10.5459,true,true
3.5877,true,false
3.4137,true,true
3.3773,true,true
2.9308,true,true
9.3686,true,true
3.5642,true,true
3.0742,true,false
4.9307,true,false
3.7906,true,true
3.5642,true,true
2.6284,true,true
2.8118,true,true
2.8496,true,true
7.1323,true,false
6.5718,true,false
3.2876,true,true
3.3427,true,true
7.7221,true,true
3.2358,true,true
3.7217,true,true
7.5535,true,true
3.2207,true,false
2.1043,true,true
3.2717,true,true
2.4217,true,true
2.3365,true,true
3.1287,true,true
8.0774,true,true
24.3092,true,true
6.8758,true,true
3.0284,true,true
16.5742,true,true
3.8917,true,true
3.8967,true,false
2.9339,true,true
6.5404,true,true
6.7665,true,false
14.7379,true,true
2.7698,true,true
2.9271,true,true
3.8629,true,true
3.9555,true,true
2.9559,true,true
6.3830,true,false
6.4298,true,true
2.0620,true,true
3.1600,true,true
3.7417,true,true
7.9192,true,true
3.7739,true,false
5.2418,true,true
3.0634,true,true
6.6122,true,true
3.2057,true,true
2.2086,true,true
2.0898,true,true
3.6133,true,true
10.3868,true,true
3.0535,true,true
3.0572,true,true
3.0912,true,true
4.0248,true,false
3.7761,true,true
2.9395,true,true
1.9312,true,true
2.7955,true,true
3.3424,true,false
2.6216,true,true
5.2559,true,false
2.3056,true,true
4.8184,true,true
13.9602,true,false
8.3702,true,true
3.1372,true,true
4.2724,true,false
2.4455,true,true
2.3588,true,true
5.5535,true,true
3.4935,true,true
3.3032,true,true
4.9336,true,false
7.9787,true,true
2.9436,true,true
2.8050,true,true
5.7325,true,true
2.6374,true,true
9.5112,true,true
4.3579,true,true
2.3619,true,true
9.3386,true,true
4.3021,true,true
6.5254,true,true
2.3901,true,false
2.0973,true,true
2.0220,true,true
3.7031,true,true
6.8810,true,true
3.2600,true,true
2.1723,true,true
2.4019,true,true
2.7526,true,true
6.0134,true,true
2.8158,true,true
11.2321,true,true
3.0581,true,true
5.9954,true,true
4.8632,true,false
6.8569,true,false
5.1656,true,true
2.2396,true,true
2.1746,true,true
3.1447,true,true
3.0688,true,true
4.8302,true,true
14.4130,true,true
2.8269,true,true
2.6157,true,true
5.6452,true,false
2.4653,true,true
5.5862,true,true
2.5761,true,true
4.3413,true,false
2.8573,true,true
5.5954,true,true
2.3455,true,true
5.7404,true,true
2.5655,true,true
3.9355,true,false
3.6850,true,false
2.6460,true,true
4.7289,true,true
4.4522,true,true
3.3828,true,true
3.0763,true,true
7.5379,true,true
3.0283,true,true
5.0999,true,true
1.8482,true,true
4.3652,true,false
3.4748,true,false
6.5878,true,true
5.9851,true,true
4.7934,true,true
3.3051,true,false
10.6333,true,true
9.2627,true,true
8.4539,true,false
7.3071,true,true
3.0621,true,true
2.9992,true,true
3.0348,true,true
4.5498,true,true
2.6093,true,true
3.4716,true,true
4.0822,true,false
3.2015,true,true
7.2171,true,false
2.8358,true,true
5.6892,true,true
5.7853,true,true
3.2739,true,false
2.3996,true,true
5.4253,true,true
3.6421,true,false
5.7433,true,true
3.1845,true,true
5.6786,true,true
12.4491,true,true
28.7992,true,true
3.8792,true,true
28.5841,true,true
6.2057,true,true
6.5346,true,true
6.1611,true,false
6.1481,true,true
3.0684,true,true
3.2099,true,true
2.4196,true,true
4.9211,true,true
4.2393,true,true
2.4592,true,true
3.1623,true,true
2.1158,true,true
4.6917,true,true
2.5341,true,true
3.1909,true,true
4.0305,true,true
3.4484,true,true
6.1384,true,true
4.4005,true,true
2.2882,true,true
2.4024,true,true
3.0267,true,true
3.8017,true,true
11.8957,true,true
19.7762,true,true
7.2877,true,true
4.6900,true,true
3.1753,true,true
2.1301,true,true
3.0895,true,true
3.1239,true,true
3.0059,true,true
7.1432,true,true
6.7434,true,false
2.5490,true,true
2.6181,true,true
4.2393,true,true
2.4406,true,true
3.4965,true,true
6.1861,true,false
3.5489,true,true
7.1501,true,true
5.4573,true,true
6.1556,true,true
5.7229,true,true
2.5064,true,true
2.6365,true,true
5.4872,true,true
13.2154,true,true
4.9827,true,false
6.9360,true,true
4.3252,true,true
5.1240,true,true
3.0483,true,true
3.1289,true,true
2.9661,true,true
5.7289,true,false
5.6967,true,true
11.6155,true,true
9.3641,true,true
5.6345,true,true
5.8060,true,false
2.6599,true,true
4.8727,true,true
5.5731,true,true
3.7773,true,true
2.7303,true,true
3.6142,true,true
6.7434,true,true
4.1524,true,true
4.5997,true,true
6.1586,true,true
3.6624,true,true
4.9442,true,false
3.5655,true,true
3.2895,true,true
4.9802,true,true
6.9690,true,true
2.9132,true,true
3.5345,true,false
2.4028,true,true
4.3488,true,true
2.1042,true,true
6.1969,true,true
7.1971,true,true
6.3577,true,true
3.7657,true,true
6.1351,true,true
11.2153,true,true
7.4472,true,true
4.8334,true,true
5.3402,true,true
4.7754,true,true
3.8935,true,true
2.8536,true,true
3.6580,true,true
5.3829,true,true
2.2098,true,true
2.6448,true,true
5.1486,true,false
7.0523,true,true
5.5481,true,true
2.3109,true,true
2.9087,true,true
2.9170,true,true
3.5850,true,true
6.6136,true,true
3.3201,true,false
9.9434,true,true
8.8372,true,true
3.8659,true,true
4.1860,true,false
7.0688,true,true
14.1656,true,true
3.5194,true,true
6.5483,true,true
3.4853,true,true
5.8561,true,true
4.6430,true,false
2.4955,true,true
3.2045,true,false
5.6874,true,true
2.5090,true,true
2.5407,true,true
3.8846,true,false
2.9227,true,true
4.3043,true,true
8.5950,true,true
2.2642,true,true
10.0673,true,true
2.8266,true,true
3.1476,true,true
12.8200,true,true
21.8024,true,true
5.2716,true,true
2.8961,true,true
5.3026,true,true
18.4404,true,true
12.2453,true,false
5.0468,true,false
2.8400,true,true
3.9715,true,true
2.8569,true,true
3.0673,true,true
3.1099,true,true
4.4412,true,true
3.3540,true,true
5.3317,true,true
11.3218,true,true
8.0415,true,true
3.2218,true,true
6.1444,true,true
19.0495,true,true
6.3171,true,true
1.2383,true,true
3.9038,true,true
2.6989,true,true
6.2084,true,true
2.1987,true,true
2.2407,true,true
2.3008,true,true
6.4763,true,true
2.7244,true,true
2.6171,true,true
2.6822,true,true
7.6828,true,true
2.5828,true,true
7.1294,true,true
2.9228,true,true
15.9767,true,true
2.4238,true,true
4.8907,true,false
7.9837,true,true
15.0400,true,true
4.9518,true,true
11.2365,true,true
2.9226,true,true
3.1678,true,true
2.0327,true,true
2.9821,true,true
2.9141,true,true
7.3074,true,true
7.9080,true,true
6.8043,true,true
7.9390,true,true
3.3882,true,true
4.4587,true,false
4.0185,true,true
2.8840,true,true
2.6774,true,true
2.7027,true,true
2.6119,true,true
5.2974,true,false
5.5451,true,false
6.3184,true,true
5.2828,true,true
7.6013,true,true
3.2282,true,true
3.7149,true,true
2.8508,true,true
5.3266,true,true
7.6472,true,false
4.7477,true,true
4.1777,true,true
8.0495,true,true
5.6749,true,false
2.3352,true,true
3.5239,true,true
3.0613,true,true
18.0848,true,true
6.6336,true,true
2.3426,true,true
2.3846,true,true
5.3154,true,true
3.7219,true,true
5.8948,true,true
2.9078,true,true
6.3864,true,true
6.1637,true,true
5.6441,true,false
3.8764,true,true
4.0303,true,false
7.2934,true,true
6.5364,true,false
3.8367,true,true
3.3615,true,true
6.9142,true,true
6.2661,true,true
2.0656,true,true
6.8369,true,false
2.7878,true,true
7.7221,true,true
5.1813,true,true
3.7961,true,true
6.4255,true,true
6.8611,true,true
4.7682,true,true
3.4792,true,true
3.0486,true,false
2.8943,true,true
3.9630,true,false
7.0370,true,true
7.0132,true,true
8.5787,true,true
4.0886,true,true
2.8132,true,true
2.8088,true,true
2.8216,true,true
4.7199,true,true
5.1123,true,false
3.0352,true,true
4.8809,true,true
3.0135,true,true
6.5098,true,true
2.2606,true,true
2.2606,true,true
4.7276,true,true
6.0330,true,true
3.1789,true,true
9.2655,true,true
6.2766,true,false
1.8681,true,true
5.4735,true,false
6.1166,true,true
6.1289,true,false
2.8622,true,true
3.5095,true,true
2.8843,true,true
8.0680,true,true
5.2363,true,true
3.9983,true,true
10.5505,true,true
3.3487,true,true
17.0439,true,true
6.4016,true,true
5.4220,true,true
2.3844,true,true
5.7733,true,true
2.6671,true,true
5.4537,true,true
4.6625,true,true
3.3732,true,true
2.9441,true,true
2.6858,true,true
11.8925,true,true
4.9644,true,false
9.1130,true,false
11.4482,true,true
6.1838,true,true
2.8631,true,true
2.8576,true,true
2.7609,true,true
5.3044,true,true
8.4478,true,true
5.9754,true,false
6.4111,true,true
2.2328,true,true
5.8590,true,true
3.8071,true,false
10.9347,true,true
9.2264,true,true
3.0359,true,true
3.3560,true,true
2.6301,true,false
3.5497,true,true
2.5726,true,true
2.6963,true,true
2.6721,true,true
5.7141,true,true
5.9245,true,true
2.8261,true,true
3.4576,true,true
10.6037,true,true
2.7729,true,true
3.1260,true,true
3.9765,true,true
2.8779,true,true
5.2545,true,false
1.7681,true,true
2.6512,true,true
5.8775,true,true
2.6970,true,true
6.8234,true,true
3.3864,true,true
2.6680,true,true
6.8724,true,true
2.5257,true,true
2.4149,true,true
2.3213,true,true
5.1109,true,true
2.9708,true,true
2.7509,true,true
2.7522,true,true
4.4015,true,false
3.8175,true,true
4.6398,true,false
7.9266,true,true
2.6472,true,true
9.1843,true,true
3.0929,true,true
3.8239,true,true
3.9537,true,true
4.4719,true,false
4.6596,true,false
3.5691,true,true
3.7983,true,true
8.2922,true,true
15.3682,true,true
3.1374,true,true
10.7959,true,true
6.9854,true,true
2.8754,true,false
6.6608,true,true
15.9697,true,true
3.7970,true,true
2.8770,true,true
2.8875,true,true
4.0508,true,true
6.7280,true,true
4.1952,true,true
2.1466,true,true
3.9632,true,true
5.9212,true,true
4.3450,true,true
2.3967,true,true
2.4567,true,true
6.3316,true,true
7.9684,true,true
3.0386,true,true
10.1874,true,true
3.0233,true,true
5.5351,true,true
6.3624,true,true
2.2273,true,true
2.2269,true,true
4.1887,true,true
5.9319,true,true
2.8146,true,true
3.6377,true,true
9.1826,true,true
3.1624,true,true
3.1323,true,true
3.2156,true,true
2.3454,true,true
6.5988,true,true
3.4097,true,true
6.9700,true,true
2.4410,true,true
5.7132,true,true
3.8779,true,true
5.5764,true,true
2.3144,true,true
6.8193,true,true
5.1512,true,false
3.7701,true,true
3.0840,true,true
3.1614,true,true
3.0811,true,true
2.8705,true,true
5.5442,true,false
4.2655,true,false
2.6465,true,false
7.4836,true,true
3.8558,true,true
3.0250,true,true
18.8451,true,true
7.1533,true,true
1.9937,true,true
3.6377,true,true
9.9570,true,true
3.2182,true,true
10.7244,true,true
4.6814,true,false
7.2966,true,true
3.8300,true,true
13.4350,true,true
4.8591,true,true
2.4624,true,true
8.7162,true,true
2.6240,true,true
6.8274,true,true
4.3285,true,true
5.0641,true,false
3.0088,true,true
7.8016,true,true
5.0567,true,true
2.9995,true,true
3.9461,true,true
8.0156,true,true
3.6739,true,true
2.9099,true,true
3.4690,true,false
5.0654,true,true
3.1068,true,true
4.4257,true,false
4.3116,true,true
5.5461,true,true
2.3298,true,true
9.6779,true,true
5.5915,true,true
2.3505,true,true
4.4662,true,true
2.2549,true,true
4.7656,true,false
6.0336,true,true
2.8483,true,true
7.6206,true,true
3.1829,true,true
5.7532,true,true
3.1166,true,true
3.2674,true,true
2.9816,true,true
3.3892,true,true
2.4078,true,true
4.3806,true,false
3.2136,true,true
7.9274,true,true
4.1261,true,true
2.8323,true,true
3.5608,true,true
4.7263,true,true
2.8256,true,true
2.8713,true,true
3.6834,true,true
17.9155,true,true
6.7991,true,true
2.9945,true,true
3.0050,true,true
4.0548,true,true
3.2086,true,true
5.7882,true,true
3.7159,true,false
8.5034,true,true
5.3281,true,true
2.2209,true,true
2.2450,true,true
2.3990,true,true
2.3861,true,true
5.4376,true,true
2.2619,true,true
2.4191,true,true
2.5534,true,true
13.3895,true,true
8.4453,true,false
2.8611,true,true
6.0803,true,true
2.9458,true,true
3.1182,true,true
6.0576,true,false
3.7241,true,true
4.8231,true,true
10.2703,true,true
4.9039,true,true
3.3146,true,true
2.6519,true,true
2.7846,true,true
2.8713,true,true
6.1439,true,true
2.9812,true,true
5.2785,true,false
5.5517,true,true
3.2522,true,true
6.2560,true,true
2.3348,true,true
8.0945,true,true
3.1008,true,true
2.8995,true,true
4.8953,true,false
6.6890,true,false
6.5980,true,true
20.1008,true,true
2.4919,true,true
10.8652,true,true
5.6964,true,true
3.0299,true,true
3.0337,true,true
3.1057,true,true
4.2016,true,false
5.7983,true,true
2.6699,true,true
7.3781,true,true
3.2955,true,true
5.3009,true,false
4.8456,true,true
2.6584,true,true
6.8389,true,true
3.0400,true,true
6.5562,true,true
4.9765,true,true
4.8421,true,true
2.8771,true,true
2.8904,true,true
2.9368,true,true
2.8638,true,true
6.8584,true,true
7.9690,true,true
7.9057,true,true
2.9679,true,true
3.6442,true,true
5.7332,true,false
2.4354,true,true
5.5416,true,true
2.3730,true,true
6.1729,true,true
3.0806,true,true
3.7273,true,true
3.5183,true,true
3.0051,true,true
5.4279,true,true
7.7147,true,true
3.5213,true,false
3.8386,true,true
2.9431,true,true
2.9974,true,true
3.5772,true,true
3.5997,true,true
5.5977,true,false
3.6368,true,true
3.8360,true,true
2.9869,true,true
3.6163,true,true
2.3070,true,true
2.2649,true,true
4.3397,true,true
3.5451,true,true
9.5900,true,false
5.0864,true,true
3.0488,true,true
3.3035,true,true
6.8762,true,true
4.5685,true,true
2.6029,true,true
2.7844,true,true
2.9063,true,true
4.1919,true,true
2.1481,true,true
3.3688,true,false
3.8992,true,false
5.6880,true,false
7.0486,true,false
4.4254,true,false
3.2309,true,true
7.1653,true,true
7.7707,true,true
6.5388,true,false
2.1615,true,true
4.6708,true,false
7.1835,true,true
3.3568,true,true
6.2128,true,true
3.0578,true,true
3.0320,true,true
8.5974,true,true
4.6305,true,true
2.4263,true,true
4.0989,true,false
2.7378,true,true
2.5024,true,true
5.5478,true,false
2.3019,true,true
2.4399,true,true
2.4296,true,true
3.6797,true,false
4.9989,true,false
6.3975,true,true
3.2735,true,false
3.9586,true,true
2.8451,true,true
2.7323,true,true
3.0147,true,true
10.9165,true,true
3.3460,true,true
5.2125,true,true
2.6535,true,false
3.2240,true,true
2.6772,true,false
3.5382,true,true
5.7018,true,true
4.9220,true,false
7.0918,true,true
2.6208,true,true
2.6060,true,true
4.9176,true,true
6.6055,true,true
4.1936,true,true
2.3415,true,true
4.5819,true,true
6.3516,true,true
2.1735,true,true
2.2015,true,true
6.3918,true,true
2.2205,true,true
4.5720,true,false
4.2756,true,true
2.1265,true,true
8.0313,true,true
3.6685,true,false
6.5804,true,true
2.1684,true,true
5.2782,true,false
6.5659,true,true
5.0876,true,true
5.2902,true,false
2.7474,true,true
5.2858,true,false
3.9160,true,true
4.1695,true,true
3.3275,true,true
4.7705,true,true
3.8441,true,true
7.6671,true,true
4.7977,true,false
4.3451,true,true
7.8861,true,true
12.3528,true,true
6.6387,true,true
2.3628,true,true
2.3173,true,true
7.0813,true,true
7.1344,true,true
5.4100,true,true
2.1301,true,true
5.6080,true,true
4.3501,true,false
5.9768,true,true
5.9771,true,true
6.8735,true,true
3.6572,true,true
5.6247,true,false
3.3471,true,true
7.8359,true,true
5.6996,true,true
8.5906,true,true
5.0382,true,true
5.9023,true,true
2.6393,true,true
5.0024,true,true
5.2995,true,false
7.1032,true,true
2.6312,true,true
2.4430,true,true
8.2022,true,true
2.6384,true,true
19.0557,true,true
4.0457,true,true
3.0809,true,true
8.4218,true,false
3.3270,true,true
3.0672,true,true
7.8847,true,true
4.8012,true,true
2.7010,true,true
7.8368,true,true
6.7699,true,true
4.1312,true,true
4.2534,true,false
6.5120,true,true
17.2427,true,true
6.6522,true,true
3.7896,true,true
5.6426,true,false
2.5373,true,true
2.6571,true,true
6.7182,true,true
2.4974,true,true
2.5073,true,true
5.3368,true,false
2.3242,true,true
3.1779,true,true
3.5543,true,true
6.4161,true,true
4.7175,true,true
2.9090,true,true
2.9984,true,true
3.0222,true,true
6.3045,true,true
3.7134,true,true
10.4611,true,true
6.9452,true,true
4.7039,true,true
2.8963,true,true
3.0581,true,true
5.6954,true,true
4.7152,true,true
6.6003,true,false
15.4772,true,true
5.9232,true,true
5.3194,true,true
4.2978,true,true
6.8277,true,true
2.5868,true,true
10.7700,true,true
3.6805,true,false
3.3632,true,true
5.6786,true,true
4.6873,true,true
2.7212,true,true
8.8346,true,true
4.4901,true,true
2.6078,true,true
2.7441,true,true
2.5859,true,true
2.3917,true,true
2.3769,true,true
2.2688,true,true
5.8802,true,true
4.5200,true,true
2.3395,true,true
9.9928,true,true
6.9251,true,true
4.5852,true,true
2.7662,true,true
3.5223,true,true
3.7423,true,true
3.4324,true,true
3.2400,true,true
2.3763,true,true
7.7615,true,true
2.8140,true,true
2.8487,true,true
7.8415,true,true
6.5009,true,true
3.5253,true,true
4.3827,true,true
2.9577,true,true
9.9236,true,true
6.9864,true,true
3.3204,true,true
3.1754,true,true
4.6636,true,true
5.5986,true,true
4.1821,true,true
2.9713,true,true
2.8086,true,true
2.7455,true,true
2.7137,true,true
3.5992,true,true
2.5625,true,true
2.5414,true,true
2.3626,true,true
4.4306,true,true
4.3476,true,true
3.5162,true,true
2.5332,true,true
3.7509,true,true
3.1193,true,false
1.8337,true,true
2.5568,true,true
8.4197,true,true
3.6317,true,true
2.4856,true,true
2.3049,true,true
2.5362,true,true
2.6807,true,true
4.4150,true,true
2.4002,true,true
5.3073,true,true
2.4988,true,true
4.4140,true,false
2.4069,true,true
2.5823,true,true
3.4531,true,false
6.0491,true,true
4.3023,true,true
2.4914,true,true
6.6147,true,true
4.9551,true,true
6.9880,true,true
3.4786,true,true
4.6090,true,false
5.6005,true,false
2.3968,true,true
2.6058,true,true
2.6512,true,true
2.5190,true,true
3.9627,true,true
2.8834,true,true
6.2370,true,true
2.0331,true,true
3.8530,true,true
3.0356,true,true
3.1089,true,true
7.4958,true,true
6.7247,true,true
2.4041,true,true
4.9917,true,false
2.8943,true,true
6.3472,true,false
2.8546,true,true
4.7780,true,true
2.7849,true,true
10.7667,true,true
6.4598,true,true
3.8949,true,false
3.3542,true,false
9.6795,true,true
4.1607,true,true
5.7445,true,true
6.2958,true,true
4.4609,true,true
2.4207,true,true
2.4053,true,true
3.2952,true,true
6.4350,true,true
5.1583,true,true
13.4014,true,true
6.0995,true,true
4.9855,true,true
7.6920,true,false
3.0574,true,true
3.1552,true,true
8.2677,true,true
3.1341,true,true
3.1345,true,true
3.7816,true,true
2.6833,true,true
2.9453,true,true
6.6980,true,true
2.6911,true,true
9.7725,true,true
6.7061,true,true
4.1245,true,true
3.2249,true,true
1.9954,true,true
3.8311,true,true
2.6664,true,true
2.8063,true,true
2.7115,true,true
3.0255,true,true
3.8666,true,true
8.0013,true,true
5.2345,true,false
3.7189,true,false
4.9634,true,true
3.1916,true,true
2.1493,true,true
6.3422,true,true
5.1244,true,true
7.0876,true,false
4.4182,true,false
5.1399,true,true
3.1062,true,true
6.9642,true,true
4.6096,true,false
2.6624,true,true
3.2412,true,true
2.4228,true,true
4.3788,true,true
5.7144,true,true
3.0913,true,false
11.8805,true,true
2.4336,true,true
2.5511,true,true
6.6014,true,false
6.3487,true,true
4.6649,true,true
2.7138,true,true
3.8546,true,true
5.5234,true,true
2.6304,true,true
2.6042,true,true
3.6910,true,false
2.6357,true,true
6.2820,true,true
2.5083,true,false
2.3915,true,true
6.9051,true,true
2.6875,true,true
2.7971,true,true
3.2970,true,true
3.6926,true,true
3.8305,true,true
12.0868,true,true
5.0367,true,true
4.2552,true,true
4.5632,true,false
4.0543,true,false
3.0519,true,true
7.5991,true,true
9.4067,true,true
4.9721,true,true
6.7339,true,true
4.1150,true,false
3.8993,true,true
2.9585,true,true
3.1438,true,true
7.5567,true,true
3.8971,true,true
3.1053,true,true
2.1832,true,true
2.9791,true,true
3.7450,true,false
2.8194,true,true
3.6246,true,true
3.2720,true,true
2.2287,true,true
2.0354,true,true
6.6382,true,false
4.1526,true,true
6.0157,true,true
2.6878,true,true
6.0933,true,true
3.5898,true,true
2.7672,true,true
3.6343,true,true
3.8071,true,false
2.8842,true,true
3.0297,true,true
6.5347,true,true
6.9001,true,false
2.7710,true,true
3.7459,true,false
2.8008,true,true
2.8782,true,true
6.0458,true,false
4.3379,true,true
4.1555,true,true
3.7761,true,false
5.3770,true,false
3.0691,true,true
4.0956,true,true
2.1562,true,true
2.4872,true,true
3.0785,true,true
8.6710,true,true
4.0439,true,true
6.9050,true,true
2.7243,true,true
2.8914,true,true
4.3344,true,true
3.1094,true,true
6.5444,true,false
3.6229,true,true
4.3974,true,false
4.8144,true,true
14.0267,true,true
6.5229,true,true
5.5252,true,true
3.6031,true,false
2.5807,true,true
3.3138,true,false
3.5796,true,true
2.6543,true,true
4.9198,true,true
4.5862,true,true
5.2347,true,true
3.1258,true,false
3.0646,true,true
3.1843,true,true
3.0712,true,true
5.5946,true,true
2.9211,true,true
3.6871,true,true
2.4607,true,true
4.3637,true,false
2.4920,true,true
2.5986,true,true
2.5444,true,true
5.3387,true,true
2.1351,true,true
3.2285,true,true
10.3954,true,true
4.3995,true,true
3.8637,true,true
4.9156,true,false
6.9976,true,true
2.6018,true,true
2.6365,true,true
2.8225,true,true
5.2204,true,true
4.7730,true,true
3.4188,true,true
2.5684,true,true
3.2447,true,true
9.7238,true,true
2.5994,true,true
3.6492,true,true
4.0520,true,true
5.1294,true,true
2.0858,true,true
3.2381,true,true
2.7444,true,false
4.0934,true,false
3.9321,true,true
5.6056,true,false
4.1834,true,true
2.3326,true,true
2.5258,true,true
5.4315,true,true
3.4812,true,true
2.7088,true,true
3.6526,true,true
2.8722,true,true
3.1111,true,true
3.5882,true,true
6.9534,true,true
7.7479,true,true
2.6804,true,true
2.8727,true,true
17.6308,true,true
3.1996,true,true
2.2674,true,true
9.6237,true,true
7.4686,true,true
4.4236,true,false
5.4253,true,false
5.9690,true,true
5.2275,true,false
5.0079,true,true
3.2269,true,false
2.0394,true,true
5.7194,true,true
6.5174,true,true
2.7667,true,true
7.1039,true,true
2.6540,true,true
3.9124,true,true
2.8239,true,true
9.0879,true,false
2.8274,true,true
3.8021,true,false
2.8922,true,true
2.9338,true,true
3.6591,true,false
2.7979,true,true
3.0552,true,true
7.9375,true,true
5.9626,true,false
2.8402,true,true
4.1574,true,true
2.6438,true,false
4.1249,true,true
9.4143,true,true
4.7872,true,true
2.7683,true,true
5.5740,true,true
4.3000,true,true
4.3778,true,true
5.4251,true,true
4.0313,true,true
3.7981,true,true
3.7390,true,true
6.3993,true,true
3.1355,true,true
3.3230,true,true
5.6415,true,true
2.4177,true,true
2.1684,true,true
5.1009,true,true
4.3522,true,false
6.1682,true,true
5.4446,true,true
3.3295,true,true
2.2142,true,true
2.9081,true,true
4.1609,true,true
3.0674,true,true
7.8014,true,true
6.6052,true,false
6.5712,true,false
4.6062,true,true
2.5336,true,true
7.0690,true,true
2.2265,true,true
2.3057,true,true
5.2913,true,false
3.2815,true,true
6.5363,true,true
7.4497,true,false
2.9523,true,true
6.3678,true,true
2.0620,true,true
3.1672,true,true
3.1951,true,true
4.2726,true,false
5.8517,true,true
3.9134,true,true
4.9215,true,false
6.4106,true,false
2.2720,true,true
2.4721,true,true
3.6323,true,false
8.6558,true,true
6.7300,true,true
2.6114,true,true
3.5133,true,true
8.3395,true,true
7.5695,true,true
6.3588,true,true
5.8840,true,false
2.7451,true,true
5.9503,true,true
5.8066,true,false
5.5085,true,false
2.3421,true,true
2.9128,true,false
2.9653,true,true
6.5392,true,true
3.6710,true,true
2.7782,true,true
6.1254,true,false
5.3395,true,false
2.1171,true,true
6.6722,true,true
2.7126,true,true
4.4157,true,false
2.0816,true,true
8.5944,true,false
3.2354,true,true
5.2402,true,true
2.6753,true,false
3.6678,true,true
3.3005,true,true
4.7045,true,false
2.5941,true,true
3.9003,true,false
7.0316,true,true
6.7435,true,false
6.4727,true,true
2.6630,true,false
2.4154,true,true
9.4609,true,true
2.5430,true,true
2.7428,true,true
4.0817,true,true
10.5146,true,true
3.4095,true,true
2.1442,true,true
4.6588,true,true
2.7604,true,true
2.7146,true,true
2.9699,true,true
4.7970,true,true
5.4966,true,true
2.5982,true,true
7.8597,true,true
7.6391,true,true
2.5112,true,true
5.2526,true,true
2.9072,true,true
7.1869,true,true
2.8593,true,true
5.9188,true,true
7.1339,true,false
3.9384,true,false
7.9212,true,true
4.2389,true,true
2.2128,true,true
3.3901,true,true
2.4098,true,true
3.0643,true,true
5.8674,true,true
6.3950,true,true
2.1031,true,true
6.6506,true,true
2.2890,true,true
5.8274,true,true
3.0622,true,true
7.8383,true,true
3.0007,true,true
2.8705,true,true
3.8330,true,true
2.7018,true,true
2.7290,true,true
4.2339,true,true
6.0850,true,true
5.6342,true,true
2.4077,true,true
2.3971,true,true
3.5444,true,true
3.8207,true,true
5.4052,true,false
3.5590,true,false
7.1491,true,true
2.3320,true,true
8.8284,true,false
3.3061,true,true
5.5823,true,true
4.1992,true,false
3.8786,true,true
4.1975,true,true
2.0582,true,true
5.6290,true,true
2.3181,true,true
5.7711,true,true
4.9818,true,true
3.2830,true,true
6.4279,true,true
1.9347,true,true
5.6191,true,false
5.9291,true,false
5.0957,true,false
7.0886,true,false
5.4150,true,true
4.6692,true,false
8.8061,true,true
16.2670,true,true
7.1553,true,true
2.6287,true,true
3.7347,true,true
2.7136,true,true
3.3716,true,true
4.0926,true,true
2.8328,true,true
2.9408,true,true
6.0955,true,true
5.2994,true,true
2.0781,true,true
7.1510,true,false
6.0177,true,true
4.9280,true,true
5.1141,true,true
3.1363,true,true
10.3682,true,true
6.2179,true,false
5.9750,true,true
4.7825,true,false
3.3897,true,true
2.8048,true,true
6.6692,true,true
3.8593,true,true
2.8235,true,true
8.5151,true,true
2.6141,true,true
5.0473,true,true
3.1279,true,true
4.4211,true,true
3.2187,true,true
2.3981,true,true
3.9495,true,true
4.3447,true,true
5.3030,true,true
2.1060,true,true
3.3098,true,true
6.2797,true,true
1.8749,true,true
3.3164,true,true
6.5254,true,true
2.8462,true,true
4.6927,true,true
6.7368,true,true
2.4629,true,true
3.5476,true,true
3.0938,true,true
3.4550,true,true
6.0451,true,true
5.5136,true,true
4.7490,true,false
6.4875,true,true
2.3317,true,true
5.8202,true,true
2.9059,true,true
2.9095,true,true
2.9358,true,true
2.8891,true,true
4.7794,true,true
2.5917,true,true
3.4505,true,true
3.9910,true,false
3.1303,true,true
3.2048,true,true
11.6585,true,false
4.9701,true,true
12.3576,true,true
25.7264,true,true
3.9224,true,true
5.4650,true,true
3.1409,true,true
3.2343,true,true
7.2393,true,true
3.0115,true,true
2.8088,true,true
9.5752,true,false
3.3276,true,true
5.5195,true,true
3.0748,true,false
3.1798,true,true
5.1713,true,true
6.9395,true,false
5.1685,true,true
3.4820,true,false
10.6641,true,false
6.0974,true,true
2.8975,true,true
5.3757,true,false
2.2630,true,true
2.7005,true,true
4.0592,true,true
2.8814,true,true
5.6473,true,true
2.3481,true,true
6.7570,true,true
5.6935,true,true
2.4471,true,true
2.6180,true,true
2.7934,true,true
3.0560,true,true
4.4755,true,true
5.2261,true,true
2.0463,true,true
4.2947,true,true
4.8150,true,false
6.6588,true,true
4.7463,true,false
4.5535,true,true
2.5697,true,true
6.3701,true,false
