latency_ms,ok,allowed
7.6305,true,true
7.9323,true,false
3.1627,true,true
11.5945,true,true
5.4914,true,true
3.2155,true,true
1.8960,true,true
3.7464,true,true
3.3630,true,true
5.2468,true,true
6.3784,true,true
3.9048,true,true
9.2371,true,true
5.6495,true,true
3.4852,true,true
4.8305,true,true
2.8963,true,true
3.2033,true,false
3.6777,true,false
2.5485,true,true
3.3751,true,true
3.2586,true,false
2.9356,true,true
2.9905,true,true
13.5132,true,true
7.5218,true,false
19.4885,true,true
13.3871,true,true
10.3172,true,true
8.2913,true,true
5.5990,true,true
4.6021,true,true
18.1478,true,true
3.3610,true,true
13.5983,true,true
2.1229,true,true
4.5993,true,false
10.4015,true,false
7.4897,true,false
24.0187,true,true
25.2975,true,true
14.6598,true,true
20.9929,true,true
12.0662,true,true
10.0744,true,true
26.8789,true,true
21.9469,true,true
9.9089,true,true
13.7065,true,false
19.0555,true,false
12.2682,true,true
28.1707,true,true
19.0149,true,true
11.5540,true,true
19.9433,true,true
15.0010,true,true
25.6342,true,true
29.2340,true,true
28.0525,true,false
13.7105,true,true
41.1357,true,true
35.9194,true,true
20.1231,true,true
34.4496,true,true
47.1596,true,true
48.2157,true,true
42.2546,true,false
26.6706,true,true
17.8791,true,true
15.7451,true,true
22.1479,true,true
14.4619,true,true
39.4788,true,true
13.3426,true,true
40.1073,true,true
53.5837,true,true
19.2642,true,true
39.9227,true,false
13.7584,true,true
20.2357,true,true
12.2784,true,true
7.4505,true,true
6.9876,true,true
23.3615,true,false
5.0294,true,true
10.2523,true,false
7.0906,true,true
6.2814,true,false
13.6002,true,true
32.5510,true,true
5.9199,true,false
5.4344,true,false
11.9089,true,true
5.1705,true,true
8.9597,true,true
8.8975,true,false
6.3054,true,true
2.7242,true,true
6.3526,true,false
5.3518,true,false
5.1859,true,true
5.0002,true,true
15.4722,true,true
3.7403,true,true
2.7856,true,true
16.2357,true,true
4.4924,true,true
8.3652,true,true
10.8373,true,true
22.0602,true,true
16.3005,true,true
7.8859,true,true
12.5188,true,true
11.1671,true,true
21.9838,true,true
25.9269,true,false
36.9862,true,true
22.6136,true,true
48.1178,true,true
14.2801,true,true
8.5392,true,true
8.6734,true,true
9.1840,true,true
8.2284,true,true
33.9187,true,true
15.0069,true,true
33.9815,true,true
15.4117,true,true
5.3950,true,true
12.1598,true,true
15.9702,true,false
6.8426,true,true
15.4257,true,true
3.7947,true,true
7.8706,true,true
12.7388,true,false
7.9134,true,true
7.1324,true,true
4.1146,true,true
7.3259,true,true
4.3239,true,true
28.2894,true,true
11.9817,true,true
11.4894,true,true
6.2992,true,true
10.5927,true,false
5.1424,true,true
14.1272,true,true
14.4663,true,true
2.9216,true,true
11.8014,true,true
10.1377,true,true
16.0222,true,true
11.6547,true,false
6.1744,true,true
9.3250,true,false
5.7648,true,true
16.1695,true,true
10.0332,true,true
7.8789,true,true
6.7513,true,true
19.3328,true,true
3.9003,true,true
2.6318,true,true
8.9213,true,false
41.3687,true,true
3.4790,true,true
3.9524,true,false
5.1908,true,false
2.7418,true,true
10.6193,true,true
6.3556,true,true
10.2429,true,false
16.4326,true,true
20.7330,true,true
30.6904,true,true
17.1400,true,true
9.3934,true,true
8.0679,true,true
11.4601,true,true
7.4516,true,true
27.4116,true,true
8.6093,true,true
12.9052,true,true
32.5659,true,true
26.5524,true,true
5.0979,true,true
10.4255,true,false
4.4338,true,true
8.0347,true,true
3.3433,true,true
3.6841,true,true
2.1837,true,true
3.2697,true,true
5.6447,true,true
6.0192,true,true
5.4874,true,false
8.7401,true,true
3.2359,true,true
4.8043,true,true
2.5119,true,true
11.8798,true,true
9.0476,true,false
28.3402,true,true
27.6016,true,true
16.0967,true,true
14.3466,true,true
24.5581,true,true
34.2775,true,true
13.6657,true,true
28.4066,true,false
18.8282,true,false
15.7372,true,true
7.9835,true,true
8.4794,true,true
25.0909,true,true
14.9128,true,true
19.2873,true,true
26.3147,true,true
5.2874,true,true
5.4788,true,true
23.7611,true,true
11.2873,true,true
20.7430,true,true
5.4254,true,true
13.3573,true,false
5.9759,true,true
12.7474,true,false
3.6708,true,true
10.3661,true,true
2.1890,true,true
4.6201,true,false
2.7604,true,false
2.8506,true,true
3.1880,true,true
2.6677,true,true
3.0314,true,true
2.9898,true,true
9.4623,true,true
2.9779,true,true
5.3668,true,true
15.5814,true,true
12.8442,true,true
8.0029,true,false
14.5393,true,true
5.2552,true,true
4.0135,true,true
10.5677,true,true
2.1515,true,true
2.7939,true,true
8.2285,true,true
2.6542,true,true
10.0406,true,true
7.4553,true,true
5.3925,true,true
4.5078,true,true
16.4375,true,true
4.3051,true,true
14.5848,true,true
2.5195,true,true
4.8162,true,true
1.9869,true,true
30.4592,true,true
8.8418,true,false
2.3491,true,true
2.2239,true,true
3.3002,true,true
2.1560,true,true
1.9808,true,true
4.2559,true,true
4.8481,true,true
3.7964,true,true
4.1966,true,true
6.2799,true,true
7.0748,true,true
6.1091,true,false
3.1659,true,true
1.7902,true,true
3.0948,true,true
4.4384,true,true
3.0442,true,true
6.6903,true,true
4.5168,true,false
5.9743,true,false
3.3457,true,true
2.7749,true,true
2.8154,true,true
2.9203,true,true
2.7148,true,true
4.4780,true,false
4.2984,true,false
6.5464,true,true
4.6704,true,true
3.4566,true,true
2.2363,true,true
2.0065,true,true
4.9601,true,true
5.2548,true,true
13.5343,true,true
7.6701,true,true
3.7811,true,true
7.7902,true,true
2.5473,true,true
4.2033,true,false
7.1833,true,true
4.1042,true,true
4.0333,true,true
7.6943,true,false
2.9689,true,true
2.8147,true,true
3.2082,true,true
1.9085,true,true
9.3286,true,true
5.8495,true,true
5.9177,true,true
4.2323,true,true
13.2863,true,true
22.1305,true,true
13.3967,true,true
8.5876,true,true
28.0928,true,true
19.5835,true,true
23.7329,true,false
8.2118,true,true
27.9099,true,true
17.8888,true,false
14.7186,true,false
8.4476,true,true
17.1412,true,true
20.3319,true,true
7.8341,true,true
14.4400,true,true
5.1604,true,true
3.4531,true,true
5.1632,true,false
2.4485,true,true
2.4154,true,true
5.1609,true,true
2.8873,true,true
6.8711,true,true
4.1843,true,true
6.0429,true,true
3.1733,true,true
2.9481,true,true
6.2199,true,true
7.2956,true,false
7.7953,true,false
4.3352,true,true
8.2286,true,true
2.9389,true,false
3.0735,true,true
4.7290,true,true
2.8884,true,true
2.7806,true,true
2.9416,true,true
3.9911,true,false
4.7485,true,true
4.7282,true,true
9.3273,true,true
7.4191,true,false
5.5306,true,true
3.3008,true,true
2.0908,true,true
3.4976,true,true
6.2844,true,true
2.5519,true,true
5.8888,true,true
4.6983,true,true
3.2084,true,true
2.1906,true,true
9.1490,true,true
22.0833,true,true
12.2694,true,true
22.0795,true,true
12.0729,true,true
41.1190,true,true
22.7217,true,true
11.7502,true,true
47.9181,true,true
29.5200,true,true
37.2195,true,true
21.6592,true,true
50.5381,true,false
61.6252,true,true
21.8670,true,true
56.1455,true,false
14.1609,true,true
45.5232,true,true
36.7770,true,false
20.5294,true,true
50.5766,true,false
55.3028,true,true
36.7942,true,true
24.6792,true,true
26.3563,true,true
68.4522,true,true
71.8106,true,true
30.0037,true,true
62.3394,true,false
71.4581,true,true
29.3818,true,true
34.3867,true,true
62.6576,true,true
69.0278,true,true
32.6541,true,true
76.6968,true,true
63.0221,true,false
30.7838,true,true
29.6379,true,true
56.2935,true,true
76.0819,true,false
70.5899,true,false
55.9195,true,true
27.1079,true,true
29.6556,true,true
32.8229,true,true
58.7312,true,true
53.5051,true,false
31.7103,true,true
90.1821,true,false
34.9883,true,true
71.5562,true,true
66.8967,true,true
37.7801,true,true
56.3001,true,true
50.0716,true,true
96.8976,true,true
44.2986,true,true
44.6303,true,true
76.0564,true,true
79.9341,true,true
44.2483,true,true
41.2697,true,true
70.1347,true,true
39.9111,true,true
34.1882,true,true
32.3739,true,true
31.6986,true,true
67.3820,true,true
95.2201,true,false
80.0766,true,false
37.5879,true,true
40.7929,true,true
56.9813,true,true
50.7248,true,true
40.1898,true,true
70.3344,true,true
85.9624,true,false
39.8766,true,true
41.7876,true,true
112.8430,true,true
76.5483,true,true
81.0595,true,true
46.8734,true,true
42.3786,true,true
101.1720,true,false
36.2282,true,true
42.5364,true,true
39.8389,true,true
116.5307,true,true
37.3628,true,true
84.1863,true,false
41.4574,true,true
39.5202,true,true
70.1894,true,true
36.0500,true,true
39.4197,true,true
43.3677,true,true
104.8492,true,false
38.2884,true,true
103.5017,true,false
60.2284,true,true
213.8475,true,true
40.5309,true,true
41.7432,true,true
92.0103,true,true
89.8758,true,true
79.7037,true,true
94.5392,true,true
41.7620,true,true
74.9895,true,false
52.2441,true,false
84.4827,true,false
65.4298,true,false
43.6035,true,true
83.6547,true,true
45.3262,true,true
42.2920,true,true
41.3470,true,true
99.6237,true,true
44.6840,true,true
73.0948,true,false
64.9865,true,true
88.3305,true,true
42.4789,true,true
106.1313,true,false
53.8810,true,true
43.8066,true,true
43.0742,true,true
183.7517,true,true
74.8685,true,true
44.3727,true,true
48.5708,true,true
42.3381,true,true
51.7820,true,true
110.3772,true,true
43.1193,true,true
80.2418,true,true
89.0488,true,false
142.3642,true,true
71.9759,true,true
150.6223,true,true
51.5254,true,true
100.3835,true,false
69.6013,true,true
62.6185,true,true
101.4336,true,false
74.8668,true,true
69.3934,true,true
107.9898,true,true
104.5393,true,false
129.5256,true,true
75.5393,true,true
68.2316,true,true
90.4395,true,true
70.2975,true,true
173.9482,true,true
169.9580,true,true
71.1908,true,true
77.6273,true,true
64.7558,true,true
167.4839,true,true
175.5435,true,false
154.4050,true,true
106.1828,true,true
180.3570,true,false
158.9733,true,true
111.6289,true,true
164.7158,true,true
145.3528,true,true
121.7384,true,true
122.6420,true,true
121.0568,true,true
138.1769,true,false
117.5969,true,true
145.8737,true,true
229.9590,true,true
121.7001,true,true
268.1653,true,true
212.0267,true,true
203.2968,true,false
197.0061,true,false
258.4880,true,true
152.6216,true,true
257.8084,true,true
195.6553,true,false
177.3205,true,true
171.1227,true,true
208.2501,true,true
240.2617,true,true
270.0166,true,true
223.7740,true,false
213.8082,true,true
252.8950,true,true
247.9105,true,true
324.6099,true,true
210.6864,true,true
217.2057,true,true
257.3858,true,true
236.0498,true,true
293.7943,true,true
281.6166,true,false
272.4494,true,true
232.2197,true,true
216.0730,true,true
217.7398,true,true
238.0693,true,false
253.1749,true,true
217.9441,true,true
325.6755,true,true
221.0874,true,true
284.9876,true,true
328.8940,true,false
336.2928,true,false
295.2275,true,true
324.4826,true,true
365.5156,true,false
351.5295,true,true
317.3672,true,true
446.2357,true,true
353.9912,true,true
338.4175,true,true
310.7439,true,true
310.3338,true,true
307.3322,true,true
303.8391,true,true
327.3119,true,true
373.1360,true,false
362.7010,true,true
304.6533,true,true
299.9956,true,true
305.4913,true,true
393.6200,true,true
312.4394,true,true
306.9840,true,true
349.2002,true,true
299.0969,true,true
352.3407,true,true
346.1514,true,true
318.0696,true,true
311.8784,true,true
308.8263,true,true
393.3167,true,true
326.3892,true,true
376.4511,true,true
469.1071,true,false
415.2869,true,true
428.3530,true,true
400.2448,true,true
382.1895,true,true
407.1920,true,true
376.2331,true,true
379.9001,true,true
373.6265,true,true
371.1774,true,true
704.3126,true,true
441.0692,true,true
412.9776,true,true
393.0923,true,false
413.3163,true,true
413.6010,true,true
384.4133,true,true
381.5546,true,true
400.7196,true,true
392.3220,true,true
421.3515,true,true
392.5122,true,true
396.4967,true,true
679.7037,true,true
412.3485,true,true
399.8845,true,true
425.7396,true,true
390.2093,true,true
487.5261,true,true
396.9777,true,true
389.5829,true,true
470.5684,true,true
386.6093,true,true
391.9319,true,true
519.4760,true,false
445.7517,true,true
423.4870,true,true
449.2989,true,true
418.9950,true,true
418.9488,true,true
458.0628,true,true
454.9484,true,true
446.3352,true,false
422.2551,true,true
420.7365,true,true
422.1909,true,true
462.9884,true,true
559.1262,true,true
435.5926,true,true
444.4660,true,true
461.2669,true,true
474.9290,true,true
484.3920,true,false
528.6546,true,false
586.6404,true,true
447.6181,true,true
446.2775,true,true
444.2473,true,true
455.0962,true,true
456.0781,true,true
535.0756,true,false
480.6730,true,false
462.0751,true,true
606.3424,true,true
503.6846,true,true
472.5697,true,true
491.6298,true,true
486.7831,true,true
527.3156,true,true
498.0446,true,true
476.3193,true,true
472.4799,true,true
486.4040,true,true
514.3026,true,true
608.2933,true,true
524.6659,true,true
506.6471,true,true
594.3072,true,true
493.4966,true,true
509.4770,true,true
549.8786,true,true
487.0041,true,true
540.6188,true,false
979.6375,true,true
590.7635,true,true
539.4728,true,true
685.7214,true,true
506.2969,true,true
556.7969,true,false
691.3333,true,true
557.2973,true,true
570.0617,true,true
536.4624,true,true
672.1822,true,true
552.3040,true,true
576.3099,true,true
543.5820,true,true
540.7289,true,true
600.0959,true,false
555.8233,true,true
616.0700,true,true
673.1503,true,false
633.3103,true,true
602.7507,true,true
620.2954,true,false
629.9786,true,true
623.7310,true,true
598.3684,true,true
671.6028,true,false
697.7138,true,true
624.6713,true,true
597.5178,true,true
678.5628,true,true
660.2001,true,true
650.9563,true,true
608.1461,true,true
611.1205,true,true
605.7092,true,true
608.5989,true,true
649.7350,true,false
659.3531,true,true
624.4928,true,true
617.9199,true,true
621.3535,true,true
749.5475,true,true
627.6912,true,true
678.0343,true,true
652.5196,true,true
646.0948,true,true
705.4281,true,true
663.4922,true,true
747.9435,true,true
745.3103,true,true
746.1862,true,true
734.2638,true,true
731.1907,true,true
786.7565,true,false
708.6187,true,true
708.0908,true,true
746.1454,true,true
837.1224,true,true
742.6927,true,true
811.5731,true,true
880.5190,true,true
725.3125,true,true
722.9793,true,true
769.4810,true,true
738.9513,true,true
751.7518,true,true
777.1624,true,true
774.1280,true,true
793.5556,true,true
744.5977,true,true
827.2298,true,true
768.0474,true,true
743.5130,true,true
815.8766,true,false
771.6782,true,false
746.2663,true,true
826.5279,true,true
747.5701,true,true
755.8195,true,true
747.0853,true,true
762.4208,true,true
834.2413,true,true
799.1142,true,true
820.6633,true,true
760.2234,true,true
799.9479,true,true
768.9648,true,true
768.0650,true,true
756.0225,true,true
750.5451,true,true
748.0563,true,true
756.8451,true,true
802.0561,true,false
810.5394,true,true
750.3742,true,true
806.3337,true,true
1250.1863,true,true
763.9999,true,true
796.8820,true,true
800.6636,true,true
771.6699,true,true
765.9863,true,true
851.5274,true,true
771.5405,true,true
766.5045,true,true
789.5558,true,false
872.7335,true,true
754.0330,true,true
761.3979,true,true
752.6056,true,true
851.3837,true,true
883.8977,true,true
753.0902,true,true
779.4193,true,true
830.1080,true,true
830.9596,true,false
791.0763,true,true
809.2599,true,true
783.6047,true,true
792.0507,true,true
781.8893,true,true
786.1214,true,true
822.6811,true,false
841.5377,true,true
836.1387,true,true
1108.1446,true,true
782.3982,true,true
782.7730,true,true
799.4008,true,true
1374.2649,true,true
882.2799,true,true
840.3023,true,true
949.2819,true,true
839.5758,true,true
856.9092,true,false
896.3923,true,false
832.1633,true,true
817.1812,true,true
823.4312,true,true
898.9384,true,true
934.1729,true,false
888.7106,true,true
808.8944,true,true
859.7475,true,true
822.3541,true,true
929.9268,true,true
899.2301,true,true
886.4309,true,true
882.2718,true,true
873.1044,true,true
859.3282,true,true
910.9574,true,false
951.8212,true,true
871.3013,true,true
869.0981,true,true
892.8424,true,true
867.9774,true,true
953.6571,true,false
937.0671,true,true
885.5986,true,true
874.3251,true,true
968.4927,true,true
919.1995,true,true
923.7634,true,true
974.8815,true,false
895.6858,true,true
954.5178,true,false
889.6705,true,true
959.2821,true,false
912.6682,true,true
911.1162,true,true
928.6627,true,false
897.8200,true,true
987.2070,true,false
1158.0357,true,true
1042.0964,true,true
1035.8032,true,true
986.9676,true,true
959.1695,true,true
953.0300,true,true
996.9056,true,false
929.1873,true,true
957.1442,true,true
945.2997,true,true
957.3438,true,true
998.7165,true,false
930.1380,true,true
999.1660,true,true
928.7884,true,true
924.3600,true,true
927.5671,true,true
924.4268,true,true
984.0690,true,true
941.9549,true,true
942.5479,true,true
945.2001,true,true
947.0929,true,true
948.8190,true,true
969.4615,true,true
1091.9296,true,true
1091.4489,true,true
1071.5572,true,true
1046.0593,true,true
1092.4854,true,false
1079.8889,true,true
1058.5359,true,true
1157.6076,true,false
1076.3933,true,true
1162.1221,true,true
1196.9808,true,true
1154.3289,true,true
1110.8552,true,true
1069.8291,true,true
1095.8924,true,true
1076.8729,true,true
1131.7581,true,true
1128.7570,true,true
1311.9423,true,true
1160.5591,true,false
1082.3059,true,true
1077.1746,true,true
1094.8109,true,false
1215.8298,true,true
1094.6498,true,true
1092.0347,true,true
1142.2124,true,true
1186.7406,true,true
1154.8719,true,true
1161.2962,true,true
1135.2105,true,true
1208.7560,true,false
1182.4693,true,true
1227.4254,true,true
1133.5223,true,true
1159.0908,true,false
1134.1350,true,true
1426.8145,true,true
1209.5350,true,false
1150.9613,true,true
1151.8793,true,true
1239.8207,true,true
1193.0243,true,true
1175.6071,true,true
1188.3929,true,true
1170.7318,true,true
1150.6285,true,true
1186.7254,true,true
1194.2276,true,true
1208.0031,true,true
1152.9912,true,true
1153.1087,true,true
1150.0605,true,true
1192.3297,true,false
1169.2288,true,true
1185.2494,true,true
1211.3258,true,true
1183.4328,true,true
1170.6942,true,true
1174.1389,true,true
1183.6211,true,true
1224.8839,true,true
1164.0853,true,true
1210.9882,true,true
1167.4350,true,true
1208.6272,true,true
1229.7872,true,false
1159.6642,true,true
1162.2495,true,true
1186.3760,true,false
1235.4279,true,false
1179.1790,true,true
1173.1196,true,true
1191.9361,true,true
1462.8174,true,true
1328.3631,true,false
1160.8078,true,true
1165.0826,true,true
1203.8364,true,true
1173.3424,true,true
1167.1815,true,true
1356.7753,true,true
1193.0736,true,true
1185.7964,true,true
1233.8803,true,true
1226.9857,true,true
1195.7470,true,true
1233.7190,true,true
1233.3878,true,true
1290.1614,true,true
1285.5085,true,false
1269.9687,true,false
1196.7795,true,true
1192.6285,true,true
1255.2427,true,true
1402.3999,true,true
1227.5451,true,true
1562.2433,true,true
1243.9938,true,true
1216.2373,true,true
1218.9534,true,true
1240.3994,true,true
1330.3562,true,false
1275.9284,true,true
1273.1037,true,true
1247.3422,true,true
1296.3961,true,true
1249.4905,true,true
1276.2828,true,true
1250.0505,true,true
1268.1937,true,true
1309.1072,true,true
1307.8466,true,true
1339.8682,true,false
1249.7138,true,true
1246.7093,true,true
1266.8753,true,false
1243.2761,true,true
1246.9454,true,true
1251.4331,true,true
1245.6775,true,true
1262.3427,true,true
1289.0252,true,true
1250.9126,true,true
1248.0064,true,true
1245.0328,true,true
1251.3090,true,true
1273.2248,true,true
1338.7484,true,true
1254.1203,true,true
1260.9682,true,true
1372.1609,true,false
1251.0959,true,true
1354.2530,true,true
1265.4505,true,true
1319.5829,true,true
1327.0761,true,true
1293.7365,true,true
1347.2539,true,true
1381.7718,true,true
1286.9691,true,true
1358.2159,true,true
1310.9493,true,true
1290.5224,true,true
1355.1925,true,true
1314.6557,true,true
1362.9261,true,true
1343.6803,true,false
1331.0600,true,true
1305.4386,true,true
1312.6446,true,true
1338.4964,true,true
1309.4953,true,true
1336.6132,true,false
1305.5340,true,true
1811.8106,true,true
1379.2652,true,true
1394.1869,true,false
1387.4501,true,false
1441.3990,true,true
1458.3638,true,true
1471.4115,true,true
1433.5103,true,true
1443.1900,true,true
1429.7022,true,true
1458.3712,true,true
1498.3607,true,true
1442.5627,true,true
1437.0871,true,true
1430.5809,true,true
1539.4861,true,false
1493.3334,true,false
1484.8874,true,true
1501.9031,true,false
1522.8907,true,true
1471.5082,true,true
1477.9629,true,true
1454.3662,true,true
1501.7411,true,true
1455.7538,true,true
1507.8505,true,true
1458.3394,true,true
1539.6605,true,true
1488.0160,true,true
1513.0546,true,false
2003.6218,true,true
1563.9985,true,false
1486.3468,true,true
1599.2232,true,true
1588.6778,true,false
1540.4104,true,false
1469.6043,true,true
1473.2695,true,true
1469.0810,true,true
1549.0603,true,false
1469.9951,true,true
1465.2657,true,true
1479.3123,true,true
1601.9725,true,true
1520.9402,true,true
1524.4701,true,true
1488.3255,true,true
1559.9933,true,true
1488.5677,true,true
1571.6744,true,true
1494.8881,true,true
1533.8294,true,true
1530.9865,true,true
1507.6281,true,false
1506.8050,true,true
1607.5076,true,false
1605.0603,true,false
1577.4307,true,true
1637.3810,true,true
1535.3311,true,true
1533.1765,true,true
1687.1785,true,true
1580.6338,true,true
1687.5522,true,true
1598.8581,true,true
1621.9269,true,false
1551.8536,true,true
1544.0297,true,true
1589.7866,true,true
1646.3019,true,true
1564.7879,true,true
1567.6988,true,true
1640.1035,true,true
1569.6833,true,true
1563.9409,true,true
1643.7335,true,true
1635.0116,true,false
1618.0175,true,false
1625.3106,true,false
1572.1635,true,true
1568.7647,true,true
1726.5082,true,true
1611.4908,true,true
1680.3873,true,true
1618.0071,true,false
1608.8501,true,true
1612.3075,true,true
1671.7428,true,true
1678.8292,true,true
1609.8670,true,true
1661.3657,true,true
1630.9336,true,true
1592.2485,true,true
1630.8425,true,true
1663.9159,true,true
1595.3323,true,true
1626.6651,true,true
1712.8320,true,true
1629.6110,true,true
1677.7843,true,true
1665.6645,true,true
1817.7807,true,true
1682.9197,true,true
1649.1635,true,true
1645.4350,true,true
1639.2675,true,true
1704.8895,true,false
1646.2259,true,true
1698.0380,true,true
1635.5020,true,true
1689.2491,true,true
1677.4943,true,false
1640.3021,true,true
1632.1415,true,true
1698.9391,true,true
1705.1851,true,true
1645.3397,true,true
1722.9197,true,true
1664.7795,true,true
1677.6646,true,false
1659.1602,true,true
1643.5856,true,true
1642.6734,true,true
1678.2751,true,true
1735.3191,true,true
1664.8014,true,true
1653.5216,true,true
1756.9941,true,false
1838.8930,true,true
1701.7497,true,true
1680.9859,true,false
1738.8341,true,false
1685.9160,true,true
1695.1424,true,false
1679.7563,true,false
1715.7692,true,true
1712.8815,true,true
1674.8523,true,true
1679.3784,true,true
1671.4425,true,true
1763.1381,true,true
1756.3510,true,false
1679.3112,true,true
1690.2711,true,true
1696.5495,true,true
1716.7411,true,true
1749.1745,true,true
1678.8998,true,true
1678.2265,true,true
2055.0806,true,true
1682.7221,true,true
1749.3369,true,false
1686.2381,true,true
1685.0002,true,true
1740.4866,true,true
1708.7161,true,true
1691.7510,true,true
1698.3407,true,true
1704.5339,true,true
1796.9847,true,false
1739.3586,true,true
1785.3762,true,true
1753.4869,true,true
1720.5179,true,true
1718.6205,true,true
1802.7050,true,false
1745.5583,true,true
1855.5469,true,true
1774.8087,true,false
1812.8678,true,true
1841.6423,true,true
1766.7307,true,true
1733.5084,true,true
1799.8801,true,false
1762.8017,true,false
1848.4715,true,true
1739.9694,true,true
1755.6023,true,true
1778.6215,true,true
1738.3176,true,true
1807.6884,true,true
1731.1582,true,true
1731.6540,true,true
1819.9934,true,true
1732.6220,true,true
1733.2588,true,true
1814.0029,true,false
1861.5755,true,true
1752.7712,true,true
1764.0264,true,true
1821.4826,true,false
1794.0478,true,true
1819.5069,true,false
1776.1482,true,true
1783.0980,true,true
1765.2830,true,true
1762.4626,true,true
1812.6036,true,true
1765.2548,true,true
1848.5227,true,true
1767.5728,true,true
2068.0830,true,true
1810.5025,true,true
1777.8500,true,true
1855.0468,true,true
2240.0361,true,true
1939.7759,true,true
1856.6071,true,true
1796.6174,true,true
1806.0254,true,true
1857.7262,true,false
1848.5892,true,true
1831.3002,true,true
1819.6647,true,true
1939.6259,true,true
1859.2548,true,true
1862.7032,true,true
1880.6699,true,true
1892.4376,true,false
1900.5143,true,true
1906.5421,true,true
1880.1850,true,true
1858.0726,true,true
1870.9876,true,true
1867.0153,true,true
1848.9674,true,true
1845.8641,true,true
1917.2113,true,true
1887.0444,true,false
1887.5405,true,false
1895.3297,true,true
1848.6146,true,true
2246.2895,true,true
1854.6142,true,true
1924.2250,true,false
2024.4972,true,true
1847.8774,true,true
1848.1502,true,true
1897.5002,true,true
1863.6405,true,true
1912.5482,true,true
1864.1347,true,true
1909.7824,true,true
1867.7865,true,true
1915.7707,true,true
1862.7332,true,true
2023.9394,true,true
1913.4798,true,true
1857.9206,true,true
1864.2557,true,true
1941.7663,true,true
1863.0407,true,true
1912.0453,true,true
2209.7332,true,true
1879.3613,true,true
1950.5239,true,true
1962.4935,true,false
1898.1276,true,true
1996.0706,true,true
1917.5679,true,true
1892.1749,true,true
1920.9928,true,true
1969.8903,true,false
1914.2784,true,true
1886.2733,true,true
1915.6345,true,true
1894.0809,true,true
1959.1658,true,false
1925.5462,true,true
1941.9589,true,true
1895.3301,true,true
1922.3667,true,true
1923.8386,true,false
1898.5513,true,true
1980.6618,true,false
1913.4488,true,true
2048.5832,true,true
2051.5791,true,true
1958.6201,true,true
1940.4359,true,true
1968.7102,true,true
1928.5299,true,true
1935.8485,true,true
1922.4187,true,true
2005.9661,true,false
1996.0396,true,false
2003.9967,true,true
1983.3695,true,true
1997.6117,true,false
1986.3542,true,true
2013.9399,true,false
1962.2257,true,true
1994.8916,true,true
1963.7678,true,true
2013.1716,true,false
2118.5912,true,true
1953.9838,true,true
1955.3672,true,true
1957.5605,true,true
2084.8669,true,true
2279.2739,true,true
1963.1034,true,true
2109.6426,true,false
2065.9587,true,true
2137.4786,true,false
2145.7832,true,true
2093.0109,true,true
2077.4322,true,true
2089.0959,true,true
2075.9863,true,true
2182.9252,true,true
2137.1798,true,true
2083.9311,true,true
2197.4531,true,true
2166.3916,true,true
2159.7928,true,true
2100.7114,true,true
2113.5810,true,false
2095.6019,true,true
2101.0018,true,true
2147.8846,true,true
2097.9239,true,true
2142.9747,true,false
2133.4839,true,true
2172.8217,true,true
2132.4059,true,true
2099.9819,true,true
2100.8381,true,true
2101.2409,true,true
2216.0163,true,false
2397.9731,true,true
2126.2099,true,true
2129.6771,true,false
2241.1182,true,true
2113.0382,true,true
2233.8864,true,true
2195.2754,true,true
2114.5982,true,true
2170.9597,true,true
2234.6103,true,true
2194.9501,true,true
2183.2777,true,true
2242.9259,true,false
2275.5932,true,true
2230.2573,true,true
2199.4787,true,false
2211.4594,true,true
2206.8804,true,false
2282.2621,true,true
2235.6572,true,true
2281.5206,true,false
2314.2194,true,true
2317.1822,true,true
2277.8490,true,true
2293.9127,true,true
2281.8189,true,true
2280.4597,true,true
2341.3642,true,false
2404.1276,true,true
2326.0834,true,true
2320.6122,true,false
2279.7226,true,true
2276.9020,true,true
2286.7664,true,true
2348.5388,true,true
2361.6561,true,false
2342.8957,true,true
2303.5961,true,true
2298.3818,true,true
2305.2029,true,true
2332.3664,true,true
2387.2236,true,false
2450.4311,true,true
2388.0041,true,true
2328.6833,true,true
2320.2134,true,true
2358.5454,true,true
2346.2389,true,true
2319.7604,true,true
2323.0366,true,true
2389.7952,true,true
2387.1410,true,true
2341.8365,true,true
2346.4438,true,false
2354.1327,true,true
2392.1846,true,true
2564.0876,true,true
2340.7629,true,true
2390.5058,true,true
2364.5649,true,true
2345.1219,true,true
2334.0530,true,true
2361.1691,true,true
2383.0683,true,true
2352.0412,true,true
2364.0707,true,true
2417.9690,true,false
2541.7601,true,true
2447.4886,true,true
2504.0404,true,true
2446.4056,true,false
2443.0064,true,true
2554.3136,true,true
2391.9708,true,true
2399.7487,true,true
2434.3848,true,true
2417.5961,true,true
2442.7872,true,false
2579.6434,true,true
2502.8624,true,true
2535.5300,true,true
2526.3973,true,true
2521.2005,true,true
2528.8596,true,true
2585.3571,true,true
2566.1173,true,true
2566.5801,true,false
2555.6368,true,true
2515.5924,true,true
2506.4967,true,true
2505.0833,true,true
2511.9054,true,true
2544.5480,true,true
2548.3009,true,true
2634.2698,true,true
2550.4330,true,true
2587.5120,true,false
2549.9747,true,true
2573.3385,true,true
2528.2495,true,true
2532.8492,true,true
2523.7960,true,true
2524.5961,true,true
2521.5207,true,true
2942.6917,true,true
2523.7624,true,true
2520.9761,true,true
2515.1400,true,true
2557.6597,true,true
2528.5283,true,true
2755.2407,true,true
2636.7795,true,true
2555.4304,true,true
2550.8498,true,true
2568.1849,true,true
2596.0950,true,false
2622.2649,true,false
2631.8708,true,true
2801.0944,true,true
2526.2371,true,true
2692.1417,true,true
2610.3772,true,true
2547.5328,true,true
2579.7218,true,true
2590.9641,true,true
2580.0633,true,false
2559.4626,true,true
2586.6135,true,true
2568.2572,true,true
2590.3645,true,true
2609.3111,true,true
2664.3139,true,false
2684.5985,true,true
2646.3196,true,false
2573.0495,true,true
2590.7793,true,true
2615.2216,true,true
2663.1211,true,false
2633.0296,true,true
2624.5351,true,true
2672.6280,true,false
2594.2729,true,true
2605.3815,true,true
2698.3138,true,false
2654.9384,true,true
2610.5688,true,true
2668.3860,true,true
2650.9094,true,true
2645.1277,true,true
2713.3220,true,false
2616.6499,true,true
2618.5453,true,true
2642.3590,true,true
2649.3627,true,true
2618.3893,true,true
2637.4205,true,true
2673.2021,true,true
2631.9883,true,false
2621.9483,true,true
2672.7225,true,false
2691.2691,true,false
2618.2476,true,true
2613.9131,true,true
2632.3750,true,true
2626.6048,true,true
2722.5109,true,false
2635.9828,true,true
2626.3161,true,true
2759.2881,true,true
2673.0201,true,false
2722.5245,true,true
2631.0957,true,true
2626.9054,true,true
2943.6770,true,true
2725.4738,true,false
2635.2980,true,true
2632.2150,true,true
2685.3623,true,true
2646.8433,true,false
2623.3364,true,true
2631.5350,true,true
2658.6845,true,true
2734.7400,true,true
2804.7363,true,true
2647.7249,true,false
2680.6654,true,true
2637.7462,true,true
2629.1887,true,true
2626.9740,true,true
2637.4632,true,true
2713.7337,true,true
2639.5430,true,true
2710.6752,true,true
2647.7454,true,true
2639.7529,true,true
2641.6729,true,true
2688.2712,true,true
2746.2570,true,true
2645.6293,true,true
2716.2383,true,false
2642.1482,true,true
2743.6753,true,false
2781.4374,true,true
2636.1736,true,true
2647.7979,true,true
2676.3440,true,true
2633.9210,true,true
2671.8111,true,false
2696.5200,true,true
2652.4644,true,true
2651.7888,true,true
2652.3140,true,true
2650.6235,true,true
2738.8165,true,true
2648.9786,true,true
2647.7879,true,true
2701.1618,true,false
2699.6405,true,false
2692.6915,true,true
2894.7498,true,true
2737.0389,true,true
2784.2291,true,true
2801.6520,true,false
2740.9680,true,true
2735.3626,true,false
2798.1632,true,true
2725.5199,true,true
2736.6582,true,true
2862.0193,true,true
2762.3302,true,true
2768.5893,true,true
2723.3835,true,true
2727.0289,true,true
2769.5524,true,true
2733.4918,true,true
2748.8899,true,true
2792.7229,true,true
2743.3791,true,true
2810.1068,true,false
2779.2912,true,true
2820.1900,true,false
2820.3043,true,true
2742.0771,true,true
2749.8832,true,true
2741.5501,true,true
2927.2037,true,false
2801.7145,true,true
2817.2754,true,false
2746.2459,true,true
2743.1484,true,true
2783.0338,true,true
2744.6323,true,true
2832.2149,true,false
2811.8866,true,false
2896.3788,true,true
2802.2602,true,false
2799.2662,true,true
2789.9127,true,true
2762.0227,true,true
2768.2992,true,true
2788.8069,true,true
2765.6655,true,true
2837.7869,true,false
2845.5461,true,true
2851.9468,true,true
2786.2095,true,false
2840.6489,true,false
2771.9372,true,true
2827.8482,true,false
2815.5327,true,true
2853.8916,true,true
2793.4890,true,true
2797.8678,true,true
2791.7940,true,true
2828.1624,true,true
2809.4168,true,true
2858.7570,true,false
3153.8667,true,true
2792.4362,true,true
2867.5647,true,true
2806.7186,true,false
2800.6942,true,true
2847.8852,true,true
2823.6015,true,true
2841.4434,true,false
2799.7408,true,true
2796.9048,true,true
2863.9846,true,true
2801.3576,true,true
2883.8104,true,true
2869.5306,true,false
2832.3031,true,true
3153.5350,true,true
2832.2331,true,true
2809.0255,true,true
2807.0010,true,true
2806.7122,true,true
3002.4249,true,true
2844.3778,true,true
2886.6744,true,true
2841.5954,true,false
3067.7308,true,true
2958.1808,true,true
3076.6678,true,true
3065.0814,true,false
3043.3276,true,true
3057.1769,true,true
3040.1136,true,true
3058.3440,true,true
3059.3367,true,true
3109.1069,true,true
3128.2979,true,true
3094.6263,true,true
3043.0796,true,true
3053.3576,true,true
3058.9579,true,true
3146.8105,true,true
3145.2750,true,true
3108.0092,true,true
3083.1714,true,true
3079.0818,true,true
3211.5913,true,true
3145.8160,true,true
3121.6191,true,true
3158.6284,true,true
3079.9171,true,true
3089.9928,true,true
3115.5842,true,true
3168.8052,true,true
3124.2848,true,true
3197.2934,true,true
3169.8118,true,true
3171.6978,true,true
3174.6619,true,true
3158.2479,true,true
3144.1866,true,true
3166.3734,true,true
3176.7973,true,false
3136.7137,true,true
3134.4908,true,true
3131.6277,true,true
3131.6695,true,true
3180.0215,true,true
3186.4060,true,true
3218.6018,true,false
3135.9462,true,true
3608.1800,true,true
3181.1515,true,false
3147.1505,true,true
3257.6315,true,true
3142.5339,true,true
3176.9569,true,true
3137.6972,true,true
3142.3708,true,true
3195.0654,true,false
3137.8846,true,true
3138.7345,true,true
3148.2145,true,true
3141.6391,true,true
3135.4689,true,true
3195.7745,true,true
3196.7849,true,true
3168.5318,true,true
3183.1863,true,false
3163.9945,true,true
3170.5615,true,true
3159.6672,true,true
3185.5540,true,true
3208.8391,true,true
3160.6472,true,true
3248.5055,true,false
3236.1142,true,true
3248.3249,true,true
3230.6355,true,true
3163.2505,true,true
3170.8620,true,true
3187.7905,true,true
3156.6328,true,true
3187.1020,true,false
3169.6444,true,true
3300.8622,true,true
3164.9788,true,true
3194.5820,true,true
3423.1598,true,true
3183.0509,true,true
3167.4415,true,true
3277.8369,true,true
3161.8888,true,true
3232.6184,true,true
3158.8359,true,true
3210.6476,true,true
3168.4569,true,true
3162.3838,true,true
3165.6261,true,true
3194.7410,true,false
3209.8191,true,true
3175.9642,true,true
3211.4310,true,true
3170.9011,true,true
3179.9225,true,true
3177.1391,true,true
3235.5685,true,true
3252.0826,true,false
3204.5691,true,true
3183.0554,true,true
3198.4166,true,true
3472.8421,true,true
3198.1413,true,true
3201.4566,true,true
3195.2923,true,true
3243.7756,true,true
3193.4995,true,true
3257.8334,true,false
3187.4099,true,true
3285.1496,true,false
3389.7469,true,true
3560.1355,true,true
3246.4466,true,true
3243.5903,true,true
3349.6047,true,true
3277.4741,true,true
3239.6916,true,true
3305.2990,true,true
3218.0741,true,true
3221.2922,true,true
3248.9690,true,false
3305.4077,true,true
3668.9670,true,true
3320.6277,true,false
3274.6871,true,true
3273.8453,true,false
3300.8731,true,false
3326.6952,true,false
3314.4849,true,false
3264.6049,true,false
3249.2807,true,true
3247.6213,true,true
3285.4156,true,true
3248.4424,true,true
3253.1808,true,true
3268.2099,true,false
3318.7819,true,true
3264.2384,true,true
3346.9995,true,false
3321.6221,true,false
3334.1642,true,true
3268.3055,true,true
3298.5899,true,true
3445.4705,true,true
3284.6607,true,true
3333.1709,true,false
3301.5168,true,true
3331.4724,true,true
3329.8739,true,true
3448.9970,true,true
3308.6744,true,true
3316.9106,true,true
3331.1856,true,true
3394.2389,true,false
3310.8112,true,true
3410.8626,true,true
3310.2676,true,true
3346.2394,true,true
3303.8716,true,true
3301.6776,true,true
3302.6751,true,true
3408.4211,true,true
3393.8744,true,true
3323.6841,true,true
3358.3882,true,true
3340.0035,true,true
3343.2282,true,true
3400.4476,true,true
3327.2695,true,true
3320.6023,true,true
3323.8465,true,true
3594.4258,true,true
3320.4570,true,true
3410.7030,true,false
3315.6013,true,true
3485.2598,true,true
3346.8487,true,true
3310.0959,true,true
3313.7256,true,true
3404.3414,true,false
3318.0642,true,true
3342.7620,true,false
3423.8051,true,false
3322.7161,true,true
3418.8796,true,false
3500.5232,true,true
3359.8577,true,true
3332.9176,true,true
3360.6669,true,true
3484.5254,true,true
3331.5067,true,true
3376.1972,true,true
3431.2866,true,false
3375.4438,true,true
3415.8175,true,true
3398.4195,true,true
3430.4340,true,false
3577.5679,true,true
3419.6300,true,false
3388.3807,true,true
3379.1615,true,true
3406.3515,true,true
3469.2597,true,true
3407.4650,true,false
3414.1987,true,true
3397.5207,true,true
3378.9669,true,true
3402.4183,true,true
3393.5642,true,false
3424.8369,true,false
3449.9006,true,false
3371.6485,true,true
3387.9682,true,true
3566.1811,true,true
3476.7276,true,true
3518.8320,true,true
3487.9121,true,true
3489.4999,true,true
3549.3389,true,false
3507.1270,true,true
3519.7250,true,true
3589.1452,true,true
3528.5796,true,true
3551.6217,true,true
3511.3420,true,true
3509.5957,true,true
3560.5834,true,true
3522.1772,true,true
3589.7424,true,true
3531.9192,true,true
3623.6722,true,true
3545.6774,true,true
3531.2545,true,true
3606.1163,true,false
3534.0000,true,true
3627.7544,true,false
3551.1165,true,false
3628.2292,true,false
3610.5214,true,false
3573.5512,true,true
3545.7747,true,true
3559.0820,true,true
3542.0653,true,true
3539.7057,true,true
3540.8211,true,true
3609.7011,true,true
3661.0881,true,true
3647.3738,true,true
3545.3497,true,true
3647.4599,true,true
3643.0209,true,true
3635.3345,true,false
3548.3824,true,true
3623.7706,true,true
3602.7409,true,false
3602.6984,true,true
3555.2385,true,true
3617.9009,true,false
3663.6233,true,true
3585.9760,true,false
3613.5350,true,true
3572.9820,true,true
3656.9480,true,true
3673.6670,true,true
3673.1892,true,true
3657.6003,true,true
3708.1171,true,false
3675.3900,true,true
3693.9572,true,false
3666.6128,true,true
3642.4375,true,true
3681.8985,true,false
3715.3152,true,true
3641.3337,true,true
3650.8239,true,true
3648.7301,true,true
3687.1005,true,false
3651.6017,true,true
3680.3050,true,false
3686.9969,true,true
3706.7170,true,true
3650.5449,true,true
3653.4503,true,true
3773.3142,true,true
3652.3822,true,true
3656.2102,true,true
3679.9628,true,false
3698.8610,true,true
3661.2971,true,true
3687.3500,true,true
3678.2842,true,true
3741.4398,true,true
3788.9232,true,true
3655.6319,true,true
3653.0088,true,true
3666.5076,true,true
3711.4610,true,true
3702.5918,true,true
3673.4324,true,true
3784.5377,true,false
3709.2101,true,true
3859.9837,true,true
3696.1490,true,true
3697.4834,true,true
3665.1596,true,true
3767.0264,true,false
3707.9069,true,true
3703.4326,true,true
3707.1964,true,true
3795.8102,true,false
3985.9026,true,true
3788.6196,true,false
3707.8116,true,true
3712.6192,true,true
3761.1180,true,true
3797.9341,true,false
3740.0538,true,true
3779.7184,true,true
3711.6549,true,true
3760.3029,true,true
3764.3661,true,false
3792.4045,true,false
3729.9976,true,false
3741.6974,true,false
3710.0534,true,true
3767.8718,true,true
3808.7299,true,true
3713.4174,true,true
3721.8754,true,true
3981.0191,true,true
3785.4071,true,true
3773.8131,true,true
3845.7179,true,true
3790.0066,true,true
3793.1613,true,true
3868.5920,true,true
3865.7859,true,true
3839.4972,true,true
3843.0343,true,true
3796.1752,true,true
3868.1498,true,true
3851.9198,true,true
3849.5020,true,true
3878.4806,true,true
3949.8069,true,true
3838.8301,true,true
3907.1778,true,true
3879.1024,true,true
4318.5245,true,true
3844.8809,true,true
3854.5653,true,true
3930.1321,true,false
3904.0982,true,false
3857.3328,true,true
3857.6526,true,true
3870.3414,true,true
3963.4257,true,true
3855.4540,true,true
3860.8843,true,true
3876.1740,true,true
3854.9246,true,true
3903.9489,true,true
3854.9199,true,true
3927.5034,true,true
3981.0340,true,true
3923.3605,true,true
3939.7257,true,true
3920.6660,true,false
3869.3853,true,true
3868.8642,true,true
3901.5744,true,true
3867.3294,true,true
3947.6482,true,false
3900.0627,true,true
3963.1837,true,true
4008.2074,true,true
3867.7009,true,true
3892.7742,true,true
3977.7145,true,true
4054.0789,true,true
4013.5230,true,true
4072.8174,true,false
4032.2552,true,true
4057.7258,true,true
4065.7518,true,true
4105.3851,true,false
4056.8252,true,true
4092.8760,true,true
4043.0854,true,true
4090.5888,true,true
4072.9587,true,true
4135.7688,true,false
4107.5857,true,true
4114.7578,true,true
4077.7687,true,true
4107.3650,true,true
4106.8475,true,true
4081.0899,true,true
4066.8779,true,true
4092.2084,true,true
4111.4691,true,true
4333.3679,true,true
4085.3215,true,true
4056.3990,true,true
4072.0248,true,true
4051.2657,true,true
4061.7048,true,true
4065.1009,true,true
4079.1884,true,true
4086.8194,true,true
4125.6736,true,false
4407.5361,true,true
4098.4615,true,true
4455.0927,true,true
4064.9856,true,true
4091.1638,true,false
4099.6229,true,true
4063.6104,true,true
4070.7590,true,true
4089.6165,true,true
4064.8403,true,true
4153.1724,true,false
4071.9672,true,true
4073.4466,true,true
4072.9821,true,true
4070.9176,true,true
4095.3568,true,true
4083.8254,true,true
4080.9216,true,true
4087.9053,true,true
4088.4588,true,true
4133.0173,true,true
4602.8817,true,true
4115.5038,true,true
4112.6697,true,true
4154.6469,true,true
4170.4331,true,true
4088.2202,true,true
4150.7624,true,true
4132.3164,true,false
4165.3280,true,false
4372.1601,true,true
4203.7925,true,false
4134.0205,true,true
4106.1116,true,true
4131.1468,true,false
4100.6751,true,true
4185.7450,true,false
4205.2058,true,true
4106.5694,true,true
4141.0496,true,true
4103.5826,true,true
4138.0548,true,true
4227.7772,true,true
4104.4518,true,true
4099.8931,true,true
4113.3926,true,true
4165.8072,true,true
4127.5419,true,true
4170.4766,true,true
4184.3458,true,false
4154.3132,true,true
4136.0265,true,true
4208.0350,true,false
4197.0421,true,true
4143.9389,true,true
4187.7381,true,true
4174.8508,true,true
4134.9509,true,true
4185.4342,true,true
4146.9372,true,true
4227.5439,true,true
4169.9941,true,true
4210.7048,true,true
4223.4070,true,true
4235.7644,true,false
4221.3467,true,true
4222.7965,true,true
4361.9736,true,true
4311.2612,true,true
4301.5127,true,true
4238.2801,true,true
4235.0221,true,true
4300.4381,true,true
4285.0644,true,false
4331.9627,true,true
4278.8900,true,true
4260.4620,true,true
4295.5788,true,true
4264.8909,true,true
4349.2693,true,true
4375.5057,true,false
4357.5557,true,true
4351.7131,true,true
4294.8007,true,true
4359.1475,true,false
4337.7388,true,true
4360.5509,true,true
4338.6957,true,false
4303.4396,true,true
4308.7904,true,true
4354.2068,true,true
4316.8206,true,true
4326.9707,true,true
4421.3776,true,true
4351.4862,true,false
4420.3602,true,true
4351.6112,true,true
4506.5563,true,false
4386.7298,true,true
4337.5614,true,true
4367.0429,true,true
4326.7169,true,true
4359.6351,true,true
4327.2571,true,true
4412.2282,true,true
4417.5389,true,true
4342.4575,true,true
4334.0621,true,true
4332.2417,true,true
4332.0189,true,true
4329.1039,true,true
4351.9596,true,true
4412.0122,true,false
4416.8131,true,true
4329.5369,true,true
4322.1761,true,true
4376.8615,true,true
4322.0402,true,true
4320.1294,true,true
4380.3156,true,true
4399.6500,true,true
4509.4007,true,true
4335.8668,true,true
4332.8380,true,true
4361.0764,true,true
4339.6046,true,true
4365.9853,true,true
4408.4132,true,false
4395.1416,true,false
4332.3159,true,true
4407.6127,true,false
4332.6532,true,true
4330.8376,true,true
4368.6380,true,true
4375.5956,true,true
4324.6533,true,true
4357.1882,true,true
4360.9556,true,true
4463.2174,true,false
4410.4018,true,true
4452.0239,true,true
4436.4359,true,true
4456.9311,true,true
4404.1506,true,true
4571.2518,true,true
4473.6026,true,true
4470.5088,true,true
4406.5882,true,true
4454.3150,true,true
4420.5044,true,true
4449.2098,true,true
4411.0466,true,true
4462.7656,true,true
4475.1433,true,true
4464.1637,true,true
4438.0791,true,true
4453.7796,true,true
4901.3686,true,true
4475.1649,true,true
4421.0249,true,true
4473.0744,true,false
4420.5795,true,true
4467.5620,true,false
4427.0345,true,true
4467.8049,true,true
4512.7196,true,true
4489.9344,true,true
4540.2147,true,true
4487.1073,true,true
4566.3672,true,false
4504.9425,true,true
4561.2693,true,false
4485.8669,true,true
4483.9583,true,true
4512.7286,true,true
4569.2379,true,false
4575.9217,true,false
4710.2972,true,true
4532.1995,true,true
4492.5195,true,true
4512.9459,true,false
4492.2857,true,true
4525.3207,true,true
4497.9568,true,true
4583.6462,true,false
4575.1461,true,true
4500.0494,true,true
4541.2885,true,true
4564.8915,true,false
4507.7329,true,true
4530.6628,true,true
4503.4986,true,true
4616.4713,true,true
4491.7749,true,true
4553.2238,true,true
4654.1987,true,false
4722.9869,true,true
5016.7943,true,true
4616.8796,true,false
4620.0242,true,true
4711.7342,true,true
4669.4664,true,true
4631.5926,true,true
4638.8574,true,true
4611.5060,true,true
4616.2238,true,true
4603.1580,true,true
4607.2147,true,true
4674.1262,true,false
4600.8702,true,true
4642.2338,true,true
4648.5430,true,true
4670.0055,true,true
4612.9815,true,true
4642.6972,true,false
4613.1485,true,true
4698.0288,true,true
4604.8300,true,true
4601.0936,true,true
4615.0642,true,true
4604.6472,true,true
4779.9234,true,true
4603.1467,true,true
4610.4006,true,true
4607.7531,true,true
4619.5700,true,true
4614.5035,true,true
4616.1186,true,true
4658.7042,true,true
4689.5600,true,true
4649.1119,true,true
4628.4326,true,true
4699.0272,true,true
4652.0077,true,true
4625.3704,true,true
4630.1047,true,true
4717.7436,true,true
4721.5220,true,false
4652.3115,true,true
4746.5594,true,false
4698.7678,true,true
4767.7575,true,false
4664.6843,true,true
4702.2758,true,true
4661.7387,true,true
4671.1510,true,true
4679.0607,true,true
4747.5965,true,true
4807.8359,true,true
4664.3152,true,true
4640.0603,true,true
4685.0665,true,true
4722.9401,true,false
4667.1796,true,true
5199.4347,true,true
4735.5566,true,false
4660.8592,true,true
4664.5946,true,true
4662.2532,true,true
4675.2774,true,true
4694.8387,true,true
4779.1697,true,true
4671.5288,true,true
4693.9517,true,true
4684.6632,true,true
4675.8841,true,true
4907.5089,true,true
4701.5006,true,true
4710.9032,true,true
4774.0999,true,true
4740.3171,true,true
4743.4889,true,true
4850.1831,true,false
4832.7671,true,false
4864.7928,true,false
4748.1671,true,true
4793.3095,true,true
4866.2087,true,true
4832.7318,true,false
4780.2115,true,true
4823.4349,true,true
4762.1463,true,true
4757.9619,true,true
4770.5237,true,true
4811.2536,true,true
4762.4327,true,true
4757.5237,true,true
4910.9174,true,true
4824.1103,true,true
4787.7620,true,true
4807.0495,true,false
4779.4289,true,true
4849.1478,true,true
4762.3804,true,true
4759.9174,true,true
4761.9542,true,true
4751.1865,true,true
4757.7628,true,true
4796.9110,true,true
4892.3863,true,true
4811.5534,true,true
4771.2537,true,true
4789.9623,true,true
4790.7309,true,true
4770.1565,true,true
4896.0752,true,true
4866.0068,true,true
4891.0459,true,true
4904.4169,true,true
4876.6416,true,true
4890.2229,true,true
4864.4927,true,true
4956.5037,true,true
4879.6946,true,true
4888.8513,true,false
4877.7587,true,true
4902.7618,true,true
4925.7815,true,true
5022.8751,true,true
4927.8962,true,false
4984.9367,true,true
4854.9517,true,true
4990.6111,true,false
4895.9336,true,true
4968.9150,true,false
4900.9567,true,true
4896.4019,true,true
4892.7075,true,true
5199.2226,true,true
4892.1769,true,true
4984.6468,true,false
4947.6321,true,true
4935.8222,true,true
4942.1365,true,false
4991.5341,true,false
4903.1075,true,true
4932.1648,true,true
4926.5658,true,true
4963.4807,true,true
4907.6043,true,true
4910.4502,true,true
4963.7160,true,true
5192.9243,true,true
4931.9160,true,true
4905.9910,true,true
4918.7816,true,true
5017.7810,true,true
4906.8826,true,true
4960.2980,true,true
4943.8275,true,true
4967.6052,true,true
4945.6278,true,true
4980.4628,true,true
4943.8894,true,true
5017.5553,true,false
4939.7214,true,true
5050.0875,true,true
4991.3095,true,true
5047.9952,true,true
5044.1611,true,false
5046.0395,true,true
5555.7391,true,true
5039.0511,true,true
5107.9754,true,false
5036.5207,true,true
5022.7102,true,true
5101.2124,true,true
5062.7779,true,true
5019.0288,true,true
5023.7389,true,true
5137.7781,true,true
5094.4275,true,true
5123.3639,true,true
5078.2372,true,true
5092.0946,true,false
5061.7584,true,true
5304.0647,true,true
5075.3811,true,true
5058.4032,true,true
5054.4193,true,true
5054.2089,true,true
5094.8633,true,true
5047.3629,true,true
5070.0813,true,true
5104.9246,true,false
5042.6308,true,true
5079.9167,true,true
5076.4418,true,false
5171.7154,true,true
5088.6079,true,true
5120.9983,true,true
5238.1883,true,true
5082.7271,true,true
5153.4083,true,true
5087.2267,true,true
5083.8537,true,true
5082.0179,true,true
5123.4033,true,true
5239.1209,true,true
5077.4267,true,true
5091.1707,true,true
5094.9848,true,true
5138.0973,true,true
5170.0616,true,true
5157.6125,true,true
5162.3914,true,true
5140.9189,true,true
5116.6267,true,true
5161.9374,true,true
5143.4693,true,false
5178.4745,true,true
5186.2323,true,false
5113.1098,true,true
5581.9907,true,true
5183.1412,true,true
5176.9324,true,true
5156.9352,true,true
5238.9839,true,false
5190.3552,true,true
5313.6265,true,true
5468.1705,true,true
5165.6228,true,true
5205.3540,true,true
5171.5343,true,true
5189.2890,true,false
5226.6062,true,true
5221.0987,true,true
5224.7608,true,true
5185.8423,true,true
5168.5543,true,true
5207.1502,true,true
5219.6582,true,true
5171.7258,true,true
5215.0011,true,false
5174.0329,true,true
5201.6304,true,true
5182.0592,true,true
5178.9347,true,true
5216.2745,true,true
5182.9258,true,true
5231.0411,true,true
5230.3514,true,false
5191.8282,true,true
5217.2954,true,true
5187.7697,true,true
5182.1312,true,true
5175.0498,true,true
5220.2844,true,true
5185.4546,true,true
5230.8679,true,true
5183.0120,true,true
5189.0610,true,true
5192.6109,true,true
5190.1176,true,true
5267.0567,true,true
5219.6348,true,true
5214.2852,true,true
5321.5597,true,true
5194.9350,true,true
5188.9538,true,true
5305.3211,true,true
5241.2194,true,true
5186.8080,true,true
5248.0980,true,false
5204.6838,true,true
5182.5625,true,true
5189.6818,true,true
5277.2481,true,false
5521.4535,true,true
5214.2707,true,false
5223.6949,true,true
5265.0563,true,false
5196.6224,true,true
5237.8010,true,true
5216.4040,true,true
5195.1181,true,true
5253.9580,true,false
5188.0765,true,true
5328.6092,true,true
5194.7723,true,true
5194.0290,true,true
5327.2406,true,true
5221.7666,true,true
5262.3922,true,true
5268.8583,true,false
5209.2866,true,true
5225.5390,true,true
5325.4617,true,false
5507.6376,true,true
5318.7491,true,true
5240.3766,true,true
5271.2955,true,true
5252.7556,true,true
5277.7572,true,true
5284.0264,true,true
5246.5616,true,true
5240.8997,true,true
5299.6175,true,true
5302.7742,true,true
5325.2407,true,false
5294.2694,true,true
5260.7200,true,true
5374.2619,true,true
5283.2946,true,true
5280.7247,true,false
5249.6582,true,true
5325.1435,true,false
5251.2696,true,true
5302.5008,true,true
5290.4618,true,false
5248.9128,true,true
5363.1174,true,true
5241.5083,true,true
5254.1050,true,true
5257.2598,true,true
5251.9061,true,true
5267.2938,true,true
5364.8793,true,false
5300.7311,true,true
5306.3373,true,true
5309.2936,true,true
5368.2992,true,false
5315.8561,true,true
5366.1150,true,true
5396.7085,true,false
5347.2965,true,true
5384.8145,true,true
5321.5996,true,true
5324.3019,true,true
5325.4127,true,true
5406.7411,true,true
5389.9412,true,true
5324.7107,true,true
5371.6374,true,true
5322.8079,true,true
5322.4572,true,true
5313.6551,true,true
5318.2724,true,true
5500.1247,true,true
5375.6777,true,true
5323.7966,true,true
5320.3268,true,true
5323.6838,true,true
5321.0625,true,true
5397.2819,true,true
5317.7671,true,true
5377.2279,true,true
5321.6836,true,true
5347.7024,true,false
5316.7761,true,true
5574.7897,true,true
5316.2437,true,true
5429.6704,true,false
5309.0613,true,true
5307.8355,true,true
5425.6086,true,true
5377.8042,true,true
5312.2898,true,true
5850.2397,true,true
5361.4168,true,true
5349.9035,true,false
5329.0981,true,true
5363.8509,true,true
5428.5135,true,false
5332.8540,true,true
5372.3504,true,false
5353.2625,true,true
5504.3743,true,true
5503.8964,true,true
5463.4734,true,true
5434.7762,true,true
5480.0942,true,true
5450.9071,true,true
5476.0664,true,true
5442.7458,true,true
5562.6980,true,false
5472.3730,true,true
5504.6327,true,true
5445.9233,true,true
5489.9029,true,true
5488.1729,true,true
5446.1464,true,true
5551.2593,true,false
5464.0922,true,false
5456.7155,true,true
5533.2732,true,true
5492.0649,true,false
5520.5575,true,true
5509.6653,true,true
5458.7332,true,true
5507.2629,true,false
5457.5786,true,true
5489.9572,true,true
5469.2065,true,true
5456.7669,true,true
5455.0118,true,true
5452.0482,true,true
5504.4992,true,false
5496.3847,true,true
5494.3439,true,true
5571.4034,true,true
5458.2779,true,true
5473.7960,true,true
5523.9002,true,true
5511.0099,true,true
5495.0868,true,true
5526.8189,true,false
5487.7219,true,true
5493.0479,true,true
5562.8944,true,true
5543.5757,true,true
5498.0111,true,true
5517.2452,true,true
5526.5135,true,false
5602.4104,true,false
5522.5183,true,true
5508.1772,true,true
5506.1255,true,true
5548.1274,true,false
5560.7061,true,false
5524.2096,true,true
5598.9202,true,false
5562.5149,true,false
5571.9729,true,true
5518.1317,true,true
5755.0283,true,true
5569.6717,true,true
5530.8468,true,true
5521.1569,true,true
5535.8375,true,false
5521.0835,true,true
5519.8876,true,true
5517.9545,true,true
5516.7734,true,true
5551.9481,true,true
5661.2416,true,true
5527.5368,true,true
5516.0746,true,true
5580.0485,true,false
5529.8246,true,true
5551.4217,true,true
5604.9162,true,false
5571.8041,true,true
5521.3241,true,true
5603.3721,true,false
5635.2183,true,true
5550.5503,true,true
5697.2840,true,true
5607.5130,true,false
5564.0639,true,true
5576.3275,true,true
5569.4302,true,true
5548.7915,true,true
5575.4391,true,true
5554.6107,true,true
5750.6209,true,true
5626.3713,true,false
5627.7418,true,false
5585.2849,true,true
5581.5396,true,true
5562.4365,true,true
5643.1417,true,true
5571.3759,true,true
5640.5953,true,true
5601.0038,true,true
5644.0490,true,false
5591.2759,true,true
5580.2144,true,true
5635.4926,true,true
5577.6292,true,true
5577.5643,true,true
5662.6531,true,false
5657.2606,true,false
5595.1953,true,true
5594.9152,true,true
5656.9144,true,true
5634.0795,true,true
5624.7264,true,true
5637.4639,true,true
5624.7156,true,false
5790.1319,true,true
5605.5690,true,true
5860.2398,true,true
5625.1698,true,true
5797.0068,true,true
5681.1082,true,true
5704.5776,true,false
5650.5334,true,true
5688.7820,true,false
5646.6277,true,true
5644.4930,true,true
5694.7869,true,true
5643.5210,true,false
5710.1820,true,true
5691.1009,true,true
5770.6748,true,true
5631.7264,true,true
5641.3266,true,true
5681.5870,true,false
5679.5477,true,false
5667.7537,true,true
5693.0382,true,true
5709.1616,true,true
5711.7232,true,false
5727.7627,true,true
5667.5366,true,true
5664.4516,true,true
5752.8953,true,true
5731.9427,true,false
5661.1988,true,true
5705.2681,true,false
5701.4065,true,true
5718.9136,true,true
5779.8253,true,false
5745.3741,true,true
5708.0886,true,true
5715.0386,true,false
5680.6645,true,true
5710.4980,true,false
5684.1823,true,true
5703.9594,true,true
5700.9838,true,true
5678.2811,true,true
5735.9630,true,false
5683.4226,true,true
5677.6745,true,true
5798.4509,true,true
5691.5752,true,true
5703.0665,true,false
5710.5643,true,true
5723.7389,true,false
5689.9824,true,true
5674.5858,true,true
5684.5266,true,true
5727.0059,true,true
5674.5247,true,true
5792.6063,true,true
5793.4312,true,true
5679.9470,true,true
5710.2771,true,true
5763.8416,true,false
5707.9585,true,false
5671.6755,true,true
5706.0785,true,true
5676.1640,true,true
5697.2717,true,false
5735.5964,true,false
5747.4348,true,true
5753.8554,true,true
5710.5501,true,true
5847.1033,true,true
5756.4692,true,true
5811.3043,true,true
5823.5688,true,false
5780.4054,true,true
5799.0860,true,false
6231.7738,true,true
5819.7480,true,false
5824.5372,true,false
5763.7399,true,true
5745.3880,true,true
5739.5295,true,true
5764.1234,true,true
5827.1865,true,true
5760.8972,true,true
5796.6044,true,true
5808.7157,true,true
5815.1170,true,true
5762.1647,true,true
5806.1756,true,false
5782.6089,true,false
5844.9288,true,false
5845.3211,true,false
5848.3481,true,false
5835.4834,true,true
5826.1472,true,true
5877.0097,true,true
5919.0748,true,false
5917.8671,true,true
5918.3243,true,true
5907.1890,true,true
5946.6800,true,true
6196.9475,true,true
5898.7738,true,true
5903.5701,true,true
5968.2892,true,true
5950.4677,true,true
5945.4864,true,true
5929.7389,true,true
5983.7371,true,true
5919.2500,true,true
6076.4890,true,true
5977.8113,true,true
5971.7746,true,true
5922.2443,true,true
5922.1606,true,true
5967.8023,true,true
5964.3167,true,true
5956.9647,true,true
5932.7637,true,true
5977.0081,true,false
5937.7041,true,true
5984.9091,true,true
5932.9871,true,true
5926.1222,true,true
5929.2812,true,true
6007.6854,true,false
5980.4179,true,true
5990.7663,true,false
5981.6770,true,true
5932.8055,true,true
5932.0949,true,true
5929.4915,true,true
5932.5288,true,true
5991.4549,true,false
6100.0789,true,true
5951.4212,true,false
6001.8408,true,false
5934.9419,true,true
5932.0665,true,true
5978.7332,true,true
5931.6244,true,true
6324.0609,true,true
5939.9472,true,true
5976.2145,true,true
5973.6227,true,true
5992.4576,true,true
5978.1636,true,false
5984.0085,true,true
6027.1796,true,true
5952.3299,true,true
5949.9766,true,true
6001.6066,true,true
5950.7687,true,true
5945.9966,true,true
6138.8131,true,false
5952.0426,true,true
5947.5371,true,true
5988.8398,true,true
5950.8725,true,true
5996.2539,true,false
5941.5779,true,true
5948.3989,true,true
5947.1602,true,true
6007.5506,true,false
6077.0483,true,true
5955.7591,true,true
5948.5192,true,true
5947.9810,true,true
5948.8335,true,true
6094.5239,true,true
5958.8633,true,true
6006.9798,true,true
6034.8676,true,true
6025.4724,true,true
5966.4307,true,true
6063.4366,true,false
5999.2365,true,true
5990.9566,true,true
5974.4340,true,true
5990.8740,true,true
6078.7243,true,false
6024.2568,true,false
6054.2242,true,true
6032.8034,true,true
6028.3546,true,true
6001.3583,true,true
6039.8349,true,false
6000.2948,true,true
5986.5137,true,true
6049.3228,true,true
5986.9237,true,true
5985.6110,true,true
6011.7943,true,false
6012.6766,true,true
5987.9607,true,true
5978.7388,true,true
5987.8083,true,true
5981.3764,true,true
6065.2738,true,false
6047.3387,true,true
6000.2322,true,true
5998.8637,true,true
6004.2965,true,true
6045.0772,true,true
6005.6809,true,true
6002.8015,true,true
6022.9345,true,true
6074.1405,true,true
6091.1124,true,true
6003.8263,true,true
6082.9670,true,true
6063.0834,true,true
6051.3376,true,false
6067.0160,true,true
6093.6896,true,false
6008.3968,true,true
6015.0254,true,true
6134.2118,true,true
6025.6846,true,true
6091.6923,true,false
6035.2535,true,true
6033.5173,true,true
6032.1455,true,true
6028.0108,true,true
6110.3196,true,false
6035.1275,true,true
6069.8301,true,true
6067.3638,true,true
6085.4098,true,true
6032.5353,true,true
6034.4561,true,true
6028.3399,true,true
6038.6515,true,true
6121.0337,true,true
6074.4702,true,true
6150.8446,true,true
6082.8680,true,true
6124.4484,true,true
6057.9829,true,true
6142.6645,true,false
6059.6828,true,true
6358.9820,true,true
6595.9432,true,true
6081.5030,true,true
6098.1832,true,true
6079.6940,true,true
6076.0642,true,true
6073.6316,true,true
6074.3772,true,true
6161.0181,true,true
6139.7676,true,true
6102.3765,true,true
6134.2078,true,true
6104.6579,true,true
6136.1402,true,true
6119.1551,true,true
6110.8666,true,true
6108.2395,true,true
6128.9973,true,true
6108.5903,true,true
6143.4870,true,true
6109.0708,true,true
6108.6741,true,true
6180.5984,true,true
6117.2145,true,true
6107.7349,true,true
6141.0694,true,true
6116.3609,true,true
6110.0348,true,true
6108.8502,true,true
6187.2043,true,false
6270.1723,true,true
6104.7288,true,true
6104.3341,true,true
6105.0294,true,true
6064.9679,true,true
6113.3637,true,true
6109.0850,true,true
6116.1126,true,true
6111.5729,true,true
6158.5325,true,true
6114.8212,true,true
6244.5633,true,true
6140.6782,true,true
6309.7196,true,true
6144.6679,true,true
6114.2499,true,true
6111.1320,true,true
6159.0920,true,true
6108.0303,true,true
6107.8417,true,true
6230.5848,true,true
6193.2083,true,false
6104.9101,true,true
6214.1841,true,true
6164.1871,true,true
6122.7824,true,true
6127.0481,true,true
6142.4039,true,true
6145.8988,true,true
6124.4363,true,true
6178.2958,true,false
6388.1173,true,true
6126.5387,true,true
6130.8167,true,true
6131.8774,true,true
6205.1524,true,true
6164.8561,true,true
6174.4918,true,true
6162.1260,true,true
6738.1869,true,true
6143.3660,true,true
6177.1612,true,false
6146.1113,true,true
6189.1399,true,true
6177.1538,true,false
6155.6942,true,true
6226.8829,true,true
6268.9479,true,true
6140.0493,true,true
6529.3605,true,true
6147.2776,true,true
6144.7543,true,true
6171.2499,true,true
6188.6587,true,true
6226.2494,true,false
6165.2336,true,true
6188.4101,true,false
6289.2540,true,false
6234.2118,true,false
6171.8517,true,true
6182.5279,true,true
6287.0567,true,false
6236.5357,true,true
6285.8429,true,false
6217.2699,true,true
6281.5886,true,true
6201.2776,true,true
6277.6778,true,true
6544.7925,true,true
6215.9289,true,true
6299.0681,true,true
6216.4160,true,true
6281.2401,true,false
6262.1198,true,false
6217.8151,true,true
6251.1607,true,true
6227.1952,true,true
6227.4293,true,true
6313.6523,true,false
6398.8928,true,true
6221.3777,true,true
6306.4705,true,true
6303.4862,true,true
6257.9655,true,true
6229.8088,true,true
6324.1496,true,true
6299.4831,true,true
6283.8264,true,true
6306.7675,true,true
6310.5126,true,true
6256.3231,true,true
6273.8747,true,false
6278.0870,true,true
6295.4305,true,true
6298.6269,true,true
6262.3326,true,true
6363.1038,true,true
6261.3915,true,true
6282.4458,true,true
6277.7697,true,true
6294.3974,true,true
6397.9215,true,true
6351.5337,true,true
6356.3307,true,true
6354.6200,true,true
6453.0821,true,true
6398.7947,true,true
6385.5363,true,true
6358.3285,true,true
6419.9272,true,false
6386.3291,true,true
6353.1858,true,true
6541.7096,true,true
6401.2636,true,true
6396.1040,true,true
6485.1002,true,true
6396.3453,true,true
6372.1747,true,true
6543.9881,true,true
6393.6178,true,true
6460.0534,true,true
6437.6381,true,true
6418.7590,true,true
6400.3224,true,true
6376.5999,true,true
6419.1414,true,false
6381.0134,true,true
6426.4343,true,true
6387.8127,true,true
6392.0315,true,true
6499.6039,true,true
6453.2950,true,false
6497.9938,true,true
6431.8315,true,true
6448.7095,true,true
6440.4938,true,false
6399.9641,true,true
6481.3678,true,false
6449.1883,true,true
6444.2345,true,false
6436.3392,true,true
6485.5040,true,true
6442.6268,true,true
6430.2127,true,true
6452.7770,true,true
6498.9156,true,false
6448.2440,true,false
6426.7319,true,true
6424.5201,true,true
6519.7773,true,true
6500.2600,true,false
6439.2620,true,true
6474.7241,true,true
6447.2142,true,true
6530.7998,true,true
6467.4566,true,true
6491.0950,true,true
6694.1567,true,true
6534.9475,true,true
6473.5944,true,true
6495.0437,true,true
6496.7925,true,true
6538.9283,true,true
6530.9696,true,true
7043.0398,true,true
6504.6416,true,true
6549.2857,true,true
6601.6114,true,true
6555.0871,true,true
6509.7650,true,true
6489.3138,true,true
6731.4903,true,true
6543.7646,true,true
6536.6321,true,false
6583.4285,true,true
6505.3576,true,true
6506.0305,true,true
6799.6294,true,true
6520.9777,true,true
6555.6312,true,true
6537.6459,true,true
6508.5129,true,true
6578.8088,true,true
6514.1079,true,true
6550.5463,true,true
6577.9827,true,true
6521.0197,true,true
6521.8445,true,true
6592.9661,true,true
6524.7330,true,true
6602.6374,true,false
6602.6401,true,false
6586.2376,true,false
6569.9170,true,true
6664.2469,true,true
6609.1371,true,true
6698.7313,true,true
6667.4819,true,true
6686.9068,true,true
6697.0159,true,true
6704.4993,true,true
6771.6034,true,false
6755.0957,true,true
6747.2077,true,false
6684.8518,true,true
6723.7029,true,true
6668.1723,true,true
6741.0984,true,false
6720.8713,true,true
6841.5439,true,true
6771.8649,true,false
6683.8028,true,true
6728.7824,true,false
6707.6176,true,true
6720.2267,true,true
6689.3036,true,true
6768.1134,true,true
6687.1721,true,true
6751.7711,true,false
6846.9284,true,true
6731.7422,true,true
6692.7902,true,true
6691.0031,true,true
6753.8885,true,false
6685.2207,true,true
6683.8467,true,true
6694.3187,true,true
6688.1021,true,true
6746.4327,true,true
6699.7239,true,true
6730.1867,true,true
6808.7863,true,true
6760.0782,true,true
6782.0613,true,false
6709.6569,true,true
6744.9596,true,true
6702.5169,true,true
6887.7730,true,true
6700.8266,true,true
6764.5519,true,false
6778.0787,true,false
6697.8669,true,true
6708.8150,true,true
6706.2100,true,true
6701.7474,true,true
6701.0157,true,true
6698.1831,true,true
6880.7349,true,true
6765.7291,true,true
6744.5766,true,true
6701.1373,true,true
6705.0730,true,true
6716.2949,true,true
6763.4725,true,true
6833.6783,true,true
6812.9672,true,true
6720.4945,true,true
6771.2929,true,true
6718.2050,true,true
6715.9118,true,true
6715.9213,true,true
6805.3076,true,false
6711.7282,true,true
6753.7578,true,true
6716.4205,true,true
6799.3438,true,true
6724.4245,true,true
6771.7802,true,true
6774.6297,true,true
6771.6549,true,true
6750.2877,true,true
6738.9088,true,true
6815.0244,true,true
6762.7133,true,true
6870.7090,true,false
6782.8759,true,true
6779.9649,true,true
6849.2925,true,true
6745.2748,true,true
6766.8686,true,false
6754.0885,true,true
6747.8775,true,true
6863.2080,true,true
6865.7653,true,true
6842.2885,true,true
6802.7708,true,true
6830.0933,true,true
6843.7526,true,true
6820.7862,true,true
6827.9717,true,true
6825.1646,true,true
6818.8341,true,true
6817.2172,true,true
6817.8168,true,true
6924.5010,true,false
6908.4660,true,false
6877.6182,true,true
6821.7708,true,true
6861.7556,true,true
7010.5590,true,true
6838.8677,true,true
6837.9744,true,true
6936.5564,true,true
6913.7188,true,true
6901.2481,true,true
6840.1811,true,true
6834.9264,true,true
6849.6035,true,false
6884.6988,true,false
6866.2675,true,false
6907.6866,true,true
6836.2878,true,true
6865.6198,true,true
6948.0710,true,false
6930.0385,true,true
6834.1013,true,true
6833.8263,true,true
6849.6289,true,true
6842.4130,true,true
6860.5355,true,true
6964.1909,true,true
6888.0051,true,true
6880.7270,true,true
6840.2273,true,true
6865.3426,true,false
6827.8037,true,true
6956.1212,true,false
6825.2128,true,true
7028.8174,true,true
6932.9558,true,false
6927.3305,true,true
6975.7788,true,false
6888.5419,true,true
6990.0812,true,false
6934.4847,true,true
6979.7500,true,true
6943.7660,true,true
6937.6958,true,true
6924.7000,true,true
6930.6653,true,true
7026.1885,true,false
6939.7044,true,true
7001.7044,true,true
6925.7450,true,true
7018.8431,true,false
6930.3483,true,true
6981.5503,true,true
6929.9016,true,true
6977.2288,true,false
6958.6519,true,true
7031.5888,true,true
6938.7236,true,true
6942.7791,true,true
7114.8052,true,true
7025.2271,true,true
7190.8459,true,true
6938.6145,true,true
7043.6466,true,false
7056.4469,true,true
7028.7599,true,true
7060.0451,true,true
7064.1848,true,true
7011.0611,true,true
7009.6101,true,true
7037.3753,true,false
7038.1270,true,true
7147.7724,true,true
7101.4598,true,false
7092.7525,true,true
7119.5500,true,false
7013.5193,true,true
7146.5504,true,false
7096.0229,true,true
7084.5634,true,true
7088.2648,true,true
7153.0614,true,true
7078.1477,true,true
7176.1016,true,true
7082.5799,true,true
7078.2229,true,true
7189.6927,true,true
7077.9513,true,true
7184.6424,true,true
7081.5530,true,true
7143.8934,true,true
7135.0380,true,true
7127.8400,true,true
7098.0496,true,true
7153.2084,true,true
7088.7671,true,true
7184.8785,true,false
7176.1843,true,true
7111.7202,true,true
7115.9049,true,false
7079.6031,true,true
7074.6442,true,true
7145.2068,true,true
7127.5471,true,true
7174.0735,true,true
7081.2038,true,true
7134.1523,true,true
7188.6003,true,true
7110.6719,true,true
7077.7341,true,true
7307.1770,true,true
7229.1564,true,true
7376.7371,true,true
7323.1703,true,true
7245.6356,true,true
7330.1200,true,true
7268.9097,true,true
7637.0726,true,true
7202.9144,true,true
7334.2353,true,true
7419.7744,true,false
7278.3461,true,true
7199.4015,true,true
7368.6815,true,true
7326.0967,true,true
7192.3871,true,true
7253.6050,true,true
7170.7573,true,true
7334.3040,true,true
7226.7607,true,true
7169.3036,true,true
7399.9523,true,true
7166.5889,true,true
7180.4561,true,true
7146.3728,true,true
7204.9014,true,true
7208.0926,true,true
7416.5895,true,false
7135.7155,true,true
7130.4317,true,true
7506.4873,true,true
7260.4610,true,false
7120.3215,true,true
7269.0973,true,true
7209.3473,true,true
7228.0723,true,true
7322.3395,true,true
7277.4951,true,true
7258.9330,true,true
7525.0867,true,true
7228.9739,true,true
7226.1505,true,true
7226.1392,true,true
7229.4719,true,true
7268.0721,true,true
7287.5742,true,true
7306.7092,true,true
7218.9695,true,true
7230.9548,true,true
8013.5121,true,true
7233.6761,true,true
7231.2798,true,true
7261.2568,true,false
7279.7083,true,true
7239.2289,true,true
7255.1861,true,true
7242.8527,true,true
7323.4589,true,true
7242.8917,true,true
7282.4582,true,true
7272.6896,true,true
7222.9594,true,true
7308.8299,true,true
7252.9692,true,true
7299.4803,true,true
7261.1024,true,true
7325.6903,true,false
7351.5737,true,true
7343.7198,true,false
7339.0454,true,false
7261.1528,true,true
7787.2470,true,true
7272.6398,true,true
7266.5316,true,true
7270.3100,true,true
7309.7641,true,true
7919.2109,true,true
7364.7491,true,true
7356.0703,true,true
7268.6011,true,true
7306.7825,true,true
7270.6168,true,true
7239.5168,true,true
7190.5839,true,true
7321.6601,true,true
7184.4399,true,true
7340.6024,true,true
7185.5661,true,true
7405.1557,true,true
7186.8240,true,true
7313.0189,true,true
7193.7323,true,true
7225.3706,true,true
7193.9488,true,true
7182.4956,true,true
7200.0951,true,true
7228.8855,true,true
7216.8113,true,true
7184.0923,true,true
7338.1146,true,true
7237.5482,true,false
7181.7937,true,true
7349.6259,true,true
7396.8965,true,true
8090.1737,true,true
7227.6387,true,true
7178.7571,true,true
7182.8663,true,true
7176.5906,true,true
7174.3343,true,true
7249.7571,true,false
7349.8863,true,false
7199.6625,true,false
7336.1154,true,false
7105.1515,true,true
7139.7237,true,false
7091.9751,true,true
7087.8270,true,true
7086.0091,true,true
7092.9172,true,true
7099.9791,true,true
7273.0060,true,true
7243.0648,true,true
7113.6536,true,true
7070.7626,true,true
7112.7291,true,true
7283.9462,true,false
7179.5145,true,false
7153.0763,true,true
7125.9726,true,true
7187.5676,true,true
7284.0966,true,true
7207.5071,true,true
7221.1852,true,true
7047.3470,true,true
7367.3189,true,false
7191.5267,true,true
7285.8854,true,true
7215.1313,true,true
7239.6342,true,false
7214.1465,true,true
7284.4091,true,true
7110.2991,true,true
7109.8607,true,true
7062.3399,true,true
7236.3390,true,true
7103.6919,true,true
7119.8791,true,true
7136.0049,true,false
7200.2629,true,true
7646.8930,true,true
7126.7622,true,true
7150.9394,true,true
7284.7624,true,true
7112.9401,true,true
7150.6840,true,true
7116.6280,true,true
7189.6610,true,true
7115.1872,true,true
7340.4557,true,true
7114.5123,true,true
7183.8309,true,true
7115.3439,true,true
7134.0412,true,false
7113.2783,true,true
7109.1730,true,true
7338.4714,true,true
7341.9310,true,true
7336.2396,true,true
7133.2296,true,false
7108.6964,true,true
7173.4949,true,false
7090.2521,true,true
7094.6121,true,true
7198.4197,true,false
7197.4479,true,false
7083.7787,true,true
7196.3778,true,false
7190.2062,true,false
7080.2917,true,true
7059.1511,true,true
7165.7782,true,true
7413.4596,true,true
7217.0612,true,true
7187.1802,true,false
7142.0088,true,true
7165.2816,true,true
7161.6346,true,true
7054.3477,true,true
7048.5555,true,true
7095.7409,true,true
7060.4114,true,true
7148.1443,true,false
7055.7326,true,true
7090.4816,true,true
7084.6909,true,true
7059.7650,true,true
7057.7375,true,true
7203.7310,true,false
7164.9532,true,false
7058.8572,true,true
7089.5824,true,true
7111.6103,true,true
7114.8193,true,false
7177.3456,true,true
7189.9727,true,false
7060.1265,true,true
7062.7123,true,true
7071.1649,true,true
7155.6482,true,false
7132.3776,true,true
6995.8947,true,true
7058.1636,true,true
6995.8665,true,true
6987.9005,true,true
7121.3537,true,true
6988.1045,true,true
6975.7352,true,true
6994.9942,true,true
7017.7073,true,false
7180.5542,true,false
6976.9163,true,true
7120.8184,true,true
7149.2624,true,true
7146.9149,true,false
7185.5282,true,false
7148.0958,true,true
7587.7826,true,true
7025.2954,true,true
7014.2005,true,true
7011.9518,true,true
7080.8943,true,false
7193.1200,true,true
7015.6432,true,true
7057.3883,true,true
7143.9969,true,true
7106.6482,true,true
7201.2349,true,true
7226.1178,true,true
7206.5343,true,true
7294.2611,true,false
7185.0158,true,true
7286.8989,true,true
7208.8141,true,true
7087.9140,true,true
7225.0745,true,true
7231.7262,true,true
7370.4553,true,true
7101.2273,true,true
7100.8795,true,true
7269.8604,true,true
7280.6419,true,true
7255.5990,true,true
7266.1050,true,true
7086.6867,true,true
7224.5947,true,true
7281.6247,true,true
7317.2667,true,true
7086.1685,true,true
7297.5054,true,true
7270.3514,true,true
7083.0413,true,true
7078.4412,true,true
7087.9318,true,true
7070.0324,true,true
7251.5457,true,true
7475.1304,true,true
7263.1264,true,true
7082.8152,true,true
7078.0410,true,true
7448.2910,true,true
7143.2721,true,false
7075.6648,true,true
7079.3557,true,true
7069.0145,true,true
7075.3130,true,true
7062.6336,true,true
7063.6587,true,true
7124.8039,true,true
7075.1795,true,true
7164.4656,true,true
7118.7043,true,true
7067.8190,true,true
7066.0043,true,true
7098.8566,true,true
7201.8427,true,false
7124.6985,true,true
7178.7182,true,true
7140.5987,true,true
7094.2532,true,true
7072.2087,true,true
7116.3150,true,true
7080.6035,true,true
7238.8298,true,true
7180.0469,true,true
7218.6667,true,true
7157.8406,true,true
7287.1726,true,true
7274.8448,true,true
7271.7566,true,true
7156.2657,true,true
7384.9083,true,false
7383.9757,true,false
7348.6501,true,true
7179.2259,true,false
7386.9640,true,true
8080.3506,true,true
7182.0739,true,true
7451.3328,true,true
7170.1091,true,true
7272.8250,true,true
7171.0171,true,true
7380.7037,true,true
7171.4831,true,true
7360.5021,true,true
7208.9678,true,true
7184.8596,true,true
7166.8476,true,true
7211.5293,true,true
7346.5948,true,false
7353.1538,true,false
7228.8473,true,false
7170.8847,true,true
7190.4745,true,false
7181.3397,true,true
7178.8447,true,true
7184.6110,true,true
7595.8546,true,true
7435.9586,true,true
7261.9188,true,true
7302.2609,true,true
7193.8054,true,true
7250.4161,true,true
7341.1272,true,true
7283.5950,true,true
7197.2978,true,true
7303.8751,true,true
7195.1627,true,true
7281.7522,true,true
7189.1871,true,true
7279.1090,true,true
7563.8172,true,true
7202.4041,true,true
7312.7923,true,true
7253.8280,true,true
7226.9634,true,true
7339.9588,true,true
7295.3583,true,true
7239.9235,true,false
7225.0933,true,true
7257.8583,true,true
7225.4671,true,false
7384.5603,true,true
7647.8766,true,true
7271.1304,true,true
7318.4191,true,true
7238.5594,true,true
7244.5552,true,true
7293.0774,true,true
7217.8564,true,true
7212.0226,true,true
7284.2525,true,false
7333.5629,true,true
7267.8142,true,false
7215.3297,true,true
7466.6020,true,true
7354.1600,true,false
7253.8375,true,true
7269.6933,true,false
7354.6926,true,true
7348.5719,true,true
7347.3433,true,true
7402.7473,true,true
7388.3919,true,true
7370.8967,true,true
7236.9970,true,true
7263.5773,true,false
7232.4752,true,true
7277.6766,true,true
7277.7208,true,true
7342.3920,true,true
7331.8055,true,true
7291.5864,true,true
7317.1123,true,true
7282.7922,true,true
7314.2347,true,true
7465.3550,true,false
7298.4718,true,true
7298.5276,true,true
7295.8128,true,true
7367.8372,true,true
7359.0118,true,true
7372.1953,true,true
7387.9571,true,false
7292.0439,true,true
7426.8801,true,false
7363.7655,true,true
7357.7674,true,true
7361.0730,true,true
7309.6713,true,true
7427.7059,true,false
7311.8708,true,true
7355.0116,true,true
7361.7947,true,true
7328.2018,true,true
7354.3328,true,true
7351.3041,true,true
7327.8539,true,true
7315.8149,true,true
7347.0271,true,true
7392.2376,true,true
7324.4195,true,true
7394.8121,true,true
7379.2557,true,false
7411.6994,true,false
7665.3037,true,true
7354.4218,true,true
7477.1289,true,true
7390.9027,true,true
7337.9213,true,true
7395.1447,true,true
7365.6423,true,false
7336.8831,true,true
7375.6919,true,false
7485.3981,true,true
7373.1948,true,true
7320.3888,true,true
7320.7803,true,true
7372.3276,true,true
7423.5733,true,false
7367.4031,true,false
7387.8279,true,true
7376.2960,true,false
7291.8483,true,true
7288.3123,true,true
7319.8637,true,false
7361.8830,true,true
7326.3166,true,true
7289.0849,true,true
7404.1258,true,true
7417.0816,true,true
7507.7797,true,true
7664.8784,true,false
7711.7580,true,true
7855.5448,true,true
7553.0351,true,true
7636.2223,true,true
7580.1489,true,true
7552.0686,true,false
7543.4236,true,true
7572.9065,true,true
7729.9155,true,true
7620.5693,true,true
7543.5628,true,true
7645.5543,true,false
7594.2005,true,true
7607.7851,true,true
7643.5534,true,true
7597.7134,true,false
7607.8189,true,true
7594.4657,true,true
7600.7908,true,true
7567.8167,true,true
7618.4240,true,true
7512.5332,true,true
7646.6436,true,true
7597.9321,true,true
7512.1255,true,true
7579.6004,true,true
7597.4313,true,false
7512.1748,true,true
7608.2949,true,true
7516.4230,true,true
7515.6985,true,true
7639.2130,true,true
7591.4378,true,true
7535.6824,true,true
7565.6269,true,true
7565.4376,true,true
7540.1698,true,true
7529.2313,true,true
7527.3666,true,true
7530.8703,true,true
7633.4591,true,false
7641.8975,true,true
7649.6386,true,true
7628.2358,true,true
7606.9372,true,true
7644.4867,true,false
7692.6466,true,true
7990.5557,true,true
7653.8767,true,true
7639.9496,true,true
7831.4650,true,true
7625.5694,true,false
7684.7562,true,true
7613.5216,true,true
7678.6141,true,true
7720.5782,true,true
7643.7193,true,true
7768.6551,true,true
7693.5104,true,true
7673.8149,true,false
7651.9244,true,true
7618.1709,true,true
7731.0183,true,true
7685.9467,true,true
7561.4317,true,true
7739.0857,true,true
7734.9217,true,true
7550.4421,true,true
7742.1586,true,true
7736.4097,true,true
7605.3573,true,true
7784.6153,true,true
7554.8404,true,true
7564.3986,true,true
7995.1445,true,true
7577.3142,true,true
7764.2217,true,true
7761.3510,true,true
7730.5027,true,true
7780.4517,true,true
7891.3556,true,true
7563.0726,true,true
7762.2797,true,false
7770.5937,true,true
7576.6593,true,true
7644.6228,true,false
7576.0469,true,true
7573.7643,true,true
7630.7697,true,true
7603.7348,true,false
7601.0446,true,true
7618.0602,true,true
7577.7040,true,true
7572.9049,true,true
7582.5986,true,true
7792.7558,true,false
7596.1806,true,true
7705.7503,true,true
7621.3761,true,true
7682.6873,true,true
7661.0410,true,true
7684.7701,true,true
7653.9235,true,true
7658.5808,true,true
8293.0193,true,true
7597.9976,true,true
7711.7912,true,false
7688.4365,true,true
7682.8893,true,true
7673.7154,true,true
7579.9864,true,true
7618.8581,true,false
7717.9370,true,true
7608.1558,true,true
7647.2722,true,true
7604.5104,true,true
7732.3534,true,true
7606.1465,true,true
7631.7353,true,true
7653.1435,true,true
7698.0148,true,false
7608.6056,true,true
7754.4489,true,true
7774.2733,true,false
7798.3526,true,true
7730.7678,true,true
7676.4368,true,false
7648.8595,true,true
7701.4020,true,false
7639.9273,true,true
7717.8598,true,false
7747.7112,true,true
7714.3379,true,true
7642.0478,true,true
7679.6342,true,true
7672.0407,true,true
7662.8155,true,true
7704.0400,true,true
7650.3625,true,true
7714.0095,true,false
7651.3001,true,true
7655.6604,true,true
7650.3437,true,true
7733.2782,true,true
7748.2420,true,false
7718.7003,true,true
7681.8996,true,true
7642.7497,true,true
7634.3087,true,true
7693.9673,true,false
7706.6319,true,true
7619.5073,true,true
7623.4780,true,true
7623.5255,true,true
7716.3449,true,true
7686.6708,true,true
7689.6628,true,true
7633.0136,true,true
7717.5304,true,true
7630.0200,true,true
7659.7592,true,true
7630.0680,true,true
7619.9786,true,true
7760.9652,true,true
7620.2783,true,true
7605.7777,true,true
7654.4528,true,false
7632.6512,true,false
7742.2152,true,false
7716.4650,true,true
7605.3979,true,true
7848.7068,true,true
7679.2978,true,true
7780.2306,true,true
7755.6526,true,true
7735.0596,true,true
7873.9165,true,false
7877.2531,true,true
7811.2306,true,true
7780.4152,true,true
7756.1111,true,true
7780.4699,true,false
7778.8984,true,true
7818.7778,true,true
7750.4116,true,true
7803.1691,true,true
7809.8007,true,true
7882.2189,true,true
8555.1988,true,true
7759.6176,true,true
7765.5745,true,true
7765.1716,true,true
7792.6264,true,true
8167.9146,true,true
8281.6484,true,true
7982.2396,true,true
7722.5854,true,true
8152.2313,true,true
7766.0489,true,true
7843.5932,true,true
7819.3645,true,true
7941.6132,true,true
7843.2832,true,false
7753.1275,true,true
7730.4057,true,true
7733.7867,true,true
7862.1866,true,true
7738.8013,true,true
7747.2957,true,true
7904.7619,true,true
7863.3832,true,false
7780.3613,true,true
7773.9372,true,true
7821.8639,true,true
7747.8841,true,true
7876.1951,true,true
7799.5003,true,true
7806.1780,true,true
8022.6577,true,true
7985.2311,true,true
7801.1733,true,true
7853.1554,true,false
7811.3413,true,false
7831.7399,true,false
7782.5778,true,true
7806.3766,true,true
7804.3200,true,true
7992.3127,true,true
7788.3897,true,true
8042.3813,true,true
7798.9238,true,false
7834.7063,true,true
7795.2885,true,true
7823.5313,true,true
7812.6665,true,true
7791.5199,true,true
7857.6771,true,false
7785.8812,true,true
7790.1538,true,true
7821.4371,true,true
7905.0200,true,true
7848.7821,true,true
7788.1188,true,true
7833.6381,true,false
7798.6422,true,true
7797.4510,true,true
8135.3074,true,true
7788.5310,true,true
7789.7049,true,true
7787.1114,true,true
7859.5848,true,true
7801.6946,true,true
7973.9725,true,true
7754.4686,true,true
7736.6975,true,true
7732.8898,true,true
7835.0584,true,true
7711.4953,true,true
7724.2679,true,true
7708.9573,true,true
7877.8940,true,true
7709.1864,true,true
7954.3867,true,true
7697.5058,true,true
7760.1305,true,true
7894.9268,true,false
7719.6541,true,true
7718.7284,true,true
7936.9001,true,true
7889.5289,true,false
7842.6898,true,true
7745.5450,true,true
7723.7894,true,true
7708.3447,true,true
7775.4154,true,true
7922.6853,true,true
7589.8169,true,true
7759.1798,true,true
7587.3886,true,true
7837.8914,true,false
7827.4932,true,false
7600.1340,true,true
7624.2050,true,true
7818.5341,true,true
7781.0882,true,true
7606.0147,true,true
7900.0537,true,false
7603.7641,true,true
7586.2229,true,true
7708.3152,true,false
7582.5439,true,true
7681.7426,true,true
7841.1581,true,false
7820.0147,true,true
7583.2593,true,true
7641.6075,true,true
7588.5534,true,true
7597.2736,true,true
7594.6449,true,true
7654.6050,true,true
7642.2408,true,true
7758.4958,true,false
7580.5020,true,true
7623.1093,true,true
7587.5170,true,true
7601.2029,true,true
7593.3852,true,true
7584.9113,true,true
7579.0642,true,true
7634.6150,true,true
7577.0083,true,true
7583.2041,true,true
7605.8840,true,true
7613.2525,true,true
7644.6360,true,true
7607.2717,true,true
7604.2362,true,true
7600.1329,true,true
8040.2580,true,true
7630.9760,true,true
7603.4714,true,true
7666.1497,true,true
7588.5358,true,true
7607.6828,true,true
7599.1286,true,true
7593.2085,true,true
7593.8958,true,true
7614.0449,true,true
7688.0425,true,true
7682.1068,true,true
7602.8157,true,true
7651.0087,true,false
7594.6434,true,true
7679.6192,true,true
7626.4608,true,true
7692.0747,true,false
7611.4318,true,true
7638.2531,true,true
7608.2693,true,true
7984.5410,true,true
7603.3326,true,true
7600.4308,true,true
7603.8795,true,true
7635.6196,true,true
7748.7287,true,true
7619.8896,true,false
7689.0403,true,true
7605.6155,true,true
7652.3695,true,true
7644.1143,true,true
8022.6162,true,true
7594.9843,true,true
7727.4914,true,true
7641.2498,true,true
7571.6395,true,true
7579.7353,true,true
7573.9325,true,true
7568.1633,true,true
7775.0573,true,true
7572.2310,true,true
7670.4942,true,false
7531.6706,true,true
7691.5503,true,false
7563.3466,true,true
7576.0888,true,true
7835.5109,true,true
7568.6210,true,true
7569.3459,true,true
8147.7278,true,true
7654.4232,true,true
7579.4906,true,true
7581.2754,true,true
7620.4572,true,true
7690.3871,true,true
7579.4064,true,true
7577.5848,true,true
7577.7040,true,true
7693.3894,true,false
7582.0242,true,true
7541.7898,true,true
7538.6840,true,true
7581.4308,true,true
7698.2851,true,true
7564.8265,true,true
7559.6909,true,true
7655.3360,true,true
7576.7264,true,true
7630.3882,true,true
7601.0267,true,true
7782.0256,true,false
7597.9939,true,true
7660.5697,true,false
7616.8509,true,true
7723.1858,true,true
7616.9789,true,true
7627.1862,true,true
7630.8603,true,true
7588.1278,true,true
7585.3937,true,true
8026.0023,true,true
7711.2745,true,false
7584.3894,true,true
7659.2714,true,false
7646.8327,true,true
7643.9693,true,true
7738.4244,true,false
7613.9445,true,true
7862.9936,true,true
7592.1137,true,true
7696.6782,true,false
7583.5470,true,true
7583.8876,true,true
7589.6631,true,true
7614.1630,true,true
7622.3187,true,false
7575.8377,true,true
7582.1572,true,true
7608.3315,true,true
7571.8434,true,true
7570.1004,true,true
7565.8650,true,true
7616.1734,true,true
7635.0536,true,false
7657.5456,true,true
7577.1481,true,true
7706.3224,true,false
7662.6553,true,false
7714.2403,true,false
7603.7510,true,false
7618.7364,true,false
7528.5584,true,true
7687.9770,true,true
7544.8785,true,true
7751.2079,true,true
7541.8498,true,true
7621.7909,true,true
7547.3390,true,true
7625.5548,true,true
7609.9392,true,true
7654.9968,true,true
7565.9289,true,false
7608.8297,true,true
7778.1572,true,true
7562.4087,true,true
7880.8644,true,true
7563.0693,true,true
7666.2728,true,true
7560.6601,true,true
7556.2886,true,true
7918.3649,true,true
7549.9038,true,true
7638.6446,true,true
7546.8250,true,true
7564.7775,true,true
7584.7938,true,true
7607.3895,true,true
7574.2150,true,true
7580.9803,true,true
7573.0254,true,true
7621.4362,true,true
7587.2563,true,true
7582.6827,true,true
7676.8753,true,true
7623.4180,true,true
7586.8625,true,true
7679.8145,true,false
7625.3839,true,true
7589.1951,true,true
7611.9704,true,false
7610.4361,true,false
7635.8054,true,true
7593.9085,true,true
7600.9255,true,false
7594.1888,true,true
7590.1908,true,true
7617.4063,true,false
7620.7731,true,false
7577.9088,true,true
7587.2910,true,true
7690.0890,true,true
7712.9180,true,false
7688.4434,true,false
7578.9979,true,true
7561.9607,true,true
7627.6231,true,true
7754.1657,true,true
7699.9430,true,true
7620.0691,true,false
7564.5735,true,true
7565.6181,true,true
7564.4657,true,true
7678.4561,true,true
7568.2899,true,true
7637.3178,true,true
7602.9977,true,true
7665.5472,true,false
7600.6020,true,true
7717.9365,true,true
7583.7284,true,true
7580.5618,true,true
7614.1198,true,true
7611.0875,true,true
7589.7239,true,true
7580.6159,true,true
7580.0752,true,true
7687.6896,true,true
7801.6940,true,true
7645.4035,true,true
7667.4060,true,true
7558.3292,true,true
7712.2492,true,false
7565.5015,true,true
7578.6335,true,true
7603.7417,true,true
7546.1157,true,true
7541.1533,true,true
7532.2641,true,true
7662.0331,true,true
7659.2646,true,true
7479.1660,true,true
7517.9893,true,true
7524.7891,true,true
8257.8170,true,true
7535.0518,true,true
7537.8684,true,true
7703.8507,true,true
7718.3456,true,false
7550.4313,true,true
7610.3674,true,true
7946.0860,true,true
7544.1081,true,true
7690.4483,true,false
7567.6692,true,true
7579.9232,true,true
7639.0407,true,false
7734.0165,true,true
7592.0491,true,true
7645.7439,true,true
7677.0534,true,true
7769.7986,true,true
7715.6507,true,true
7610.2289,true,true
7874.1461,true,true
7604.4058,true,true
7599.8732,true,true
7631.1627,true,true
7726.2668,true,true
7670.6224,true,true
7499.9396,true,true
7854.3151,true,true
7773.7997,true,true
7727.3350,true,true
7733.6025,true,true
7795.9657,true,true
7524.1928,true,true
7666.3212,true,true
7532.1936,true,true
7665.9992,true,true
7548.8072,true,true
7530.0410,true,true
7698.8859,true,false
7714.8035,true,false
7645.5608,true,true
7541.2651,true,false
7767.9273,true,true
7922.1181,true,true
7705.9538,true,true
7533.9069,true,true
7530.9335,true,true
7700.1664,true,true
7578.4027,true,true
7537.1881,true,true
7540.8955,true,true
7820.2879,true,true
7520.5283,true,true
7518.9147,true,true
7520.4635,true,true
7772.6684,true,true
7566.9382,true,true
7576.4225,true,true
7518.3397,true,true
7510.4079,true,true
7541.9653,true,false
7478.4576,true,true
7641.9678,true,false
7507.6465,true,true
7648.2975,true,true
7506.4372,true,true
7580.2198,true,true
7642.0827,true,false
7504.2786,true,true
7619.9790,true,false
7649.4291,true,false
7558.8470,true,true
7643.3191,true,true
7559.7472,true,true
7556.6230,true,true
7620.6289,true,false
7656.4520,true,true
7954.2943,true,true
7714.0588,true,true
7527.7506,true,true
7618.7612,true,true
7519.3483,true,true
7500.0688,true,true
7489.5199,true,true
7468.9504,true,true
7514.5475,true,true
7491.4070,true,true
7589.8614,true,false
7610.4912,true,false
7517.0375,true,true
7567.0671,true,true
7773.3657,true,true
7527.8963,true,false
7510.2563,true,true
7504.1658,true,true
7659.7998,true,false
7626.7155,true,true
7494.8548,true,true
7517.8818,true,false
7562.7920,true,true
7557.7432,true,true
7713.2490,true,false
7486.4624,true,true
8033.1214,true,true
7493.9585,true,true
7487.3490,true,true
7532.0454,true,false
7535.4295,true,true
7483.1421,true,true
7663.4298,true,true
7557.6734,true,false
7474.3208,true,true
7568.4492,true,false
7471.5210,true,true
7530.6283,true,true
7550.9255,true,true
7559.6723,true,true
7509.9477,true,false
7694.4452,true,true
7880.8160,true,true
7542.4104,true,true
7650.9407,true,true
7563.2064,true,true
7651.9920,true,true
7554.4509,true,true
7327.7129,true,true
7462.4108,true,true
7413.0569,true,true
7344.0244,true,true
7576.3592,true,true
7570.6339,true,false
7556.4383,true,true
7550.6890,true,true
7568.6006,true,true
7371.6070,true,true
7355.4812,true,true
7353.0842,true,true
7350.0331,true,true
7573.6386,true,true
7562.6803,true,false
7356.2185,true,true
7608.9993,true,false
7410.9824,true,false
7492.8120,true,true
7368.3607,true,true
7360.1637,true,true
7403.7923,true,true
7388.3284,true,true
7385.5909,true,true
7756.7107,true,true
7360.8444,true,true
7414.6328,true,true
7374.4078,true,false
7438.1318,true,true
7385.9898,true,true
7371.8551,true,true
7390.7574,true,true
7896.5031,true,true
7372.8633,true,true
7371.8712,true,true
7441.9563,true,true
7432.9749,true,true
7509.9713,true,true
7418.9209,true,true
7503.6743,true,true
7480.2169,true,false
7412.6460,true,true
7409.7992,true,true
7439.9331,true,true
7447.0615,true,true
7502.4688,true,false
7466.8145,true,true
7441.9340,true,true
7514.3679,true,true
7458.7211,true,true
7545.0118,true,false
7546.3273,true,true
7628.1697,true,true
7623.0347,true,true
7546.5418,true,false
7590.9925,true,true
7546.8894,true,true
8003.9536,true,true
7570.3435,true,true
7571.2638,true,true
7536.0282,true,true
7600.2480,true,true
7553.9342,true,true
7583.1617,true,false
7629.6060,true,true
7577.3233,true,true
7559.0076,true,true
7598.8497,true,true
7557.1743,true,true
7671.8760,true,false
7648.2659,true,false
7576.6950,true,true
7654.9537,true,true
7587.6816,true,true
7561.8501,true,true
7556.0447,true,true
7645.4283,true,true
7542.8780,true,true
7573.9249,true,true
7597.5643,true,true
7601.3020,true,true
7674.4948,true,true
7780.8611,true,true
7656.2524,true,true
7861.5036,true,true
7657.5893,true,true
7701.0176,true,true
7551.8243,true,true
7687.5966,true,true
7563.7105,true,true
7658.1547,true,false
7725.8700,true,true
7591.9432,true,true
7569.0150,true,true
7568.2317,true,true
7584.8101,true,true
7701.6596,true,true
7565.0721,true,true
7752.7163,true,true
7570.2885,true,true
7555.1691,true,true
7659.4898,true,true
7740.5819,true,false
7748.3737,true,false
7628.5544,true,false
7875.5466,true,true
7842.3696,true,true
7598.9748,true,true
7569.1647,true,true
7566.2271,true,true
7683.0424,true,false
7569.5900,true,true
7623.1080,true,true
7920.6431,true,true
7883.2822,true,true
7569.7948,true,true
7885.4572,true,true
7571.0604,true,true
7560.8061,true,true
7596.1362,true,true
7568.5599,true,true
7842.1435,true,true
7470.9165,true,true
7578.1094,true,true
7579.0782,true,true
7576.7446,true,true
7572.2590,true,true
7781.6353,true,false
7757.3489,true,false
7639.3003,true,true
8016.5495,true,true
7777.4602,true,true
7773.1402,true,true
7838.4217,true,true
7855.6370,true,true
7638.3390,true,true
7808.1805,true,true
7782.9443,true,true
7834.4219,true,true
7669.3117,true,true
7806.8278,true,true
7799.7473,true,true
7838.9560,true,false
7822.4936,true,false
7660.1340,true,true
7704.2617,true,false
7655.8925,true,true
7877.7938,true,true
7695.3584,true,false
7777.5425,true,false
7665.1284,true,true
7761.6792,true,false
7669.0699,true,true
7990.8935,true,true
7669.7147,true,true
7695.1259,true,true
7793.6989,true,false
7673.6366,true,true
7672.3716,true,true
7680.0830,true,true
7720.7357,true,true
7724.0564,true,true
7716.1681,true,true
7602.7181,true,true
7683.9907,true,true
7671.6785,true,true
7609.2469,true,true
8069.3283,true,true
7942.5888,true,true
7756.9311,true,true
7645.2439,true,true
7694.2585,true,true
7856.7596,true,false
7685.5807,true,true
7706.3760,true,true
7690.4161,true,true
7611.1261,true,true
7684.4622,true,false
7682.1092,true,true
7766.7408,true,false
7719.9510,true,true
7628.5318,true,true
7627.1577,true,true
7906.1007,true,true
7630.7600,true,false
7801.7708,true,true
7756.0413,true,false
7945.9626,true,true
7614.7309,true,true
7639.5106,true,true
7668.8932,true,false
7607.8554,true,true
7656.2476,true,true
7613.0017,true,true
7651.8126,true,true
7607.1690,true,true
7674.9269,true,false
8172.0087,true,true
7605.7286,true,true
7603.8318,true,true
8121.4201,true,true
7606.6866,true,true
7687.7718,true,true
7656.6664,true,true
7789.2724,true,true
7651.7760,true,true
7803.3746,true,true
7630.2609,true,true
7620.0425,true,true
7709.2708,true,true
7622.4643,true,true
7719.0019,true,false
7375.6464,true,true
7411.1163,true,true
7764.5475,true,true
7546.5215,true,false
7796.9614,true,true
7783.4804,true,false
7490.5395,true,true
7781.5950,true,true
7490.2486,true,true
7774.6746,true,true
7850.6394,true,false
7497.9078,true,true
7510.6519,true,true
8322.6264,true,true
7536.8617,true,true
7457.9936,true,true
7503.0242,true,true
7839.1004,true,false
7557.3531,true,true
7532.5303,true,true
7509.8327,true,true
7506.0744,true,true
7504.3000,true,true
7563.6784,true,true
7562.4303,true,true
7503.2338,true,true
7523.9845,true,false
7503.1328,true,true
7490.2868,true,true
8249.1430,true,true
7578.4895,true,true
7439.0393,true,true
7499.9634,true,true
7675.9277,true,true
7628.3974,true,true
7625.1063,true,true
7587.6536,true,true
7506.9826,true,true
7691.5882,true,true
7525.9727,true,true
7743.6902,true,true
7664.0273,true,true
7502.5155,true,true
7506.2631,true,true
7595.6045,true,true
7489.8572,true,true
7661.7639,true,true
7487.9968,true,true
7705.1874,true,false
7552.8386,true,true
7538.0220,true,true
7479.1316,true,true
7535.9426,true,true
7484.0977,true,true
7589.4588,true,false
7671.9822,true,false
7798.6306,true,true
7482.5223,true,true
7489.1231,true,true
7504.1246,true,true
7827.3284,true,false
7768.1393,true,true
7723.5683,true,true
7731.2414,true,true
7723.0567,true,true
7761.2050,true,true
7851.0690,true,false
7761.1598,true,true
7734.7294,true,true
7785.2581,true,true
7792.1799,true,true
7744.1064,true,true
8428.6011,true,true
7783.0104,true,true
7828.2352,true,true
7753.9090,true,true
7877.6711,true,true
7789.7610,true,true
7790.1607,true,true
7763.3274,true,true
7844.7056,true,true
7766.6462,true,true
7828.9030,true,true
7849.3943,true,false
7759.9427,true,true
7789.7077,true,true
7759.2456,true,true
8121.8442,true,true
7755.6241,true,true
7759.3912,true,true
7819.8752,true,true
7810.7140,true,false
7809.3740,true,true
7847.0052,true,false
7760.4697,true,true
7818.7247,true,true
7783.3961,true,false
7768.6891,true,true
7847.4381,true,false
7775.7600,true,true
7809.6171,true,true
7772.5244,true,true
7836.1428,true,true
7778.5693,true,true
7875.3705,true,true
7907.6303,true,true
7769.3670,true,true
7786.3789,true,false
7763.0556,true,true
7991.5339,true,true
7777.6650,true,true
7807.8542,true,true
7871.5969,true,false
7801.1143,true,false
7769.4845,true,true
7854.3832,true,true
7774.0241,true,true
7794.3804,true,true
7769.6948,true,true
7963.7928,true,true
7792.4347,true,false
7791.0488,true,false
7814.7602,true,true
7824.1771,true,true
7760.4566,true,true
7814.5318,true,true
7814.9595,true,true
7795.9026,true,false
7862.8999,true,false
7762.8666,true,true
7868.0331,true,false
7799.9507,true,true
7788.2011,true,true
7761.4033,true,true
7707.2414,true,true
7693.9033,true,true
7704.4839,true,true
7681.1222,true,true
7766.8276,true,true
7742.7330,true,true
8161.8752,true,true
7748.2515,true,true
7753.6453,true,true
7786.0283,true,true
7785.9503,true,true
7780.2844,true,true
7916.3053,true,true
7795.7530,true,true
7735.7496,true,true
7737.0445,true,true
7732.1924,true,true
7741.4973,true,true
7817.2676,true,false
7818.1025,true,true
7957.8890,true,false
7847.0570,true,true
7884.9804,true,true
7951.4096,true,false
7784.0577,true,true
8019.5399,true,true
7776.3270,true,true
7759.1400,true,true
7829.8056,true,true
8011.1319,true,false
7923.2351,true,true
7887.9451,true,true
7881.8066,true,true
7885.0404,true,true
7878.8786,true,true
7900.2676,true,false
7920.5042,true,true
7915.4922,true,true
7863.0062,true,true
8463.3050,true,true
7856.2023,true,true
7911.2915,true,true
8159.7693,true,true
7861.0572,true,true
7863.1750,true,true
7881.4124,true,false
7934.6316,true,false
7864.5092,true,true
7896.3388,true,true
7930.5583,true,true
7820.2965,true,true
7879.8757,true,true
7938.4392,true,false
7861.4578,true,true
7866.3695,true,true
7932.8923,true,true
7884.7727,true,true
7870.8254,true,true
7958.5912,true,true
7951.0180,true,true
7876.0262,true,true
7925.0288,true,true
7951.3949,true,true
7983.9652,true,false
8090.2747,true,true
7885.6919,true,true
7883.5570,true,true
7921.7359,true,true
7919.8842,true,true
7989.8608,true,false
7938.3865,true,false
7931.9564,true,true
7866.3529,true,true
7870.0545,true,true
7990.6132,true,false
7868.7833,true,true
7968.1937,true,true
7872.9189,true,true
7873.9581,true,true
7881.7679,true,true
7979.5128,true,true
7880.0877,true,true
7884.5534,true,true
7903.7532,true,true
7883.0860,true,true
7991.9409,true,true
7996.6055,true,true
8052.4334,true,true
7977.8466,true,false
7986.4411,true,true
7879.8872,true,true
8012.2232,true,true
7884.9475,true,true
7947.5629,true,false
7927.4014,true,true
7890.9029,true,true
8069.0911,true,true
7971.7716,true,true
7928.3358,true,true
8116.9085,true,true
7732.1877,true,true
7984.9560,true,true
7716.8409,true,true
7920.4072,true,true
7727.9629,true,true
7900.3427,true,true
8017.0187,true,false
7950.2761,true,true
7754.9973,true,true
8083.2495,true,true
7905.5481,true,false
7727.4399,true,true
7761.8413,true,true
7724.3644,true,true
8105.6433,true,true
7785.4222,true,true
7829.8054,true,true
8003.0547,true,true
7814.7915,true,true
8101.8120,true,true
7815.2757,true,true
7872.6222,true,true
7854.7062,true,true
7854.7931,true,true
7827.8182,true,true
8152.4769,true,false
7819.9672,true,true
7815.0812,true,true
7858.8927,true,true
7823.0172,true,true
8151.3977,true,true
7827.2040,true,true
7831.0055,true,true
7913.8893,true,false
7874.3978,true,false
7859.8742,true,false
7929.6058,true,true
7862.2667,true,true
7889.6189,true,false
7824.4647,true,true
7908.9202,true,true
7840.6196,true,true
7848.6372,true,true
7846.3142,true,true
7871.9696,true,false
7824.0493,true,true
7886.3469,true,true
8224.2977,true,true
7842.0350,true,false
7832.6093,true,true
7881.2283,true,true
7854.9591,true,true
7869.8657,true,true
7864.3095,true,true
7824.1717,true,true
7833.7483,true,true
7887.0050,true,false
7781.8208,true,true
7777.3889,true,true
7600.8799,true,true
7860.1247,true,false
7869.6225,true,true
7613.9243,true,true
7621.3719,true,true
7932.8902,true,false
7908.2152,true,true
7621.6047,true,true
7635.7086,true,true
7689.1956,true,true
7912.6537,true,true
7904.5151,true,true
7942.3846,true,true
7892.4564,true,false
7624.9860,true,true
7954.4532,true,true
7654.7136,true,true
7902.3295,true,false
7631.8695,true,true
7607.7934,true,true
7627.9896,true,true
7657.7450,true,false
7617.1573,true,true
7614.9706,true,true
7648.6889,true,false
7620.9388,true,true
7687.5870,true,true
7600.4459,true,true
7729.4187,true,true
7735.7955,true,true
7635.8952,true,true
8040.4209,true,true
7706.6784,true,false
7658.1776,true,true
7661.6409,true,true
7715.3714,true,true
7559.2163,true,true
7728.4346,true,false
7614.0541,true,false
7577.4658,true,true
7562.9524,true,true
7652.6396,true,true
7964.8124,true,true
7571.0272,true,true
7574.7405,true,true
7733.1636,true,false
7572.2257,true,true
7599.8784,true,true
7578.3940,true,true
7568.0135,true,true
7569.4536,true,true
7770.2509,true,false
7662.3140,true,true
7739.4701,true,true
7626.3671,true,true
7628.3922,true,true
7677.5988,true,true
7541.2881,true,true
7623.8107,true,true
7523.7103,true,true
7667.4799,true,true
7666.2995,true,true
7663.3229,true,true
7515.4371,true,true
7661.5117,true,true
7519.1097,true,true
7519.7710,true,true
7897.3862,true,true
7678.6872,true,true
7543.1256,true,true
7515.4843,true,true
7709.9801,true,true
7531.3706,true,true
7747.5856,true,false
7604.7923,true,false
7569.6051,true,false
7608.7244,true,true
7545.9086,true,true
7538.1651,true,true
7785.1250,true,true
7732.7073,true,false
7560.2320,true,true
7545.6857,true,true
7628.5220,true,false
7488.6173,true,true
7579.3375,true,true
7488.7443,true,true
7669.1671,true,true
7656.6357,true,true
7485.0396,true,true
7795.4585,true,true
7502.7787,true,true
7478.6819,true,true
7628.5919,true,true
7635.3032,true,true
7489.4805,true,true
7547.2112,true,true
7479.6837,true,true
7570.4249,true,true
7555.9469,true,true
7522.7338,true,true
7566.4179,true,true
7515.3362,true,false
7521.6976,true,true
7514.6399,true,true
7502.4900,true,true
7513.0874,true,true
7618.4083,true,false
7616.9301,true,true
7699.5154,true,false
7624.9043,true,true
7497.4817,true,true
7555.1774,true,true
7495.9399,true,true
7494.0016,true,true
7528.6496,true,false
7489.4761,true,true
8096.2933,true,true
7480.2633,true,true
7523.7855,true,true
7492.7930,true,true
7804.0755,true,true
7511.0990,true,true
7566.8415,true,true
7566.2736,true,false
7480.4998,true,true
7487.9779,true,true
7666.3262,true,true
7590.8720,true,true
7684.1834,true,true
7710.3437,true,true
7773.7530,true,true
7670.7430,true,true
7666.3090,true,true
7738.0048,true,true
7649.9705,true,true
7668.5585,true,false
7696.9545,true,true
7705.7035,true,true
7652.9602,true,true
7689.8819,true,true
7730.7206,true,true
7480.9811,true,true
7435.8892,true,true
7695.9200,true,true
7761.5571,true,false
7424.8191,true,true
7744.6552,true,false
7710.2713,true,true
7575.5904,true,false
8138.5585,true,true
7770.2401,true,false
7430.8395,true,true
7859.8094,true,true
7836.0589,true,true
7433.5168,true,true
7447.4865,true,true
7491.3520,true,false
7475.8299,true,true
7794.2905,true,false
7491.2328,true,true
7441.9432,true,true
7536.1751,true,true
8198.0462,true,true
7533.0437,true,true
7789.9782,true,true
8163.2456,true,true
7449.0156,true,true
8040.8468,true,true
7516.2149,true,false
7542.6915,true,false
7539.6622,true,true
7555.6320,true,true
7561.8894,true,false
8018.1891,true,true
7515.8500,true,true
7498.4263,true,true
7521.3095,true,true
7540.5750,true,true
7521.5029,true,true
7519.7428,true,true
7471.4721,true,true
7505.6048,true,true
7521.9772,true,true
7472.9350,true,true
7520.5427,true,true
7505.6373,true,true
7469.0196,true,true
7547.9371,true,true
7471.2584,true,true
7552.7417,true,true
7546.6724,true,true
7429.6422,true,true
7492.1695,true,true
7516.0952,true,true
7506.7001,true,true
7513.6849,true,true
7407.7185,true,true
7403.0639,true,true
7426.6453,true,true
7397.3045,true,true
7403.9399,true,true
7400.8665,true,true
7399.0259,true,true
7375.9847,true,true
7360.3735,true,true
7448.2199,true,true
7622.5332,true,false
7361.3308,true,true
7626.2137,true,false
7511.1498,true,false
7422.2141,true,true
7504.9954,true,true
7362.1380,true,true
7494.1198,true,true
7382.3699,true,true
7445.9263,true,true
7527.1765,true,false
7528.2314,true,true
7754.1616,true,true
7438.0336,true,true
7534.5733,true,true
7536.7138,true,false
7466.4590,true,true
7470.6277,true,true
7511.4502,true,true
7667.2112,true,false
7607.6486,true,true
7497.7183,true,true
7494.7334,true,true
7511.3346,true,false
7712.5619,true,true
7581.8381,true,true
7538.5595,true,true
7505.8303,true,true
7537.3739,true,true
7560.8879,true,false
7567.6864,true,false
7524.5963,true,true
7647.3685,true,true
7514.7197,true,true
7577.8019,true,true
7582.2849,true,true
7533.3716,true,true
7541.6948,true,true
7545.4868,true,true
7469.5209,true,true
7460.5853,true,true
7464.7975,true,true
7590.2250,true,true
7461.7294,true,true
7464.9246,true,true
7504.3954,true,false
7542.8081,true,true
7448.8592,true,true
7431.2479,true,true
7617.2370,true,false
7537.3418,true,true
7432.2569,true,true
7500.1217,true,true
7656.5448,true,true
7523.3601,true,true
7528.8514,true,true
7603.0758,true,true
7525.9537,true,true
7748.4126,true,true
7446.9669,true,true
7563.5266,true,false
7431.6521,true,true
7543.2998,true,true
7435.5935,true,true
7418.1622,true,true
7409.8849,true,true
7537.2012,true,true
7574.4310,true,true
7440.7816,true,true
7417.5509,true,true
7426.8302,true,true
7411.6892,true,true
7404.5615,true,true
7491.4447,true,true
7743.1018,true,true
7546.7761,true,true
7447.4056,true,true
7460.8145,true,true
7542.7873,true,true
7536.9219,true,true
7530.6996,true,true
7527.1593,true,true
7825.9027,true,true
7495.9375,true,true
7890.8228,true,true
7838.8176,true,true
7526.3380,true,true
7560.6094,true,true
7637.5978,true,true
7495.6630,true,true
7498.9199,true,true
7494.5727,true,true
7540.4768,true,false
7508.9127,true,true
7503.3413,true,true
7507.3737,true,true
7496.6161,true,true
7562.3555,true,true
7554.2547,true,true
7495.0806,true,true
7614.0003,true,true
7493.5155,true,true
7534.9749,true,false
7487.4947,true,true
8671.2082,true,true
7559.4405,true,false
7575.3508,true,true
7509.1307,true,false
7474.9467,true,true
7563.2959,true,true
7566.5050,true,true
7661.4348,true,true
7567.0089,true,true
7560.9435,true,true
7469.7294,true,true
7563.0035,true,true
7932.5317,true,true
7720.0696,true,true
7768.2019,true,false
7611.4645,true,true
7576.1378,true,true
7565.2374,true,true
7574.6389,true,true
7625.4923,true,true
7830.1278,true,true
7565.3816,true,true
7841.3842,true,true
7554.8758,true,true
7738.3089,true,true
7976.9708,true,true
7631.2376,true,false
7661.1225,true,true
7692.7487,true,true
7899.2851,true,true
7605.6834,true,true
7604.1649,true,true
7572.0477,true,true
7575.5084,true,true
7569.6232,true,true
7562.6570,true,true
7632.0849,true,true
7567.0311,true,true
7705.1401,true,false
7699.3189,true,true
7692.5141,true,false
7626.6724,true,true
7657.9500,true,true
7649.6755,true,true
8020.7276,true,true
7684.4193,true,true
7646.7529,true,true
7613.3961,true,true
7799.5111,true,true
7763.0134,true,true
7706.9763,true,false
7606.7473,true,true
7747.4477,true,true
7599.5057,true,true
7602.4078,true,true
8043.9160,true,true
7753.4846,true,true
7751.3458,true,true
7754.9240,true,true
7830.1048,true,false
7800.7092,true,true
7788.7595,true,true
7702.0489,true,true
7826.0125,true,true
7703.5499,true,true
7706.4762,true,true
7752.4160,true,false
7759.3114,true,true
7784.8766,true,true
7761.5111,true,true
7748.8593,true,false
7759.5551,true,false
7762.7125,true,true
7736.8086,true,true
7737.8695,true,true
7783.3723,true,true
7750.4312,true,true
7742.0647,true,true
7739.2920,true,true
7876.6448,true,false
7739.1348,true,true
7838.8594,true,true
7748.7735,true,true
7795.3033,true,true
7818.8231,true,true
7864.9060,true,true
7841.9506,true,true
7897.3483,true,false
7822.7436,true,true
7836.3916,true,true
7820.9282,true,true
7817.8736,true,true
7961.6681,true,true
7861.9076,true,true
7947.7270,true,true
8102.1786,true,true
7854.0190,true,true
7834.0091,true,true
8051.6367,true,true
7831.4155,true,true
7846.2900,true,true
7871.3674,true,false
7837.1292,true,true
7816.1643,true,true
7807.4355,true,true
7874.5745,true,false
8073.1307,true,true
8193.1720,true,true
8012.0513,true,false
7988.9621,true,false
7887.8902,true,true
7890.4505,true,true
7921.9584,true,true
7972.8585,true,false
7881.7142,true,true
8038.2345,true,true
7868.5338,true,true
7875.1655,true,true
7988.0209,true,true
7870.0875,true,true
8042.9712,true,true
7925.6774,true,true
7898.7978,true,false
7937.2865,true,true
7957.9458,true,true
7984.5584,true,false
7890.9366,true,true
7935.4824,true,true
7894.8398,true,true
7928.2265,true,true
7959.0163,true,true
7962.8913,true,true
7933.8111,true,true
7937.9459,true,true
7942.4751,true,true
7948.8285,true,true
7984.4726,true,true
7930.9682,true,true
7984.2602,true,true
8096.9761,true,true
8010.6778,true,false
7983.9978,true,true
8072.4704,true,true
8061.3148,true,true
8086.9224,true,true
8010.7871,true,false
7938.2982,true,true
7975.9560,true,true
7974.9555,true,true
7944.5216,true,true
7948.0246,true,true
8001.8557,true,true
8041.8157,true,false
8028.1515,true,true
7915.4438,true,true
7926.7618,true,true
7917.0637,true,true
8304.9771,true,true
7959.3719,true,true
8027.9951,true,true
8056.5473,true,true
8078.9709,true,true
8073.0568,true,true
8188.7294,true,true
8086.5242,true,true
8148.2482,true,true
8110.3972,true,true
8223.3924,true,true
8153.8855,true,true
8244.6771,true,true
8185.2829,true,true
8242.1887,true,false
8144.9134,true,true
8113.7423,true,true
8149.8624,true,true
8218.5460,true,true
8131.8228,true,true
8186.5413,true,true
8148.2853,true,true
8156.9878,true,true
8246.8486,true,true
8192.0931,true,true
8181.1143,true,true
8162.3965,true,true
8163.5622,true,true
8182.4826,true,true
8160.8938,true,true
8158.5243,true,true
8262.7830,true,false
8167.0889,true,true
8464.8157,true,true
8230.5600,true,true
8160.3387,true,true
8164.1490,true,true
8239.9593,true,true
8209.9868,true,true
8333.0867,true,true
8221.6428,true,false
8167.4505,true,true
8166.9725,true,true
8168.0291,true,true
8166.1643,true,true
8163.0983,true,true
8229.9802,true,false
8241.2441,true,true
8181.8626,true,true
8243.6199,true,true
8341.3538,true,true
8167.8754,true,true
8165.1979,true,true
8163.8355,true,true
8159.3046,true,true
8156.9746,true,true
8157.9489,true,true
8225.7292,true,true
8151.7209,true,true
8183.0330,true,false
8162.8920,true,true
8206.9782,true,true
8155.4893,true,true
8144.3158,true,true
8208.0558,true,true
8143.3915,true,true
8203.4709,true,true
8126.6352,true,true
8236.5583,true,true
8127.5903,true,true
8172.0152,true,true
8264.9563,true,true
8278.5220,true,true
8110.4734,true,true
8186.1685,true,true
8110.2670,true,true
8284.2887,true,false
8149.0855,true,true
8119.4325,true,true
8113.2181,true,true
8174.8047,true,true
8158.7572,true,true
8148.0147,true,true
8157.5428,true,true
8256.3383,true,true
8781.6374,true,true
8328.5814,true,true
8257.3979,true,false
8397.2965,true,true
8175.8542,true,true
8145.1803,true,true
8135.9932,true,true
8209.6503,true,false
8137.6844,true,true
8147.1846,true,true
8136.5949,true,true
8140.3229,true,true
8322.1694,true,true
8146.0896,true,true
8139.2108,true,true
8171.6250,true,true
8129.6007,true,true
8183.5982,true,false
8129.9950,true,true
8241.2896,true,false
8332.6146,true,true
8189.3852,true,true
8157.9633,true,true
8152.0959,true,true
8149.0006,true,true
8195.0952,true,true
8179.5115,true,true
8176.9995,true,true
8185.0722,true,true
8135.0122,true,true
8135.3512,true,true
8252.5570,true,false
8144.4828,true,true
8138.5992,true,true
8160.5546,true,true
8144.8869,true,true
8150.9087,true,true
8144.8057,true,true
8144.4237,true,true
8213.4596,true,true
8143.1167,true,true
8165.9728,true,false
8279.8559,true,true
8142.3663,true,true
8141.3435,true,true
8258.6520,true,true
8136.8375,true,true
8142.6826,true,true
8112.1333,true,true
8099.8874,true,true
8198.8652,true,true
8106.1193,true,true
8110.4642,true,true
8235.4011,true,true
8320.6499,true,true
8130.2625,true,true
8174.5605,true,true
8096.9273,true,true
8279.6999,true,false
8083.4588,true,true
8083.3101,true,true
8199.0027,true,false
8078.8228,true,true
8082.1216,true,true
8229.6784,true,true
8358.9778,true,true
8115.0557,true,false
8098.4461,true,true
8151.5596,true,false
8235.9920,true,true
8162.3448,true,false
8187.6893,true,true
8125.6528,true,true
8212.1132,true,false
8118.6362,true,true
8135.0905,true,true
8141.5991,true,true
8124.2778,true,true
8117.1429,true,true
8223.1190,true,true
8114.0038,true,true
8107.9369,true,true
8395.2831,true,true
8335.2236,true,true
8853.3893,true,true
8173.3994,true,true
8130.8256,true,true
8137.2295,true,true
8136.1539,true,true
8224.0681,true,true
8228.5621,true,true
8205.3706,true,true
8134.5854,true,true
8169.2741,true,true
8119.7742,true,true
8184.6919,true,true
8165.0359,true,true
8258.7341,true,true
8218.9328,true,true
8316.8592,true,true
8258.2408,true,true
8239.9725,true,true
8249.5444,true,true
8215.3375,true,true
8309.7036,true,false
8357.6107,true,true
8353.1180,true,true
8216.3277,true,true
8322.0968,true,false
8266.3305,true,true
8206.6541,true,true
8212.5412,true,true
8206.3232,true,true
8247.7592,true,true
8260.3376,true,true
8251.5955,true,true
8227.1105,true,true
8246.9205,true,true
8350.5681,true,false
8178.7154,true,true
8380.7044,true,true
8375.7465,true,true
8187.4443,true,true
8334.8152,true,true
8180.7594,true,true
8359.8490,true,false
8131.7968,true,true
8284.3233,true,true
8282.8006,true,true
8315.5439,true,true
8347.3769,true,false
8240.1190,true,true
8316.4143,true,true
8278.8535,true,true
8143.0787,true,true
8176.8208,true,true
8151.2304,true,true
8149.4958,true,true
8137.1460,true,true
8350.9975,true,false
8140.1240,true,true
8152.7226,true,true
8325.6961,true,true
8379.6214,true,false
8132.7932,true,true
8115.0136,true,true
8196.5104,true,true
8134.4226,true,true
8327.9195,true,false
8287.5987,true,true
8172.6631,true,true
8330.6654,true,false
8192.0306,true,true
8128.5478,true,true
8143.4587,true,true
8163.2562,true,true
8264.0848,true,true
8204.9386,true,true
8184.7771,true,false
8135.0911,true,true
8174.8135,true,false
8131.7507,true,true
8192.1409,true,true
8294.8892,true,false
8175.6179,true,true
8173.8604,true,true
8255.8774,true,true
8591.3100,true,true
8188.4551,true,true
8162.1287,true,true
8139.5482,true,true
8137.3585,true,true
8222.5849,true,true
8219.7141,true,true
8349.2496,true,true
8241.5510,true,true
8242.3755,true,false
8137.4443,true,true
8210.8558,true,true
8242.8057,true,false
8153.2978,true,true
8318.9287,true,false
8195.2504,true,true
8221.1867,true,true
8177.6241,true,true
8194.2220,true,true
8284.8706,true,true
8169.9727,true,true
8182.8328,true,true
8208.9693,true,true
8172.0842,true,true
8176.3280,true,true
8175.4246,true,true
8224.7740,true,true
8260.5177,true,false
8274.6152,true,true
8226.0170,true,true
8252.9874,true,true
8194.3906,true,true
8198.0823,true,true
8283.6124,true,false
8269.9696,true,true
8151.3138,true,true
8391.4271,true,true
8149.7119,true,true
8156.0257,true,true
8233.8073,true,true
8272.1925,true,true
8156.7089,true,true
8153.6791,true,true
8151.3065,true,true
8254.1169,true,true
8344.3814,true,true
8541.9763,true,true
8156.1571,true,true
8287.8772,true,true
8227.1237,true,true
8206.4558,true,true
8456.0556,true,true
8227.9296,true,true
8239.1394,true,false
8230.2971,true,true
8252.3299,true,true
8258.7196,true,true
8229.8613,true,true
8250.6592,true,true
8374.1746,true,true
8285.7441,true,true
8511.3579,true,true
8299.6869,true,true
8334.2949,true,true
8250.1056,true,true
8304.4185,true,true
8313.6666,true,true
8275.8742,true,true
8251.5302,true,true
8253.6605,true,true
8251.5487,true,true
8362.6688,true,true
8252.6096,true,true
8250.9231,true,true
8369.5654,true,true
8255.2906,true,true
8246.5344,true,true
8265.5845,true,true
8331.4193,true,false
8255.9982,true,true
8246.9076,true,true
8288.6969,true,true
8362.2987,true,true
8313.4557,true,true
8329.3382,true,true
8326.2835,true,true
8318.0701,true,false
8250.0875,true,true
8247.4301,true,true
8291.5986,true,false
8350.7236,true,false
8362.2300,true,false
8250.9321,true,true
8243.9726,true,true
8237.3879,true,true
8233.0138,true,true
8408.7794,true,true
8244.8445,true,true
8244.1068,true,true
8235.9972,true,true
8271.6029,true,true
8236.3556,true,true
8199.0374,true,true
8241.6333,true,true
8232.3622,true,true
8301.7220,true,true
8183.6456,true,true
8364.1525,true,false
8188.0968,true,true
8298.8482,true,true
8655.1845,true,true
8364.5938,true,true
8283.3866,true,false
8203.9107,true,true
8336.8037,true,false
8203.3037,true,true
8291.0510,true,true
8331.7715,true,true
8660.6491,true,true
8202.5811,true,true
8246.0271,true,true
8336.6808,true,true
8325.2506,true,true
8336.3889,true,false
8233.5838,true,true
8186.9142,true,true
8093.6630,true,true
8674.4280,true,true
8095.7102,true,true
8095.5545,true,true
8425.3075,true,true
8377.7104,true,false
8104.4884,true,true
8128.8569,true,true
8270.0724,true,true
8095.3524,true,true
8061.6875,true,true
8268.6816,true,true
8077.6386,true,true
8079.6008,true,true
8074.3336,true,true
8147.1325,true,true
8319.5492,true,false
8282.6066,true,true
8082.4867,true,true
8166.4721,true,true
8173.0492,true,false
8080.5867,true,true
8330.0573,true,true
8120.8616,true,true
8084.9717,true,true
8160.3948,true,true
8082.3337,true,true
8173.1262,true,false
8085.0788,true,true
8127.0350,true,false
8071.2337,true,true
8108.9008,true,true
8055.9951,true,true
7997.2213,true,true
7968.6910,true,true
7965.5411,true,true
7949.6852,true,true
7941.5974,true,true
7935.0202,true,true
8118.4083,true,true
7967.9564,true,true
7974.0306,true,true
8030.8987,true,true
8002.6629,true,true
8221.6823,true,false
8029.0352,true,true
7973.8080,true,true
7970.7709,true,true
8221.4191,true,true
8004.1948,true,true
7993.9125,true,true
7990.9212,true,true
8137.7298,true,false
8029.0979,true,true
8000.2491,true,true
8003.8171,true,true
8001.1754,true,false
8030.0357,true,true
7986.9854,true,true
7997.5863,true,true
8304.6327,true,true
8085.5233,true,false
8032.0605,true,true
8054.5904,true,true
8140.6641,true,false
8119.1535,true,false
8068.0496,true,true
8137.2733,true,false
8080.0575,true,true
8129.1705,true,true
8121.3574,true,true
8134.6668,true,true
8099.0996,true,true
8102.4852,true,true
7938.0257,true,true
7907.4838,true,true
8124.1665,true,false
8130.5458,true,true
8103.8879,true,false
7912.2060,true,true
9034.4383,true,true
8129.2238,true,true
7904.3198,true,true
8145.3991,true,true
7895.1747,true,true
8709.5802,true,true
7970.1572,true,true
8315.6009,true,true
7943.6857,true,true
7899.8057,true,true
7905.3324,true,true
7903.1473,true,true
8351.4636,true,true
7942.6169,true,true
9062.9090,true,true
7978.7509,true,true
7930.2435,true,true
7984.0711,true,false
8204.1204,true,true
8060.7417,true,true
7945.4631,true,false
7998.7356,true,true
7906.2283,true,true
7920.1236,true,false
7989.4472,true,true
7905.6840,true,true
7911.3292,true,true
7984.3095,true,true
7994.0637,true,false
7921.5957,true,true
7951.1374,true,true
8249.2920,true,true
7956.4987,true,true
7916.4316,true,true
8010.8883,true,true
7950.2531,true,true
8286.1299,true,true
8006.9070,true,false
7825.0384,true,true
7835.2180,true,true
7839.0942,true,true
7856.0769,true,true
7871.9071,true,true
7845.7741,true,true
7960.2728,true,false
8376.5499,true,true
7843.9054,true,true
7839.7033,true,true
8006.4943,true,true
7834.8788,true,true
8034.0836,true,true
8041.2988,true,true
8001.3045,true,true
8019.1459,true,false
8034.9850,true,false
8033.3540,true,false
7856.5113,true,false
7900.4392,true,true
7841.8324,true,true
8046.8337,true,false
7875.9101,true,true
7889.3337,true,true
7847.0232,true,true
7922.5386,true,true
7848.9406,true,true
7881.9911,true,true
7881.7738,true,true
7875.5296,true,true
7876.1674,true,true
7933.4292,true,true
7921.5440,true,true
7877.7374,true,true
7921.1080,true,true
7914.2916,true,true
7936.2267,true,true
7913.0911,true,true
7885.1767,true,true
8152.3062,true,true
8220.2254,true,false
7908.7900,true,true
7880.8260,true,true
7951.3577,true,true
7931.6759,true,false
8008.4140,true,true
7920.8042,true,true
7788.6382,true,true
7787.3482,true,true
7778.3394,true,true
7862.4683,true,false
7769.1450,true,true
7785.7747,true,true
7771.3574,true,true
7789.3318,true,true
7814.3885,true,false
7826.9385,true,true
7789.6252,true,true
8027.3542,true,false
7935.1315,true,false
8024.8777,true,false
7842.0864,true,false
8049.6408,true,true
7852.2131,true,true
7987.4378,true,true
7863.1177,true,true
7845.0713,true,true
8021.9422,true,false
7819.6122,true,true
7801.6884,true,true
7804.9405,true,true
7804.0457,true,true
7774.7150,true,true
7851.9536,true,true
7877.1587,true,false
7867.9457,true,false
7717.9046,true,true
7700.6992,true,true
8408.0330,true,true
7695.9119,true,true
7861.7513,true,true
7756.1703,true,true
7803.6546,true,true
7811.4314,true,true
7843.9562,true,true
7969.6045,true,false
7802.7017,true,true
7817.7929,true,true
7800.4829,true,true
7985.2345,true,true
7818.0659,true,true
7840.1291,true,true
7843.3503,true,true
7882.3163,true,true
8240.7196,true,false
7819.5725,true,true
8064.8600,true,true
7820.6142,true,true
7836.0145,true,true
8309.1093,true,true
7892.8710,true,true
7578.0431,true,true
7543.1597,true,true
7912.8827,true,false
7879.2034,true,true
7857.9409,true,true
7801.4140,true,false
7857.7474,true,true
7931.6100,true,true
7537.0108,true,true
7561.4097,true,true
7559.6084,true,true
7557.0667,true,true
7925.3655,true,true
7544.6358,true,true
7608.5793,true,true
7540.8522,true,true
7600.5415,true,true
7594.6503,true,true
7522.8527,true,true
8126.3274,true,true
7622.9656,true,false
8150.0938,true,false
7536.0357,true,true
7940.9509,true,true
7601.3732,true,true
7563.8121,true,true
7673.9778,true,true
7637.5942,true,true
7553.0340,true,true
7569.1958,true,true
7563.6494,true,true
7555.6671,true,true
8392.7455,true,true
7582.2569,true,true
7556.4445,true,true
7545.7353,true,true
7547.1073,true,true
7651.0476,true,false
7557.4575,true,true
7555.3169,true,true
7993.2256,true,true
7645.8447,true,false
7549.1508,true,true
7592.0691,true,true
7581.8971,true,true
8295.0472,true,true
7554.1695,true,true
7652.5818,true,true
7575.6143,true,true
7557.5206,true,true
7582.9028,true,true
7628.0781,true,false
7562.7609,true,true
7607.4199,true,true
7562.4959,true,true
7558.3574,true,true
7558.7223,true,true
7593.3974,true,true
7553.4471,true,true
7551.3676,true,true
7645.1480,true,false
7551.6241,true,true
7612.1992,true,true
7610.2442,true,true
7608.7381,true,true
7644.2719,true,false
7592.2391,true,true
7608.1660,true,true
7586.8429,true,true
7586.7713,true,true
7633.9698,true,false
7585.1109,true,true
7583.2783,true,true
7604.1568,true,true
7680.8910,true,true
7646.7340,true,true
7581.4024,true,true
7585.7303,true,true
7616.3404,true,true
7583.3063,true,true
7578.5792,true,true
7582.7323,true,true
7521.9902,true,true
7508.6083,true,true
7508.3548,true,true
7514.7090,true,true
7507.5481,true,true
7638.5099,true,true
7604.4130,true,true
7673.8964,true,true
7662.3942,true,true
7512.6866,true,true
8211.3617,true,true
7502.2805,true,true
7465.0917,true,true
7492.7836,true,true
7523.0131,true,true
7900.1484,true,true
7724.5762,true,false
7503.2446,true,true
7583.3015,true,true
7587.3589,true,true
7551.2701,true,true
7529.4212,true,true
7745.4203,true,true
7529.3522,true,false
7608.1015,true,true
7605.4105,true,true
7814.7604,true,false
7597.2874,true,true
7745.4410,true,true
7656.3487,true,true
7759.9972,true,true
7664.6217,true,true
7639.5842,true,true
7800.8875,true,true
7637.9809,true,true
7634.9394,true,true
7694.3950,true,false
7910.2509,true,true
7779.1111,true,true
7946.8731,true,false
7768.8029,true,true
7751.4897,true,true
7780.4970,true,true
7944.2923,true,false
7752.1111,true,true
7790.5555,true,true
7991.9806,true,true
7746.2353,true,true
7840.6023,true,true
7850.0487,true,false
7864.8108,true,false
7769.0661,true,true
7806.9748,true,true
7782.6449,true,true
7802.0880,true,true
7761.2411,true,true
7743.6366,true,true
7799.6199,true,false
7737.1679,true,true
7870.7632,true,false
7771.2638,true,true
7756.1385,true,false
7750.6207,true,true
7737.7181,true,true
7868.6988,true,true
7786.3731,true,false
7834.4177,true,true
7791.1505,true,true
7885.1383,true,false
7819.7500,true,false
7788.9255,true,true
7954.8554,true,true
7742.3110,true,true
7818.8617,true,false
7743.8902,true,true
8284.5266,true,true
7759.8954,true,true
7789.3009,true,false
7808.5709,true,true
7943.1285,true,true
7748.5898,true,true
7743.0124,true,true
7774.5952,true,true
7739.4134,true,true
7749.2148,true,true
7900.7187,true,true
7796.4459,true,true
7830.9637,true,false
7903.8433,true,false
7746.8291,true,true
7748.6952,true,true
7818.6124,true,true
7749.9045,true,true
7858.1713,true,false
7721.6435,true,true
7718.6671,true,true
7712.6618,true,true
7733.0761,true,true
7719.9401,true,true
7785.4703,true,false
7786.6440,true,true
7661.4374,true,true
8549.1700,true,true
7839.2459,true,true
7651.8727,true,true
7651.9546,true,true
7765.7541,true,true
7741.5555,true,true
7854.3737,true,true
7834.4968,true,true
7659.3476,true,true
7831.7861,true,true
7779.7900,true,false
7659.2101,true,true
7693.6009,true,true
7680.5742,true,true
8052.7463,true,true
7788.8704,true,true
7895.7203,true,true
7667.7535,true,true
7666.6886,true,true
7818.0980,true,false
7868.6776,true,true
7690.5829,true,true
7662.8946,true,true
7657.0372,true,true
7800.3234,true,true
7658.8988,true,true
8122.1021,true,true
7658.8011,true,true
7658.1380,true,true
7657.7257,true,true
7971.6385,true,true
7692.0146,true,true
7737.9158,true,false
7670.1612,true,true
7731.8412,true,true
7988.7902,true,true
7676.1381,true,true
7682.7109,true,true
7732.0284,true,true
7685.9160,true,true
7708.7887,true,true
7674.3526,true,true
7752.6810,true,true
7676.1961,true,true
7730.3657,true,true
7733.8991,true,true
7749.1416,true,true
7678.9743,true,true
8282.0802,true,true
7804.1516,true,false
7698.3746,true,false
7692.0372,true,true
7679.3724,true,true
7715.1514,true,true
8102.4493,true,true
7731.7627,true,true
7705.5636,true,true
7677.5375,true,true
7963.3067,true,true
7673.4122,true,true
7670.7359,true,true
7674.5317,true,true
7776.0605,true,true
7770.8150,true,true
7671.8408,true,true
7715.2085,true,true
7797.1806,true,false
7712.3104,true,true
7826.7154,true,true
7677.7175,true,true
7667.4931,true,true
7700.7353,true,false
7764.5594,true,false
7662.5038,true,true
7782.3740,true,true
7664.9006,true,true
7697.1945,true,false
7641.0480,true,true
7642.5360,true,true
7712.9933,true,true
7763.1456,true,false
7841.3821,true,false
7785.1836,true,true
7870.1006,true,false
7784.9195,true,true
7754.8623,true,true
7782.7616,true,true
7755.4082,true,true
7752.0536,true,true
7755.3699,true,true
7749.6226,true,true
7736.3594,true,true
7738.6064,true,true
7739.1707,true,true
7736.5627,true,true
7745.6741,true,true
7734.0862,true,true
7765.8050,true,true
7780.7169,true,true
7737.8392,true,true
7736.4035,true,true
7733.0572,true,true
7737.4036,true,true
7800.0768,true,true
7760.5925,true,true
7741.9073,true,true
7734.0087,true,true
7672.8753,true,true
7835.4055,true,false
7707.3181,true,true
7682.4694,true,true
7673.8662,true,true
7674.9332,true,true
7781.2161,true,true
7675.4098,true,true
7668.1707,true,true
7667.9515,true,true
7664.3768,true,true
7663.6182,true,true
7660.2031,true,true
7941.7006,true,true
7663.7329,true,true
8089.4745,true,true
7796.4564,true,false
7770.1239,true,false
7769.7878,true,true
7644.7765,true,true
7643.9526,true,true
7780.0865,true,true
7650.2905,true,true
7687.4669,true,false
8135.6889,true,false
7812.0070,true,false
7659.4558,true,true
7736.6016,true,true
7712.1610,true,true
7709.4213,true,true
7639.2207,true,true
7642.5686,true,true
7652.6113,true,true
7721.4819,true,true
7643.5096,true,true
7774.9315,true,true
7700.8681,true,true
7971.3067,true,true
7735.4745,true,true
7627.4932,true,true
7729.5076,true,true
7612.3071,true,true
7765.7565,true,false
7611.9968,true,true
7595.3855,true,true
7778.6740,true,true
7634.5703,true,true
7749.2138,true,false
7786.1265,true,false
7708.5902,true,true
7713.3466,true,true
8132.0139,true,true
7646.2655,true,true
7654.1714,true,true
7647.7706,true,true
7680.4511,true,true
7852.8415,true,true
7640.8907,true,true
7643.7342,true,true
7719.2530,true,true
7651.7126,true,true
7683.4955,true,true
7650.2050,true,true
7649.5414,true,true
7862.5956,true,true
7711.4815,true,true
7699.7776,true,true
7532.3062,true,true
7667.1246,true,false
7467.5112,true,true
7901.9952,true,true
7735.8226,true,false
7684.1759,true,true
8111.2972,true,true
7552.8583,true,false
7477.1161,true,true
7886.0828,true,true
7736.3538,true,true
7477.0925,true,true
7528.2322,true,true
7509.4581,true,true
7512.8878,true,true
7757.5017,true,false
7498.8556,true,true
7499.2509,true,true
7728.9323,true,false
7507.2543,true,true
7531.0482,true,true
7903.3669,true,true
7469.5583,true,true
7482.3423,true,true
7475.8233,true,true
7475.8626,true,true
7474.3296,true,true
7812.7076,true,true
7787.0160,true,true
7498.1259,true,true
7779.7751,true,true
7421.4879,true,true
7444.6607,true,true
7820.4995,true,true
7451.9118,true,true
7565.0898,true,true
7470.7252,true,true
7542.0492,true,true
7496.7280,true,true
7472.4717,true,true
7470.4278,true,true
7467.9851,true,true
7463.8291,true,true
7592.3370,true,true
7475.3686,true,true
7463.6403,true,true
7562.0263,true,true
7547.8901,true,true
8014.0049,true,true
7468.9041,true,true
7455.6137,true,true
7657.7999,true,true
7506.1461,true,true
7537.9149,true,true
7463.7790,true,true
7442.5246,true,true
8014.2752,true,true
7436.2980,true,true
7534.6248,true,true
7705.1356,true,true
7560.8348,true,true
7489.0298,true,true
7548.4178,true,true
7534.0929,true,true
7505.8318,true,true
7513.0102,true,true
7513.9455,true,true
7612.2857,true,true
7515.6073,true,true
7513.1979,true,true
7561.4980,true,false
7528.1897,true,true
7612.2570,true,false
7612.2193,true,true
7684.9125,true,true
7595.4503,true,true
7614.4224,true,false
7581.0865,true,true
7538.3228,true,true
7506.5402,true,true
7625.3793,true,true
7615.0906,true,false
7500.7046,true,true
7610.4814,true,false
7592.8874,true,true
7515.8021,true,true
7594.7670,true,true
7589.0039,true,true
7852.2229,true,true
7671.0162,true,true
7637.0659,true,false
7545.3360,true,true
7439.5122,true,true
7584.3633,true,true
7416.3699,true,true
7409.9072,true,true
7401.6379,true,true
7550.3410,true,true
7659.0843,true,true
7409.7434,true,true
7479.5448,true,true
7624.6768,true,true
7593.6787,true,true
7396.9265,true,true
7623.6015,true,false
7380.3316,true,true
7384.6987,true,true
7377.4379,true,true
7614.3168,true,false
7525.8494,true,true
7377.3830,true,true
7375.7488,true,true
7711.1310,true,true
7435.1352,true,false
7593.2208,true,true
7372.2308,true,true
7372.2300,true,true
7371.1943,true,true
7411.2794,true,true
7704.4855,true,true
7369.3388,true,true
7329.6966,true,true
7348.1173,true,true
7433.8729,true,true
7412.2230,true,true
8016.5035,true,true
7469.6004,true,true
7535.5085,true,true
7533.2168,true,true
7515.5202,true,true
7509.7444,true,true
7513.3244,true,true
7603.1636,true,true
7614.2852,true,false
7601.1788,true,false
7495.1726,true,true
7585.8786,true,true
7479.4307,true,true
7744.3350,true,true
7960.5353,true,true
7620.7814,true,false
7496.9460,true,true
7481.4138,true,true
7484.6307,true,true
7586.0392,true,true
7492.4972,true,true
7485.4593,true,true
7671.0650,true,true
7484.2966,true,true
7505.6550,true,false
7651.0808,true,true
7503.0928,true,false
7475.4183,true,true
7473.7013,true,true
7481.3462,true,true
7439.6420,true,true
7581.2528,true,false
7480.0414,true,true
7661.8489,true,true
7622.2585,true,true
7732.3591,true,true
7649.8155,true,false
7569.4890,true,true
7669.0219,true,false
7503.1767,true,true
7666.2769,true,false
7649.3503,true,true
7495.0224,true,true
7650.2737,true,true
7594.5645,true,true
7495.2568,true,true
7495.3036,true,true
7498.2715,true,true
7528.3953,true,true
7497.9672,true,true
7809.1565,true,true
7675.2296,true,true
7540.6741,true,true
7593.6321,true,true
7530.0601,true,true
7954.3443,true,true
7742.0311,true,true
7683.4691,true,false
7499.4013,true,true
7496.9027,true,true
7511.0329,true,true
7555.3423,true,true
7547.8098,true,true
7505.1336,true,true
7542.9871,true,true
7520.1737,true,true
7563.7574,true,true
7590.9393,true,true
7772.8913,true,true
7523.0878,true,true
7554.3404,true,true
7499.8951,true,true
7648.3729,true,true
7564.6484,true,true
7202.9169,true,true
7303.0815,true,true
7602.1647,true,true
7541.2499,true,true
7555.6415,true,true
7599.8761,true,true
7570.8246,true,true
7268.2352,true,true
7293.5451,true,false
7607.7988,true,true
7267.7946,true,true
7290.1748,true,false
7268.0853,true,true
7652.5442,true,false
7680.9050,true,false
7652.0138,true,false
7599.8520,true,false
7672.3504,true,true
7331.0564,true,false
7272.3093,true,true
7271.5492,true,true
7716.1864,true,true
7672.5139,true,false
7256.7183,true,true
7243.0425,true,true
7446.3203,true,false
7306.2557,true,true
7252.5825,true,true
7383.0132,true,true
7332.5436,true,true
7349.1956,true,true
7280.3077,true,true
7259.9048,true,true
7403.3956,true,true
7309.5055,true,true
7364.4532,true,false
7387.2445,true,false
7266.3896,true,true
7461.1291,true,true
7396.0542,true,false
7153.4866,true,true
7336.7462,true,true
7480.5623,true,true
7336.3249,true,true
7445.8596,true,true
7414.3620,true,true
7155.8317,true,true
7321.0537,true,true
7327.7680,true,true
7348.4377,true,true
7321.2893,true,true
7422.4444,true,false
7144.0448,true,true
7145.8696,true,true
7212.0982,true,false
7388.5661,true,true
7321.8205,true,true
7152.6216,true,true
7215.3508,true,true
7632.4579,true,true
7157.6038,true,true
7151.7655,true,true
7149.7852,true,true
7411.7933,true,true
7148.0240,true,true
7192.2379,true,true
7204.0362,true,true
7130.0797,true,true
7210.5480,true,true
7129.9629,true,true
7130.0995,true,true
7192.0753,true,true
7079.9165,true,true
7074.5038,true,true
7074.2996,true,true
7168.3226,true,true
7255.3136,true,true
7096.7105,true,true
7076.2283,true,true
7484.0199,true,true
7075.6879,true,true
7077.5897,true,true
7268.9437,true,false
7074.5306,true,true
7222.2641,true,true
7070.9782,true,true
7106.8201,true,true
7088.0552,true,false
7257.9915,true,false
7318.0463,true,true
7273.2278,true,true
7269.3018,true,true
7082.3639,true,true
7083.7259,true,true
7084.0176,true,true
7007.4557,true,true
7156.5245,true,true
7568.7961,true,false
7709.7895,true,true
7007.5918,true,true
7165.5609,true,false
7126.3329,true,true
6999.2928,true,true
7105.3666,true,true
7136.2379,true,true
7169.7416,true,true
7127.0270,true,false
7012.4280,true,true
7345.3520,true,true
7184.2531,true,true
7079.7660,true,true
7234.0400,true,false
7085.1451,true,false
7039.5329,true,true
7033.7379,true,true
7069.5762,true,true
7463.5797,true,true
6969.8677,true,true
7029.8654,true,true
6968.6898,true,true
6965.9270,true,true
7078.0263,true,false
6967.0353,true,true
7209.1650,true,true
7109.1910,true,false
7128.5738,true,true
6985.4096,true,true
6989.1933,true,true
7142.4454,true,true
6996.1910,true,true
7138.9971,true,false
6992.2943,true,true
6991.9296,true,true
6987.6497,true,true
7031.8951,true,false
7131.6129,true,true
6988.9659,true,true
7046.1924,true,false
7175.9377,true,false
6995.5014,true,true
7162.9941,true,false
7046.0247,true,true
7184.6322,true,true
7053.4240,true,true
7039.6679,true,false
6879.4030,true,true
7107.7738,true,false
7051.9867,true,true
7067.4860,true,false
6820.7829,true,true
7108.9306,true,true
6809.5716,true,true
6822.3830,true,true
6817.4650,true,true
7152.8149,true,false
7060.2558,true,true
6869.9592,true,false
7137.1257,true,true
6861.0320,true,true
6884.2436,true,true
6837.5867,true,false
7112.6931,true,false
7079.8589,true,true
6827.9982,true,true
6816.1955,true,true
6967.1439,true,true
7047.8368,true,true
6786.2788,true,true
6902.8188,true,false
6773.0866,true,true
6771.8312,true,true
6767.4868,true,true
6764.7812,true,true
6753.4440,true,true
6757.6315,true,true
6765.0704,true,true
7144.1526,true,true
6876.4336,true,false
6765.8336,true,true
6798.9276,true,true
6943.4523,true,false
6760.0117,true,true
7094.5179,true,false
6879.6811,true,false
6757.2537,true,true
6822.0910,true,true
6782.0154,true,true
6822.0304,true,true
6840.4154,true,false
6816.6469,true,true
6795.0950,true,true
6868.7943,true,true
6824.1194,true,true
6803.5976,true,true
6878.7435,true,false
6795.1557,true,true
6799.9861,true,true
6818.7832,true,true
6793.8732,true,true
6789.4177,true,true
6819.6276,true,false
6797.0480,true,true
7439.8048,true,true
6865.6134,true,true
6989.1408,true,true
6820.3722,true,true
6874.3674,true,true
7310.0744,true,true
6810.0193,true,true
6949.1950,true,true
6849.9419,true,true
6879.8382,true,true
6919.8241,true,true
6932.3895,true,true
7105.5704,true,false
6987.5315,true,true
7076.0684,true,true
7044.8559,true,true
7022.6129,true,true
7057.3430,true,true
7010.4948,true,true
7124.4020,true,true
7084.5587,true,true
7164.6244,true,true
7070.8597,true,true
7126.3116,true,true
7030.7691,true,true
7081.7472,true,true
7031.4050,true,true
7019.6750,true,true
7052.1346,true,false
7017.6722,true,true
7029.0063,true,false
7025.0007,true,true
7112.7677,true,true
7341.2485,true,false
7352.6001,true,true
7151.7932,true,true
7185.9900,true,true
7231.1012,true,false
7214.9620,true,true
7184.3105,true,true
7176.5869,true,true
7179.9563,true,true
7169.8076,true,true
7322.1896,true,true
7164.1486,true,true
7226.9645,true,false
7215.0949,true,true
7274.6677,true,true
7230.0154,true,true
7148.8793,true,true
7147.3899,true,true
7160.2166,true,true
7252.2525,true,true
7147.8846,true,true
7141.5643,true,true
7149.1899,true,true
7146.1709,true,true
7131.6658,true,true
7134.9143,true,true
7221.4690,true,false
8035.6828,true,true
7145.1714,true,true
7326.5296,true,true
7124.4748,true,true
7137.8147,true,true
7233.1236,true,true
7138.9513,true,true
7245.7199,true,true
7241.6803,true,false
7192.1447,true,true
7212.1231,true,false
7140.5794,true,true
7284.8162,true,true
7267.3933,true,true
7140.9168,true,true
7143.4629,true,true
7178.7146,true,true
7138.2753,true,true
7144.6560,true,true
7131.6870,true,true
7128.5940,true,true
7173.9950,true,true
7129.8617,true,true
7238.8876,true,false
7170.9587,true,true
7136.2542,true,true
7208.8193,true,false
7163.3467,true,true
7170.7769,true,true
7198.2436,true,true
7316.1007,true,true
7501.6770,true,true
7293.6563,true,true
7270.7183,true,true
7358.5055,true,true
7632.5793,true,true
7264.5104,true,true
7269.0365,true,true
7356.7698,true,false
7359.9685,true,false
7255.9363,true,true
7314.6244,true,true
7246.1379,true,true
7249.9356,true,true
7376.1602,true,false
7319.2071,true,true
7360.1444,true,true
7345.3498,true,true
7287.4130,true,true
7310.1568,true,false
7269.4633,true,true
7371.6971,true,true
7753.5518,true,true
7302.6218,true,true
7236.1762,true,true
7243.6610,true,true
7247.9258,true,true
7442.7411,true,true
7253.5287,true,true
7341.6247,true,true
7260.5615,true,true
7295.3713,true,true
7286.1086,true,true
7269.3740,true,true
7338.3808,true,false
7344.1883,true,true
7218.4294,true,true
7188.3813,true,false
7183.2608,true,true
7386.1322,true,true
7183.7037,true,true
7214.3449,true,true
7191.0765,true,true
7339.6714,true,true
7189.6231,true,true
7394.8844,true,true
7210.8013,true,true
7208.5852,true,true
7204.2831,true,true
7422.5099,true,true
7252.3105,true,true
7368.9031,true,true
7421.3304,true,false
7221.0504,true,true
7246.7050,true,true
7565.5816,true,true
7692.6221,true,true
7215.7974,true,true
7238.5489,true,false
7305.9719,true,true
7219.4029,true,true
7210.9129,true,true
7380.5838,true,true
7382.6912,true,true
7680.4235,true,true
7324.3179,true,true
7280.1413,true,true
7303.4495,true,true
7274.4211,true,true
7274.7237,true,true
7275.4688,true,true
7337.6999,true,true
7323.5556,true,true
7444.6463,true,true
7276.2434,true,true
7301.7318,true,true
7307.3804,true,true
7376.5422,true,true
7280.4308,true,true
7363.0153,true,true
7343.6154,true,true
7404.6399,true,true
7340.3853,true,true
7285.0977,true,true
7309.5881,true,false
7431.7735,true,true
7331.6525,true,true
7323.7756,true,true
7271.1655,true,true
7325.2412,true,false
7257.0030,true,true
7687.4753,true,true
7277.1321,true,true
7380.5893,true,true
7331.7239,true,true
7469.8563,true,true
7312.9300,true,true
7355.4129,true,true
7336.8839,true,true
7302.9903,true,true
7302.0268,true,true
7286.5581,true,true
7816.9107,true,true
7554.1230,true,true
7330.4071,true,true
7412.4011,true,false
7386.0632,true,true
7433.7251,true,false
7385.2110,true,true
7407.0189,true,false
7593.6761,true,true
7353.6949,true,true
7291.6345,true,true
7484.3636,true,true
7450.7520,true,false
7297.6450,true,true
7264.5353,true,true
7630.0238,true,true
7505.6174,true,true
7338.7889,true,true
7292.3645,true,true
7281.2685,true,true
7470.2592,true,true
7286.9834,true,true
7369.0957,true,true
7341.4898,true,false
7354.9446,true,false
7286.3887,true,true
7285.6764,true,true
7403.9916,true,true
7408.1572,true,true
7323.0578,true,true
7326.5879,true,true
7402.8142,true,true
7304.1815,true,true
7320.0611,true,true
7355.2303,true,true
7302.2768,true,true
7316.3667,true,false
7299.0397,true,true
7295.0535,true,true
7431.5181,true,true
7286.7415,true,true
7294.3450,true,true
7292.4999,true,true
7371.2455,true,true
7298.6809,true,true
7367.6693,true,true
7307.8813,true,true
7348.8632,true,true
7303.8507,true,true
7339.6639,true,true
7303.4071,true,true
7397.3094,true,false
7295.4106,true,true
7458.5766,true,false
7328.2309,true,true
7446.6509,true,true
7380.0256,true,true
7259.4529,true,true
7253.2924,true,true
7220.1780,true,true
7213.1912,true,true
7384.3625,true,true
7379.4040,true,false
7519.1974,true,true
7221.7667,true,true
7218.9503,true,true
7332.4476,true,true
7179.4321,true,true
7176.0319,true,true
7382.2443,true,true
7157.5295,true,true
7151.9446,true,true
7157.0690,true,true
7285.1497,true,false
7163.4661,true,true
8041.2116,true,true
7551.4098,true,true
7776.7293,true,true
7195.8545,true,true
7273.0825,true,true
7258.7555,true,true
7202.2054,true,true
7275.1318,true,true
7213.0286,true,true
7219.7782,true,true
7470.4646,true,true
7247.3973,true,true
7261.8350,true,true
7207.5509,true,true
7207.1691,true,true
7219.0817,true,true
7320.9334,true,false
7220.9477,true,true
7253.7395,true,true
7220.6510,true,true
7227.4031,true,true
7216.0261,true,true
7223.4001,true,true
7341.2547,true,true
7228.9913,true,true
7225.5919,true,true
7223.6020,true,true
7261.2389,true,true
7230.5543,true,true
7293.8245,true,true
7295.9499,true,false
7234.1657,true,true
7282.6281,true,true
7235.1821,true,true
7232.0199,true,true
7276.7048,true,true
7316.3455,true,true
7327.8361,true,false
7256.3758,true,true
7366.5453,true,true
7298.2618,true,true
7298.3904,true,true
7244.1743,true,true
7220.5555,true,true
7581.6709,true,true
7480.1196,true,true
7234.7347,true,true
7282.3706,true,false
7310.8818,true,true
7337.0666,true,true
7321.3781,true,true
7327.6380,true,true
7300.7580,true,true
7325.3841,true,true
7305.9753,true,true
7353.0321,true,false
7308.9616,true,true
7318.5901,true,true
7474.2918,true,true
7389.8780,true,true
7374.3597,true,true
8001.8708,true,true
7445.5265,true,true
7366.9163,true,true
7347.5588,true,true
7371.7186,true,true
7397.8177,true,true
7366.6982,true,false
7384.3009,true,true
7444.2264,true,true
7353.1359,true,true
7474.9991,true,false
7450.3632,true,false
7354.3465,true,true
7361.2600,true,true
7354.3443,true,true
7351.3990,true,true
7422.4869,true,false
7446.2638,true,true
7369.0200,true,true
7384.8835,true,true
7413.5627,true,true
7407.4703,true,false
7416.9276,true,false
7421.1077,true,true
7519.3655,true,true
7417.9045,true,true
7433.6241,true,true
7380.5849,true,true
7545.3272,true,true
7456.1556,true,true
7413.5583,true,true
7347.9609,true,true
7411.0894,true,true
7421.1631,true,false
7440.8842,true,true
7420.9690,true,true
7417.6548,true,true
7361.5303,true,true
7355.2659,true,true
7587.0662,true,true
7477.0319,true,false
7403.4479,true,true
7440.9489,true,true
7475.3635,true,true
7355.4040,true,true
7362.1363,true,true
7358.1555,true,true
7399.8775,true,true
7390.8021,true,true
7471.8972,true,true
7344.7442,true,true
7424.2910,true,true
7495.8385,true,false
7336.8542,true,true
7322.8680,true,true
7330.0827,true,true
7404.9862,true,true
7440.0020,true,true
7403.4627,true,true
7397.4308,true,true
7461.4022,true,false
7480.6546,true,true
7288.8916,true,true
7283.3337,true,true
7485.3202,true,true
7531.0754,true,true
7405.0394,true,true
7444.3639,true,true
7418.4000,true,true
7452.6152,true,true
7556.1495,true,true
7438.1384,true,true
7406.1169,true,true
7404.5149,true,true
7400.3701,true,true
7460.0530,true,true
7482.2258,true,true
7523.1622,true,true
7413.8624,true,true
7398.3173,true,true
7393.5524,true,true
7929.2509,true,true
7457.3794,true,true
7512.6753,true,false
7405.1407,true,true
7449.0270,true,true
7495.9922,true,true
7448.8764,true,false
7524.2856,true,false
7403.9243,true,true
7396.4397,true,true
7509.0081,true,true
7483.9270,true,true
7384.2611,true,true
7433.5928,true,true
8289.2631,true,true
7553.5358,true,false
7527.3242,true,true
7608.5753,true,true
7584.8428,true,true
7682.8399,true,true
7874.5411,true,false
8044.6369,true,true
7532.5554,true,true
7598.2063,true,false
7523.2559,true,true
7582.6458,true,true
7595.4603,true,true
7584.0223,true,true
8170.7565,true,true
7519.4972,true,true
7530.8989,true,true
7522.7872,true,true
7654.1041,true,true
7576.5635,true,true
7614.8915,true,true
7568.4711,true,true
7586.7320,true,true
7514.2913,true,true
7513.1441,true,true
7510.4175,true,true
7604.5770,true,true
7507.8581,true,true
7651.8381,true,true
7631.8032,true,true
7670.2423,true,true
7603.1893,true,true
7600.2512,true,true
7511.3122,true,true
7623.5374,true,false
7514.4922,true,true
7511.9169,true,true
7507.6954,true,true
7511.0565,true,true
7547.9985,true,true
7536.3760,true,false
7682.9272,true,true
7510.6125,true,true
7506.0914,true,true
7507.0346,true,true
7659.7285,true,true
7684.9498,true,true
7608.4279,true,true
7763.5215,true,true
7760.9857,true,true
7699.5725,true,true
7698.2531,true,true
7704.7947,true,false
7684.6657,true,true
7796.4305,true,true
7699.3437,true,true
7800.1541,true,true
7694.0061,true,true
7730.8246,true,false
7836.6064,true,false
7648.0249,true,true
7829.8876,true,false
7876.0189,true,true
7820.4597,true,true
7721.7946,true,false
7677.0438,true,true
7862.5716,true,true
7679.7062,true,true
7730.4587,true,true
7678.1955,true,true
7753.8233,true,true
7833.6256,true,true
7674.4425,true,true
7638.7289,true,true
7644.7180,true,true
7640.6116,true,true
7644.2066,true,true
7730.0644,true,true
7819.3421,true,false
7693.9575,true,true
7761.1231,true,true
7711.2061,true,true
7894.6224,true,true
7713.5120,true,true
7713.6516,true,true
7860.0193,true,true
7787.1324,true,true
7706.4866,true,true
7885.0749,true,true
7720.1249,true,true
7698.4968,true,true
7756.9840,true,true
7698.8694,true,true
7689.6522,true,true
7774.0497,true,true
7782.2534,true,true
7743.9196,true,true
7754.7417,true,true
7743.2124,true,true
7727.7409,true,false
7657.2565,true,true
7786.8731,true,true
7915.6082,true,true
7656.4277,true,true
7774.3761,true,true
7616.2043,true,true
7773.1815,true,true
7693.7894,true,true
7759.2428,true,true
7780.5115,true,true
7952.0664,true,false
7759.3351,true,false
7763.8392,true,true
7976.6880,true,true
7726.4118,true,true
7789.3473,true,true
7724.0259,true,true
7730.1478,true,true
7727.4640,true,true
7724.3999,true,true
7902.6111,true,false
8112.5341,true,true
7788.0175,true,true
7776.0461,true,true
7813.7279,true,true
7749.8654,true,true
7768.7019,true,true
7735.4352,true,true
7818.9828,true,true
7785.2184,true,false
7712.8147,true,true
7843.3209,true,true
7745.0467,true,false
7709.4613,true,true
7824.8114,true,false
7716.4537,true,true
7709.6003,true,true
7717.8281,true,true
7795.8355,true,true
7704.1159,true,true
7824.7639,true,true
7707.5636,true,true
7730.9437,true,true
7825.2689,true,false
7796.5376,true,true
7787.2105,true,true
7786.8665,true,true
7859.3396,true,true
7911.1763,true,true
7820.4206,true,true
7830.5851,true,true
7813.8142,true,true
7863.2745,true,true
7906.6825,true,false
8347.5142,true,true
7823.9750,true,false
7849.0877,true,true
7806.9770,true,true
7806.8259,true,true
7865.9455,true,true
7869.1176,true,true
7867.6579,true,false
7855.8696,true,true
7871.7526,true,true
7869.4171,true,true
7855.2588,true,true
7964.8040,true,true
7847.3997,true,true
7850.6801,true,true
7845.6304,true,true
7842.6434,true,true
7908.3437,true,true
7848.0385,true,true
7846.6896,true,true
8069.2826,true,true
7858.8984,true,true
7909.1149,true,true
7912.5550,true,true
7999.2978,true,true
7888.9358,true,true
7835.3867,true,true
7870.1662,true,true
7873.6277,true,false
7867.9230,true,true
7834.1818,true,true
7943.9399,true,true
7839.0082,true,true
7814.1416,true,true
7967.0039,true,true
7802.3869,true,true
7815.1493,true,true
7806.4245,true,true
7892.9601,true,false
7929.5406,true,true
7809.6510,true,true
7886.7739,true,true
7981.6044,true,true
7945.2641,true,false
7817.8243,true,true
7832.2952,true,false
7819.5100,true,true
8077.2524,true,true
7859.1057,true,true
7822.5926,true,true
7825.8807,true,true
7820.0615,true,true
7884.8270,true,true
7984.5825,true,true
7865.7205,true,true
7906.0690,true,true
7876.5485,true,true
7960.4476,true,true
7921.4007,true,true
7906.7534,true,true
7916.6709,true,true
7885.4460,true,true
7895.4107,true,true
7855.0962,true,true
7850.4285,true,true
7900.7060,true,false
7957.6173,true,true
7848.1185,true,true
7951.7175,true,false
7854.9344,true,true
7915.1899,true,true
7868.4857,true,true
7894.8849,true,true
7980.2272,true,true
7955.5530,true,true
7892.3990,true,true
7705.8863,true,true
7935.4298,true,true
7630.7911,true,true
7623.4407,true,true
7623.5711,true,true
7461.5630,true,true
7623.9705,true,true
7621.5524,true,true
7975.9964,true,true
7918.0042,true,true
7505.6012,true,true
7602.6118,true,true
7531.8138,true,true
8097.7381,true,true
7732.9666,true,true
7724.7826,true,true
7571.4059,true,true
7566.4743,true,true
8095.0097,true,true
8010.7860,true,false
7556.6605,true,true
7566.1796,true,true
7609.0303,true,true
8370.5482,true,true
7566.8825,true,true
7560.7567,true,true
7644.1982,true,false
7570.9844,true,true
7624.1225,true,true
7555.4717,true,true
7644.0668,true,false
7569.5068,true,true
7625.7880,true,true
8060.2437,true,true
7873.0002,true,true
7601.0140,true,true
7565.4401,true,true
7628.1142,true,true
7569.1026,true,true
7808.1276,true,true
7536.4245,true,true
7549.6876,true,true
7652.2682,true,true
7664.2208,true,true
7563.5625,true,true
7567.3872,true,true
7599.1040,true,true
7765.2341,true,true
7671.3075,true,false
7595.0245,true,true
7649.7847,true,false
7649.5472,true,true
7737.7067,true,true
7623.7175,true,true
7610.3066,true,true
7638.7831,true,false
7670.0273,true,true
7617.6623,true,true
7743.0981,true,true
7675.2550,true,true
7670.2362,true,true
7642.5827,true,false
7667.7258,true,true
7664.0691,true,true
7628.1367,true,true
7665.0184,true,true
7599.7790,true,true
7637.9001,true,false
7670.7469,true,true
7604.3575,true,true
7679.4438,true,false
7642.1926,true,false
7824.8747,true,true
7649.5640,true,true
7805.1703,true,false
7828.6680,true,true
7673.0711,true,true
7884.0718,true,true
7837.1520,true,true
7841.8077,true,true
7713.7094,true,true
7725.3094,true,true
7771.0408,true,true
7765.9228,true,true
7734.2407,true,true
7841.0728,true,true
7846.7335,true,true
7760.7297,true,true
7757.4128,true,true
8058.8957,true,true
7732.0047,true,true
7802.2316,true,true
7730.6919,true,true
7784.8483,true,true
7728.7036,true,true
7738.2209,true,true
7791.6462,true,true
7739.8605,true,true
7738.6991,true,true
7742.7538,true,true
7775.2517,true,true
7751.6606,true,true
7732.9496,true,true
7729.0596,true,true
7718.0830,true,true
7780.3902,true,true
7806.7440,true,true
7814.4911,true,true
7718.2115,true,true
7717.0983,true,true
7724.6263,true,true
7777.8680,true,true
7849.4009,true,false
7893.0826,true,true
7727.9323,true,true
7766.4646,true,true
7891.1537,true,true
7826.9063,true,true
7711.0128,true,true
7720.4438,true,true
7728.3764,true,true
7869.2179,true,true
7788.0396,true,true
7857.9584,true,true
7991.3755,true,true
7925.7990,true,true
7963.3234,true,false
7986.8901,true,true
8029.8847,true,true
7962.1913,true,true
8041.0307,true,true
8039.6878,true,true
8155.8434,true,true
7990.4012,true,true
8017.4981,true,true
8010.4904,true,false
8017.6097,true,true
8015.5626,true,true
7978.3480,true,true
8004.1109,true,true
7999.5144,true,true
8084.1668,true,true
7982.8471,true,true
8050.5541,true,false
8024.2338,true,true
8055.5873,true,false
8022.7238,true,true
8030.9831,true,true
8021.6680,true,false
8041.1914,true,true
8003.7317,true,true
8006.8963,true,true
8046.9565,true,true
7915.9682,true,true
7958.2588,true,true
8038.7413,true,true
8042.1892,true,true
8053.6817,true,true
8061.7725,true,true
7936.5827,true,true
7964.1338,true,true
7962.2543,true,true
7938.8418,true,true
8326.3208,true,true
7969.7396,true,false
7939.0858,true,true
7977.2194,true,true
8034.7536,true,true
8145.4132,true,true
7978.1282,true,true
8002.7580,true,true
7999.6731,true,true
8148.2290,true,false
7967.2171,true,true
8038.9159,true,false
7974.2891,true,true
8026.9652,true,true
8010.6512,true,true
7973.7308,true,true
7967.9106,true,true
8191.0009,true,true
7975.2533,true,true
8003.9062,true,true
8767.7128,true,true
7997.4138,true,true
8055.9861,true,true
8020.6899,true,true
8029.0460,true,true
7991.5290,true,true
8038.3314,true,true
7988.4799,true,true
7996.5567,true,true
8142.1201,true,true
8045.0598,true,true
8101.0005,true,false
8094.9047,true,false
8159.5336,true,true
8030.6008,true,true
8052.7119,true,true
8044.1348,true,true
8047.4786,true,true
8034.0189,true,true
8033.2588,true,true
8060.5618,true,false
8090.5289,true,true
8050.0403,true,true
8109.0247,true,true
8029.7258,true,true
8066.6340,true,false
8116.5286,true,true
8061.3691,true,true
8110.4503,true,false
8107.3581,true,true
8104.2514,true,false
8000.5152,true,true
8001.0909,true,true
8004.5107,true,true
8593.7450,true,true
8075.4389,true,true
8004.5078,true,true
8644.9292,true,true
7998.2954,true,true
8073.7099,true,false
8042.6665,true,true
8070.1328,true,true
8313.2021,true,false
8126.5597,true,true
8153.3881,true,true
8280.2221,true,true
8213.3428,true,true
8236.9397,true,true
8227.8898,true,true
8322.3065,true,false
8275.4945,true,true
8271.0477,true,true
8242.7558,true,true
8254.6332,true,true
8276.8858,true,true
8282.1848,true,true
8363.6197,true,false
8245.3135,true,true
8290.5957,true,true
8268.0481,true,false
8247.1188,true,true
8267.0090,true,true
8270.1783,true,true
8285.9454,true,true
8371.7108,true,true
8507.1509,true,true
8248.2525,true,true
8446.6663,true,true
8262.4179,true,false
8377.7876,true,true
8250.4112,true,true
8400.7740,true,true
8276.5500,true,true
8359.0468,true,false
8284.8970,true,true
8418.0785,true,true
8336.0105,true,true
8345.4925,true,true
8330.5267,true,true
8306.4962,true,true
8359.8063,true,true
8282.0866,true,true
8350.8702,true,true
8310.0728,true,true
8327.8370,true,true
8315.7310,true,true
8451.5893,true,true
8458.0687,true,true
8425.2065,true,true
8457.2594,true,true
8451.4051,true,true
8420.6804,true,true
8398.7089,true,true
8525.3508,true,true
8604.9295,true,true
8402.2577,true,true
8392.9419,true,true
8451.4093,true,true
8475.3504,true,false
8463.6730,true,true
8386.1770,true,true
8516.3417,true,true
8416.7014,true,true
8396.1790,true,true
8513.4112,true,true
8394.8205,true,true
8398.7728,true,true
8394.1031,true,true
8392.9938,true,true
8395.4001,true,true
8430.9157,true,true
8386.5633,true,true
8392.9807,true,true
8509.1844,true,true
8386.5830,true,true
8426.4327,true,true
8641.4872,true,true
8392.3175,true,true
8418.9044,true,true
8498.5116,true,true
8483.4479,true,false
8362.6278,true,true
8353.7500,true,true
8474.8432,true,false
8477.2946,true,false
8450.4092,true,false
8300.9633,true,true
8610.7543,true,true
8571.5725,true,true
8299.7350,true,true
8290.0888,true,true
8444.8342,true,true
8276.1506,true,true
8511.0937,true,false
8416.2529,true,false
8497.5062,true,false
8363.8535,true,true
8808.0461,true,true
8321.2689,true,true
8485.6938,true,true
8504.4741,true,true
8424.4083,true,true
8348.7938,true,true
8412.1519,true,true
8396.0103,true,false
8334.0372,true,true
8337.1973,true,true
8395.5420,true,true
8336.2221,true,true
8311.9207,true,true
8319.8289,true,true
8336.3090,true,true
8361.6569,true,true
8360.0249,true,true
8356.9666,true,true
8384.1186,true,true
8315.3104,true,true
8310.4560,true,true
8319.9191,true,true
8336.6256,true,true
8352.6712,true,true
8388.8937,true,false
8318.8116,true,true
8356.3865,true,true
8320.7589,true,true
8796.0997,true,true
8333.6306,true,true
8489.7231,true,true
8321.4632,true,true
8317.7503,true,true
8385.3829,true,false
8320.0077,true,true
8332.9496,true,true
8365.2787,true,false
8371.7191,true,true
8359.2440,true,true
8824.3885,true,true
8358.7018,true,true
8368.1562,true,true
8347.3092,true,true
8390.8188,true,true
8343.4475,true,true
8463.5112,true,true
8228.7399,true,true
8349.1763,true,true
8236.4971,true,true
8234.6919,true,true
8442.6799,true,false
8383.2893,true,true
8419.1043,true,true
8364.5202,true,true
8501.2206,true,false
8576.4569,true,true
8554.8899,true,true
9007.0602,true,true
8200.3178,true,true
8204.4362,true,true
8438.5849,true,true
8219.6405,true,true
8257.8544,true,true
8270.4735,true,true
8265.6558,true,true
8484.8184,true,true
8479.2653,true,true
8239.3792,true,true
8240.5839,true,true
8253.5196,true,false
8275.3138,true,true
8286.4182,true,true
8242.7145,true,true
8251.8435,true,true
8327.6344,true,true
8325.0392,true,false
8252.9257,true,true
8293.7426,true,true
8240.9423,true,true
8330.0113,true,false
8159.8432,true,true
8571.8132,true,true
8374.1934,true,true
8171.1566,true,true
8749.3328,true,true
8390.3684,true,false
8347.5979,true,true
8211.6488,true,true
8209.1788,true,true
8328.2678,true,true
8342.0471,true,true
8198.5500,true,true
8206.2982,true,true
8350.5197,true,true
8194.0691,true,true
8188.3484,true,true
8393.1641,true,false
8194.3223,true,true
8387.0230,true,true
8208.1772,true,true
8201.5040,true,true
8217.3911,true,true
8195.1692,true,true
8381.3365,true,false
8184.6311,true,true
8191.0181,true,true
8185.5623,true,true
8178.8166,true,true
8184.6307,true,true
8250.2852,true,true
8185.3687,true,true
8191.0142,true,true
8261.2066,true,true
8255.4033,true,true
8288.5293,true,true
8229.3613,true,false
8180.7168,true,true
8254.3101,true,false
8524.1665,true,true
8270.0240,true,true
8179.7951,true,true
8805.2314,true,true
8313.9885,true,false
8281.0255,true,true
8222.5342,true,true
8161.5660,true,true
8230.9647,true,true
8197.2937,true,true
8259.9949,true,false
8260.0320,true,false
8227.3815,true,true
8226.1257,true,true
8181.6360,true,true
8198.4719,true,true
8195.4204,true,true
8228.1022,true,true
8379.7519,true,false
8238.8896,true,false
8228.6577,true,true
8237.3818,true,true
8172.3938,true,true
8391.5998,true,true
8369.3415,true,true
8217.7080,true,true
8334.6695,true,false
8188.5672,true,true
8301.8419,true,false
8342.0135,true,false
8321.9846,true,true
8166.7855,true,true
8304.1138,true,true
8270.6106,true,false
8228.5797,true,false
8291.4477,true,true
8190.5054,true,true
8231.4117,true,true
8258.9008,true,false
8287.8267,true,true
8281.1718,true,true
8178.6302,true,true
8231.8508,true,true
8229.2666,true,true
8283.8986,true,true
8231.7062,true,true
8226.4804,true,true
8364.6001,true,true
8301.4784,true,true
8265.6379,true,true
8225.1017,true,false
8299.4199,true,true
8313.6728,true,true
8283.8510,true,true
8416.6070,true,false
8491.8017,true,true
8323.3631,true,true
8409.5491,true,false
8288.2246,true,true
8277.9762,true,true
8324.1231,true,true
8389.4187,true,true
8290.1232,true,true
8330.4331,true,true
8329.1300,true,false
8349.0302,true,true
8366.5459,true,true
8492.9130,true,true
8320.7534,true,true
8314.8350,true,true
8382.1288,true,true
8321.0668,true,true
8378.1865,true,true
8403.8203,true,true
8419.6827,true,true
8423.9824,true,false
8417.3471,true,true
8392.9167,true,true
8376.6810,true,true
8381.7212,true,true
8392.5585,true,true
8400.0852,true,true
8913.4369,true,true
8388.6543,true,true
8422.7378,true,true
8499.2415,true,false
8392.4357,true,true
8386.8778,true,true
8469.8425,true,false
8378.3204,true,true
8388.2922,true,true
8483.7681,true,true
8378.7982,true,true
8416.2997,true,true
8446.0129,true,true
8494.8198,true,false
9171.1347,true,true
8413.2949,true,true
8402.6662,true,true
8548.8109,true,true
8542.8098,true,true
8495.1012,true,true
8410.0598,true,true
8492.6758,true,true
8410.0231,true,true
8411.9275,true,true
8415.4181,true,true
8434.4668,true,true
8561.2085,true,true
8555.1289,true,true
8540.5303,true,true
8499.4327,true,true
8584.1448,true,true
8575.0003,true,true
8569.6573,true,true
8558.1100,true,true
8485.4329,true,true
8480.8084,true,true
8486.3714,true,true
8494.3474,true,true
8586.1456,true,true
8492.7743,true,true
8663.5972,true,true
8754.4591,true,true
8492.7278,true,true
8492.3874,true,true
8583.7408,true,false
8540.7158,true,true
8518.9902,true,true
9408.3407,true,true
8493.1483,true,true
8538.5246,true,true
8471.2284,true,true
8474.9322,true,true
8874.6366,true,true
8695.9132,true,true
8568.3830,true,true
8474.1677,true,true
8468.2040,true,true
8475.8523,true,true
8472.7597,true,true
8469.5931,true,true
8563.7386,true,true
8522.8640,true,true
8475.8446,true,true
8485.0510,true,true
8565.7480,true,false
8464.5464,true,true
8530.2347,true,true
8537.5388,true,true
8747.7262,true,true
8469.0352,true,true
8523.0328,true,false
8481.1686,true,true
8470.1791,true,true
8512.7093,true,true
8469.2021,true,true
8610.2511,true,false
8526.5143,true,true
8467.1852,true,true
8712.3227,true,true
8460.1587,true,true
8536.5979,true,true
8479.1820,true,true
8551.8071,true,true
8604.1128,true,true
8582.2760,true,true
9002.5074,true,true
8577.5746,true,true
8570.5953,true,true
8893.3797,true,true
8552.7975,true,true
8595.9089,true,true
8921.9251,true,true
8606.6636,true,true
8556.3741,true,true
8573.5985,true,false
8546.3686,true,true
8716.9262,true,true
8633.8597,true,true
8588.9165,true,true
8573.3813,true,true
8602.4454,true,false
8597.5643,true,false
8613.1935,true,false
8620.6498,true,true
8591.0657,true,true
8576.4081,true,true
8598.2636,true,false
8573.3796,true,true
8625.6149,true,true
8650.2622,true,true
8872.7624,true,true
8866.6335,true,true
8861.0345,true,true
8904.3557,true,true
8937.1811,true,true
8798.3751,true,true
8899.3667,true,true
8863.9426,true,true
8851.8355,true,true
8872.5415,true,true
8845.9106,true,true
8935.0080,true,true
9125.7906,true,true
8843.0253,true,true
8974.6217,true,true
8849.9946,true,true
8850.6850,true,true
8864.1018,true,true
9053.0744,true,true
8852.6915,true,true
8979.9903,true,true
8906.8730,true,true
8914.4035,true,true
8863.9681,true,true
9384.7228,true,true
8716.8303,true,true
8715.5046,true,true
8907.7086,true,true
9235.7574,true,true
8639.5571,true,true
8991.5532,true,true
8909.4020,true,true
8963.5628,true,true
8643.3356,true,true
8822.2678,true,true
8916.6397,true,true
8648.6465,true,true
8650.2616,true,true
8695.5247,true,true
8963.2395,true,true
8638.4353,true,true
8651.6887,true,true
8980.7247,true,false
9060.9074,true,true
9021.9900,true,true
8637.8459,true,true
8697.5263,true,false
8630.7457,true,true
9006.1309,true,true
8753.7023,true,true
9003.4564,true,true
8507.5409,true,true
8692.0430,true,false
8742.6173,true,true
8533.9607,true,true
8528.5656,true,true
8595.5965,true,true
8775.9586,true,false
8738.5078,true,true
8546.3360,true,true
8587.0941,true,true
8597.2696,true,true
8583.1261,true,true
8558.7299,true,true
8566.0007,true,true
8603.6037,true,true
8800.6186,true,true
8561.5269,true,true
8611.4843,true,false
8580.3904,true,true
8777.9034,true,true
8562.0874,true,true
8840.2512,true,true
8565.1629,true,true
8806.9058,true,true
8569.8532,true,true
8566.6864,true,true
8599.5621,true,true
9562.6710,true,true
8566.9151,true,true
8646.1774,true,false
8581.2823,true,true
8860.8641,true,true
8580.1354,true,true
8594.7354,true,true
8577.9734,true,true
8577.1581,true,true
8678.4816,true,false
8577.5749,true,true
8658.9197,true,false
8628.7760,true,true
8588.9930,true,true
8643.6047,true,false
8627.1972,true,true
8593.7600,true,true
8627.0223,true,true
8624.6623,true,true
8587.8161,true,true
8591.5182,true,true
8644.6326,true,false
8685.4087,true,true
8682.6006,true,false
8589.4489,true,true
8681.7273,true,true
8613.1799,true,true
8665.5178,true,true
8597.6802,true,true
8621.0690,true,true
8554.7228,true,true
8723.8687,true,true
8608.9586,true,false
8625.0776,true,true
8443.0887,true,true
8664.8673,true,false
8447.4277,true,true
8444.7593,true,true
8427.0123,true,true
8843.9411,true,true
8734.6964,true,true
8669.1311,true,false
8608.6841,true,true
8609.2239,true,true
8676.2924,true,true
8658.6540,true,true
8643.9674,true,true
8647.4818,true,true
8766.3176,true,true
8613.3897,true,true
8594.7727,true,true
8673.8192,true,true
8661.5677,true,false
8596.4745,true,true
8681.6789,true,false
8687.1206,true,true
8675.1196,true,true
8620.3602,true,true
8720.5332,true,true
8659.3751,true,true
8646.9040,true,true
8615.0054,true,true
8606.9331,true,true
8604.2577,true,true
8701.3986,true,true
8987.1498,true,true
8606.2216,true,true
8609.4296,true,true
9278.4697,true,true
8694.7146,true,true
8698.4361,true,true
8842.2115,true,true
8826.3258,true,true
8658.1766,true,true
8664.6108,true,true
8683.0303,true,true
8664.7639,true,true
8696.9015,true,true
8629.8899,true,true
8756.8482,true,true
8738.9913,true,true
8658.5511,true,true
8864.0666,true,true
8828.7476,true,false
8653.8599,true,true
8827.1990,true,false
8957.7080,true,true
8605.3719,true,true
8668.4200,true,true
8596.7675,true,true
8595.6715,true,true
8706.5867,true,true
8784.6180,true,false
8740.0546,true,true
8620.4919,true,false
8746.9885,true,false
8570.3843,true,true
8742.2622,true,false
8863.5450,true,true
8940.2932,true,false
8600.8781,true,true
8572.8299,true,true
8730.4746,true,true
8725.5572,true,true
8571.5066,true,true
8748.3051,true,true
8745.1330,true,true
8567.0030,true,true
8571.2347,true,true
8565.6969,true,true
8825.9325,true,true
8627.7993,true,true
8655.4326,true,true
8594.2249,true,true
8605.7801,true,true
8846.4949,true,true
8663.7712,true,true
9052.3774,true,true
8723.9282,true,true
8647.6846,true,true
8579.1308,true,true
8988.5762,true,true
8654.6981,true,true
8643.2392,true,false
8560.7710,true,true
8553.4088,true,true
8577.4961,true,false
8557.1524,true,true
8574.0965,true,false
8685.4150,true,false
8560.5748,true,true
8744.0158,true,true
8560.2157,true,true
8622.1658,true,true
8597.5893,true,true
8652.6630,true,true
8588.1845,true,true
8571.3734,true,true
8724.7366,true,false
8643.6135,true,false
8635.6797,true,true
8563.8668,true,true
8563.0148,true,true
8653.9599,true,true
8620.7105,true,false
8802.2344,true,true
8633.1047,true,true
8608.4801,true,true
8767.4273,true,true
8647.2017,true,false
8648.1664,true,true
8582.8270,true,true
8583.0308,true,true
8611.7947,true,true
8571.6066,true,true
8636.1317,true,true
8661.4993,true,false
8679.2934,true,true
8570.0375,true,true
8559.6845,true,true
8539.0695,true,true
8524.1391,true,true
8530.2912,true,true
8673.0611,true,false
8668.5702,true,true
8589.4152,true,true
8593.3985,true,true
8945.5658,true,true
8923.4726,true,true
8639.9605,true,true
8604.6621,true,true
8590.7549,true,true
8597.9943,true,true
8584.5898,true,true
8580.4632,true,true
8609.0079,true,true
8587.7066,true,true
8919.6009,true,true
8680.3854,true,false
8585.9572,true,true
8589.2485,true,true
8715.8304,true,true
8984.4969,true,true
8650.8391,true,true
8666.3557,true,false
8643.8154,true,true
8662.9570,true,true
8591.9942,true,true
8685.7598,true,false
8758.3042,true,true
8627.9304,true,true
8602.5502,true,true
8631.5759,true,true
8634.9312,true,true
8600.9061,true,true
8604.4384,true,true
8618.6985,true,false
8595.9003,true,true
8621.9304,true,false
8596.8986,true,true
8599.5176,true,true
8652.0451,true,true
8607.6975,true,true
8678.5703,true,false
8648.7333,true,true
8583.2792,true,true
8567.8508,true,true
8583.8411,true,true
8651.1308,true,false
8699.4855,true,true
8574.7291,true,true
8554.5926,true,true
8678.5665,true,true
8854.4483,true,false
8692.2314,true,true
8557.9674,true,true
8656.5769,true,true
8855.0342,true,true
8632.5700,true,true
8734.6994,true,true
8803.8939,true,true
8651.4096,true,false
8609.7862,true,true
8592.0442,true,true
8626.6375,true,true
8595.5154,true,true
8624.2828,true,true
8585.1698,true,true
8610.0450,true,false
8590.4652,true,true
8589.0048,true,true
8697.8659,true,true
8694.9116,true,false
8615.5819,true,true
8607.3654,true,true
8685.7709,true,true
8745.2799,true,true
9276.5520,true,true
8697.3648,true,true
8813.2021,true,true
8623.4036,true,true
8608.1619,true,true
8681.9058,true,true
8731.5279,true,false
8633.7698,true,true
8637.3798,true,true
8698.3531,true,true
8664.4372,true,true
8635.7466,true,true
8706.5054,true,true
8664.4112,true,true
8564.5440,true,true
8568.7017,true,true
8630.4580,true,true
8677.3375,true,true
8865.3734,true,true
8549.2149,true,true
8711.7672,true,true
8548.7608,true,true
8665.5565,true,true
8642.1986,true,true
8742.0498,true,false
8760.6008,true,false
8584.0839,true,true
8524.8059,true,true
8734.2586,true,true
8756.1704,true,true
8523.8427,true,true
8745.7939,true,false
8523.6089,true,true
8708.4173,true,true
8528.9666,true,true
8573.9819,true,false
8515.0826,true,true
8649.7790,true,true
8506.1600,true,true
8667.3850,true,false
8514.5672,true,true
8567.4026,true,true
8852.2108,true,true
8606.2214,true,true
8499.3699,true,true
8496.3606,true,true
8577.5808,true,false
8625.6892,true,true
8606.5730,true,true
8612.4265,true,true
8571.9800,true,true
8644.0842,true,true
8731.0951,true,true
8623.0238,true,true
8581.5041,true,true
8594.4425,true,true
8583.3677,true,true
8582.1280,true,true
8938.4672,true,true
8582.3798,true,true
8584.8255,true,true
8592.5684,true,true
8575.7338,true,true
8572.1310,true,true
8650.7533,true,true
8630.3061,true,true
8562.7742,true,true
8570.3140,true,true
8629.1962,true,false
8718.2002,true,false
8550.4226,true,true
8687.4731,true,true
8561.2414,true,false
8567.8190,true,true
8606.6581,true,true
8611.6549,true,true
8671.6828,true,true
8631.4953,true,true
8763.0447,true,true
8669.6095,true,true
8607.2425,true,false
8558.7593,true,true
8563.7164,true,true
8559.1104,true,true
8665.7966,true,false
8560.9929,true,true
8628.8282,true,true
8638.8523,true,true
8667.2438,true,true
8613.0897,true,true
8635.0943,true,true
9516.1581,true,true
8694.1403,true,false
8450.0335,true,true
8672.0180,true,true
8870.8335,true,true
8636.6051,true,false
8476.8825,true,true
8477.3163,true,true
8815.0381,true,false
8847.5506,true,true
8810.9366,true,true
8608.7256,true,true
8780.7284,true,true
9281.1721,true,true
8926.7714,true,true
8633.1333,true,true
8762.0671,true,true
8932.8294,true,true
8616.7608,true,true
8680.1227,true,true
8597.4537,true,true
8596.6330,true,true
8653.8089,true,true
8624.0659,true,true
8630.4421,true,true
8654.9087,true,true
9558.7114,true,true
8832.3281,true,false
8658.9061,true,true
8699.6083,true,false
8622.1771,true,true
8651.7777,true,true
8624.0889,true,true
8803.5072,true,true
8834.1770,true,false
8847.6292,true,true
8664.3034,true,true
8694.4408,true,true
8967.7492,true,true
8732.0729,true,true
8744.6925,true,true
8918.3287,true,true
8940.4011,true,true
8702.3840,true,true
8709.1751,true,true
8689.1296,true,true
8937.9982,true,false
9280.6422,true,true
8743.3950,true,true
8940.8706,true,true
8941.3909,true,true
8911.5122,true,true
8752.3696,true,true
8724.0140,true,true
8781.8177,true,true
8916.9386,true,false
8803.1913,true,true
8719.2295,true,true
9021.5906,true,true
8721.3675,true,true
8815.6857,true,true
8861.0827,true,true
8820.6899,true,true
8858.5014,true,true
8841.0739,true,true
8875.5600,true,true
8820.0212,true,true
8949.1523,true,true
8819.5755,true,true
8838.2631,true,true
8821.6039,true,true
8869.2256,true,true
8820.1653,true,true
8817.5457,true,true
8821.0293,true,true
8892.2619,true,false
8692.4162,true,true
8900.2764,true,false
8689.8368,true,true
8858.3609,true,true
8680.7252,true,true
8897.9861,true,true
8854.7317,true,true
8599.5703,true,true
8596.8010,true,true
8890.6520,true,false
8899.9170,true,false
8913.4316,true,false
9121.6561,true,true
9021.3792,true,false
8766.4993,true,true
8730.3552,true,true
9157.4617,true,true
8746.6305,true,true
8807.1949,true,false
9406.1702,true,true
8781.5114,true,true
8820.6162,true,true
8734.5744,true,true
9065.2788,true,false
9122.8614,true,true
8734.4441,true,true
8820.1712,true,true
8734.3165,true,true
8764.2007,true,false
8818.0191,true,true
8770.8049,true,true
8813.6745,true,true
8776.9502,true,true
8752.1940,true,true
8850.3378,true,false
8836.7747,true,true
8751.3337,true,true
8771.8162,true,true
8741.6664,true,true
8829.4986,true,true
8757.7518,true,true
8692.1370,true,true
8873.2950,true,true
8708.5642,true,true
8754.4246,true,true
8811.5296,true,true
8871.6314,true,true
8784.7610,true,true
8811.7386,true,true
8839.2194,true,true
8837.2159,true,true
8795.8107,true,true
8936.3783,true,true
8871.8594,true,true
8918.1917,true,true
8865.0277,true,true
8868.4405,true,false
8859.1013,true,true
9053.6123,true,true
8863.3494,true,true
8927.3062,true,false
8862.6156,true,true
8735.8620,true,true
8929.9422,true,true
8755.0039,true,true
8720.9068,true,true
8731.2025,true,true
8734.8519,true,true
8918.9316,true,true
8900.6577,true,true
8951.7709,true,false
8901.6006,true,true
8910.0824,true,true
8738.2072,true,true
8720.4165,true,true
8723.5960,true,true
8727.0427,true,true
8719.2706,true,true
8761.6583,true,true
8732.2309,true,true
8763.5424,true,true
8729.8460,true,true
8730.0480,true,true
8734.4785,true,true
8751.4396,true,true
9123.4759,true,false
8976.8599,true,true
8730.9204,true,true
8968.8664,true,true
8783.0212,true,true
8727.0991,true,true
8809.6991,true,false
8727.7775,true,true
8729.4966,true,true
8780.4836,true,true
8726.6492,true,true
9057.7503,true,true
9257.6601,true,true
8759.2465,true,true
8656.9909,true,true
8803.6017,true,true
8811.0658,true,true
8658.5213,true,true
9235.6303,true,true
8654.8824,true,true
8661.1342,true,true
8644.2253,true,true
8811.4129,true,true
8658.2758,true,true
8643.5298,true,true
9088.3818,true,true
8634.7211,true,true
8635.9605,true,true
8810.5656,true,true
8640.1013,true,true
8637.4763,true,true
8820.1827,true,true
8847.1365,true,true
8702.6077,true,true
8848.1662,true,false
9647.6437,true,true
8716.4925,true,true
8829.1877,true,true
8670.1034,true,true
8631.9172,true,true
8847.7901,true,true
8623.6518,true,true
8630.0012,true,true
8671.8586,true,true
8608.4323,true,true
8899.3930,true,true
9782.2866,true,true
8651.8452,true,true
8687.6103,true,true
8753.9726,true,false
9018.5928,true,false
8761.2638,true,true
8717.2134,true,true
8714.8553,true,true
8741.5509,true,true
8758.8387,true,true
8712.3848,true,true
8701.8584,true,true
8707.6388,true,true
8745.1990,true,false
8713.9670,true,true
8794.7634,true,true
8789.4670,true,true
8719.9249,true,true
8760.7021,true,true
8773.2406,true,false
8725.7656,true,true
8751.9660,true,true
8764.3229,true,false
8802.9525,true,true
8826.2456,true,true
8827.8159,true,false
8791.6246,true,false
8732.6473,true,true
8735.8547,true,true
8735.3592,true,true
8691.3821,true,true
8684.5588,true,true
8815.9642,true,false
8768.3129,true,true
8850.0949,true,true
8658.4178,true,true
8755.5209,true,true
8842.6344,true,false
8664.0420,true,true
8791.6866,true,false
8773.2219,true,true
8815.4284,true,true
8822.7195,true,true
8681.4367,true,true
8731.5050,true,true
8686.9474,true,true
8826.8994,true,false
8708.1851,true,true
8820.0551,true,true
8694.9698,true,true
8872.4184,true,true
8823.2447,true,true
8714.8725,true,true
8721.5153,true,true
8695.6075,true,true
8852.5673,true,false
8708.9378,true,true
8705.8456,true,true
8796.5544,true,true
8711.1124,true,true
8784.0002,true,true
8777.8006,true,true
8720.6925,true,true
8929.6520,true,true
8737.6101,true,true
8714.8553,true,true
8762.4520,true,true
8752.6541,true,true
8736.9574,true,false
8726.2377,true,true
8742.4778,true,true
8696.6287,true,true
8647.3904,true,true
8795.6850,true,true
8802.0961,true,true
8802.7476,true,false
8821.8996,true,true
8819.6809,true,true
8733.7963,true,true
8758.2474,true,true
8800.8624,true,true
8720.8857,true,true
8778.5408,true,true
8783.6495,true,true
8709.5480,true,true
8753.9181,true,true
8788.0029,true,false
8810.2194,true,true
8738.6932,true,false
8727.0542,true,true
8729.9548,true,true
8912.6504,true,false
8740.9639,true,true
8738.5983,true,true
8754.4027,true,true
9227.0493,true,true
8730.2696,true,true
8805.8860,true,true
8795.7212,true,false
8716.1367,true,true
8809.9918,true,true
8701.6859,true,true
8672.0521,true,true
8807.6648,true,false
8948.2453,true,true
8794.3216,true,false
8659.8798,true,true
8726.8739,true,true
8743.5138,true,true
8859.3093,true,true
8639.2741,true,true
8643.0662,true,true
8652.4991,true,true
8728.6095,true,true
8833.5563,true,false
8789.7528,true,true
8811.6429,true,true
8680.8678,true,false
8675.8710,true,true
8663.9290,true,true
8656.1138,true,true
8881.6256,true,true
8675.9571,true,true
8925.1361,true,true
8716.6128,true,true
8946.7568,true,true
8705.8695,true,true
8640.6711,true,true
8634.2473,true,true
8614.6343,true,true
8717.7899,true,false
8783.6498,true,false
8718.6045,true,true
8698.7948,true,true
8709.9355,true,true
9162.2011,true,true
8794.6605,true,true
8669.8736,true,true
8577.0440,true,true
8577.0568,true,true
8818.7726,true,false
9216.5639,true,true
8616.2944,true,true
8639.8420,true,true
8592.0458,true,true
8644.0976,true,true
8589.9034,true,true
8593.1424,true,true
8637.1814,true,true
8596.9152,true,true
8610.5534,true,true
8786.7431,true,false
8576.9534,true,true
8646.1113,true,true
8652.9068,true,true
8668.8403,true,true
8594.9219,true,true
8590.1012,true,true
8585.6513,true,true
8645.2957,true,true
8585.7609,true,true
8640.3739,true,true
8698.9914,true,true
8876.8067,true,true
8453.3329,true,true
8598.9139,true,true
8588.8614,true,true
8595.3231,true,true
8594.5393,true,true
8682.5918,true,true
8657.7379,true,true
8710.8986,true,false
8793.5435,true,true
8704.4210,true,true
8606.8763,true,true
8611.6988,true,true
8630.3501,true,true
8421.6679,true,true
8667.0624,true,true
8651.2085,true,true
8479.8969,true,true
8359.8471,true,true
8349.7198,true,true
8331.9100,true,true
8697.4563,true,true
8341.8303,true,true
8730.6807,true,true
8473.0738,true,true
8651.2903,true,true
8767.7171,true,false
8691.2135,true,false
8690.6725,true,true
8366.9337,true,true
8398.1232,true,true
8390.3434,true,true
8376.0985,true,true
8745.5701,true,true
8379.2982,true,true
8378.2115,true,true
8436.2283,true,true
8659.9290,true,false
8408.8368,true,true
8459.9451,true,false
8760.0045,true,true
8432.9662,true,false
8445.6240,true,false
8360.8130,true,true
8429.5794,true,false
8357.8615,true,true
8372.3273,true,false
8448.4210,true,false
8433.6419,true,true
8408.9029,true,true
8864.8118,true,true
8977.6640,true,true
8385.3102,true,true
8611.6928,true,true
8376.0628,true,true
8456.1598,true,true
8871.6931,true,false
8410.6892,true,true
8386.4825,true,true
8474.2171,true,true
8437.3729,true,true
8436.7130,true,true
8374.8265,true,true
8413.1704,true,true
8363.0725,true,true
8345.3511,true,true
8350.3530,true,true
8409.8214,true,true
8338.5056,true,true
8450.9096,true,true
8444.1990,true,true
8527.6126,true,true
8409.9157,true,true
8355.5266,true,false
8353.1618,true,true
8473.7630,true,true
8478.5356,true,true
8489.8147,true,true
8553.5699,true,true
8552.2303,true,true
8501.2642,true,true
8594.4104,true,true
8520.8457,true,true
8624.0810,true,true
8632.7875,true,true
8676.1656,true,true
8563.8134,true,true
8623.6193,true,true
8505.9548,true,true
8612.2224,true,true
8506.8540,true,true
8606.1666,true,true
8544.3768,true,true
8770.0894,true,true
8587.1871,true,true
9551.0182,true,true
8535.2638,true,true
8533.6730,true,true
8639.7232,true,true
8563.8647,true,true
8517.2679,true,true
8582.9509,true,true
8517.9841,true,true
8529.6224,true,true
8655.1602,true,false
8720.1423,true,true
8635.4288,true,false
8519.8032,true,true
8540.0522,true,true
8584.8189,true,true
8559.8412,true,true
8634.8539,true,true
8661.3556,true,true
8664.6133,true,true
8618.9459,true,true
8625.2633,true,true
8799.3490,true,true
8620.4997,true,true
8711.1505,true,true
8698.3949,true,true
8527.3824,true,true
8682.3664,true,true
8387.4821,true,true
8388.2349,true,true
8902.1062,true,true
8695.1928,true,true
8380.2783,true,true
8700.5494,true,true
8372.6475,true,true
8736.3402,true,true
8382.5040,true,true
8524.6649,true,true
8502.4305,true,false
8615.4206,true,true
8431.2607,true,false
8364.6855,true,true
8364.9609,true,true
8374.3641,true,true
8757.1540,true,false
8452.4567,true,false
8444.6193,true,true
8407.8722,true,true
8405.1610,true,true
8381.8572,true,true
8751.2045,true,false
8387.0656,true,true
8387.8808,true,true
8366.1379,true,true
8335.7504,true,true
8451.9937,true,true
8381.4228,true,false
8338.0746,true,true
8850.6135,true,true
8306.7602,true,true
8427.9801,true,true
8488.1742,true,false
8337.5868,true,true
8287.1642,true,true
8347.2496,true,true
8400.4160,true,true
8380.0087,true,true
8428.3534,true,true
8881.8123,true,true
8475.9003,true,false
8891.6593,true,true
8183.5697,true,true
8474.3514,true,true
8848.7375,true,true
8186.3740,true,true
8382.5746,true,true
8190.2042,true,true
8199.7542,true,false
8184.6608,true,true
8347.8210,true,true
8790.8600,true,true
8212.2667,true,true
8209.6045,true,true
8243.2003,true,true
8196.5701,true,true
8387.2571,true,false
8192.5133,true,true
8189.2655,true,true
8244.9105,true,true
8477.4062,true,true
8299.7072,true,true
8467.1630,true,false
8261.7493,true,true
8202.6040,true,true
8282.6087,true,true
8301.0808,true,true
8350.6753,true,false
8644.0434,true,true
8274.5909,true,true
8248.6497,true,true
8272.0254,true,true
8248.2646,true,true
8258.3252,true,true
8557.0592,true,true
8289.5371,true,true
8327.6672,true,true
8272.3914,true,true
8354.5140,true,true
8247.0349,true,true
8244.4887,true,true
8247.4181,true,true
8320.4520,true,true
8239.6555,true,true
8295.8397,true,true
8241.8905,true,true
8231.5889,true,true
8283.3938,true,true
8219.3549,true,true
8235.0659,true,true
8306.4968,true,false
8339.8507,true,false
8324.7523,true,true
8409.4126,true,false
8276.0747,true,true
8310.5305,true,true
8308.4119,true,true
8276.8631,true,true
8376.5821,true,true
8411.7545,true,true
8303.3600,true,true
8350.9124,true,true
8340.3242,true,true
8339.2461,true,true
8447.4695,true,true
8479.1382,true,false
8326.1888,true,true
8317.8684,true,true
8371.6976,true,false
8427.2543,true,false
8361.5763,true,false
8402.9183,true,true
8312.3142,true,true
8321.3850,true,true
8376.5155,true,true
8312.0612,true,true
8457.5861,true,false
8611.0332,true,true
8365.2662,true,true
8429.6542,true,true
8478.5724,true,true
8529.8509,true,true
8601.3442,true,false
8577.6869,true,true
8534.2683,true,true
8537.5838,true,true
8528.9878,true,true
8504.5290,true,true
8491.0663,true,true
8684.9894,true,true
8567.4721,true,true
8561.8391,true,true
8763.3271,true,true
8545.3541,true,true
8627.2593,true,false
8554.2607,true,true
8553.2692,true,true
8513.8534,true,true
8638.7062,true,false
8529.8983,true,true
8522.1140,true,true
8559.3922,true,true
8557.3662,true,true
8569.1608,true,true
8505.1070,true,true
8562.9873,true,true
8533.2647,true,true
8512.3789,true,true
8606.1591,true,true
8544.5365,true,true
8702.0866,true,false
8615.3866,true,false
8623.8425,true,true
8602.8054,true,true
8610.9610,true,false
8559.8772,true,true
8650.5687,true,true
8549.5258,true,true
8629.3192,true,true
8540.3582,true,true
8524.9575,true,true
8528.1350,true,true
8605.1654,true,true
8696.2329,true,true
8577.9981,true,true
8515.2552,true,true
8494.5777,true,true
8577.7408,true,false
8750.7297,true,true
8484.1546,true,true
8689.0691,true,true
8495.8671,true,true
8590.0162,true,true
8593.4623,true,true
8587.4108,true,true
8640.5743,true,true
8529.1085,true,true
8502.8744,true,true
8530.4308,true,true
8628.9029,true,false
8547.9211,true,true
8732.3232,true,true
8527.7768,true,true
8653.0437,true,false
8537.7413,true,true
8547.1726,true,true
8524.2838,true,true
8521.0387,true,true
8519.7796,true,true
8556.3784,true,true
8517.7028,true,true
8646.1029,true,false
8718.5253,true,true
8520.3794,true,true
8513.0013,true,true
8545.8150,true,false
8666.9855,true,false
8846.3913,true,true
8658.2279,true,false
8610.2973,true,false
8589.4224,true,true
8529.1116,true,true
8570.6221,true,true
8526.9065,true,true
8612.9564,true,true
8514.1007,true,true
8511.0764,true,true
8512.5822,true,true
9008.3277,true,true
8519.4174,true,true
8520.5847,true,true
8620.7685,true,false
8638.6527,true,false
8572.5477,true,true
8547.6509,true,true
8552.5833,true,true
8611.0267,true,false
8497.3902,true,true
8501.2333,true,true
8655.6763,true,false
8632.0421,true,true
8483.5884,true,true
8479.5475,true,true
8611.9635,true,true
8549.2015,true,false
8595.9683,true,true
8462.4724,true,true
8686.6581,true,true
8573.8187,true,true
8459.0723,true,true
8465.7741,true,true
8450.6539,true,true
8506.0856,true,false
8501.0983,true,true
8449.4629,true,true
8540.3569,true,false
8576.4555,true,true
8451.4612,true,true
8452.0131,true,true
8502.0857,true,true
8611.5959,true,false
8624.1936,true,true
8523.2129,true,false
8534.6278,true,true
8586.9988,true,false
8432.1801,true,true
8421.6257,true,true
8416.2717,true,true
8458.6072,true,false
8418.8925,true,true
8413.2537,true,true
8451.9787,true,true
8480.1726,true,true
8411.9292,true,true
8412.8586,true,true
8473.5648,true,true
8422.1346,true,true
8647.5296,true,true
8418.9780,true,true
8797.3640,true,true
8554.5007,true,false
8286.4649,true,true
8441.8786,true,true
8515.3370,true,true
8289.9096,true,true
8278.7248,true,true
8470.4208,true,true
8279.2115,true,true
8459.5346,true,true
8275.6473,true,true
8275.1100,true,true
8617.0659,true,true
8564.9069,true,true
8310.0255,true,false
8279.1883,true,true
8317.0865,true,true
8907.3518,true,true
8331.3574,true,false
8275.2924,true,true
8348.6809,true,false
8300.9549,true,true
8299.5242,true,true
8310.6862,true,true
8409.9297,true,false
8191.0256,true,true
8314.0137,true,true
8317.2138,true,true
8322.5749,true,true
8317.0525,true,true
8338.7097,true,true
8177.8104,true,true
8180.9795,true,true
8181.0168,true,true
8359.7386,true,false
8228.1229,true,true
8357.7654,true,true
8189.1689,true,true
8391.8529,true,false
8604.3778,true,true
8219.0155,true,true
8243.6085,true,true
8202.1347,true,true
8182.5499,true,true
8452.5268,true,true
8185.3004,true,true
8194.9248,true,true
8639.6570,true,true
8398.6197,true,false
8185.2634,true,true
8268.1452,true,true
8257.3934,true,false
8182.3673,true,true
8209.9597,true,true
8202.1433,true,false
8074.2661,true,true
8672.6652,true,true
8876.1439,true,true
8065.1685,true,true
8077.7517,true,true
8264.7357,true,true
8274.7369,true,false
8224.2083,true,true
8224.2446,true,true
8062.2570,true,true
8059.9148,true,true
8055.8090,true,true
8508.2206,true,true
8230.4679,true,true
8124.2520,true,true
8051.4401,true,true
8070.5373,true,false
8242.4913,true,false
8045.0224,true,true
8045.9604,true,true
8297.1875,true,false
8042.4476,true,true
8038.5446,true,true
8034.4483,true,true
8088.6563,true,false
8035.9202,true,true
8033.0688,true,true
8031.0524,true,true
8039.3881,true,true
8081.7606,true,true
8035.0020,true,true
8122.5495,true,false
8114.4300,true,true
8077.4574,true,true
8065.2853,true,true
8027.7035,true,true
8017.5567,true,true
8350.1782,true,true
8056.7207,true,false
8007.0949,true,true
8006.9962,true,true
8118.0094,true,false
8155.7026,true,true
8382.5646,true,true
8055.8356,true,false
8025.0950,true,true
8031.2858,true,true
8102.8288,true,true
8027.9726,true,true
8025.0032,true,true
8146.9527,true,false
8106.5673,true,true
8096.9160,true,true
8026.8606,true,true
8049.9191,true,true
8057.2559,true,true
8135.4742,true,false
8069.1098,true,true
8068.1012,true,true
8035.0687,true,true
8505.4947,true,true
7938.5807,true,true
7937.3776,true,true
7937.3254,true,true
8059.9654,true,true
8159.6880,true,true
7942.9570,true,true
8102.7935,true,false
7942.5380,true,true
8503.3272,true,true
8089.2902,true,true
7946.9411,true,true
7952.1582,true,true
7940.9572,true,true
8122.4343,true,true
7945.4680,true,true
7944.9960,true,true
7989.0261,true,true
8126.6314,true,true
7978.3284,true,true
7960.2762,true,true
7992.5496,true,true
7865.2251,true,true
7991.7568,true,true
8045.9690,true,true
7990.8555,true,false
7877.8911,true,true
7701.2432,true,true
7994.0159,true,true
7702.5131,true,true
8184.7739,true,false
7671.5046,true,true
8040.3098,true,true
8014.4987,true,true
8084.7682,true,false
8047.5227,true,true
8088.1857,true,false
7731.3732,true,false
8246.1010,true,true
7690.2153,true,true
7771.9551,true,true
7715.0190,true,true
7690.7037,true,true
8062.4693,true,false
7741.8433,true,true
7742.0433,true,true
8153.1423,true,true
7703.5808,true,true
7838.1952,true,false
7732.2287,true,true
7774.2851,true,true
7703.4040,true,true
7720.7933,true,true
7718.6137,true,true
7709.4198,true,true
7782.4962,true,true
7861.6436,true,false
8150.4846,true,true
7694.3760,true,true
7708.3489,true,true
7797.9403,true,false
7763.9456,true,true
7745.9036,true,true
7708.6988,true,true
7740.0677,true,true
7722.1614,true,true
7708.0873,true,true
7705.3482,true,true
7784.5325,true,true
7794.3049,true,false
7701.9841,true,true
7756.8115,true,true
7701.8331,true,true
7808.2258,true,false
7692.4426,true,true
7693.0138,true,true
7752.6827,true,false
7824.1674,true,false
7653.6911,true,true
7693.1701,true,true
7659.8138,true,true
7715.4901,true,true
7746.3690,true,false
7640.2388,true,true
7791.1964,true,false
7787.1601,true,true
7862.9711,true,true
7829.0077,true,false
7859.0146,true,true
7784.6697,true,false
8034.7059,true,true
7816.0864,true,true
7779.1691,true,true
7750.0496,true,true
7757.3201,true,true
7765.1256,true,false
7768.6389,true,true
7750.6315,true,true
7910.2131,true,false
7809.2701,true,true
7847.7920,true,true
7797.0001,true,true
7868.7929,true,true
7937.3401,true,true
7774.6037,true,true
7768.5043,true,true
7837.3370,true,true
7799.2524,true,true
7755.6596,true,true
7769.9988,true,true
7755.1075,true,true
7836.2354,true,true
7762.4757,true,true
7859.0551,true,true
7897.6885,true,true
7861.2882,true,true
7855.1742,true,true
7852.3334,true,true
7850.2794,true,true
7834.5591,true,true
7913.2579,true,false
7973.1531,true,true
7910.8237,true,true
7907.9366,true,true
8308.8847,true,true
7827.7729,true,true
7832.5952,true,true
7826.4359,true,true
7889.4879,true,true
8233.2564,true,true
7878.8321,true,true
8916.7343,true,true
7993.3818,true,false
7925.5740,true,true
7914.1835,true,true
7933.3875,true,true
7970.8909,true,true
8014.5949,true,true
8167.7262,true,true
8327.1385,true,true
7887.2335,true,true
7971.7594,true,false
7964.6250,true,false
7775.7936,true,false
7985.4703,true,true
7991.8557,true,true
8034.0748,true,true
7793.9753,true,true
7805.9605,true,true
8037.8829,true,true
7791.5787,true,true
7805.6926,true,true
8053.2336,true,true
8013.2511,true,false
8039.9745,true,true
8067.0065,true,false
7787.7511,true,true
8051.6597,true,false
8035.0293,true,false
7974.6749,true,false
7826.7658,true,false
7832.9779,true,true
7859.3171,true,true
7833.7172,true,true
7816.7035,true,true
8004.8087,true,false
7852.6568,true,true
7796.3035,true,true
7788.1222,true,true
8132.0639,true,true
7825.4341,true,false
7912.3141,true,false
7956.8031,true,true
8298.9143,true,false
7842.9812,true,true
7841.9398,true,true
7998.3800,true,false
8026.5321,true,true
7858.1456,true,true
7842.3004,true,true
7861.5835,true,true
7924.7972,true,true
7978.6343,true,true
8014.5238,true,false
7804.6293,true,true
8027.0489,true,true
7895.1824,true,true
7831.3529,true,true
7848.1790,true,true
7911.2608,true,true
7999.9009,true,true
8025.0908,true,false
7905.2534,true,true
7815.6366,true,true
7938.7576,true,true
7818.4861,true,true
7812.5148,true,true
7819.2854,true,true
7839.2276,true,true
7825.6842,true,true
7825.1986,true,true
7841.9200,true,false
7866.4265,true,true
7833.1476,true,true
8180.3047,true,true
7893.8792,true,true
7828.3296,true,true
7843.2234,true,true
7864.6685,true,true
7913.0689,true,true
8436.0345,true,true
7875.8185,true,true
7847.3351,true,true
7829.5213,true,true
7871.9528,true,true
7823.0853,true,true
8159.5893,true,true
7796.1027,true,true
7888.9398,true,true
7794.0236,true,true
7915.5139,true,true
8621.7546,true,true
7903.2001,true,true
7917.3836,true,true
7798.8289,true,true
7801.2600,true,true
7796.8338,true,true
7971.6212,true,true
8015.4569,true,true
7787.9019,true,true
7918.6187,true,false
7788.6511,true,true
7918.0575,true,false
7914.9715,true,false
7806.8498,true,true
7785.4169,true,true
7754.6127,true,true
7855.1577,true,true
7778.0730,true,true
7858.8857,true,true
7825.2523,true,true
7734.1228,true,true
7735.3640,true,true
7836.6908,true,true
7752.6632,true,true
7756.4874,true,true
7781.7759,true,true
7759.6324,true,true
7781.9745,true,true
7952.4905,true,true
7755.4271,true,true
7762.1317,true,true
7862.2306,true,false
7754.4143,true,true
7762.9726,true,true
7753.7456,true,true
7745.4690,true,true
8283.1258,true,true
7773.6026,true,true
7893.7484,true,true
7893.1183,true,true
7884.7332,true,true
7873.9947,true,true
7922.1269,true,true
7860.5575,true,true
7795.5239,true,true
7801.1004,true,true
7790.3666,true,true
8186.1783,true,false
7854.0848,true,false
8334.2923,true,true
7865.1419,true,true
7853.8878,true,true
7857.1872,true,true
7846.0323,true,true
7948.5995,true,true
7977.3598,true,true
7972.3701,true,true
7844.3312,true,true
7970.5641,true,false
7840.0631,true,true
7971.5569,true,true
7969.7308,true,true
7845.4185,true,true
8045.6322,true,true
8002.6103,true,true
7899.7268,true,true
7876.7940,true,true
8183.9478,true,false
7876.3430,true,true
7926.6811,true,true
7911.1114,true,false
7874.6484,true,true
7872.5050,true,true
8233.3609,true,true
7873.0927,true,true
7873.3655,true,true
7892.9841,true,true
7860.3023,true,true
7798.1703,true,true
7942.4833,true,true
7948.7639,true,true
7941.7623,true,true
7933.2691,true,true
7889.4718,true,true
7886.3473,true,true
7878.5445,true,true
7876.0690,true,true
7954.2966,true,true
7844.2100,true,true
7854.1433,true,true
7843.0508,true,true
7965.3116,true,true
7872.5651,true,true
7939.6966,true,true
7864.6810,true,true
7992.8656,true,true
8182.6368,true,true
8023.5471,true,false
8014.7238,true,true
7875.8763,true,true
7885.3735,true,true
7907.4581,true,false
7985.6107,true,false
7970.0277,true,true
7898.2200,true,true
8036.3989,true,false
7940.7520,true,true
7990.0531,true,true
8065.4844,true,true
7980.4043,true,true
8022.6189,true,true
7892.9537,true,true
8324.4519,true,true
7928.8566,true,true
7926.0535,true,true
8071.4485,true,true
8125.1896,true,true
8370.0767,true,true
8284.2685,true,true
8008.3451,true,true
7918.4621,true,true
7897.6593,true,true
8064.1446,true,true
7889.3132,true,true
7898.5477,true,true
7887.9359,true,true
7877.5165,true,true
7887.0551,true,true
7970.4997,true,true
7858.4890,true,true
7925.2507,true,true
7835.5516,true,true
7917.5913,true,true
7995.0840,true,true
7933.3721,true,true
7886.4952,true,false
8023.7579,true,true
7965.6212,true,true
7846.9535,true,true
7986.9400,true,false
7893.0272,true,true
7971.2987,true,true
7847.9104,true,true
7828.6226,true,true
7839.3704,true,true
7848.6038,true,true
7921.0693,true,true
8047.6291,true,true
7901.1504,true,false
7951.3849,true,false
7912.3892,true,true
7889.6032,true,true
7861.2427,true,true
8176.7942,true,true
7976.7835,true,false
7858.4288,true,true
7965.0715,true,false
7840.7406,true,true
7907.4681,true,true
7867.5484,true,true
7928.9604,true,true
7996.1873,true,false
7957.0694,true,true
7923.2746,true,true
7872.0062,true,true
7917.1349,true,true
7942.1414,true,true
8003.4639,true,true
7989.7704,true,true
7815.4570,true,true
7858.9950,true,true
7967.6792,true,true
7859.2722,true,true
7959.8327,true,true
7856.4014,true,true
7885.6826,true,true
8037.3184,true,false
8231.1061,true,true
7879.1512,true,false
7876.5234,true,false
8021.3479,true,false
7864.8656,true,true
7855.1538,true,true
7854.0865,true,true
8013.9337,true,true
7975.9438,true,true
8004.2556,true,true
7976.4119,true,true
7943.8445,true,true
7990.9484,true,true
7910.5448,true,true
7916.7415,true,true
7870.3283,true,true
7842.7830,true,true
7820.5433,true,true
7815.5002,true,true
7819.6921,true,true
7899.3540,true,true
8145.5328,true,true
7817.5138,true,true
7920.6658,true,true
7899.5937,true,true
7907.3900,true,true
7818.1445,true,true
7969.5783,true,true
7845.9836,true,false
7830.2425,true,true
7944.3300,true,false
7823.6711,true,true
7962.5094,true,false
7973.8965,true,false
7802.8597,true,true
7962.4168,true,false
7798.1812,true,true
7802.2663,true,true
7707.5319,true,true
7870.1160,true,true
7704.9409,true,true
7861.5759,true,true
7942.4862,true,true
7941.1834,true,true
7717.7371,true,true
7733.8505,true,true
7899.7148,true,true
7734.1427,true,false
7940.7905,true,false
7976.7126,true,false
7983.4144,true,false
7908.6105,true,true
7989.4524,true,false
7773.4990,true,true
7752.3080,true,true
8388.5925,true,true
7979.7901,true,false
7753.2850,true,true
7765.3405,true,true
7753.0922,true,true
7760.7283,true,true
7917.8408,true,true
7744.8918,true,true
7760.8634,true,true
7750.9987,true,true
7730.4301,true,true
7825.9170,true,true
7798.2079,true,true
7514.1146,true,true
7527.0438,true,true
7830.3714,true,true
7809.0654,true,true
8379.5962,true,true
7488.3591,true,true
7591.8483,true,true
8018.9742,true,true
7786.5007,true,true
7487.0306,true,true
7486.0599,true,true
7786.6799,true,false
7508.8764,true,false
7478.8033,true,true
7478.4603,true,true
7787.0796,true,true
7470.3064,true,true
7800.6822,true,false
7476.6959,true,true
7470.9728,true,true
7461.6974,true,true
7522.4535,true,true
7532.5124,true,true
7461.3495,true,true
7512.7684,true,true
7640.5638,true,false
7837.3916,true,true
7341.9588,true,true
7345.8243,true,true
7527.4912,true,true
7351.8530,true,true
7351.8870,true,true
7603.7335,true,true
8324.7430,true,true
7972.7339,true,true
7422.3947,true,true
7553.5477,true,true
7451.1977,true,true
7443.5554,true,true
7428.3931,true,true
7662.8665,true,false
7599.1011,true,true
7608.6748,true,false
7427.8541,true,true
7457.3345,true,true
7433.9212,true,true
7433.3891,true,true
7488.6413,true,false
7556.8023,true,true
7721.5386,true,false
7556.2646,true,true
7540.7568,true,true
7556.9384,true,true
7437.4678,true,true
7395.1626,true,true
7599.6791,true,true
7559.1820,true,true
7556.0980,true,true
7620.4120,true,true
7389.3362,true,true
7380.2762,true,true
7380.1850,true,true
7371.4695,true,true
7573.9585,true,true
7801.2086,true,true
7610.9280,true,true
7399.9950,true,false
7386.0129,true,true
7799.1046,true,true
7428.0206,true,true
7654.2350,true,true
7423.1241,true,true
7389.1503,true,true
7399.9928,true,false
7390.8518,true,true
7638.6223,true,false
7381.1574,true,true
7384.6087,true,true
7410.6531,true,true
7428.2871,true,true
7506.7416,true,true
7546.9161,true,true
7766.0861,true,true
7487.0400,true,true
7546.3300,true,true
7432.1657,true,true
7499.8792,true,true
7565.1838,true,true
7540.6547,true,true
7526.8844,true,true
7769.2971,true,true
7994.7413,true,true
7374.9398,true,true
7539.0250,true,true
7433.5696,true,true
7625.1059,true,false
7359.7842,true,true
7367.4582,true,true
7495.8096,true,true
7493.6939,true,true
7456.8881,true,true
7500.7692,true,true
7621.7394,true,true
7371.2177,true,true
7362.6306,true,true
7616.0262,true,false
7430.9294,true,false
7426.6215,true,true
7374.9810,true,true
7422.4833,true,true
7435.6427,true,true
7388.5795,true,false
7421.2744,true,false
7386.8241,true,true
7462.2772,true,true
7448.0134,true,true
7429.5859,true,true
7428.8760,true,true
7423.9655,true,false
7427.3599,true,true
7424.6401,true,true
7455.8826,true,true
7485.2817,true,false
7769.8986,true,true
7431.1880,true,true
7422.9573,true,true
7427.9084,true,true
7485.4284,true,false
7421.4510,true,true
7419.9776,true,true
7509.5199,true,false
7788.1081,true,false
7504.4844,true,false
7786.8547,true,true
7461.8480,true,true
7425.2297,true,true
7570.7938,true,true
7455.4186,true,false
7585.9626,true,true
7430.0800,true,true
8875.9685,true,true
7582.2813,true,false
7548.1426,true,true
7506.4740,true,true
7532.1454,true,true
7528.7579,true,true
7498.6911,true,true
7603.0432,true,false
7526.0555,true,false
7501.0774,true,true
7586.3014,true,true
7615.7226,true,true
7525.9004,true,true
7622.5158,true,true
7567.0588,true,true
7530.7591,true,true
7528.9622,true,true
7590.3337,true,true
7526.1559,true,true
7648.1156,true,false
7671.1329,true,true
7559.2039,true,true
7567.2192,true,true
7535.2368,true,true
7585.6388,true,true
7567.4794,true,true
7899.2412,true,true
7537.6868,true,true
7542.2793,true,true
7534.8838,true,true
7617.4862,true,false
7555.0280,true,true
7537.2797,true,true
7618.4913,true,false
7641.8816,true,true
7508.0620,true,true
7497.3173,true,true
7619.5421,true,false
7453.0387,true,true
7418.9577,true,true
7726.3087,true,true
7560.8498,true,true
7416.6348,true,true
7412.8377,true,true
7410.2941,true,true
7574.9263,true,true
7572.2968,true,true
7420.3580,true,true
7609.1316,true,false
7435.3608,true,false
7411.2620,true,true
7658.7120,true,true
7424.4959,true,true
7627.5517,true,false
7454.3550,true,true
7456.4493,true,true
7492.3553,true,true
7486.2903,true,true
7457.2825,true,true
7451.2063,true,true
7445.6648,true,true
7485.1758,true,true
7627.6939,true,true
7497.1787,true,true
7505.6385,true,true
7547.3741,true,true
7457.7444,true,true
7458.0442,true,true
7499.2233,true,true
7458.8508,true,true
7469.7212,true,true
7776.9533,true,true
7465.9329,true,true
7464.1548,true,true
7569.9563,true,true
7508.6925,true,true
7530.6716,true,true
7482.2000,true,true
7585.3536,true,true
7474.0940,true,true
7456.3868,true,true
7436.4648,true,true
7534.3939,true,true
7519.7133,true,true
7532.4581,true,true
7444.3175,true,true
7442.5129,true,true
7567.9076,true,true
7440.2492,true,true
7484.0480,true,false
7467.8387,true,true
7424.9268,true,true
7424.9116,true,true
7505.5936,true,false
7418.6440,true,true
7480.9823,true,true
7630.9695,true,true
7421.9131,true,true
7532.8263,true,true
7484.5710,true,true
7446.3325,true,false
7517.6031,true,false
7428.4955,true,true
7430.3668,true,true
7462.8057,true,true
7467.9133,true,true
7462.2918,true,true
7437.0963,true,true
7427.1352,true,true
7603.4378,true,false
7413.6156,true,true
7482.1988,true,true
7472.2372,true,true
7572.3486,true,false
7399.1795,true,true
7422.8692,true,true
7570.6185,true,true
7412.0521,true,true
7397.2149,true,true
7642.5537,true,false
7568.9841,true,true
7437.1039,true,false
7409.3588,true,true
7415.3872,true,true
7456.0171,true,true
7444.8556,true,true
7479.5598,true,true
7458.2040,true,true
7435.8240,true,true
7639.2006,true,false
7481.9993,true,true
7595.0275,true,true
8275.5924,true,true
7460.6140,true,false
7446.6970,true,true
7650.5010,true,true
7513.3615,true,true
7480.4821,true,true
7522.1957,true,true
7658.3103,true,false
7452.1432,true,true
7539.6829,true,true
7455.6795,true,true
7448.5496,true,true
7452.1083,true,true
7484.9865,true,true
7447.5693,true,true
7455.0592,true,true
7834.3248,true,true
7462.7238,true,true
7481.8161,true,true
7470.6545,true,true
7499.7035,true,true
7451.9145,true,true
7468.5091,true,true
7456.6205,true,true
7497.8204,true,true
7485.7938,true,true
7488.9720,true,true
7659.5460,true,true
7576.5558,true,true
7536.2092,true,true
7582.4549,true,true
7596.3855,true,true
7568.7870,true,true
7648.2094,true,false
7683.0504,true,false
7564.5099,true,true
7642.8660,true,true
7609.5511,true,true
7604.1839,true,true
7514.7563,true,true
7582.7857,true,true
7725.7920,true,true
7670.0751,true,true
7530.8140,true,true
7974.8760,true,true
7539.3914,true,false
7567.3494,true,true
7515.9780,true,true
7510.5058,true,true
7509.8287,true,true
7507.4009,true,true
7503.5646,true,true
7511.3216,true,true
7671.6749,true,true
7690.1205,true,false
7621.2476,true,true
7565.3648,true,true
7612.5355,true,true
7591.3736,true,true
7746.5527,true,true
7589.4605,true,true
7653.2287,true,true
7535.3955,true,false
7506.5146,true,true
7631.6155,true,false
7512.9630,true,true
7586.5371,true,true
7502.3691,true,true
7594.2528,true,true
7568.9584,true,true
7603.9571,true,true
7607.7356,true,true
7620.6342,true,false
7520.4998,true,true
7515.7144,true,true
7837.8088,true,true
7522.4414,true,true
7516.3684,true,true
7503.7066,true,true
7579.3681,true,false
7535.8726,true,true
7491.2364,true,true
7601.8277,true,true
7507.7210,true,true
7499.3266,true,true
7517.6179,true,true
7858.4035,true,false
7617.3422,true,true
7629.5588,true,false
7520.3324,true,true
7530.8158,true,true
7544.9690,true,true
7512.2970,true,true
7611.1257,true,true
7571.7441,true,true
7666.7673,true,false
7503.8618,true,true
7575.8805,true,true
7618.3576,true,true
7509.9485,true,true
7538.5955,true,true
7523.6573,true,true
7587.0597,true,false
7666.8322,true,false
7518.6840,true,true
7514.3835,true,true
7556.6365,true,true
7613.3615,true,false
7551.4116,true,true
7505.0833,true,true
7523.8685,true,true
7645.3980,true,true
7606.6161,true,true
7525.3479,true,true
7523.0722,true,true
7524.0289,true,true
7591.4864,true,true
7577.3727,true,true
7605.9059,true,false
7627.7843,true,true
7625.7411,true,true
7565.7479,true,true
7631.9925,true,true
7543.7266,true,true
7843.6264,true,true
7553.9575,true,true
7578.4620,true,true
7624.2325,true,true
7621.2649,true,true
7584.8075,true,true
7592.8144,true,true
7655.5893,true,false
7562.1589,true,true
7561.5246,true,true
7601.4669,true,true
7695.7982,true,true
7584.2320,true,false
7572.6206,true,true
7683.1429,true,false
7607.6114,true,true
7567.4909,true,true
7463.9894,true,true
7608.7818,true,false
7627.9923,true,true
7611.2155,true,true
7874.2344,true,false
7804.2188,true,true
7410.6650,true,true
7730.0116,true,true
7420.6825,true,true
7729.1265,true,true
7513.6972,true,true
7435.7880,true,true
7432.1036,true,true
7504.7849,true,true
7502.8838,true,true
7426.2329,true,true
7398.7047,true,true
7743.8437,true,true
7517.6818,true,true
7481.3277,true,true
7445.9260,true,true
7567.9623,true,false
8107.3982,true,true
7596.7236,true,true
7458.5132,true,true
7479.1640,true,true
7477.0983,true,true
7465.5952,true,true
7479.7201,true,true
7462.2080,true,true
7447.4365,true,true
7509.8250,true,true
7438.6884,true,true
7467.3442,true,true
7503.0456,true,true
7534.7679,true,true
7560.0594,true,false
7343.8038,true,true
7346.5967,true,true
7345.1642,true,true
7563.0958,true,true
7882.3232,true,true
7339.2549,true,true
7333.2094,true,true
7546.3077,true,false
7877.8528,true,true
7588.0393,true,false
7485.3462,true,true
7332.7948,true,true
7337.6846,true,true
7334.0797,true,true
7481.0397,true,false
7332.6024,true,true
7545.3534,true,true
7390.6932,true,true
7369.3727,true,true
7376.0354,true,true
7413.3935,true,true
7336.5795,true,true
7579.2379,true,true
7421.8579,true,true
7338.4169,true,true
7336.9794,true,true
7335.2566,true,true
7373.1773,true,true
7334.6814,true,true
7333.9797,true,true
7359.0336,true,false
7325.6680,true,true
7385.3638,true,true
7329.3065,true,true
7332.5251,true,true
7508.2720,true,false
7668.7433,true,true
7431.4806,true,false
7354.7733,true,true
7457.6777,true,false
7378.3846,true,true
