latency_ms,ok,allowed
16.0473,true,true
13.0490,true,true
7.0930,true,true
23.2286,true,true
10.1452,true,true
14.1991,true,false
6.1193,true,true
34.3646,true,true
22.9870,true,true
5.4207,true,true
16.4003,true,false
7.7659,true,true
17.8671,true,true
12.8152,true,false
7.2404,true,true
4.2896,true,true
8.5625,true,true
5.4855,true,true
16.8169,true,true
10.1930,true,true
8.3336,true,true
5.0969,true,true
15.2985,true,true
9.5746,true,false
2.4208,true,true
5.5714,true,false
2.3894,true,true
5.0669,true,true
2.5529,true,true
7.3785,true,true
4.3100,true,true
12.5848,true,true
6.2492,true,false
3.3976,true,true
6.5466,true,true
4.1198,true,true
3.1266,true,false
1.8755,true,true
11.5920,true,true
8.7597,true,true
6.1902,true,true
4.1238,true,true
12.8301,true,true
9.9231,true,true
16.6883,true,true
14.1019,true,false
5.1574,true,true
8.9698,true,false
12.5384,true,false
3.0124,true,true
13.2653,true,true
8.1344,true,true
19.3546,true,false
17.5832,true,true
8.7873,true,true
9.8038,true,true
25.6404,true,true
11.4224,true,true
18.0680,true,true
7.1855,true,true
4.4734,true,true
11.2683,true,true
31.1591,true,false
8.3246,true,true
6.0243,true,true
10.1220,true,true
5.1858,true,true
9.1245,true,false
9.2632,true,true
7.5946,true,false
12.1924,true,true
16.3233,true,true
6.0576,true,true
8.9661,true,true
7.8936,true,true
5.9747,true,true
28.1771,true,true
27.2892,true,true
15.0775,true,true
24.5695,true,true
18.6402,true,true
13.4096,true,true
32.2535,true,true
22.9530,true,true
27.6364,true,true
31.1913,true,true
25.4088,true,false
14.5380,true,true
17.7967,true,false
30.3203,true,true
24.2931,true,true
37.6764,true,true
14.5841,true,true
10.2272,true,true
26.2153,true,false
16.1521,true,false
30.7672,true,true
19.8135,true,false
23.8170,true,true
17.9125,true,true
10.5510,true,true
8.1094,true,true
9.7868,true,true
58.4785,true,true
8.1406,true,true
11.7811,true,true
8.1008,true,true
30.1056,true,true
35.9781,true,true
28.4813,true,false
12.4007,true,false
27.7646,true,true
30.3890,true,true
24.3899,true,true
13.5332,true,true
12.9184,true,true
23.5226,true,true
34.3598,true,true
57.2012,true,true
39.5290,true,true
43.0100,true,true
55.7604,true,true
26.2864,true,true
23.8323,true,true
19.2756,true,true
39.1510,true,true
16.8481,true,true
50.8886,true,false
35.0916,true,true
52.0505,true,true
20.8245,true,true
21.8443,true,true
41.0932,true,false
51.8403,true,true
43.8338,true,true
43.9128,true,false
54.3323,true,false
32.9459,true,true
36.4943,true,true
59.6156,true,true
48.0860,true,true
26.3981,true,true
24.8540,true,true
31.2019,true,true
22.5579,true,true
27.7461,true,true
53.3599,true,true
57.6172,true,true
26.7904,true,true
24.8328,true,true
24.5205,true,true
40.2168,true,true
17.1809,true,true
23.6360,true,true
20.5438,true,true
51.3379,true,false
15.9941,true,true
72.5528,true,true
96.2008,true,true
26.9236,true,true
22.3395,true,true
22.7106,true,true
21.4496,true,true
32.7823,true,true
41.7000,true,true
64.5358,true,true
68.1747,true,true
81.1514,true,true
84.1090,true,true
46.1641,true,false
74.6197,true,false
43.8026,true,true
41.7194,true,true
53.2939,true,true
99.4689,true,true
53.0277,true,true
92.3527,true,true
87.5271,true,true
81.9505,true,true
94.2687,true,true
122.3184,true,false
128.7100,true,true
131.8767,true,false
191.5914,true,true
125.2643,true,false
82.0814,true,true
77.0556,true,true
97.1300,true,true
86.6287,true,true
79.5071,true,true
80.4100,true,true
99.6748,true,false
84.7478,true,true
89.5502,true,true
78.1928,true,true
83.2989,true,true
84.6730,true,true
153.6152,true,true
122.9432,true,true
163.2015,true,true
199.3401,true,true
187.3798,true,true
250.5071,true,true
239.1366,true,true
198.1281,true,true
214.0926,true,true
308.0995,true,false
291.9089,true,true
232.8194,true,true
201.3299,true,true
217.2497,true,false
281.4680,true,true
234.7764,true,true
273.9497,true,false
247.7753,true,true
305.0108,true,true
233.7086,true,true
246.2098,true,false
250.2914,true,true
257.5723,true,true
311.9443,true,false
247.0934,true,true
235.9660,true,true
235.5431,true,true
283.1289,true,true
330.1235,true,false
312.6028,true,true
291.7186,true,true
263.8018,true,false
232.1432,true,true
307.2020,true,true
478.7437,true,true
299.1358,true,true
267.3483,true,true
296.1479,true,true
473.8369,true,true
352.3018,true,true
321.3497,true,true
272.8393,true,true
317.5216,true,true
274.8822,true,true
275.7368,true,true
304.7069,true,true
311.2271,true,true
312.5658,true,true
376.4298,true,false
401.0561,true,true
378.0406,true,true
357.6467,true,true
339.7215,true,true
328.9603,true,true
385.9112,true,true
393.3999,true,false
384.7289,true,true
373.0406,true,true
341.3613,true,true
363.7478,true,true
342.7638,true,true
418.3459,true,true
377.1120,true,true
430.8488,true,true
639.0281,true,true
374.9134,true,false
379.1577,true,true
361.3058,true,true
385.7744,true,true
383.1832,true,true
358.6423,true,true
482.3593,true,true
382.0276,true,true
383.6682,true,true
385.8067,true,true
458.2037,true,false
405.2573,true,true
418.4383,true,false
431.6206,true,true
384.8874,true,true
526.0926,true,true
385.4688,true,true
384.3462,true,true
424.1213,true,true
376.2507,true,true
383.3309,true,true
424.2448,true,true
384.7997,true,true
399.0317,true,true
477.4814,true,true
477.6253,true,true
435.1581,true,true
438.6771,true,true
412.9312,true,true
431.4271,true,true
407.5841,true,true
421.0174,true,true
414.8977,true,true
413.3235,true,true
406.7946,true,true
402.4866,true,true
403.8983,true,true
400.8604,true,true
493.3056,true,true
740.0391,true,true
406.6811,true,true
409.9934,true,true
413.7828,true,true
508.9010,true,false
454.6318,true,false
482.9871,true,false
405.7867,true,true
465.9903,true,true
444.4454,true,true
390.5843,true,true
413.8066,true,true
413.0581,true,true
568.2274,true,true
486.9676,true,false
492.1493,true,true
663.8186,true,true
436.5353,true,true
448.1994,true,true
508.1845,true,false
510.3881,true,true
498.6413,true,true
465.0025,true,true
440.5483,true,true
443.5562,true,true
438.8944,true,true
508.6249,true,true
516.4843,true,true
438.6139,true,true
491.9627,true,true
463.1313,true,false
506.1494,true,false
441.9503,true,true
506.5365,true,false
438.1305,true,true
678.5470,true,true
441.4913,true,true
499.1015,true,false
460.4071,true,true
458.5737,true,true
490.1096,true,true
509.4797,true,true
458.7858,true,true
712.3591,true,true
455.3855,true,true
459.1298,true,true
508.0528,true,true
448.8343,true,true
501.0553,true,true
574.5979,true,true
456.9057,true,true
542.5649,true,false
445.9500,true,true
484.1065,true,true
445.5360,true,true
539.2304,true,true
905.0739,true,true
514.3563,true,true
537.6705,true,true
477.2219,true,true
511.4702,true,true
488.2292,true,true
483.2637,true,true
481.1977,true,true
476.9923,true,true
524.6668,true,true
483.9009,true,true
478.6645,true,true
482.8150,true,true
580.2053,true,false
525.1002,true,false
478.7503,true,true
479.6737,true,true
506.9165,true,true
564.5549,true,false
547.4489,true,true
484.3670,true,true
475.5143,true,true
499.4305,true,false
540.8432,true,true
507.9990,true,false
628.8930,true,true
500.3272,true,true
496.6792,true,true
497.8498,true,true
493.6350,true,true
490.9280,true,true
489.6858,true,true
618.6900,true,true
489.9309,true,true
550.1541,true,true
498.9891,true,true
636.5820,true,true
496.2615,true,true
609.0842,true,false
587.3772,true,false
520.3164,true,false
541.0362,true,true
755.3741,true,true
549.0821,true,true
502.5655,true,true
614.2037,true,false
500.9495,true,true
586.8073,true,false
499.4424,true,true
575.8424,true,true
498.3068,true,true
579.2805,true,false
504.4471,true,true
500.4987,true,true
628.4260,true,true
498.8600,true,true
585.6489,true,false
498.4459,true,true
549.6143,true,true
515.9699,true,true
524.1206,true,true
506.1324,true,true
506.1623,true,true
637.4453,true,true
609.0857,true,true
558.3126,true,true
568.0953,true,true
516.1086,true,true
559.6514,true,true
553.4384,true,true
541.8388,true,false
611.5877,true,true
610.7404,true,false
534.0296,true,true
565.5300,true,false
563.5494,true,true
527.4198,true,true
572.8449,true,true
674.4872,true,true
689.2263,true,false
604.8075,true,true
647.8973,true,true
652.2270,true,true
717.2093,true,true
681.7974,true,true
679.2932,true,true
709.4556,true,true
713.0688,true,true
730.2471,true,true
768.3911,true,true
778.2334,true,true
762.1290,true,true
719.0769,true,true
774.1446,true,true
779.7429,true,true
820.8037,true,true
806.5926,true,true
746.4423,true,true
745.3020,true,true
825.3098,true,true
830.3953,true,false
781.1872,true,true
793.7714,true,true
756.0522,true,true
784.8951,true,true
787.1045,true,true
858.1993,true,true
1000.1590,true,false
784.1970,true,true
790.7691,true,true
788.9374,true,true
873.3711,true,false
915.4941,true,true
862.3027,true,true
860.2222,true,true
813.8255,true,true
830.2713,true,true
794.1685,true,true
852.5215,true,true
888.0993,true,true
844.8940,true,true
790.4183,true,true
880.3975,true,false
840.4378,true,true
821.8203,true,false
939.9901,true,true
800.2831,true,true
868.3427,true,true
875.1987,true,true
866.7551,true,true
795.9939,true,true
855.0393,true,true
827.8809,true,false
832.3338,true,false
784.5021,true,true
800.5299,true,true
791.2135,true,true
847.0636,true,false
815.7846,true,false
794.8117,true,true
793.5867,true,true
843.8848,true,true
838.9612,true,true
820.3671,true,true
820.1565,true,true
814.9992,true,true
878.2329,true,true
814.8769,true,true
812.3713,true,true
881.2093,true,false
906.2261,true,true
823.0606,true,true
865.0457,true,true
908.0795,true,false
904.8234,true,false
862.7501,true,true
827.6445,true,true
817.1940,true,true
809.2243,true,true
813.9555,true,true
824.0290,true,true
836.2355,true,false
871.8326,true,true
814.2292,true,true
818.2421,true,true
824.7461,true,true
840.8710,true,false
803.9050,true,true
825.9160,true,true
904.1494,true,true
816.6988,true,true
819.8242,true,true
810.4827,true,true
866.2721,true,true
905.4578,true,true
844.6209,true,true
862.4111,true,true
803.2542,true,true
899.0687,true,false
814.8625,true,true
851.0033,true,false
814.3314,true,true
915.0836,true,false
823.4181,true,true
862.4262,true,false
842.4691,true,true
829.8341,true,true
828.7651,true,true
858.9352,true,true
829.9115,true,true
874.9260,true,true
926.3383,true,false
864.3864,true,true
839.2933,true,false
846.2939,true,true
905.5776,true,true
828.9094,true,true
901.6108,true,false
825.8839,true,true
882.0917,true,true
911.9276,true,true
887.2328,true,true
829.6992,true,true
930.9278,true,false
829.8756,true,true
841.5276,true,false
865.9315,true,false
872.9884,true,false
844.8371,true,true
869.9868,true,true
880.6460,true,true
847.3121,true,true
866.0612,true,true
843.4335,true,true
906.9102,true,false
844.3272,true,true
872.8717,true,true
839.6544,true,true
845.2073,true,true
840.2218,true,true
883.9057,true,false
843.7562,true,true
1026.7529,true,true
839.5427,true,true
867.1033,true,false
842.6107,true,true
943.1517,true,true
888.9318,true,false
901.9589,true,true
1001.2243,true,true
993.1144,true,false
912.0604,true,true
1258.1065,true,true
973.8212,true,true
922.7018,true,true
997.7175,true,false
987.0672,true,true
981.5033,true,true
964.4494,true,true
1018.1963,true,true
934.1933,true,true
981.4960,true,true
1114.2824,true,true
1016.9381,true,true
977.8040,true,true
1009.5742,true,true
972.8705,true,true
969.9351,true,true
972.2193,true,true
979.0004,true,true
1100.8338,true,true
1043.5816,true,true
1080.6019,true,true
981.5364,true,true
984.7372,true,true
1004.9706,true,true
978.8842,true,true
976.6716,true,true
981.9799,true,true
1028.1758,true,true
988.0037,true,true
1087.9162,true,true
1107.0070,true,false
1068.7045,true,true
1143.8888,true,true
1101.4350,true,true
1020.8834,true,true
1079.5738,true,true
1025.2834,true,true
1046.9437,true,false
1098.6516,true,true
1034.8493,true,true
1150.3578,true,false
1060.0427,true,false
1116.7318,true,false
1066.3930,true,true
1102.7570,true,true
1093.4108,true,true
1090.8743,true,true
1627.8306,true,true
1061.3010,true,true
1181.8106,true,true
1130.9702,true,false
1112.6787,true,false
1088.2823,true,true
1084.3998,true,true
1136.4421,true,true
1097.6713,true,true
1125.7354,true,true
1120.3609,true,true
1086.8932,true,true
1272.3440,true,true
1179.1835,true,true
1210.4853,true,true
1176.1784,true,true
1197.3718,true,true
1274.4416,true,true
1308.9239,true,true
1270.0145,true,true
1292.9532,true,true
1296.1169,true,true
1350.8035,true,true
1292.9034,true,true
1275.9755,true,true
1321.4218,true,true
1340.2878,true,true
1326.1611,true,true
1277.2051,true,true
1331.1621,true,true
1276.9682,true,true
1276.3142,true,true
1307.9436,true,true
1347.4648,true,true
1449.0505,true,true
1293.2237,true,true
1287.2125,true,true
1290.8224,true,true
1381.2085,true,false
1288.6073,true,true
1310.3789,true,true
1329.9528,true,true
1289.6094,true,true
1283.5075,true,true
1335.4772,true,true
1281.7212,true,true
1351.3232,true,true
1274.2710,true,true
1278.3972,true,true
1363.2635,true,true
1610.4438,true,true
1311.3806,true,true
1328.8272,true,false
1448.5711,true,true
1372.9196,true,true
1382.3951,true,true
1338.3567,true,true
1331.2786,true,true
1335.9378,true,true
1362.0621,true,true
1330.6656,true,true
1382.4736,true,false
1332.4580,true,true
1404.6057,true,false
1372.2123,true,true
1400.6817,true,true
1341.2667,true,true
1334.5265,true,true
1530.1271,true,true
1335.2022,true,true
1608.5133,true,true
1385.9524,true,true
1384.1489,true,true
1365.1285,true,true
1345.1695,true,true
1345.1475,true,true
1393.1214,true,true
1344.6026,true,true
1349.7065,true,true
1376.7831,true,true
1342.5885,true,true
1341.5141,true,true
1455.5182,true,true
1350.7632,true,true
1409.7991,true,true
1372.3422,true,true
1373.7009,true,true
1405.4634,true,true
1467.1153,true,true
1374.8162,true,true
1398.4081,true,true
1372.2809,true,true
1373.3686,true,true
1397.3376,true,true
1384.5596,true,true
1432.2151,true,false
1408.5241,true,true
1396.5350,true,true
1405.8681,true,true
1535.3704,true,true
1559.8887,true,true
1466.7210,true,true
1454.3611,true,true
1454.8567,true,true
1489.9869,true,true
1440.4230,true,true
1439.4642,true,true
1436.5228,true,true
1488.6175,true,true
1433.1249,true,true
1443.1244,true,true
1456.5238,true,true
1550.4035,true,false
1439.1811,true,true
1572.7397,true,true
1535.6783,true,false
1472.2488,true,true
1498.3704,true,true
1520.6896,true,false
1455.3571,true,true
1445.1635,true,true
1477.3230,true,true
1443.3990,true,true
1450.5203,true,true
1474.3574,true,true
1465.0118,true,true
1565.8817,true,false
1517.9918,true,true
1647.3760,true,true
1554.9783,true,true
1596.1161,true,true
1576.8014,true,true
1580.4025,true,true
1643.1927,true,true
1671.5231,true,true
1620.0369,true,true
1574.7887,true,true
1612.3515,true,true
1555.3820,true,true
1599.5290,true,true
1618.3469,true,false
1550.7904,true,true
1777.1498,true,true
1636.5678,true,true
1623.0425,true,true
1605.7623,true,true
1604.0658,true,true
1672.2496,true,true
1653.1605,true,true
1695.4557,true,false
1615.3693,true,true
1697.0543,true,true
1622.0901,true,true
1792.7626,true,true
1799.5872,true,true
1993.6699,true,true
1844.2474,true,true
1829.4975,true,true
1840.9747,true,true
1814.7811,true,true
1815.5628,true,true
1888.9830,true,true
1852.9762,true,true
1878.0568,true,false
1898.1344,true,false
1831.2907,true,true
1865.7168,true,true
1815.7803,true,true
1820.5908,true,true
1824.2405,true,true
1843.5383,true,false
1892.1768,true,false
1820.5601,true,true
1855.3677,true,true
1815.5449,true,true
1822.8736,true,true
1932.3478,true,true
1815.1181,true,true
1815.0258,true,true
1833.1100,true,false
1816.4150,true,true
1821.0211,true,true
1818.6025,true,true
1824.2293,true,true
1884.7040,true,true
1873.9113,true,true
1955.9660,true,true
1846.8721,true,true
1916.9533,true,true
1895.8368,true,true
1886.3519,true,true
1875.6904,true,false
2020.3855,true,true
1855.3507,true,true
1852.4823,true,true
1878.3482,true,true
1970.0165,true,true
1863.8104,true,true
1888.1617,true,true
1907.3218,true,true
1904.3248,true,true
1893.2171,true,true
1876.1103,true,true
1883.8312,true,true
1871.7157,true,true
1899.5620,true,false
1872.0119,true,true
2263.0852,true,true
1875.3396,true,true
1887.8775,true,true
1972.2948,true,true
1882.2020,true,true
1936.2424,true,true
1877.1609,true,true
1977.4176,true,false
1874.4592,true,true
1907.8816,true,true
1877.3025,true,true
1874.8065,true,true
1879.5038,true,true
1870.6397,true,true
1980.9428,true,false
1914.4408,true,true
1939.8020,true,true
1930.4311,true,true
1898.8247,true,true
1883.7264,true,true
1887.2907,true,true
1932.8333,true,false
1877.0210,true,true
2368.5111,true,true
1933.3678,true,true
1876.0751,true,true
1883.1774,true,true
1881.6598,true,true
1872.4319,true,true
1876.9740,true,true
1961.5175,true,true
1880.7815,true,true
1877.8667,true,true
1921.4773,true,true
1879.7366,true,true
1879.4928,true,true
2011.9700,true,true
1960.9393,true,false
2023.5838,true,true
1887.0824,true,true
1882.0168,true,true
1917.6675,true,true
1970.2668,true,false
1965.5001,true,false
1892.3209,true,true
2000.2261,true,false
1906.4984,true,true
1901.0707,true,true
1955.4649,true,true
1935.3211,true,true
1928.9489,true,true
1906.3378,true,true
1975.5440,true,true
1902.9039,true,true
1921.9594,true,true
2231.1807,true,true
1964.3915,true,true
1962.4571,true,true
2037.7756,true,true
1918.7190,true,true
1942.1730,true,false
1917.3318,true,true
1939.4868,true,true
2021.1162,true,false
1969.6644,true,false
1928.9256,true,true
1952.5398,true,true
2025.6622,true,true
2062.8722,true,true
2003.5131,true,true
2006.8223,true,true
1973.8330,true,true
2019.1965,true,false
1965.8857,true,true
1996.8600,true,true
2035.4864,true,true
2023.5390,true,true
1993.6912,true,true
2070.4105,true,false
1973.7114,true,true
2065.7128,true,true
1973.8238,true,true
2045.2568,true,false
1985.6719,true,true
2006.3482,true,true
2012.8555,true,true
2045.1802,true,true
2006.3736,true,true
1996.5575,true,true
1993.7588,true,true
1989.9595,true,true
2023.8071,true,false
1988.0743,true,true
2095.3993,true,false
2070.4541,true,false
1992.5790,true,true
2091.7891,true,false
2040.7406,true,true
2000.9083,true,true
2039.2452,true,true
2057.4388,true,false
2038.9290,true,true
2138.7997,true,true
2020.6507,true,true
2112.4836,true,false
2014.5817,true,true
2098.7507,true,true
2071.2968,true,true
2065.6320,true,true
2048.9464,true,true
2105.6573,true,false
2081.0439,true,true
2139.0914,true,true
2056.7012,true,true
2051.2833,true,true
2063.9488,true,true
2054.6439,true,true
2050.7915,true,true
2138.6136,true,true
2121.6284,true,true
2065.0177,true,true
2060.3806,true,true
2059.3057,true,true
2385.1690,true,true
2067.8078,true,true
2147.4166,true,false
2067.0067,true,true
2130.2707,true,true
2106.3790,true,true
2072.3559,true,true
2155.1988,true,true
2080.0425,true,true
2119.3394,true,true
2132.4493,true,false
2109.7396,true,true
2103.2823,true,true
2179.2603,true,false
2091.9340,true,true
2136.7532,true,true
2090.1997,true,true
2120.9256,true,false
2125.1968,true,true
2100.6257,true,true
2097.5355,true,true
2096.3981,true,true
2096.2271,true,true
2157.8494,true,true
2157.4884,true,true
2095.7337,true,true
2185.1129,true,false
2099.9615,true,true
2127.9803,true,true
2280.2851,true,false
2223.1342,true,true
2099.5928,true,true
2103.3652,true,true
2108.6791,true,true
2152.8640,true,true
2146.6881,true,true
2124.0702,true,true
2202.2194,true,false
2168.3906,true,true
2195.3346,true,true
2411.8436,true,true
2131.1037,true,true
2126.5592,true,true
2142.9296,true,true
2145.7743,true,true
2458.4601,true,true
2183.6960,true,true
2179.3430,true,true
2257.3922,true,true
2161.8609,true,true
2205.8930,true,true
2385.8148,true,true
2210.9265,true,true
2168.9187,true,true
2235.9444,true,true
2177.1712,true,true
2170.6669,true,true
2265.0280,true,true
2198.3602,true,true
2287.4570,true,true
2200.3044,true,true
2220.4162,true,true
2249.2436,true,true
2256.2613,true,true
2202.5888,true,true
2221.5927,true,true
2200.8968,true,true
2221.5578,true,true
2254.1044,true,true
2201.2204,true,true
2249.0909,true,true
2250.2966,true,true
2271.8732,true,false
2212.7962,true,true
2211.6376,true,true
2230.3490,true,true
2239.4386,true,true
2284.7216,true,false
2204.7394,true,true
2205.8514,true,true
2296.4876,true,true
2376.8203,true,true
2202.2628,true,true
2200.2285,true,true
2250.5893,true,true
2201.2562,true,true
2211.9255,true,true
2303.4322,true,true
2261.2035,true,true
2458.0955,true,true
2257.1122,true,false
2225.8594,true,true
2301.6763,true,true
2263.5928,true,true
2271.0866,true,true
2257.8996,true,true
2292.5381,true,true
2266.0410,true,true
2263.2333,true,true
2244.9339,true,true
2240.2912,true,true
2453.0188,true,true
2243.1949,true,true
2241.2290,true,true
2276.3621,true,true
2345.5569,true,false
2343.2484,true,false
2268.0804,true,true
2282.6900,true,true
2327.6514,true,true
2400.6458,true,false
2325.6819,true,true
2285.9340,true,true
2287.7064,true,true
2301.8524,true,true
2287.7988,true,true
2321.7940,true,true
2362.2332,true,true
2365.4949,true,true
2304.5422,true,true
2308.5269,true,true
2302.4600,true,true
2336.3254,true,true
2331.3688,true,true
2300.9725,true,true
2367.7788,true,true
2295.6141,true,true
2296.4448,true,true
2293.9759,true,true
2293.8379,true,true
2283.1934,true,true
2314.6036,true,false
2287.2580,true,true
2284.5626,true,true
2725.3857,true,true
2386.0018,true,true
2296.2844,true,true
2406.7493,true,true
2342.1585,true,true
2418.0519,true,false
2387.9162,true,true
2335.7216,true,true
2344.3999,true,true
2301.3967,true,true
2376.7847,true,true
2309.8978,true,true
2318.6219,true,true
2321.9041,true,true
2304.3736,true,true
2401.5018,true,false
2366.3750,true,true
2342.3240,true,true
2317.6631,true,true
2330.1812,true,false
2315.8362,true,true
2314.3830,true,true
2346.3158,true,true
2354.4348,true,true
2314.5601,true,true
2346.8022,true,true
2381.3268,true,true
2313.5852,true,true
2382.4442,true,true
2404.8754,true,false
2334.3235,true,false
2883.1719,true,true
2354.5004,true,true
2477.4083,true,true
2478.9312,true,true
2475.0699,true,true
2463.6865,true,true
2473.3311,true,true
2463.1778,true,true
2460.8247,true,true
2545.9038,true,false
2512.2245,true,true
2546.7115,true,true
2461.5806,true,true
2597.3235,true,true
2461.5744,true,true
2517.9508,true,true
2499.9654,true,true
2494.2777,true,true
2535.8481,true,false
2477.5285,true,true
2562.4237,true,true
2525.7997,true,true
2489.2286,true,true
2542.4226,true,false
2571.0803,true,true
2585.8687,true,false
2488.8493,true,true
2485.8860,true,true
2626.5146,true,true
2520.9945,true,true
2540.1072,true,false
2487.9270,true,true
2490.5477,true,true
2502.6809,true,true
2488.6959,true,true
2633.8916,true,false
2518.5016,true,true
2521.7324,true,true
2565.7933,true,false
2525.9829,true,true
2620.3944,true,true
2503.0796,true,true
2576.1119,true,true
2539.7345,true,false
2562.8838,true,false
2504.9872,true,true
2613.2974,true,false
2586.1218,true,true
2508.8195,true,true
2552.4108,true,true
2548.7150,true,false
2565.6830,true,false
2505.2279,true,true
2614.7588,true,true
2525.4332,true,true
2548.3932,true,false
2518.3949,true,true
2573.5738,true,true
2523.9375,true,true
2585.7374,true,true
2578.3792,true,false
2533.2790,true,true
2621.2827,true,false
2574.5868,true,true
2580.9607,true,true
2532.0642,true,true
2534.9300,true,true
2588.1043,true,false
2711.2964,true,true
2544.0990,true,true
2539.2369,true,true
2584.0225,true,true
2625.2521,true,false
2584.5737,true,true
2631.6791,true,true
2550.8483,true,true
2566.4369,true,false
2597.1016,true,true
2693.7315,true,true
2686.5693,true,true
2650.5732,true,true
2613.3011,true,true
2610.2798,true,true
2617.5877,true,true
2614.6702,true,true
2609.0167,true,true
2606.0027,true,true
2644.5093,true,true
2667.3995,true,false
2595.5617,true,true
2700.7339,true,true
2678.1016,true,true
2695.4345,true,false
2595.9238,true,true
2599.6709,true,true
2639.8426,true,true
2646.4798,true,true
2790.6366,true,true
2653.8701,true,true
2626.7581,true,true
2622.8247,true,true
2670.2758,true,false
2661.9653,true,true
2616.5619,true,true
2624.4638,true,true
2661.4690,true,true
2619.2529,true,true
2610.9838,true,true
2726.1207,true,false
2689.1671,true,true
2627.8560,true,true
2706.5206,true,true
2677.5120,true,true
2771.1774,true,true
2698.6801,true,true
2773.2692,true,false
2688.5662,true,true
2765.7947,true,true
2736.3428,true,true
2702.6778,true,true
2769.7772,true,false
2699.0360,true,true
2724.4647,true,true
2722.8271,true,true
2695.9965,true,true
2765.1553,true,true
2759.8055,true,false
2691.6892,true,true
2695.9315,true,true
2709.9481,true,true
2691.1137,true,true
2784.5818,true,false
2728.5858,true,false
2882.8009,true,true
2729.0844,true,true
2765.8998,true,true
2723.2860,true,true
2713.5372,true,true
2715.8667,true,true
2724.9238,true,true
2757.6986,true,true
2717.6485,true,true
2779.6846,true,true
2721.8964,true,true
2899.2188,true,true
2768.7995,true,true
2783.4499,true,true
2847.2669,true,true
2780.1329,true,true
2776.8818,true,true
2841.8384,true,true
2880.2018,true,false
2808.0619,true,true
2830.2691,true,false
2916.2183,true,true
2869.7865,true,true
2883.8494,true,false
2853.8429,true,false
2810.3252,true,true
2823.4629,true,true
2867.3302,true,false
2851.7551,true,false
2910.8088,true,true
2805.7029,true,true
2874.5356,true,false
2805.6131,true,true
2847.2445,true,true
2849.5022,true,true
2819.8277,true,true
2901.7424,true,true
2840.9908,true,true
2882.2088,true,true
2815.7146,true,true
2813.0492,true,true
2834.7953,true,true
2841.8903,true,true
2808.4702,true,true
2812.8905,true,true
2898.3032,true,false
2854.6413,true,true
2867.2487,true,true
2861.7078,true,true
2886.9754,true,true
3284.0276,true,true
2875.1004,true,true
2890.7591,true,true
2872.3197,true,true
2893.9631,true,true
2925.6220,true,true
2954.3131,true,false
3156.3130,true,true
2878.6921,true,true
2876.9996,true,true
2882.3195,true,true
2944.9757,true,true
2919.7257,true,true
2985.3586,true,true
2895.1725,true,true
2953.3935,true,true
3053.1123,true,true
2914.7851,true,true
2921.5306,true,true
2909.0433,true,true
2930.9384,true,true
3027.3314,true,true
2955.0702,true,false
2930.7937,true,true
3005.4262,true,false
2955.9050,true,true
2992.7222,true,true
2974.0860,true,true
2983.4052,true,true
2955.1770,true,true
2947.1285,true,true
3022.1903,true,true
3020.0228,true,true
3002.0776,true,false
3168.0207,true,true
2972.1226,true,true
2961.8340,true,true
2995.4389,true,true
2968.1822,true,true
3121.3086,true,true
2955.2502,true,true
2954.8452,true,true
3045.5332,true,true
2965.0137,true,true
2950.3989,true,true
2951.7011,true,true
2941.2624,true,true
3012.4339,true,true
2945.3204,true,true
2989.4149,true,true
2958.2864,true,true
2969.3485,true,false
2996.7346,true,false
3119.8422,true,true
3018.2303,true,false
3032.7515,true,true
2964.4790,true,true
3015.5725,true,true
3039.6196,true,false
2962.1792,true,true
3036.6261,true,false
3065.1763,true,true
2959.8607,true,true
2981.3033,true,false
2967.4347,true,true
3043.5452,true,false
3087.1895,true,true
3249.9912,true,true
2986.8376,true,true
3011.9020,true,true
3003.1189,true,true
3021.0590,true,true
3012.0669,true,true
3493.4040,true,true
3036.8084,true,true
2993.2771,true,true
2991.1508,true,true
3019.9065,true,true
2992.8117,true,true
3011.8245,true,true
3003.8223,true,true
3001.5920,true,true
3029.9508,true,true
3082.8678,true,true
3072.2703,true,true
3040.3656,true,true
3103.9369,true,true
3010.9850,true,true
3010.3669,true,true
3006.9421,true,true
3005.4563,true,true
3013.1396,true,true
3058.7606,true,true
3024.2613,true,true
3171.1231,true,true
3122.5298,true,true
3070.0925,true,true
3178.3669,true,false
3125.4951,true,true
3118.4977,true,true
3229.6278,true,true
3079.7555,true,true
3361.8892,true,true
3138.6703,true,true
3076.8145,true,true
3181.8381,true,true
3133.2699,true,true
3119.9581,true,true
3123.7516,true,true
3163.6724,true,true
3111.6822,true,true
3109.9380,true,true
3138.8937,true,true
3113.9758,true,true
3612.7246,true,true
3167.8778,true,false
3111.7839,true,true
3125.7066,true,true
3181.9366,true,true
3207.5552,true,true
3218.9703,true,false
3267.3762,true,true
3147.9260,true,true
3265.8818,true,true
3213.3747,true,true
3404.6972,true,true
3240.5881,true,true
3158.7480,true,true
3230.7718,true,false
3214.8538,true,true
3171.3380,true,true
3200.2930,true,true
3197.5248,true,true
3169.9547,true,true
3184.8522,true,true
3178.7494,true,true
3258.4948,true,true
3216.7283,true,false
3174.1989,true,true
3216.6838,true,true
3187.2409,true,true
3281.9856,true,true
3221.2560,true,false
3243.2956,true,true
3259.4576,true,false
3181.6730,true,true
3177.2708,true,true
3231.5695,true,true
3332.7135,true,true
3279.6514,true,true
3379.7420,true,true
3357.1854,true,false
3277.1059,true,true
3320.0673,true,true
3285.1028,true,true
3329.2671,true,true
3290.0923,true,true
3331.1212,true,true
3299.7508,true,true
3362.4244,true,true
3347.0437,true,true
3398.7801,true,true
3357.0044,true,true
3402.6124,true,true
3452.7024,true,true
3343.7930,true,true
3357.1468,true,true
3393.9233,true,true
3388.6441,true,true
3327.4949,true,true
3380.1932,true,false
3443.4003,true,true
3529.7078,true,false
3370.8498,true,true
3362.3165,true,true
3343.0663,true,true
3413.0492,true,true
3354.9712,true,true
3396.9817,true,true
3386.4757,true,true
3435.2110,true,true
3385.7271,true,true
3381.2137,true,true
3459.3130,true,false
3456.4074,true,true
3404.5159,true,true
3464.3839,true,true
3474.5394,true,true
3403.5046,true,true
3537.3648,true,false
3501.8790,true,true
3477.7382,true,false
3493.3643,true,true
3479.0801,true,true
3477.4764,true,false
3470.1165,true,true
3467.6314,true,true
3494.9858,true,true
3641.5543,true,true
3541.9288,true,true
3476.5934,true,true
3476.0425,true,true
3528.8613,true,true
3466.0001,true,true
3469.2409,true,true
3491.1688,true,false
3489.2533,true,true
3544.6977,true,false
3467.7706,true,true
3507.1807,true,true
3458.2056,true,true
3570.9427,true,true
3628.3793,true,true
3462.5298,true,true
3558.2815,true,false
3649.0522,true,true
3601.0778,true,true
3649.5832,true,true
3689.1441,true,true
3757.9319,true,false
3742.3349,true,false
3726.7263,true,true
3745.6881,true,true
3737.1969,true,true
3728.4390,true,true
3793.2761,true,false
3722.2773,true,true
3764.1252,true,true
3712.7586,true,true
3750.2061,true,true
3828.5087,true,true
3745.0982,true,true
3723.7812,true,true
3790.4491,true,true
3737.9718,true,true
3721.9860,true,true
4109.6379,true,true
3825.8514,true,true
3736.8401,true,false
3730.0794,true,true
3768.8013,true,false
3725.2964,true,true
3792.5349,true,false
3725.0797,true,true
3719.1512,true,true
3944.5404,true,true
3721.0676,true,true
3745.0143,true,true
3721.1529,true,true
3785.9423,true,false
3718.2760,true,true
3715.2394,true,true
3766.4399,true,false
3714.5609,true,true
3756.1165,true,true
3862.8344,true,true
3842.2396,true,true
3827.7362,true,true
3765.6515,true,true
3739.1483,true,true
3734.8042,true,true
3754.5674,true,true
3767.3542,true,true
3730.2258,true,true
3731.7390,true,true
3817.9907,true,true
3728.8205,true,true
3740.5616,true,true
3826.6157,true,false
3783.9962,true,true
4110.6697,true,true
3814.0917,true,true
3851.7557,true,true
3884.0920,true,false
3815.6777,true,true
3867.0486,true,true
3837.5459,true,true
3836.4708,true,true
3862.1303,true,true
3824.9068,true,true
3873.1250,true,false
3859.2948,true,true
3914.3055,true,false
3862.6288,true,true
3977.5629,true,true
3853.0050,true,true
3839.0853,true,true
3870.5207,true,true
3840.6512,true,true
3847.9841,true,false
3936.4872,true,false
3836.9690,true,true
3831.7299,true,true
3835.6738,true,true
3836.5019,true,true
3875.5106,true,true
3891.8920,true,false
3833.7346,true,true
4105.4119,true,true
3886.6563,true,true
3877.3208,true,true
3850.7327,true,true
3850.6139,true,true
3994.6756,true,true
3966.4006,true,true
3935.2393,true,false
3859.7915,true,true
3942.1764,true,false
3876.7162,true,true
3942.7467,true,false
3858.7241,true,true
3899.2108,true,true
3861.1330,true,true
3858.3382,true,true
3856.8701,true,true
3945.4179,true,true
3862.9509,true,true
3879.8171,true,false
3855.0592,true,true
3853.3470,true,true
3890.8420,true,false
3913.9276,true,false
3908.8793,true,true
3896.2003,true,false
3912.3115,true,true
3868.9848,true,true
4047.3478,true,true
3863.7854,true,true
3867.7180,true,true
3894.0387,true,true
3866.6167,true,true
3951.7042,true,true
3940.5196,true,true
3977.7572,true,true
4025.2173,true,false
3975.7448,true,true
3898.5507,true,true
3873.5107,true,true
3876.8238,true,true
3871.7201,true,true
3892.9703,true,false
3872.7812,true,true
3870.6483,true,true
3906.4923,true,true
3900.0340,true,true
3872.0477,true,true
3870.2582,true,true
3868.2117,true,true
3862.6247,true,true
3959.7649,true,false
3884.9855,true,true
4051.0661,true,true
3878.8934,true,true
3960.6999,true,true
3872.3862,true,true
4202.5183,true,true
3878.4409,true,true
3878.9786,true,true
3914.0992,true,false
3955.3007,true,false
3907.7801,true,true
3928.1557,true,true
3967.0037,true,true
3962.0098,true,true
4012.0319,true,true
4080.1783,true,true
3952.4727,true,true
4048.4662,true,true
3997.3552,true,true
3996.1858,true,true
3950.8250,true,true
4040.8048,true,true
3991.3399,true,true
3951.6359,true,true
4084.1814,true,true
4002.8774,true,true
3972.5519,true,true
4005.1904,true,true
4024.8760,true,true
3990.4489,true,true
4012.3457,true,true
4046.9018,true,true
4026.3673,true,false
3977.7339,true,true
4058.4082,true,false
4026.1879,true,false
3991.1085,true,true
4048.5491,true,true
3993.8255,true,true
4037.4605,true,true
4064.7321,true,false
4002.6885,true,true
4021.4851,true,true
4130.8660,true,false
4025.6325,true,true
4000.8381,true,true
4025.5572,true,true
4056.8701,true,true
4008.2149,true,true
4179.7647,true,true
4072.4917,true,false
4044.0629,true,true
4025.4082,true,true
4040.3146,true,true
4025.3850,true,true
4108.7617,true,true
4019.1378,true,true
4017.1032,true,true
4113.0764,true,true
4103.3535,true,false
4095.1636,true,true
4115.0799,true,false
4046.6616,true,true
4045.0884,true,true
4074.5478,true,true
4059.3555,true,true
4051.5991,true,true
4046.9666,true,true
4050.2589,true,true
4059.7158,true,false
4111.5797,true,false
4126.4787,true,true
4108.8294,true,true
4121.2510,true,true
4043.1279,true,true
4106.3551,true,true
4094.3155,true,true
4055.5336,true,true
4122.8736,true,false
4054.1377,true,true
4135.3903,true,true
4079.7132,true,true
4077.9914,true,false
4055.2028,true,true
4094.5671,true,true
4068.7548,true,false
4249.8772,true,true
4195.0253,true,true
4143.8181,true,true
4115.0173,true,true
4139.7536,true,true
4178.8533,true,true
4358.7158,true,true
4181.3680,true,true
4142.5819,true,false
4146.0698,true,true
4486.8198,true,true
4169.6363,true,true
4152.9792,true,true
4220.4282,true,true
4207.6606,true,false
4254.4073,true,true
4170.3451,true,true
4207.8912,true,true
4180.3115,true,false
4222.0281,true,false
4208.8393,true,true
4164.6050,true,true
4160.8584,true,true
4187.0349,true,true
4657.4635,true,true
4175.4270,true,false
4234.7379,true,false
4277.5863,true,false
4660.2437,true,true
4198.6958,true,true
4270.3539,true,true
4251.3476,true,true
4220.3082,true,true
4248.5500,true,true
4217.3012,true,true
4223.5560,true,true
4273.5946,true,true
4246.3208,true,true
4258.7372,true,false
4237.0942,true,true
4218.4093,true,true
4217.2699,true,true
4237.3457,true,true
4257.2879,true,true
4294.6780,true,false
4254.5409,true,true
4292.1629,true,false
4224.6556,true,true
4320.4339,true,true
4234.4518,true,true
4227.1859,true,true
4233.5763,true,true
4232.7132,true,true
4249.8205,true,true
4313.8029,true,false
4291.0054,true,true
4228.5650,true,true
4214.1377,true,true
4220.5755,true,true
4211.6356,true,true
4272.7142,true,true
4247.0814,true,true
4226.9584,true,true
4238.5906,true,true
4257.8654,true,false
4264.1049,true,true
4242.6866,true,true
4255.8554,true,true
4237.2818,true,true
4243.7192,true,true
4447.0918,true,true
4322.2880,true,false
4238.3297,true,true
4232.9713,true,true
4227.7652,true,true
4305.8347,true,false
4229.5117,true,true
4298.6205,true,true
4286.3977,true,true
4244.9895,true,true
4277.4467,true,true
4351.7408,true,true
4249.6705,true,true
4276.1287,true,true
4386.0959,true,true
4250.4396,true,true
4265.0856,true,false
4306.2199,true,false
4336.0285,true,false
4297.6417,true,true
4279.1092,true,true
4244.9011,true,true
4349.9547,true,false
4291.3615,true,true
4513.0976,true,true
4256.8888,true,true
4253.3149,true,true
4311.3486,true,false
4405.9356,true,true
4298.7404,true,true
4292.9631,true,true
4289.0842,true,true
4298.5957,true,true
4312.3594,true,false
4272.3457,true,true
4271.6588,true,true
4318.5488,true,true
4301.8118,true,false
4277.0688,true,true
4280.4255,true,true
4279.9392,true,true
4278.6257,true,true
4271.8356,true,true
4274.5619,true,true
4280.9171,true,true
4288.9701,true,true
4401.4381,true,false
4290.2897,true,true
4303.1823,true,true
4375.1030,true,true
4345.8575,true,true
4307.6888,true,true
4376.4410,true,false
4391.9871,true,true
4340.6262,true,true
4335.0579,true,true
4515.1550,true,true
4409.1853,true,false
4314.7641,true,true
4351.1199,true,false
4732.5640,true,true
4307.9249,true,true
4340.6452,true,false
4402.6953,true,true
4388.2349,true,true
4326.5273,true,true
4356.7740,true,false
4427.4716,true,true
4333.8742,true,true
4330.8537,true,true
4418.0943,true,false
4377.7131,true,true
4330.7191,true,true
4344.2785,true,true
4392.0686,true,true
4391.7402,true,true
4421.5422,true,true
4462.9252,true,true
4395.3135,true,true
4460.1357,true,false
4478.7721,true,true
4488.2921,true,false
4416.5512,true,true
4402.2965,true,true
4406.0690,true,true
4467.5195,true,true
4412.1519,true,true
4416.8723,true,true
4498.2502,true,false
4455.6188,true,false
4447.0150,true,true
4445.2546,true,true
4435.9043,true,true
4442.4020,true,true
4417.5913,true,true
4496.9541,true,true
4495.9676,true,true
4411.7603,true,true
4418.3962,true,true
4632.9080,true,true
4483.9464,true,true
4449.6140,true,true
4409.9299,true,true
4476.8377,true,false
4442.6499,true,true
4549.8662,true,true
4431.4331,true,true
4430.0065,true,true
4427.8925,true,true
4447.0020,true,true
4572.8242,true,true
4425.9803,true,true
4451.2539,true,true
4424.0438,true,true
4412.9029,true,true
4613.7493,true,true
4424.8248,true,true
4414.1952,true,true
4423.9554,true,true
4474.2946,true,true
4429.5143,true,true
4420.0157,true,true
4478.1372,true,true
4432.0282,true,true
4430.3864,true,true
4429.7244,true,true
4426.8261,true,true
4426.5076,true,true
4479.1648,true,true
4471.6965,true,true
4470.8385,true,true
4440.5403,true,true
4475.0539,true,true
4637.4277,true,true
4431.7369,true,true
4523.4185,true,true
4486.0737,true,true
4489.7100,true,true
4551.7999,true,false
4549.6250,true,true
4473.2907,true,true
4522.4817,true,false
4639.5987,true,true
4505.3257,true,true
4458.9992,true,true
4479.7381,true,true
4550.9807,true,false
4522.4617,true,true
4512.5502,true,true
4504.1016,true,true
4560.6505,true,true
4538.3214,true,true
4587.9275,true,true
4906.2386,true,true
4704.1446,true,true
4844.7678,true,true
4667.7337,true,true
4756.8360,true,false
4663.5808,true,true
4751.0880,true,false
4748.1808,true,false
4703.2697,true,true
4664.8259,true,true
4703.3299,true,true
4686.6708,true,true
4704.0389,true,true
4699.7647,true,true
4758.6973,true,false
4671.4266,true,true
4728.7374,true,true
4698.5808,true,true
4677.0413,true,true
4680.2336,true,true
4765.4906,true,true
4684.5514,true,true
4682.5172,true,true
4684.2745,true,true
4681.7121,true,true
4671.9319,true,true
4720.6631,true,true
4680.9482,true,true
4693.3069,true,true
4811.9718,true,true
4821.4581,true,true
4696.7676,true,true
4694.3772,true,true
4698.7531,true,true
4775.5482,true,true
4742.6812,true,true
4749.1204,true,true
4780.8652,true,false
4813.4725,true,true
4703.2298,true,true
4819.7775,true,true
4797.6253,true,false
4781.7075,true,true
4750.5393,true,true
4744.3201,true,true
4823.8255,true,true
4706.8133,true,true
4739.1257,true,false
4809.2121,true,false
4735.8983,true,false
4767.1997,true,false
4759.3770,true,true
4891.1144,true,true
4889.9500,true,true
4938.4149,true,true
4930.3501,true,true
4927.5475,true,true
4932.1019,true,true
4899.6715,true,true
4902.8614,true,true
4952.9593,true,true
4897.4883,true,true
4901.1569,true,true
4897.0541,true,true
5013.2490,true,true
4936.7195,true,true
4896.9079,true,true
4989.3480,true,true
4935.0195,true,false
4900.1532,true,true
4931.8928,true,false
4976.3956,true,true
4973.3846,true,true
4998.8972,true,false
4908.3751,true,true
4953.5313,true,true
4906.6812,true,true
5027.7243,true,true
5026.4526,true,true
5169.9255,true,true
5038.6729,true,true
5073.8947,true,true
5058.4014,true,false
5083.4265,true,true
5039.8531,true,true
5110.2639,true,false
5038.6321,true,true
5084.6188,true,true
5156.9103,true,true
5040.2279,true,true
5091.6054,true,true
5040.4410,true,true
5017.4001,true,true
5138.9245,true,true
5157.2391,true,false
5059.2523,true,true
5057.5332,true,true
5102.4526,true,true
5163.1733,true,true
5130.9229,true,true
5153.8897,true,false
5123.7515,true,true
5138.0307,true,true
5113.0813,true,false
5137.8869,true,false
5159.8295,true,false
5112.0349,true,false
5109.5390,true,false
5156.1000,true,false
5177.4315,true,true
5081.8386,true,false
5139.9772,true,false
5086.4076,true,true
5117.5948,true,true
5120.7248,true,true
5183.9143,true,false
5165.0730,true,true
5114.5412,true,true
5185.0929,true,true
5126.8553,true,true
5186.8600,true,false
5185.3418,true,true
5151.1986,true,true
5174.7738,true,true
5235.0908,true,false
5178.2051,true,false
5176.4504,true,true
5221.1788,true,true
5144.4101,true,true
5208.3374,true,true
5203.7476,true,true
5279.9267,true,true
5171.1358,true,true
5196.7702,true,true
5463.5925,true,true
5238.6608,true,false
5222.1957,true,true
5638.7044,true,true
5180.4804,true,true
5179.6039,true,true
5202.2384,true,false
5180.7289,true,true
5269.8869,true,false
5179.3862,true,true
5173.9670,true,true
5275.7035,true,true
5173.1270,true,true
5205.5265,true,true
5258.7070,true,false
5169.9018,true,true
5171.8411,true,true
5238.0994,true,true
5168.7715,true,true
5174.0089,true,true
5181.8908,true,true
5216.4710,true,true
5238.3387,true,false
5217.4683,true,true
5258.1916,true,false
5271.7843,true,true
5194.3167,true,true
5284.1379,true,true
5197.0089,true,true
5186.2215,true,true
5246.1460,true,false
5190.1335,true,true
5226.9260,true,true
5233.1007,true,true
5472.3356,true,true
5375.7378,true,true
5376.5589,true,true
5336.5549,true,true
5336.9669,true,true
5377.0024,true,true
5385.1426,true,true
5368.4401,true,true
5597.5138,true,true
5366.7048,true,true
5835.4634,true,true
5420.2836,true,true
5408.4560,true,true
5376.0812,true,false
5411.9677,true,false
5425.8125,true,true
5376.7503,true,true
5414.6824,true,true
5393.8134,true,true
5390.7273,true,true
5443.6282,true,true
5426.8007,true,true
5398.0805,true,true
5396.2359,true,true
5394.5373,true,true
5409.6812,true,true
5432.2526,true,true
5429.1316,true,true
5395.2623,true,true
5392.6468,true,true
5451.3818,true,true
5467.9200,true,false
5465.9232,true,true
5487.9492,true,false
5436.8944,true,true
5427.2979,true,true
5446.3894,true,true
5407.5887,true,true
5434.6191,true,true
5426.7956,true,true
5424.8803,true,true
5465.9618,true,false
5422.7446,true,true
5426.1237,true,true
5477.1477,true,false
5434.9083,true,true
5444.9789,true,false
5415.1260,true,true
5410.3386,true,true
5415.5010,true,true
5429.5330,true,true
5492.0565,true,true
5859.1255,true,true
5421.6283,true,true
5487.1708,true,true
5478.1708,true,true
5479.2945,true,true
5456.3040,true,true
5431.0353,true,true
5429.8059,true,true
5499.8292,true,false
5447.0016,true,true
5477.8924,true,true
5435.1304,true,true
5465.1845,true,true
5524.9890,true,true
5452.3437,true,true
5434.9369,true,true
5431.0234,true,true
5433.2266,true,true
5433.6353,true,true
5429.6572,true,true
5495.4473,true,false
5518.7101,true,false
5431.9020,true,true
5433.7110,true,true
5580.3033,true,true
5443.5919,true,true
5481.4675,true,true
5502.1953,true,false
5520.3121,true,true
5455.9089,true,true
5512.5041,true,true
5455.8530,true,true
5806.4075,true,true
5457.0553,true,true
5451.4744,true,true
5511.2145,true,true
5508.5292,true,true
5483.8574,true,true
5500.0966,true,false
5457.5193,true,true
5516.2486,true,true
5520.8622,true,true
5529.0953,true,false
5562.7606,true,true
5529.3597,true,true
5518.7261,true,true
5565.3750,true,true
5543.3596,true,true
5536.4239,true,true
5611.0685,true,true
5645.7822,true,true
5652.3129,true,true
5565.8827,true,true
5572.0857,true,true
5577.3557,true,true
5655.5144,true,true
5671.7434,true,false
5645.4702,true,true
5660.3005,true,false
5647.6652,true,false
5656.3248,true,false
5630.6137,true,false
5665.3424,true,true
5664.0616,true,false
5678.7523,true,true
5711.5705,true,false
5606.7454,true,true
5614.7336,true,true
5605.3418,true,true
5656.3837,true,true
5631.6833,true,true
5678.5827,true,false
5609.6965,true,true
5631.7018,true,true
5652.3024,true,true
5666.0657,true,false
5610.0901,true,true
5704.3772,true,true
5623.9521,true,true
5633.3636,true,false
5613.2163,true,true
5606.3023,true,true
5613.0167,true,true
5695.2004,true,true
5694.7014,true,true
5600.4934,true,true
5653.8637,true,true
5653.3485,true,false
5608.2709,true,true
5605.6925,true,true
5643.7948,true,true
5601.5689,true,true
5620.7755,true,true
5619.0374,true,true
5680.5807,true,true
5660.4845,true,true
5621.6074,true,true
5680.2718,true,true
5645.7090,true,true
5643.0735,true,true
5627.8124,true,true
5737.9334,true,true
5620.5713,true,true
5624.2200,true,true
5625.3729,true,true
5641.3064,true,true
5714.8383,true,false
5637.5106,true,true
5641.0775,true,true
5681.7301,true,true
5729.8258,true,false
5859.4433,true,true
5665.3379,true,true
5643.7698,true,true
5665.7911,true,true
5695.3529,true,true
5639.3586,true,true
5643.0460,true,true
5684.8534,true,true
5640.0942,true,true
5684.9599,true,true
5634.9527,true,true
5682.1040,true,true
5669.5730,true,false
5727.4958,true,true
5695.1294,true,true
5674.0948,true,true
5669.2899,true,true
5706.0185,true,false
5652.7294,true,true
5676.6211,true,true
5703.4805,true,false
5697.1339,true,true
5831.9575,true,true
5801.0384,true,true
5788.4865,true,true
5801.3298,true,true
5757.8058,true,true
5770.4758,true,true
6267.8011,true,true
5772.9948,true,true
5806.0242,true,true
5850.0582,true,false
5800.1239,true,true
5756.6168,true,true
5948.6205,true,true
5828.7234,true,false
5786.8942,true,false
5810.8004,true,false
5774.5484,true,false
5851.4578,true,true
5773.7304,true,true
5771.5813,true,true
5795.1930,true,true
5764.1307,true,true
5787.1865,true,false
5828.3969,true,true
5783.6320,true,false
5767.5796,true,true
5813.8448,true,true
5801.3285,true,true
5827.1009,true,false
5785.3970,true,false
5799.8130,true,true
5765.5499,true,true
5768.7348,true,true
5829.4420,true,false
5856.7961,true,true
5826.2440,true,false
5764.7356,true,true
5810.4406,true,true
5782.6318,true,true
6130.5250,true,true
5799.4645,true,true
5797.8562,true,true
5793.6081,true,true
5930.0371,true,true
5781.8917,true,true
5824.2231,true,true
5820.3171,true,true
5908.9714,true,true
5907.8206,true,true
5921.5631,true,true
5956.3101,true,true
5958.2865,true,false
5902.1880,true,true
5907.3174,true,true
6201.7003,true,true
5880.3247,true,true
5957.2359,true,false
5936.5723,true,true
5924.2292,true,false
5898.0866,true,true
5883.0577,true,true
5936.4340,true,true
5879.3585,true,true
5927.3425,true,false
5887.4716,true,true
6388.4732,true,true
5923.4954,true,true
5897.7872,true,true
5895.6977,true,true
5884.4309,true,true
5937.8358,true,true
5914.5730,true,false
5966.0549,true,true
5897.6233,true,true
5922.6644,true,true
5919.5827,true,true
5933.0900,true,true
5948.7590,true,true
6008.0107,true,true
5962.4660,true,true
6008.8726,true,true
5983.1794,true,true
6002.0773,true,true
5980.9035,true,true
5987.6774,true,true
6047.1691,true,false
5973.4424,true,true
5970.3913,true,true
6251.9859,true,true
6095.0738,true,true
5923.3032,true,true
5975.8226,true,true
5974.0115,true,true
5986.3488,true,true
5983.2959,true,true
5976.3630,true,true
6045.4900,true,false
6058.9347,true,false
5972.5688,true,true
5975.9464,true,true
5972.4322,true,true
5970.4588,true,true
5986.8783,true,true
6081.3419,true,true
6007.7895,true,true
5972.3530,true,true
5962.2925,true,true
6172.2158,true,true
6029.3429,true,true
6064.7257,true,false
6115.3362,true,true
5997.3823,true,true
5992.2604,true,true
5992.0639,true,true
5989.5781,true,true
5985.7559,true,true
6031.5038,true,true
5988.0578,true,true
5994.3903,true,true
6081.9643,true,false
6027.6895,true,false
6006.1449,true,true
6056.4578,true,true
6067.3132,true,true
6221.6836,true,true
6082.9171,true,false
6014.7265,true,true
6025.6520,true,true
6054.6686,true,true
6145.5437,true,true
6088.5577,true,true
6014.1182,true,true
6018.6342,true,true
6014.9750,true,true
6085.1110,true,true
6176.1945,true,true
6085.0629,true,true
6118.9347,true,true
6029.9889,true,true
6026.7501,true,true
6022.4779,true,true
6053.7921,true,true
6031.9454,true,true
6020.5743,true,true
6052.3590,true,true
6076.8540,true,true
6019.6232,true,true
6027.6681,true,true
6027.7995,true,true
6035.4935,true,true
6108.8493,true,true
6106.6994,true,true
6097.2533,true,true
6103.5123,true,true
6080.0514,true,true
6077.3814,true,true
6112.2102,true,true
6074.6474,true,true
6150.3565,true,true
6067.1018,true,true
6066.7664,true,true
6071.0725,true,true
6087.7109,true,false
6037.7159,true,true
6169.4593,true,true
6119.8146,true,false
6087.4154,true,true
6138.2818,true,true
6184.5108,true,false
6088.7703,true,true
6128.2892,true,true
6088.6784,true,true
6087.7219,true,true
6080.4563,true,true
6077.8065,true,true
6394.1459,true,true
6095.7405,true,false
6128.9057,true,true
6142.3965,true,true
6269.7736,true,true
6123.3808,true,true
6152.0160,true,true
6090.5374,true,true
6087.5950,true,true
6205.6907,true,true
6088.4446,true,true
6112.3362,true,true
6150.7595,true,true
6092.8539,true,true
6140.4635,true,false
6397.6194,true,true
6111.2637,true,true
6240.3759,true,true
6146.8588,true,true
6117.5178,true,true
6170.3068,true,true
6117.7964,true,true
6163.3881,true,true
6714.5771,true,true
6205.3143,true,true
6323.7021,true,true
6232.3525,true,false
6211.7941,true,true
6275.9570,true,true
6216.8985,true,true
6271.4040,true,false
6203.9786,true,true
6429.1823,true,true
6304.5215,true,false
6206.2015,true,true
6232.9609,true,true
6289.3555,true,false
6252.7252,true,true
6280.9024,true,false
6249.7137,true,false
6210.1667,true,true
6231.6656,true,false
6299.0943,true,false
6291.1778,true,true
6238.8572,true,true
6354.9471,true,true
6229.0598,true,true
6234.3682,true,true
6238.2740,true,true
6237.0866,true,true
6378.8754,true,true
6420.0496,true,true
6392.2689,true,true
6408.7899,true,true
6454.9590,true,true
6509.1847,true,true
6428.6945,true,true
6647.6669,true,true
6586.7132,true,true
6432.9253,true,true
6438.9176,true,true
6471.4899,true,true
6563.8390,true,true
6462.4042,true,true
6487.1062,true,true
6454.3304,true,true
6448.9499,true,true
6836.7579,true,true
6503.6035,true,true
6509.2623,true,false
6479.2582,true,true
6529.5192,true,true
6451.1437,true,true
6449.0221,true,true
6530.4109,true,false
6446.2762,true,true
6605.4518,true,true
6446.4255,true,true
6498.2731,true,true
6492.4473,true,false
6451.8378,true,true
6498.4916,true,true
6479.1153,true,true
6508.9163,true,true
6488.6875,true,true
6544.4437,true,true
6548.8992,true,true
6496.3573,true,true
6558.4847,true,true
6518.5281,true,true
6579.2096,true,true
6593.8422,true,true
6571.5556,true,true
6557.5842,true,true
6587.7409,true,true
6585.0443,true,true
6555.5619,true,true
6640.1067,true,true
6600.3717,true,false
6572.1434,true,true
6552.7624,true,true
6578.7796,true,true
6745.4624,true,false
6574.5720,true,false
6601.1319,true,true
6747.3938,true,true
6556.1282,true,true
6555.9298,true,true
6554.9132,true,true
6559.9142,true,true
6588.8716,true,true
6602.0116,true,true
6642.8035,true,true
6633.4307,true,true
6596.9899,true,true
6601.9634,true,true
6669.4012,true,false
6667.5862,true,true
6719.2790,true,true
6606.6545,true,true
6604.7982,true,true
6664.4407,true,true
6706.4549,true,true
6605.7118,true,true
6615.9405,true,true
6681.9171,true,false
6630.2087,true,true
6648.9564,true,true
6644.2000,true,true
6608.7360,true,true
6637.0262,true,true
6603.2378,true,true
6664.5854,true,true
6612.4688,true,true
6639.7695,true,false
6616.9165,true,true
6629.1076,true,true
6689.9297,true,true
6911.5124,true,true
6644.8634,true,true
6651.9632,true,true
6669.1287,true,true
6719.2793,true,true
6738.0424,true,false
6728.7373,true,true
6666.3146,true,true
6707.0628,true,true
6694.5841,true,false
6804.4151,true,true
6723.4377,true,true
6676.6298,true,true
6712.3431,true,true
6825.0459,true,true
6784.5271,true,false
6734.3337,true,false
7012.5223,true,true
6763.6968,true,false
6722.1586,true,true
6716.0318,true,true
6715.3073,true,true
6713.1108,true,true
6788.9802,true,true
6800.1076,true,true
6762.9380,true,true
6829.8898,true,false
6765.2011,true,true
6784.7603,true,true
6794.2626,true,true
6762.8704,true,true
6767.2806,true,true
7061.3275,true,true
6782.8066,true,true
6821.3366,true,true
6830.8477,true,true
6805.7393,true,true
6899.5275,true,true
6772.6945,true,true
6862.2640,true,true
6771.7701,true,true
6825.6311,true,true
6775.7893,true,true
6779.8861,true,true
6864.6081,true,false
6779.4095,true,true
6794.6421,true,true
6863.9085,true,true
6778.4547,true,true
6778.3681,true,true
6771.2034,true,true
6822.3264,true,false
6772.3723,true,true
6817.1720,true,true
6829.8155,true,true
6771.3767,true,true
6843.6669,true,true
6773.1619,true,true
6930.4317,true,true
6814.6906,true,true
6781.9243,true,true
7292.1655,true,true
6789.3366,true,true
6782.8309,true,true
6839.3408,true,true
6786.3088,true,true
6786.6336,true,true
6784.6544,true,true
6784.8705,true,true
6874.5865,true,false
6792.3444,true,true
6871.3087,true,false
6791.2444,true,true
6788.9775,true,true
6854.8008,true,true
7025.1160,true,true
6788.2463,true,true
6779.7629,true,true
6777.2932,true,true
6831.5106,true,false
6778.4598,true,true
6843.7639,true,true
6776.2387,true,true
6831.6251,true,true
6844.9368,true,true
6790.1782,true,true
6896.8121,true,true
6794.9986,true,true
6795.2460,true,true
6795.7700,true,true
7008.3490,true,false
6813.1326,true,false
6922.5793,true,true
6825.9792,true,false
6820.8720,true,true
6794.3773,true,true
6854.4190,true,false
6784.3811,true,true
6834.9219,true,false
6911.8479,true,true
6884.8290,true,true
6873.1315,true,true
6879.8245,true,true
6851.8022,true,true
6850.5668,true,true
6858.3467,true,true
6901.3928,true,true
6885.8710,true,true
6961.7660,true,false
6859.3954,true,true
6854.0310,true,true
6855.6929,true,true
6909.4329,true,true
6914.1659,true,true
6871.6720,true,true
6868.9378,true,true
6940.7014,true,true
6896.4727,true,false
6926.5007,true,false
7023.8975,true,true
6870.8136,true,true
6958.6280,true,false
6875.4381,true,true
6941.5397,true,false
6916.7196,true,true
6951.6945,true,false
6907.0803,true,true
6912.3748,true,true
7106.0561,true,false
6951.9610,true,true
6958.0240,true,true
7052.3026,true,true
6922.2985,true,true
7007.7416,true,false
6998.1688,true,true
7006.5285,true,true
6972.1747,true,true
6976.7036,true,true
6974.4523,true,true
6976.0743,true,true
7023.5964,true,true
6990.5498,true,true
7032.8797,true,false
7039.7947,true,true
7191.3088,true,true
7028.8075,true,true
6994.4446,true,true
7091.1650,true,false
6998.2602,true,true
6992.6257,true,true
7072.4231,true,false
7052.4234,true,true
7018.2345,true,true
7049.3767,true,false
7093.4507,true,false
7004.0038,true,true
7020.5067,true,true
7034.9921,true,false
7089.6832,true,true
7055.6733,true,true
7079.8597,true,true
7058.4948,true,true
7195.3794,true,true
7092.9175,true,true
7071.8456,true,true
7067.7944,true,true
7146.1043,true,false
7079.0331,true,true
7127.2986,true,false
7065.3033,true,true
7103.4332,true,true
7099.7662,true,true
7134.1827,true,false
7077.6193,true,true
7257.2907,true,true
7109.5888,true,true
7131.5149,true,true
7177.3624,true,true
7199.5070,true,false
7132.6340,true,true
7129.6516,true,true
7127.4963,true,true
7124.7763,true,false
7109.8500,true,true
7104.9977,true,true
7111.0221,true,true
7292.3177,true,true
7107.7983,true,true
7162.4932,true,true
7175.0309,true,false
7181.3979,true,false
7208.4912,true,false
7133.5163,true,false
7196.0729,true,false
7149.4829,true,true
7130.6992,true,true
7142.2308,true,false
7200.7344,true,true
7129.3522,true,true
7170.0920,true,true
7123.1769,true,true
7119.5966,true,true
7143.8308,true,false
7156.4074,true,true
7197.0796,true,false
7148.2476,true,true
7173.8787,true,true
7375.9204,true,true
7273.3202,true,true
7260.3223,true,true
7263.7773,true,true
7429.2515,true,true
7254.4316,true,true
7414.0260,true,true
7243.9965,true,true
7288.6979,true,false
7278.9477,true,true
7286.6886,true,true
7322.3369,true,true
7333.8047,true,true
7287.7024,true,true
7359.8390,true,true
7305.4480,true,false
7560.1187,true,true
7350.2206,true,true
7284.0441,true,true
7438.9664,true,true
7319.6463,true,true
7355.1628,true,false
7287.2499,true,true
7315.4951,true,false
7321.3283,true,true
7348.9912,true,false
7317.9925,true,true
7316.0938,true,true
7347.5448,true,true
7299.7748,true,true
7328.8596,true,false
7301.4056,true,true
7298.2322,true,true
7294.9113,true,true
7320.7428,true,false
7365.9916,true,true
7293.3535,true,true
7381.8248,true,true
7297.8113,true,true
7375.5862,true,true
7305.2321,true,true
7301.9607,true,true
7345.8990,true,true
7340.1193,true,true
7306.7352,true,true
7376.9005,true,false
7684.5223,true,true
7456.5819,true,true
7341.7534,true,true
7349.6099,true,true
7342.3885,true,true
7379.0585,true,true
7374.6537,true,true
7373.2347,true,true
7349.9792,true,true
7348.3286,true,true
7347.1442,true,true
7392.8765,true,true
7459.3747,true,true
7347.0885,true,true
7351.5501,true,true
7349.8984,true,true
7354.7793,true,true
7393.8776,true,true
7451.2223,true,true
7349.0762,true,true
7444.7665,true,false
7435.5121,true,false
7381.1758,true,true
7349.4815,true,true
7373.0519,true,false
7415.4627,true,true
7371.8550,true,true
7357.2673,true,true
7462.5202,true,false
7373.8963,true,true
7412.0288,true,false
7512.1286,true,true
7409.3931,true,true
7440.0562,true,false
7482.8228,true,false
7445.0915,true,false
7457.8947,true,false
7442.4733,true,true
7429.1272,true,true
7613.5619,true,true
7391.6314,true,true
7420.0873,true,true
7443.8537,true,true
7426.6100,true,true
7454.2195,true,true
7475.1423,true,true
7432.8059,true,true
7428.7399,true,true
7478.0261,true,true
7479.8009,true,true
7509.5771,true,true
7461.8025,true,true
7508.0083,true,true
7475.5939,true,true
7504.1653,true,true
7472.3351,true,true
7467.2615,true,true
7465.1771,true,false
7508.9685,true,true
7466.0493,true,false
7448.7429,true,true
7449.5037,true,true
7530.6297,true,true
7504.8039,true,true
7530.7743,true,false
7512.7783,true,true
7503.5443,true,true
7529.2059,true,false
7482.3780,true,true
7471.2527,true,true
7512.9380,true,false
7469.5658,true,true
7502.5825,true,true
7469.4967,true,true
7464.8263,true,true
7468.3821,true,true
7532.7207,true,false
7487.4205,true,true
7513.9904,true,true
7495.3163,true,true
7467.2867,true,true
7466.3985,true,true
7520.6804,true,true
7511.9630,true,false
7643.4170,true,true
7466.2433,true,true
7474.9266,true,true
7602.0589,true,true
7517.8901,true,true
7478.8494,true,true
7513.2598,true,true
7465.6647,true,true
7805.5070,true,true
7471.1536,true,true
7461.7791,true,true
7475.7818,true,true
7478.0054,true,true
7523.7278,true,true
7542.7690,true,true
7548.4370,true,true
7592.1141,true,true
7596.4140,true,true
7567.4383,true,true
7631.7012,true,true
7560.6990,true,true
7620.3670,true,true
7566.8875,true,true
7617.7705,true,true
7571.6180,true,true
7643.9801,true,false
7902.0066,true,true
7573.9259,true,true
7577.3755,true,true
7599.5066,true,true
7575.0666,true,true
7620.4642,true,true
7618.9838,true,true
7647.6011,true,false
7679.1559,true,true
7570.2724,true,true
7574.2239,true,true
7584.3529,true,true
7671.6045,true,false
7631.2785,true,true
7649.0283,true,true
7774.9763,true,true
7635.9779,true,true
7771.7338,true,true
7635.0841,true,true
7712.3856,true,false
7635.5578,true,true
7706.2045,true,false
7680.9306,true,true
7631.2941,true,true
7671.9750,true,true
7675.1034,true,true
7692.4496,true,true
7726.1241,true,true
7659.4602,true,true
7695.5289,true,true
7672.7712,true,true
7685.5047,true,true
7676.9377,true,true
7691.6369,true,true
7719.4794,true,true
7716.4848,true,true
7669.6255,true,true
8027.5751,true,true
7667.5159,true,true
7772.7625,true,false
7699.7720,true,false
7671.0988,true,true
8177.0075,true,true
7664.3464,true,true
7703.5208,true,false
7703.0637,true,true
7722.2949,true,true
7655.4550,true,true
7703.3575,true,true
7633.3783,true,true
7727.3277,true,false
7609.9687,true,true
7610.2337,true,true
7615.4131,true,true
7755.1014,true,false
7739.6117,true,true
7614.8710,true,true
7766.4476,true,true
7641.9501,true,true
7618.3059,true,true
7638.2091,true,true
7804.5717,true,true
7586.7090,true,true
7584.1444,true,true
7793.5289,true,true
7768.4388,true,true
7805.0766,true,false
7612.9666,true,true
7625.3776,true,true
7632.5884,true,true
7611.0267,true,true
7736.1071,true,false
7664.4107,true,true
7662.7085,true,true
8003.6517,true,true
7595.3159,true,true
7573.7030,true,true
7936.3202,true,false
7740.5841,true,true
7700.8984,true,true
7568.0396,true,true
7571.8336,true,true
7566.7228,true,true
7751.2001,true,false
7754.3475,true,true
7635.1351,true,true
7719.8466,true,true
7609.1060,true,true
7586.9272,true,true
7762.0905,true,false
7750.6358,true,false
7586.0704,true,true
7580.4736,true,true
7574.4491,true,true
7572.3158,true,true
7581.8802,true,true
7584.0528,true,true
7642.7602,true,true
7633.8205,true,false
7644.1199,true,true
7617.5117,true,true
7694.1240,true,false
7681.8057,true,true
7648.7806,true,true
7620.9588,true,true
7636.7239,true,true
7671.5991,true,true
7637.4503,true,true
7651.3546,true,true
7617.0960,true,true
7609.8335,true,true
7606.7239,true,true
7605.7173,true,true
7635.8656,true,true
7614.9593,true,true
7617.0225,true,true
7703.4744,true,false
7658.3073,true,true
7616.5627,true,true
7848.2589,true,true
8267.7796,true,true
7617.3987,true,true
7611.8792,true,true
7609.0608,true,true
7628.6234,true,true
7862.7069,true,true
7605.8003,true,true
7603.4894,true,true
7557.4210,true,true
7595.4920,true,true
7603.1430,true,true
7606.3375,true,true
7703.2694,true,false
7609.4081,true,true
7617.9727,true,true
7767.0120,true,true
7651.7745,true,true
7648.9031,true,true
7741.0953,true,true
7607.9892,true,true
7611.5830,true,true
7619.1419,true,true
7673.6233,true,true
7702.4521,true,true
7593.4014,true,true
7691.9583,true,false
7605.1504,true,true
7607.2526,true,true
7655.2501,true,true
7640.8337,true,true
7614.6324,true,true
7616.7467,true,true
7617.5901,true,true
7613.4917,true,true
7606.3798,true,true
7612.9554,true,true
7664.1203,true,true
7587.7959,true,true
7725.6307,true,true
7701.2378,true,false
7661.9297,true,true
7671.4128,true,true
7668.3559,true,true
7748.4342,true,false
7687.4006,true,false
7714.0661,true,true
7778.0500,true,true
7705.0961,true,false
7592.2129,true,true
7593.2468,true,true
7600.7660,true,true
7598.3671,true,true
7599.4524,true,true
8018.5851,true,true
7627.6170,true,true
7780.2988,true,false
7729.9387,true,true
7601.1999,true,true
7671.7189,true,true
7606.2228,true,true
8009.1694,true,true
7650.5430,true,true
7625.8618,true,true
8313.4639,true,true
7720.1148,true,false
7669.5729,true,false
7607.9602,true,true
7687.5276,true,true
7708.5593,true,true
7702.3119,true,true
7597.5110,true,true
7839.2608,true,true
7714.3811,true,false
7542.1013,true,true
7536.0346,true,true
7889.6275,true,true
7538.7462,true,true
7549.8543,true,true
7521.1442,true,true
7716.9665,true,true
7715.9978,true,true
7725.8363,true,true
7524.9959,true,true
7667.7146,true,true
7524.9422,true,true
7683.4161,true,true
7601.8599,true,true
7602.8322,true,true
7597.0690,true,false
7701.3757,true,false
7539.2844,true,true
7582.9300,true,true
7591.0383,true,false
7644.5931,true,false
7552.8470,true,true
7581.5745,true,true
7600.2535,true,true
7598.1199,true,true
7574.4869,true,true
7578.5988,true,true
7561.5244,true,true
7556.7274,true,true
8108.1118,true,true
7769.8724,true,true
7666.3650,true,true
7714.3194,true,false
7758.7231,true,true
7922.4890,true,true
7661.9558,true,true
7665.3916,true,true
7685.8325,true,true
7724.4179,true,false
7670.8650,true,true
7718.2402,true,true
7666.8260,true,true
7924.3080,true,true
7662.1226,true,true
7706.1815,true,true
7672.0611,true,true
7738.0206,true,false
7753.6853,true,true
7673.1051,true,true
7716.8824,true,true
7714.2894,true,true
7654.2895,true,true
7701.2713,true,true
7694.5013,true,false
7750.6783,true,true
7658.8104,true,true
7725.3886,true,true
7696.7195,true,true
7699.8477,true,true
7676.4282,true,true
7675.9819,true,true
7748.2966,true,false
7673.0983,true,true
7676.8566,true,true
7712.1080,true,true
7703.6340,true,false
7656.5703,true,true
7650.8277,true,true
7869.8307,true,true
7939.7957,true,true
7922.9789,true,false
7852.1429,true,true
7861.5498,true,true
7822.2491,true,true
7848.0875,true,true
7832.5586,true,true
7835.7639,true,true
7907.7018,true,true
7701.4141,true,true
7603.1119,true,true
7786.3014,true,false
7589.6658,true,true
7588.8501,true,true
7586.7027,true,true
7880.3539,true,true
7852.2963,true,true
7909.9148,true,false
7944.1732,true,true
7611.8143,true,true
7850.6728,true,true
7650.3257,true,true
7642.0190,true,true
7920.9005,true,true
7640.3884,true,true
7613.0152,true,true
7678.9013,true,false
7818.1371,true,true
7666.3813,true,false
7643.4648,true,true
8013.1862,true,true
7701.7754,true,true
7885.4042,true,true
7646.8689,true,true
7668.9942,true,true
7721.5506,true,true
7646.8552,true,true
7697.2401,true,true
7730.9261,true,true
7831.8991,true,true
7655.3680,true,true
7663.0321,true,true
7716.5326,true,true
7662.4429,true,true
7654.1472,true,true
7762.5161,true,true
7770.3301,true,true
7669.7107,true,true
7675.0358,true,true
7776.4151,true,false
8283.5964,true,true
7667.8070,true,true
7734.8375,true,true
7748.5364,true,true
7568.1753,true,true
7810.9128,true,true
7864.8279,true,true
7580.6548,true,true
7944.4626,true,true
7820.2443,true,true
7849.6062,true,true
7915.3602,true,false
7801.8009,true,true
7825.0891,true,true
7601.3168,true,true
7847.6119,true,true
7841.6528,true,true
7888.7111,true,false
7589.6224,true,true
7866.3416,true,false
7595.2071,true,true
7636.8798,true,true
8030.2768,true,true
7614.1098,true,true
7655.2499,true,false
7889.9736,true,true
7631.0249,true,true
7624.5180,true,true
7612.3614,true,true
7645.3437,true,true
7598.1716,true,true
7602.4397,true,true
7824.9261,true,false
7652.8015,true,true
7600.1227,true,true
7477.1488,true,true
7616.7058,true,true
7474.9361,true,true
8042.2716,true,true
7651.1131,true,true
7484.0821,true,true
7662.8137,true,false
7932.2763,true,false
7680.1435,true,true
8016.6272,true,true
7974.0066,true,true
7668.0074,true,true
7478.7467,true,true
7483.3100,true,true
7685.6446,true,false
7472.1996,true,true
7481.2174,true,true
7444.9990,true,true
7476.6928,true,true
7448.9808,true,true
7576.8637,true,true
7790.3324,true,true
7749.8087,true,true
7584.2226,true,true
7506.9479,true,true
7510.4867,true,true
7706.4613,true,false
7599.6680,true,true
7590.4169,true,true
7506.2316,true,true
7507.4838,true,true
7511.6543,true,true
7507.5955,true,true
7674.6995,true,false
7597.7533,true,true
7552.8711,true,true
7641.1888,true,true
7533.3206,true,true
7893.7993,true,true
7594.6063,true,true
7597.8361,true,true
7602.6704,true,true
7532.3150,true,true
7591.3643,true,true
7539.0004,true,true
7533.5392,true,true
7584.4657,true,true
7709.3967,true,true
7496.5746,true,true
7497.6271,true,true
7725.7248,true,false
7667.0921,true,true
7679.2230,true,false
7485.5552,true,true
7489.9707,true,true
7538.8201,true,false
7484.8572,true,true
7629.6358,true,true
7564.2573,true,true
7669.3889,true,true
7490.8214,true,true
7525.7359,true,true
7557.1882,true,true
7757.8112,true,false
7602.9588,true,true
7693.3853,true,true
7694.1939,true,true
7664.9427,true,true
7662.0300,true,true
7665.1818,true,true
7664.1730,true,true
7673.7495,true,true
7691.1222,true,true
7732.3226,true,true
7666.1482,true,true
7703.5165,true,true
7667.6072,true,true
7675.4867,true,true
7743.2066,true,true
7674.6228,true,true
7671.8765,true,true
7669.4041,true,true
7794.6521,true,true
7747.7967,true,true
7701.0228,true,true
7757.5412,true,true
7984.8514,true,true
7776.9637,true,true
7762.9595,true,false
7684.1859,true,true
7683.1393,true,true
7732.0053,true,true
7681.8924,true,true
7556.7450,true,true
7562.0786,true,true
7732.8709,true,true
7823.7245,true,true
7717.9607,true,true
7731.0973,true,true
7543.7993,true,true
7533.6706,true,true
7766.9121,true,true
7567.5920,true,true
7570.3504,true,true
7749.9336,true,true
7529.0082,true,true
7519.8077,true,true
7904.6715,true,true
7515.6120,true,true
7597.4611,true,true
7666.4738,true,true
7644.7581,true,true
7612.4204,true,true
7689.3519,true,false
7911.5875,true,true
7634.9625,true,false
7638.2399,true,true
7697.5604,true,true
7608.5155,true,true
7606.1262,true,true
7607.2190,true,true
7636.6950,true,true
7604.0147,true,true
7612.9591,true,true
7647.6648,true,true
7697.4026,true,true
7762.7795,true,true
8003.8729,true,true
7687.8000,true,false
7763.3049,true,true
7671.9809,true,true
7597.4675,true,true
7705.7307,true,true
8181.3773,true,true
7678.4810,true,true
7877.6571,true,true
7875.7258,true,true
7787.2008,true,true
7814.8341,true,true
7789.8678,true,true
7876.0578,true,true
7863.8174,true,false
7873.9585,true,false
7838.6982,true,true
7805.4811,true,false
7804.5140,true,true
7886.1535,true,true
7828.0920,true,true
7807.0867,true,false
7810.8583,true,false
7794.3318,true,true
7812.5520,true,true
7800.3124,true,true
7877.8864,true,true
7803.6688,true,true
7801.8471,true,true
7884.4477,true,true
7886.4557,true,true
7899.8540,true,true
7831.8050,true,true
7846.4569,true,true
7821.8365,true,true
7892.2253,true,false
7871.7378,true,true
7897.0826,true,true
7926.1229,true,true
7851.9793,true,false
7827.9171,true,true
7864.5107,true,true
7897.2355,true,true
7819.2978,true,true
7871.0891,true,true
7926.5474,true,false
7932.8533,true,true
7826.8625,true,true
7899.8594,true,false
7941.2657,true,false
7827.0048,true,true
7871.0443,true,true
7874.2645,true,true
7877.4717,true,true
8471.2360,true,true
7816.8508,true,true
7870.3064,true,true
8029.3727,true,false
7877.4380,true,true
7812.3189,true,true
7878.5298,true,true
7960.0796,true,true
7756.0334,true,true
7860.6066,true,true
7895.7055,true,false
7729.5457,true,true
7845.4649,true,true
7893.7732,true,false
7900.3962,true,true
7952.8658,true,false
8234.4393,true,true
7700.6872,true,true
7708.8838,true,true
7705.9441,true,true
7951.6227,true,true
7718.2342,true,true
7694.6745,true,true
7754.5326,true,true
7698.5412,true,true
7774.0450,true,true
7695.9574,true,true
7877.6354,true,true
7780.5304,true,true
7693.8775,true,true
7722.0882,true,true
8066.9261,true,true
7851.2102,true,false
7729.2796,true,true
8003.1701,true,true
7723.3932,true,true
7767.1818,true,true
7764.9910,true,true
8356.1785,true,true
7750.2649,true,true
7747.1638,true,true
7813.0962,true,false
7842.3805,true,false
7777.0164,true,true
7725.4963,true,true
7733.9433,true,true
7742.9541,true,true
7839.0186,true,false
7807.8773,true,true
7768.5992,true,true
7765.7832,true,true
7823.4972,true,true
7819.3141,true,false
7801.9643,true,false
7767.9559,true,true
7757.7262,true,true
7751.9016,true,true
7792.0020,true,true
7845.6396,true,true
7822.1065,true,false
7706.8896,true,true
7815.4042,true,true
7803.2337,true,true
7762.5542,true,true
7840.8179,true,true
7839.9704,true,false
7808.1705,true,true
7775.1712,true,true
8254.6545,true,true
7780.9655,true,true
7757.0136,true,true
7818.6304,true,true
7860.9866,true,true
7855.2490,true,true
7751.0758,true,true
7748.4399,true,true
7813.0271,true,true
7747.6336,true,true
7818.1035,true,true
7752.8258,true,true
7752.3437,true,true
7755.0084,true,true
7780.1602,true,false
7756.8489,true,true
7789.5809,true,true
7755.2701,true,true
7921.0053,true,true
7807.2472,true,false
7856.5210,true,false
7773.7792,true,true
7810.3197,true,true
7877.8189,true,false
7751.7940,true,true
7753.0344,true,true
7749.9699,true,true
7796.9601,true,true
7795.7738,true,true
7748.1643,true,true
7834.5505,true,true
7734.8026,true,true
7691.1844,true,true
7784.9057,true,true
7779.1815,true,true
7913.9216,true,true
7620.5696,true,true
7610.7809,true,true
7620.4910,true,true
7631.0909,true,true
8499.1178,true,true
7651.5806,true,false
7615.6671,true,true
7676.8971,true,true
7626.4933,true,true
7829.6389,true,true
7623.8256,true,true
7664.0942,true,true
7641.9516,true,true
7628.5644,true,true
7704.0347,true,false
7665.5364,true,false
7654.7707,true,true
7601.8084,true,true
7880.2644,true,false
7709.3430,true,false
7690.0508,true,true
7643.9014,true,true
7714.0372,true,true
7730.6111,true,true
7765.8846,true,false
7742.3412,true,true
7537.1469,true,true
7708.7632,true,true
7737.3574,true,true
7701.1036,true,true
7776.2445,true,true
7742.8580,true,true
7706.6291,true,true
7654.6746,true,true
7740.9668,true,true
7708.5476,true,true
7579.7303,true,true
7794.9418,true,false
7626.8691,true,true
7788.0220,true,false
7781.9633,true,true
7632.6043,true,true
7775.1590,true,true
7701.4731,true,true
7642.8428,true,true
7653.6821,true,true
8155.0499,true,true
7826.4396,true,true
7782.2516,true,true
7808.4841,true,true
7678.6936,true,true
7801.2766,true,true
7852.1405,true,false
7656.1814,true,true
7651.4606,true,true
7656.7485,true,true
7853.6729,true,true
7667.3452,true,true
7685.8510,true,true
7646.2837,true,true
7819.6206,true,false
7870.5967,true,true
7652.9054,true,true
7639.1205,true,true
7689.9956,true,true
7663.2681,true,false
7702.1102,true,true
7913.7713,true,true
7589.8279,true,true
7637.8205,true,true
7591.1068,true,true
7738.7584,true,false
7673.2048,true,true
7559.5053,true,true
7749.8475,true,true
7678.6278,true,true
7703.9899,true,true
7729.5003,true,false
7574.0714,true,true
7633.7580,true,false
7577.5814,true,true
7573.3218,true,true
7755.4773,true,false
7568.8529,true,true
7703.4935,true,false
7603.6150,true,true
7595.3917,true,true
7572.7311,true,true
7610.0414,true,false
7600.9882,true,true
7601.1742,true,true
7570.5530,true,true
7619.5605,true,true
7637.4352,true,false
7736.2164,true,false
7651.9439,true,true
7596.0576,true,true
7627.8788,true,true
7591.6003,true,true
7665.5745,true,false
7596.1110,true,true
7571.2225,true,true
7557.3329,true,true
7568.6125,true,true
7560.5280,true,true
7666.7836,true,true
7605.6965,true,false
7689.2266,true,true
7687.6105,true,false
7678.3839,true,true
7685.3178,true,false
7645.9833,true,true
7674.4041,true,true
7579.6264,true,true
7570.6917,true,true
7569.5484,true,true
8116.6790,true,true
7661.6489,true,true
7570.6545,true,true
7611.1029,true,false
7613.1564,true,true
7696.3515,true,true
7649.6899,true,true
7658.8132,true,false
7596.5951,true,true
7663.0344,true,false
7588.0498,true,true
7650.6803,true,false
7659.2122,true,true
7593.5002,true,true
7860.4793,true,true
7676.0448,true,true
7676.9182,true,true
7646.6854,true,true
7715.4710,true,false
7669.0893,true,true
7760.6779,true,true
7694.8402,true,false
7627.1161,true,true
7649.2977,true,false
7576.1776,true,true
7655.2622,true,true
7572.3372,true,true
7579.1965,true,true
7668.1186,true,true
7701.6612,true,true
7572.3158,true,true
7843.7772,true,true
7573.0748,true,true
7689.5919,true,true
7699.3614,true,true
7658.2094,true,true
7582.5819,true,true
7712.5938,true,false
7686.3348,true,true
7815.0003,true,true
7581.8274,true,true
7570.5627,true,true
7560.4987,true,true
7762.9978,true,true
7733.7902,true,true
7574.3373,true,true
7584.6483,true,true
7586.1538,true,true
7584.9390,true,true
7720.8671,true,true
7591.4867,true,true
7590.2681,true,true
7582.8173,true,true
7594.0660,true,true
7623.8828,true,true
7668.0870,true,true
7585.5772,true,true
7588.8254,true,true
7665.1262,true,true
7591.9693,true,true
7633.8162,true,true
7619.5726,true,true
7714.9540,true,false
7705.5939,true,false
7649.7279,true,true
7693.1568,true,false
7609.7496,true,true
7575.7017,true,true
7721.2732,true,true
7728.3056,true,false
7658.3503,true,false
7493.0511,true,true
7496.2595,true,true
7671.2652,true,true
7668.3707,true,false
8284.0429,true,true
7500.8566,true,true
7494.2875,true,true
7669.7005,true,true
7497.0900,true,true
7496.3195,true,true
7622.2796,true,true
7629.5334,true,true
7637.3990,true,true
7657.5485,true,false
7779.6819,true,true
7669.2458,true,true
7523.4705,true,false
7511.6590,true,true
7730.7097,true,true
7718.6342,true,true
7532.4306,true,true
7520.4626,true,true
7530.5030,true,false
7550.7542,true,true
7508.9127,true,true
7534.4793,true,true
7573.6851,true,true
7528.8120,true,true
7829.5746,true,false
7626.6958,true,true
7643.5659,true,false
7446.9689,true,true
7476.4712,true,true
7581.0014,true,true
7626.6866,true,true
7978.6971,true,true
7384.0045,true,true
7648.5379,true,true
7385.9537,true,true
7404.7885,true,true
7639.3938,true,true
7567.2289,true,true
7403.7638,true,true
7698.1388,true,true
7707.5740,true,true
7443.7582,true,true
7683.2307,true,true
7404.6667,true,true
7403.5472,true,true
7856.5148,true,true
7431.4203,true,true
7723.3957,true,true
7467.5611,true,true
7411.6274,true,true
7451.6728,true,true
7489.3010,true,true
7552.5407,true,true
7494.8631,true,true
7503.4091,true,true
7538.7528,true,false
7479.3794,true,true
7551.4145,true,true
7843.2858,true,true
7434.4890,true,true
7441.0908,true,true
7523.5035,true,true
7408.9076,true,true
7440.1863,true,true
7507.0043,true,false
7516.0937,true,true
7379.2756,true,true
7378.2441,true,true
7492.4890,true,false
7689.0489,true,true
7549.5873,true,true
7547.9190,true,true
7576.9790,true,true
7587.7160,true,true
7426.7157,true,true
7424.4038,true,true
7517.0891,true,true
7611.0198,true,true
7445.7559,true,true
7428.4479,true,true
7484.7481,true,false
7528.0857,true,false
7443.7781,true,true
7473.4107,true,true
7424.1222,true,true
7618.7257,true,false
7519.1809,true,true
7446.2130,true,true
7441.0580,true,true
7437.1972,true,true
7506.8799,true,true
7383.2904,true,true
7381.7735,true,true
7498.8769,true,true
7391.2269,true,true
7505.7123,true,true
7504.8592,true,true
7433.0639,true,true
7507.9550,true,false
7432.3174,true,true
7428.9613,true,true
7471.5731,true,true
7459.5042,true,true
7458.1013,true,true
7435.7912,true,true
7493.4446,true,true
7471.6042,true,true
7440.6406,true,true
7501.5336,true,true
7498.4983,true,true
7599.7830,true,false
7580.6250,true,false
7453.3469,true,false
7422.5713,true,true
7397.6514,true,true
7414.5335,true,true
7530.6181,true,true
7507.1434,true,true
7520.6994,true,true
7468.5186,true,true
7490.6189,true,true
7419.0802,true,true
7538.4480,true,false
7381.2650,true,true
7513.1595,true,true
7884.3069,true,true
7389.8496,true,true
7386.5830,true,true
7393.6620,true,true
7419.3140,true,true
7505.7802,true,true
7505.7044,true,true
7646.0011,true,false
7500.8616,true,true
7434.3834,true,true
7400.6246,true,true
7516.7924,true,true
7535.6246,true,true
7391.9102,true,true
7397.5325,true,true
7466.7189,true,true
7403.3241,true,true
7536.0961,true,true
7429.4631,true,true
7879.0335,true,true
7582.2036,true,false
7706.7669,true,true
7592.9865,true,false
7541.9222,true,true
7462.8122,true,true
7435.1677,true,true
7484.9094,true,false
7453.9479,true,false
7548.6569,true,true
7613.3445,true,false
7441.8598,true,true
7665.7669,true,true
7491.6954,true,true
7516.8386,true,true
7476.4149,true,true
7477.7378,true,true
7500.6544,true,true
7510.5774,true,false
7467.1153,true,true
7515.0842,true,true
7466.0507,true,true
7517.7375,true,true
7486.7239,true,true
7503.7594,true,true
7500.9965,true,true
7481.1702,true,true
7475.0788,true,true
7469.6454,true,true
7479.2908,true,true
7547.1139,true,false
7497.5594,true,true
7546.0461,true,true
7585.3610,true,true
7538.2104,true,true
7557.0879,true,true
7547.2258,true,true
7525.9132,true,true
7519.2824,true,true
7513.9960,true,true
7519.9551,true,true
7551.8289,true,true
7569.2787,true,true
7550.5920,true,true
7570.0538,true,true
7537.6409,true,true
7593.3959,true,true
7665.1329,true,true
7655.8927,true,true
7562.9258,true,true
7608.5412,true,true
7660.0622,true,false
7610.5938,true,false
7768.4683,true,true
7619.7232,true,true
7721.9604,true,true
7798.2228,true,true
7608.3362,true,false
7603.0157,true,true
7665.8363,true,false
7599.7771,true,true
7603.3231,true,true
7660.3350,true,true
8031.2554,true,true
7618.7789,true,true
7660.6620,true,true
7656.4419,true,true
7600.5476,true,true
7692.8747,true,true
7568.9521,true,true
7539.5519,true,true
7691.5493,true,true
7790.6382,true,true
7546.9745,true,true
7679.7200,true,true
7676.4733,true,true
7654.1329,true,true
7673.9756,true,true
7727.9370,true,true
7588.3589,true,true
7547.6962,true,true
7534.2243,true,true
7727.3395,true,false
7594.4144,true,true
7695.5884,true,true
7539.0814,true,true
7539.0376,true,true
7579.6655,true,true
7577.0081,true,true
7538.2216,true,true
7697.6532,true,true
7558.0015,true,false
7622.0273,true,false
7555.1331,true,true
7541.3017,true,true
7644.0238,true,true
7539.0600,true,true
7507.5817,true,true
7503.8515,true,true
7581.2163,true,true
7665.2506,true,true
7608.8039,true,true
7462.0087,true,true
7601.7694,true,false
7593.9840,true,true
7443.2259,true,true
7602.9395,true,true
7439.2557,true,true
7698.4008,true,false
7631.5987,true,true
7499.4654,true,false
7579.7304,true,true
7482.0419,true,true
7513.9232,true,false
7735.8799,true,false
7518.0070,true,true
7466.3505,true,true
7462.3125,true,true
7549.5283,true,true
7686.2059,true,false
7464.9805,true,true
7507.9191,true,true
7481.8543,true,true
7479.0548,true,true
7695.1764,true,false
7519.6482,true,true
7707.7139,true,false
7509.1894,true,true
7417.8282,true,true
7465.7730,true,false
7586.3410,true,true
7682.6040,true,true
7561.2083,true,true
7562.2279,true,true
7601.2664,true,true
8355.5116,true,true
7483.9739,true,true
7493.6313,true,true
7434.9322,true,true
7573.4084,true,true
7464.1328,true,true
8079.8755,true,true
7485.9329,true,true
7398.6479,true,true
7487.7686,true,false
7603.1340,true,true
7397.9724,true,true
7501.5774,true,false
7396.2684,true,true
7487.0904,true,false
7435.3009,true,true
7557.4182,true,true
7433.6636,true,true
7419.6682,true,true
7543.5966,true,false
7420.1642,true,true
7418.5517,true,true
7406.9835,true,true
7527.3415,true,false
7489.3046,true,true
7441.1960,true,true
7533.3928,true,false
7421.0330,true,true
7424.9096,true,true
7420.7673,true,true
7557.3859,true,false
7457.5712,true,true
7477.0426,true,true
7450.6646,true,true
7525.7551,true,false
7583.9659,true,true
7450.2604,true,true
7374.5787,true,true
7562.6455,true,true
7593.5983,true,true
7600.4325,true,true
7936.2039,true,true
7650.7851,true,true
7479.3013,true,true
7466.0128,true,true
7437.8317,true,true
7626.6855,true,false
7619.6324,true,true
7674.7159,true,false
7437.7628,true,true
7660.6700,true,true
7624.5021,true,true
7529.4437,true,true
7525.4830,true,false
7456.9880,true,true
7544.0376,true,true
7444.6265,true,true
7971.9536,true,true
7478.5753,true,true
7441.4721,true,true
7685.7769,true,false
7431.6303,true,true
7449.6250,true,true
7429.8299,true,true
7521.6133,true,true
7450.9988,true,false
7581.8726,true,true
7451.6319,true,true
7464.2551,true,true
7538.4780,true,true
7490.3792,true,true
7769.5849,true,true
7462.1813,true,true
7831.9539,true,true
7643.8860,true,true
7525.4067,true,true
7484.8196,true,true
7519.3531,true,true
7554.8113,true,false
7511.7798,true,true
7506.5292,true,true
7598.0261,true,true
7508.2219,true,false
7706.5964,true,true
7500.1795,true,true
7571.2080,true,true
7779.5498,true,true
7574.7879,true,false
7485.4147,true,true
7565.7354,true,true
7545.4209,true,true
7916.7910,true,true
7589.6611,true,false
7512.3091,true,true
7498.0512,true,true
7578.2909,true,true
7591.8781,true,false
7589.2980,true,true
7489.3523,true,true
7530.4095,true,true
7643.9401,true,true
7723.1339,true,true
7494.4912,true,true
8442.1341,true,true
7495.5641,true,true
7483.4942,true,true
7497.3752,true,true
7552.3096,true,true
7492.7429,true,true
7491.5507,true,true
7695.2868,true,true
7486.2267,true,true
7484.4411,true,true
7549.8290,true,false
7544.7333,true,true
7543.8389,true,false
7455.0407,true,true
7484.3030,true,true
7610.1957,true,true
7475.9849,true,true
7487.1986,true,true
7613.5691,true,false
7573.9161,true,false
7519.4337,true,true
7504.0851,true,true
7564.0237,true,true
7499.7799,true,true
7747.4752,true,true
7635.0155,true,true
7498.2827,true,true
7495.2956,true,true
7761.8211,true,false
7634.0400,true,false
7500.9958,true,true
7456.2172,true,true
7456.9816,true,true
7674.7801,true,true
7431.1809,true,true
7456.5068,true,true
7439.6491,true,true
7500.8170,true,false
7495.0670,true,true
7434.7658,true,true
7431.0667,true,true
7488.0236,true,false
7411.2133,true,true
7628.6430,true,false
7525.7084,true,true
7593.7511,true,false
7412.6998,true,true
7530.6740,true,true
7570.7004,true,true
7696.2883,true,false
7476.5788,true,true
7492.2767,true,true
7447.0230,true,false
7431.6959,true,true
7526.2183,true,false
7668.5594,true,false
7427.5174,true,true
7578.3373,true,true
7515.6201,true,true
7443.0632,true,true
7432.5702,true,true
7431.9131,true,true
7432.1074,true,true
7463.9308,true,true
7430.7267,true,true
7526.1969,true,true
7431.3211,true,true
7429.6812,true,true
7549.3199,true,true
7500.9911,true,false
7479.4678,true,true
7431.4924,true,true
7443.8030,true,true
7772.7204,true,true
7532.0861,true,false
7461.8499,true,true
7459.7042,true,true
7493.2124,true,true
7546.9953,true,false
7462.4339,true,true
7480.8769,true,false
7472.3130,true,true
7547.8845,true,false
7374.4163,true,true
7521.0087,true,true
7503.6485,true,true
7416.6339,true,true
7383.3821,true,true
7382.7988,true,true
7382.3869,true,true
7541.9612,true,true
7377.3270,true,true
7475.2285,true,false
7534.6901,true,true
7376.9997,true,true
7376.6556,true,true
7381.7526,true,true
7546.2696,true,true
7427.9157,true,true
7422.3912,true,true
7389.4469,true,true
7388.4236,true,true
7388.0323,true,true
7385.2636,true,true
7428.6867,true,true
7418.5335,true,true
7327.5765,true,true
7468.7512,true,true
7432.4764,true,true
7395.0243,true,false
7325.3976,true,true
7331.4042,true,true
7481.7730,true,false
7635.3723,true,true
7427.8629,true,true
7417.9768,true,true
7448.3165,true,true
7334.5780,true,true
7331.5023,true,true
7329.4947,true,true
7328.4731,true,true
7319.3045,true,true
7642.8619,true,true
7369.7374,true,false
7690.1619,true,true
7315.5901,true,true
7368.7825,true,true
7554.0030,true,true
7318.6842,true,true
7395.5900,true,true
7319.6365,true,true
7366.8606,true,true
7314.3912,true,true
7303.6478,true,true
7317.3680,true,true
7300.3957,true,true
7354.0432,true,false
7293.3644,true,true
7860.8635,true,true
7292.9801,true,true
7366.6525,true,false
7408.6915,true,true
7347.8145,true,true
7288.7204,true,true
7287.2162,true,true
7292.4566,true,true
7271.0441,true,true
7312.9786,true,true
7266.3261,true,true
7359.1226,true,false
8031.1953,true,true
7291.7599,true,false
7292.1946,true,true
7325.6929,true,true
7395.7730,true,false
7315.4955,true,true
7297.0157,true,true
7312.7964,true,true
7325.7936,true,true
7427.5067,true,false
7237.5116,true,true
7505.7738,true,true
7320.0990,true,true
7411.6273,true,false
7830.4413,true,true
7249.3501,true,true
7397.0881,true,false
7458.4127,true,false
7558.4683,true,true
7286.0887,true,true
7370.5287,true,true
7316.4746,true,true
7296.3961,true,true
7419.4701,true,true
7408.5833,true,true
7418.5516,true,true
7300.8306,true,true
7305.0667,true,true
7289.4778,true,true
7309.1764,true,true
7290.8936,true,true
7291.9676,true,true
7363.2783,true,true
7314.5265,true,true
7311.7562,true,true
7365.8024,true,true
7338.3460,true,true
7350.9171,true,true
7391.8005,true,false
7377.1983,true,false
7365.0623,true,true
7321.4074,true,true
7350.8682,true,true
7280.6276,true,true
7358.7869,true,true
7277.3523,true,true
7361.9072,true,true
7348.5983,true,true
7361.0983,true,true
7296.0979,true,true
7300.1775,true,true
7488.1452,true,true
7488.9647,true,true
7292.7052,true,true
7619.6224,true,true
7292.6750,true,true
7353.2298,true,true
7317.3005,true,true
7436.9230,true,true
7293.4655,true,true
7290.4242,true,true
7446.9878,true,true
7282.4380,true,true
7291.9693,true,true
7366.4672,true,true
7427.2011,true,false
7291.0959,true,true
7356.7836,true,false
7307.8373,true,true
7329.8307,true,true
7327.7990,true,true
7296.8323,true,true
7295.2295,true,true
7297.2358,true,true
7317.3259,true,true
7298.9007,true,true
7314.1543,true,true
7304.8613,true,true
7383.0519,true,true
7309.9328,true,true
7317.1744,true,true
7360.7201,true,true
7332.2212,true,true
7367.4010,true,true
7415.7260,true,true
7401.0368,true,true
7356.1575,true,true
7372.3775,true,true
7364.4666,true,true
7358.7309,true,true
7332.0321,true,true
7387.9663,true,true
7455.9669,true,true
7350.3188,true,true
7336.0455,true,true
7360.6400,true,true
7381.9509,true,true
7500.1211,true,true
7400.2269,true,true
7409.6425,true,true
7425.3578,true,true
7526.2138,true,false
7626.5554,true,true
7451.2433,true,true
7573.8733,true,false
7483.2847,true,false
7574.3872,true,true
7413.4234,true,true
7398.8035,true,true
7604.5948,true,true
7565.6657,true,true
7525.9741,true,true
7402.1301,true,true
7405.4629,true,true
7409.9382,true,true
7460.5287,true,true
7419.9422,true,false
7440.7585,true,true
7412.3197,true,true
7462.6879,true,true
7394.6997,true,true
7501.8761,true,false
8058.5993,true,true
7392.4636,true,true
7377.9398,true,true
7376.4332,true,true
7463.7913,true,true
7391.2616,true,true
7339.9443,true,true
7489.3193,true,true
7443.0364,true,true
7599.5253,true,true
7631.3781,true,true
7377.2522,true,true
7384.9477,true,true
7460.5150,true,true
7477.3463,true,false
7408.8186,true,true
7763.6058,true,true
7417.3656,true,true
7520.7253,true,true
7398.4635,true,true
7529.7132,true,false
7471.3098,true,true
7488.1545,true,true
7401.3758,true,true
7549.5211,true,false
7442.0972,true,true
7477.0562,true,true
7633.4296,true,true
7686.6081,true,true
7631.7509,true,true
7609.3344,true,true
7615.5021,true,true
7587.1338,true,true
7708.6695,true,true
7836.3711,true,true
7704.6710,true,true
7605.9011,true,true
7637.9363,true,true
7673.4170,true,true
7628.9881,true,false
7632.3694,true,true
7651.1882,true,true
7512.4092,true,true
7773.7147,true,true
7737.4292,true,true
7620.0425,true,true
7771.9951,true,true
7725.2602,true,true
7716.6860,true,true
7697.9675,true,false
7511.3303,true,true
7731.8042,true,false
7867.5044,true,true
7550.5203,true,false
7513.0347,true,true
7581.7756,true,true
7687.0030,true,true
7674.1092,true,true
7550.6307,true,true
7757.6091,true,true
7686.3444,true,true
7526.4384,true,true
7521.6433,true,true
7519.0648,true,true
7521.5915,true,true
7510.5621,true,true
7546.3746,true,true
7545.7135,true,true
7386.8219,true,true
7577.7912,true,true
7543.8515,true,true
7583.0904,true,true
7532.6233,true,true
7660.6494,true,true
7534.4936,true,true
7635.8121,true,true
7583.7455,true,false
7590.1277,true,true
7606.3985,true,true
7543.4868,true,true
7540.3679,true,true
7539.7065,true,true
7808.7783,true,true
7929.5483,true,true
7485.9086,true,true
7649.3945,true,false
7565.1982,true,true
7647.2771,true,false
7559.6675,true,true
7566.4971,true,false
7618.5128,true,true
7648.8511,true,true
7428.2140,true,true
7658.6892,true,false
7817.0470,true,true
7392.0428,true,true
7403.9016,true,true
7409.2163,true,true
7392.6577,true,true
7388.5994,true,true
7474.1371,true,true
7486.6383,true,true
7412.5398,true,true
7415.1529,true,true
7998.9671,true,true
7470.9254,true,true
7547.7785,true,true
7557.2454,true,false
7510.0881,true,false
7795.1107,true,true
7423.7626,true,true
7422.8804,true,true
7503.2689,true,true
7439.7476,true,false
7380.7376,true,true
7549.5335,true,true
7515.3557,true,false
7389.0751,true,true
7566.8327,true,false
7378.7320,true,true
7438.0447,true,false
7494.8119,true,true
7455.3538,true,true
7404.9878,true,true
7490.7247,true,true
7350.0459,true,true
7461.0612,true,true
7424.8759,true,false
7347.7220,true,true
7439.3534,true,true
7597.8330,true,true
7417.1133,true,true
7890.9611,true,true
7458.5930,true,false
7403.1453,true,false
7581.9757,true,true
7439.3627,true,true
7358.1909,true,true
7252.8745,true,true
7250.6412,true,true
7444.7174,true,false
7258.3881,true,true
7461.8707,true,true
7483.1846,true,true
7502.2911,true,false
7930.0597,true,true
7286.1965,true,true
7290.2805,true,true
7296.3868,true,true
7316.9504,true,true
7484.2189,true,true
7487.8742,true,true
7467.1170,true,true
7283.7063,true,true
7365.9256,true,true
7279.8879,true,true
7489.8221,true,true
7306.9938,true,true
7688.1260,true,true
7337.3443,true,true
7335.4007,true,true
7317.1527,true,false
7293.5304,true,true
7289.7687,true,true
7292.6474,true,true
7308.6469,true,true
7329.6000,true,true
7401.4913,true,true
7426.5637,true,true
7367.2211,true,true
7440.4676,true,true
7381.6522,true,true
7432.6922,true,true
7440.1272,true,true
7398.5127,true,true
7433.7292,true,true
7465.7056,true,true
7417.4235,true,true
7439.7421,true,true
7550.5915,true,true
7519.3432,true,true
7412.2122,true,true
7405.4484,true,true
7420.5323,true,false
7970.7063,true,true
7483.7661,true,true
7441.5745,true,false
7451.9125,true,false
7522.3837,true,true
7529.0759,true,true
7490.7062,true,false
7465.7535,true,false
7562.6625,true,false
7874.6411,true,true
7577.6232,true,true
7571.9838,true,true
7481.0077,true,true
7584.1804,true,false
7500.5088,true,true
7628.6890,true,false
7592.2736,true,true
7525.4365,true,true
7611.2593,true,true
7411.1725,true,true
7411.1436,true,true
7426.3663,true,false
7627.7042,true,true
7433.0809,true,true
7450.4809,true,true
7428.6691,true,true
7517.3780,true,true
7565.7207,true,false
7553.3607,true,true
7584.7402,true,false
7442.8819,true,true
7580.6211,true,false
7442.2198,true,true
7469.6413,true,true
7476.4624,true,true
7641.1861,true,true
7466.6509,true,true
7486.3679,true,false
7618.1216,true,false
7496.3779,true,true
7472.6488,true,true
7784.0694,true,true
7511.4345,true,false
7482.1947,true,false
7378.1235,true,true
7492.0843,true,true
7522.3141,true,true
7390.2738,true,true
7497.1516,true,true
7670.3137,true,true
7547.5480,true,true
7489.4721,true,false
7511.5056,true,true
7287.2835,true,true
7284.2400,true,true
7283.0775,true,true
7268.1876,true,true
7523.8052,true,true
7715.2363,true,true
7395.9015,true,true
7278.8732,true,true
7281.4967,true,true
7293.1248,true,true
7317.2809,true,true
7285.5492,true,true
7832.2990,true,true
7319.5092,true,true
7570.6042,true,false
7364.7585,true,true
7284.5017,true,true
7703.1855,true,true
7302.3498,true,true
7420.0936,true,false
7670.5154,true,true
7330.0636,true,true
7309.9603,true,true
7391.1943,true,false
7253.9766,true,true
7347.2588,true,false
7302.5959,true,true
7304.5759,true,true
7676.4665,true,true
7351.0056,true,true
7410.7080,true,true
7373.2229,true,true
7316.5812,true,true
7352.4857,true,true
7434.8415,true,false
7395.8384,true,true
7460.5282,true,true
7331.0007,true,true
7379.5325,true,true
7222.5112,true,true
7422.2417,true,false
7434.2317,true,true
7373.1367,true,true
7462.5372,true,true
7380.8117,true,true
7420.8155,true,true
7361.7954,true,true
7221.2104,true,true
7256.7055,true,true
7407.7620,true,true
7219.7056,true,true
7243.1468,true,false
7222.7663,true,true
7463.8414,true,false
7258.9846,true,false
7227.3857,true,true
7235.0993,true,true
7257.5143,true,true
7241.0281,true,true
7229.5843,true,true
7225.0094,true,true
7281.1283,true,true
7231.9181,true,true
7214.0782,true,true
7290.6157,true,true
7171.9920,true,true
7141.1911,true,true
7583.1008,true,true
7454.3295,true,true
7228.2860,true,true
7216.4484,true,true
7227.0303,true,true
7189.6822,true,true
7218.0934,true,true
7977.3648,true,true
7194.8098,true,true
7187.1774,true,true
7252.2487,true,true
7242.0938,true,true
7230.4162,true,true
7365.9311,true,true
8060.2506,true,true
7530.5771,true,true
7237.1749,true,true
7211.8228,true,true
7506.7118,true,false
7268.5818,true,true
7164.0509,true,true
7489.5117,true,false
7817.0782,true,true
7234.8287,true,true
7218.3112,true,true
7157.5979,true,true
7158.9804,true,true
7270.0497,true,false
7252.9258,true,true
7177.9709,true,true
7220.5679,true,true
7334.4126,true,true
7178.1639,true,true
7195.4834,true,true
7335.2377,true,true
7620.4438,true,true
7818.8459,true,true
7170.8534,true,true
7206.1179,true,true
7294.0180,true,true
7172.3547,true,true
7167.5109,true,true
7168.7119,true,true
7222.5934,true,true
7213.2464,true,true
7278.6230,true,false
7275.5346,true,false
7291.3303,true,false
7699.4957,true,true
7335.8594,true,true
7170.6534,true,true
7876.2415,true,true
7272.5779,true,true
7317.1521,true,false
7189.0094,true,true
7220.3080,true,true
7223.4694,true,true
7332.0750,true,true
7341.9462,true,false
7220.6586,true,true
7244.1507,true,true
7187.3543,true,true
7243.9895,true,true
7222.3163,true,true
7224.5510,true,true
7282.3816,true,true
7286.7561,true,true
7244.9519,true,false
7231.2188,true,true
7228.6083,true,true
7227.0505,true,true
7307.7060,true,true
7315.6631,true,true
7243.9794,true,true
7348.9654,true,false
7241.1742,true,true
7329.3690,true,false
7207.0800,true,true
7217.1519,true,true
7296.2052,true,true
7293.7378,true,true
7309.6510,true,true
7308.2545,true,true
7302.6636,true,true
7344.6663,true,false
7244.7558,true,true
7357.6437,true,true
7421.0642,true,true
7248.2493,true,true
7245.7675,true,true
7282.6658,true,true
7271.5906,true,true
7250.3266,true,true
7227.3742,true,true
7383.8260,true,true
7245.5676,true,true
7317.9221,true,true
7309.7021,true,true
7315.6586,true,false
7202.6984,true,true
7358.2297,true,false
7205.7825,true,true
7212.1036,true,true
7203.4205,true,true
7480.6489,true,true
7318.2738,true,false
7430.9432,true,true
7393.7510,true,true
7390.6709,true,true
7387.6353,true,true
7384.5916,true,true
7409.6334,true,true
7460.4403,true,false
7417.4810,true,true
7438.0988,true,true
7480.1289,true,false
7447.9725,true,true
7394.6487,true,true
7394.6290,true,true
7468.2157,true,true
7559.5884,true,true
7391.9950,true,true
7638.0473,true,true
7364.1727,true,true
7815.7410,true,true
7472.9000,true,true
7471.3862,true,false
7394.2844,true,true
7402.6946,true,true
7465.5904,true,true
7400.3084,true,true
7464.4066,true,false
7467.4990,true,true
7495.4886,true,false
7409.2192,true,true
7405.0777,true,true
7406.1032,true,true
7404.7817,true,true
7468.2373,true,true
7445.5953,true,true
7461.9437,true,false
7406.3324,true,true
7410.8706,true,true
7480.8888,true,false
7411.1680,true,true
7478.3232,true,true
7409.8157,true,true
7468.7225,true,true
7483.8383,true,true
7525.7890,true,true
7478.3297,true,false
7469.5809,true,true
7436.3796,true,true
7417.7489,true,true
7603.1553,true,true
7441.8013,true,true
7485.0126,true,false
7420.9548,true,true
7449.7130,true,false
7415.7259,true,true
7408.6982,true,true
7626.7364,true,true
7465.4075,true,true
7609.2045,true,true
7463.7707,true,false
7461.6925,true,true
7453.4663,true,false
7495.0781,true,true
7664.5792,true,true
7490.8578,true,true
7492.3515,true,true
7428.1489,true,true
7477.1147,true,true
7545.9115,true,false
7428.3282,true,true
7410.4472,true,true
7429.2972,true,true
7479.1540,true,true
7414.8269,true,true
7476.4167,true,true
7431.2258,true,true
7415.1164,true,true
7493.5106,true,true
7581.5438,true,false
7550.9019,true,false
7434.0584,true,true
7391.2824,true,true
7437.6027,true,false
7390.9731,true,true
7409.0569,true,false
7427.8720,true,true
7380.3436,true,true
7434.6407,true,true
7439.4764,true,true
7561.7290,true,true
7387.0742,true,true
7554.3911,true,true
7406.0180,true,false
7528.0014,true,true
7387.9795,true,true
7456.3229,true,false
7468.8329,true,true
7628.2877,true,true
7416.0899,true,true
7444.8495,true,false
7504.3730,true,true
7461.5823,true,true
7482.8982,true,true
7445.0799,true,true
7415.3667,true,true
7521.9458,true,true
7504.0114,true,true
7498.9570,true,true
7506.7629,true,true
7553.1197,true,true
7507.9406,true,true
7527.8807,true,false
7494.4749,true,true
7489.0923,true,true
7530.9037,true,true
7562.5839,true,true
7495.2185,true,true
7491.0214,true,true
7795.5931,true,true
7496.8101,true,true
7504.5058,true,true
7511.3228,true,true
7541.5135,true,true
7473.6392,true,true
7472.2102,true,true
7430.5476,true,true
7470.4790,true,true
7575.0667,true,false
7588.6001,true,false
7573.4002,true,true
7482.8646,true,true
7486.0109,true,true
7492.6057,true,true
7596.4939,true,true
7620.7277,true,true
7573.3943,true,true
7571.4677,true,true
7638.0400,true,true
7741.5698,true,true
7564.5189,true,true
7653.4691,true,true
7566.1890,true,true
7900.7996,true,true
7549.1052,true,true
7579.2349,true,true
7548.9726,true,true
7522.7324,true,true
7526.9648,true,true
7574.6845,true,true
7522.3254,true,true
7685.8268,true,false
7648.8253,true,true
7628.2149,true,true
7525.7811,true,true
8333.7121,true,true
7600.8959,true,true
7526.5645,true,true
7561.1602,true,false
7676.0638,true,false
7535.6454,true,true
7532.8694,true,true
7554.3370,true,true
7540.6618,true,true
7647.1543,true,true
7670.0040,true,true
7719.8032,true,true
7711.1928,true,true
7673.3913,true,true
7532.0970,true,true
7688.6254,true,true
7635.2672,true,true
7536.0970,true,true
7577.0388,true,true
7510.9871,true,true
7553.8513,true,true
7741.8593,true,false
7669.0712,true,true
7689.6215,true,true
7597.6026,true,true
7679.1816,true,true
7603.8841,true,true
7615.7470,true,true
7689.1873,true,true
7688.4758,true,true
7682.8513,true,false
7846.2176,true,true
7771.2529,true,false
7645.0803,true,true
7616.0734,true,true
7620.0159,true,true
7848.3571,true,true
7735.4291,true,true
7632.3589,true,true
7677.2709,true,true
7643.2913,true,true
7647.9093,true,true
7659.7788,true,true
7693.3343,true,false
7787.1215,true,false
7787.0701,true,true
7688.4308,true,true
7687.9300,true,true
7649.6853,true,true
7819.1608,true,true
7658.0585,true,true
7698.5029,true,true
7691.1050,true,true
7675.9982,true,true
7699.7644,true,true
7678.3440,true,true
7771.9230,true,true
7670.7413,true,true
7743.1747,true,true
7661.5667,true,true
7656.1120,true,true
7784.8039,true,true
7679.4676,true,true
7725.3351,true,true
7728.5652,true,true
7734.8684,true,true
7754.2145,true,true
7776.9944,true,true
7784.1094,true,true
7768.1724,true,false
7709.1512,true,false
7975.9513,true,true
7732.0359,true,false
7678.3654,true,true
7715.1297,true,true
7678.6129,true,true
7754.7924,true,true
7732.2054,true,true
7712.3190,true,true
7693.8265,true,true
7678.8668,true,true
7748.2891,true,true
7668.1722,true,true
7745.5964,true,true
7731.1056,true,true
7666.9304,true,true
7668.4176,true,true
7665.7639,true,true
7738.0402,true,false
7790.7829,true,true
7670.5375,true,true
7686.3507,true,true
7804.3117,true,false
7717.9517,true,true
7686.9155,true,true
7744.6822,true,true
7693.6702,true,true
7783.9005,true,true
7695.1665,true,true
7698.7977,true,true
7742.3338,true,true
7699.1014,true,true
7697.9933,true,true
7727.0046,true,true
7693.3929,true,true
7610.9476,true,true
7737.8944,true,true
7797.0736,true,false
7621.6175,true,true
7971.0557,true,true
7705.1716,true,true
7771.8902,true,true
7706.3172,true,true
7620.1316,true,true
7816.8242,true,true
7607.4798,true,true
7815.5586,true,false
7949.7105,true,true
7640.4461,true,true
7612.3790,true,true
7945.7371,true,true
7594.3146,true,true
7798.6263,true,true
7849.7432,true,true
7600.2129,true,true
7601.9284,true,true
7606.7858,true,true
7605.3141,true,true
7684.9178,true,true
7702.6716,true,true
7603.8115,true,true
7613.2625,true,true
7731.8039,true,true
7661.8190,true,true
7668.9867,true,true
7603.9015,true,true
7558.5253,true,true
7749.1889,true,true
7565.3307,true,true
7568.0002,true,true
7704.8048,true,true
7703.6280,true,true
7696.5384,true,true
7611.4719,true,false
7610.8144,true,true
7758.0881,true,false
7624.0877,true,true
7578.7741,true,true
7582.2013,true,true
7577.6122,true,true
7768.3904,true,false
7579.7744,true,true
8003.6591,true,true
7569.1827,true,true
7612.0906,true,true
7762.2975,true,true
7554.2516,true,true
7654.6323,true,true
7666.1807,true,true
7653.0422,true,false
7555.8574,true,true
7549.7221,true,true
7591.4660,true,true
7568.2011,true,true
7640.3223,true,false
7567.1979,true,true
7569.1500,true,true
7787.2938,true,true
7672.3949,true,true
7563.5633,true,true
7561.2411,true,true
7700.1411,true,true
7617.1317,true,true
7565.4757,true,true
7744.7112,true,true
7616.2833,true,true
7906.9539,true,true
7595.7173,true,false
7625.7417,true,true
7576.8865,true,true
7659.8215,true,false
8110.3780,true,true
7625.8626,true,true
7535.0132,true,true
7703.3582,true,false
7678.7118,true,true
7537.5946,true,true
7559.7880,true,true
7582.2779,true,false
7539.1251,true,true
7572.9740,true,true
7573.9940,true,true
7567.9055,true,true
7711.2368,true,true
7646.0335,true,true
7551.6209,true,true
7585.5705,true,true
7687.1204,true,false
7834.5440,true,true
7539.8277,true,true
7620.6481,true,true
7630.6501,true,false
7574.7629,true,true
7572.8794,true,true
7699.3892,true,false
7631.5691,true,true
7669.1869,true,true
7634.8632,true,true
7635.3768,true,true
7614.5132,true,true
7655.0543,true,true
7534.7187,true,true
7693.8594,true,true
7672.9249,true,true
7705.8759,true,false
7540.2177,true,true
7538.5240,true,true
7676.4389,true,true
7584.2276,true,true
7587.1827,true,true
7753.1354,true,false
7575.3931,true,true
7998.1620,true,true
7694.8610,true,true
7687.2375,true,true
7763.7707,true,false
7539.5080,true,true
7529.4689,true,true
7600.5899,true,true
7524.0765,true,true
7520.4551,true,true
7494.3115,true,true
7581.7452,true,true
7500.8631,true,true
8071.8578,true,true
7604.6112,true,true
7512.6335,true,true
7783.7852,true,true
7590.1383,true,false
7511.7847,true,true
7503.2639,true,true
7501.5933,true,true
7792.3290,true,true
7586.1326,true,true
7597.1047,true,true
7558.6413,true,false
7648.1625,true,true
7519.8466,true,true
7772.4989,true,true
7615.5867,true,true
7589.1430,true,false
7593.7516,true,true
7570.4723,true,true
7658.2293,true,true
7593.7365,true,true
7575.0622,true,true
7592.6995,true,true
7589.7004,true,true
7634.5258,true,true
7538.8679,true,true
7618.4829,true,true
7616.7608,true,true
7680.9516,true,true
7602.2208,true,true
7536.7170,true,true
7665.8476,true,true
7524.5746,true,true
7511.5720,true,true
7511.0910,true,true
7527.3459,true,true
7515.8010,true,true
7513.7183,true,true
7619.0434,true,false
7579.5855,true,true
7500.1779,true,true
7552.4774,true,true
7546.4498,true,true
7540.6904,true,true
7464.4396,true,true
7446.8817,true,true
7506.2661,true,true
7433.4347,true,true
7432.0695,true,true
8158.5420,true,true
7426.4818,true,true
7726.8579,true,false
7426.3523,true,true
7678.7774,true,false
7556.0584,true,true
7460.3370,true,true
7460.2189,true,true
7455.4923,true,true
7487.0043,true,true
7600.9446,true,true
7539.0256,true,true
7449.0630,true,true
7453.5804,true,true
7500.8863,true,false
7643.2854,true,false
7659.4937,true,true
7655.8565,true,false
7621.7826,true,true
7671.7829,true,true
7866.5435,true,true
7599.2198,true,true
7580.4468,true,true
7628.4621,true,true
7688.7482,true,true
7684.8674,true,true
7712.4113,true,true
7678.2425,true,true
7681.7313,true,true
7675.5499,true,true
7720.0850,true,false
7901.6434,true,true
7704.4468,true,true
7674.5944,true,true
7671.5883,true,true
7737.0836,true,false
7743.3801,true,true
7758.9279,true,true
7664.1316,true,true
7653.8160,true,true
7731.4359,true,true
7775.6317,true,false
7770.3302,true,false
7675.7180,true,true
7725.8190,true,true
7723.0711,true,true
7694.9128,true,true
7710.4152,true,false
7664.3339,true,true
7662.2877,true,true
7655.0715,true,true
7653.4408,true,true
7738.2249,true,true
7932.7408,true,true
7658.0656,true,true
7829.9313,true,true
7735.4006,true,true
7695.7423,true,true
7741.4441,true,true
7669.9185,true,true
7743.4896,true,true
7671.7062,true,true
7656.2437,true,true
7661.1065,true,true
7928.6769,true,true
7761.9250,true,true
7819.9808,true,true
7668.2561,true,true
7718.6990,true,true
7808.5778,true,true
7665.6150,true,true
7748.8987,true,true
7877.1065,true,true
7733.2227,true,true
7753.8661,true,false
7639.8385,true,true
7696.7870,true,false
7703.2860,true,true
7891.0508,true,true
7797.7324,true,false
7973.2078,true,true
7765.7196,true,true
7721.4405,true,true
7651.8868,true,true
7744.8836,true,true
7698.7701,true,true
7821.5043,true,true
7712.5103,true,true
7678.5938,true,true
7762.5611,true,true
7674.7342,true,true
7699.9303,true,true
7672.4269,true,true
7982.0790,true,true
7693.0636,true,false
7791.4721,true,true
7652.8483,true,true
7708.3431,true,true
7661.8990,true,true
7653.9954,true,true
7653.5944,true,true
7652.6245,true,true
7710.8527,true,false
7662.1043,true,true
7661.6844,true,true
8575.5221,true,true
7733.6801,true,true
7701.9991,true,false
7658.4318,true,true
7761.9853,true,false
7888.6990,true,true
7795.9107,true,false
7793.5233,true,true
7773.1567,true,true
7842.4039,true,true
7850.6971,true,true
7954.0408,true,true
7652.5622,true,true
7655.7640,true,true
7690.3564,true,true
7831.0625,true,true
7887.2094,true,true
7660.2097,true,true
7916.0975,true,true
7769.3005,true,true
7697.1662,true,true
7652.7491,true,true
7896.8377,true,false
7711.7558,true,false
7916.3811,true,true
7656.2436,true,true
7711.0691,true,false
7745.6535,true,true
7986.4294,true,true
7667.6934,true,true
7869.8438,true,false
7745.2063,true,true
7686.0734,true,true
8055.8582,true,true
7967.3535,true,false
7698.8173,true,true
7672.9747,true,true
7683.1654,true,true
7657.2400,true,true
7997.8765,true,true
7778.1241,true,true
7735.1570,true,true
7671.9762,true,true
7752.6357,true,true
7750.0839,true,true
7750.4325,true,true
7715.7750,true,true
7737.9623,true,true
7854.8803,true,true
7667.1286,true,true
7874.1827,true,true
8107.3429,true,true
7715.7802,true,true
7786.0188,true,false
7817.7298,true,false
8078.2268,true,true
7835.1367,true,true
7695.2337,true,true
7721.5483,true,true
7736.8057,true,true
7744.5141,true,true
7738.5073,true,true
7757.2822,true,true
7820.0944,true,true
7949.7376,true,true
7929.1255,true,true
8022.2277,true,false
8029.9455,true,true
7907.3140,true,true
7886.1903,true,true
7911.1903,true,true
7885.0370,true,true
7904.1821,true,true
7883.8863,true,true
7881.5563,true,true
7910.5412,true,false
7984.3959,true,true
7928.6971,true,true
7912.0826,true,true
7910.1858,true,true
7930.1382,true,true
7929.4151,true,true
7914.9322,true,true
8014.9720,true,true
7929.9763,true,true
8006.2603,true,true
7945.4394,true,false
7908.2585,true,true
7914.4434,true,true
7887.2233,true,true
7883.7868,true,true
7990.0149,true,true
7878.2736,true,true
7963.6478,true,true
8145.1172,true,true
7948.4899,true,true
8102.8575,true,true
7901.2730,true,true
7951.7940,true,true
7933.0694,true,true
8043.3362,true,true
7985.6027,true,true
8153.6787,true,true
7901.9644,true,true
8306.2076,true,true
7926.7766,true,true
7908.2308,true,true
7899.0165,true,true
7893.4807,true,true
7931.0856,true,true
8024.2982,true,true
8006.1372,true,false
7915.4053,true,true
8040.1494,true,true
7888.7638,true,true
7894.7504,true,true
7949.4806,true,false
7995.8625,true,false
8127.7613,true,true
7913.0165,true,true
7905.5600,true,true
7894.9838,true,true
8008.5002,true,false
7957.0218,true,true
7966.2014,true,true
7904.5409,true,true
8032.2019,true,true
7993.7022,true,false
7973.5736,true,true
7982.3435,true,false
7955.9199,true,false
8027.4855,true,false
7931.6407,true,true
7951.8090,true,true
7930.9910,true,true
7988.7103,true,true
7955.3221,true,true
7962.7892,true,true
7929.0790,true,true
7936.6523,true,true
7960.3843,true,false
8068.4140,true,true
7961.0497,true,true
8065.5337,true,true
7934.3849,true,true
7934.2619,true,true
7936.1878,true,true
7975.9255,true,true
8071.8465,true,true
7917.2129,true,true
7973.3117,true,true
7917.9804,true,true
7936.8069,true,true
8038.6212,true,true
8077.8048,true,true
7954.4686,true,true
7977.2513,true,true
7967.2320,true,true
8007.8327,true,true
8375.5282,true,true
7982.9219,true,true
8109.7029,true,false
8100.7496,true,false
8094.9651,true,true
7989.2811,true,true
7986.5721,true,true
8028.4916,true,false
7989.7696,true,true
8091.4746,true,true
8018.1514,true,true
8061.7075,true,true
8122.4001,true,false
7997.9572,true,true
8024.2014,true,true
8011.8871,true,true
8022.8846,true,false
8066.6853,true,true
8101.6170,true,false
7998.3172,true,true
8119.0348,true,true
8163.2433,true,true
8049.1902,true,true
8046.7762,true,true
8314.0143,true,true
8009.4832,true,true
8016.0817,true,true
8029.2493,true,true
8011.3580,true,true
8056.5004,true,true
8015.2933,true,true
8017.0788,true,true
8025.1444,true,true
8070.8345,true,true
8024.3416,true,true
8062.0696,true,true
8100.8014,true,true
8050.8838,true,false
8021.0088,true,true
8024.3670,true,true
8019.0083,true,true
8015.9222,true,true
8088.3037,true,false
8099.8843,true,false
8017.2179,true,true
8100.0676,true,true
8018.9743,true,true
8240.4363,true,true
8237.4910,true,true
8426.1163,true,true
8079.6212,true,true
8119.5726,true,false
8091.1453,true,true
8188.3468,true,false
8091.6676,true,true
8089.9986,true,true
8083.8689,true,true
8088.0921,true,true
8082.3573,true,true
8078.7415,true,true
8126.5801,true,true
8087.2527,true,true
8146.6350,true,true
8127.8619,true,true
8085.7779,true,true
8181.7008,true,true
8106.0024,true,true
8069.7077,true,true
8067.4218,true,true
8170.9400,true,true
8143.4270,true,true
8067.3410,true,true
8164.6591,true,true
8062.3880,true,true
8248.6188,true,true
8185.2533,true,false
8070.8725,true,true
8138.9842,true,false
8090.5592,true,true
8156.0676,true,true
8093.2500,true,true
8100.1179,true,true
8175.6803,true,true
8114.1683,true,true
8113.1331,true,true
8128.7591,true,true
8112.1635,true,true
8197.4708,true,false
8101.5285,true,true
8192.6338,true,false
8733.3785,true,true
8241.7476,true,true
8065.9842,true,true
8104.1330,true,false
8139.9937,true,true
8046.0474,true,true
8037.4375,true,true
8041.0411,true,true
8072.1375,true,true
8102.5110,true,true
8084.1646,true,true
8015.2198,true,true
8024.0242,true,true
8055.3540,true,true
8006.5175,true,true
8002.4298,true,true
8007.0242,true,true
7999.3761,true,true
8011.9151,true,true
8087.9293,true,true
8091.4410,true,true
8167.7022,true,false
8011.6349,true,true
8058.6723,true,true
8276.2946,true,true
8020.6844,true,true
8014.0964,true,true
8065.3850,true,false
8013.0298,true,true
8073.8075,true,true
8171.0357,true,false
8017.7974,true,true
8161.2340,true,true
8017.8094,true,true
8017.1270,true,true
8041.5142,true,true
8016.2508,true,true
8018.0924,true,true
8016.2611,true,true
8169.5466,true,true
8161.9971,true,false
8065.4644,true,true
8018.6346,true,true
8003.0032,true,true
8013.1795,true,true
8144.8603,true,true
8108.4612,true,true
8022.6879,true,false
8359.0755,true,false
8044.4525,true,true
8091.6393,true,false
8018.1514,true,true
8003.0148,true,true
8016.7001,true,true
8626.2674,true,true
7994.4933,true,true
8104.4696,true,true
8097.3312,true,false
8097.1396,true,false
8082.8721,true,true
8000.0151,true,true
8002.3062,true,true
8065.7179,true,true
8162.5956,true,false
8035.5703,true,true
8057.9800,true,true
8036.2200,true,true
8051.8929,true,true
8151.3682,true,true
7999.6332,true,true
8184.8222,true,false
8203.9572,true,true
8044.6166,true,true
8302.5188,true,true
7951.1955,true,true
7955.6026,true,true
7992.7133,true,true
8250.9801,true,true
7954.9532,true,true
8219.8342,true,true
7989.6886,true,true
7992.9825,true,true
8200.4971,true,false
8185.3368,true,true
8172.0069,true,true
8030.8962,true,true
8259.0620,true,true
8141.6777,true,true
8101.7019,true,true
7998.3172,true,true
8030.1503,true,true
8012.5411,true,true
8162.4592,true,false
8031.7343,true,true
8037.8787,true,true
8001.8199,true,true
8093.2693,true,true
8229.8311,true,true
8054.9053,true,true
8043.0065,true,true
8225.2617,true,true
8041.6556,true,true
8041.5935,true,true
8019.4644,true,true
8029.9398,true,true
8023.8876,true,true
8064.8907,true,true
8000.2609,true,true
7999.7949,true,true
8002.1450,true,true
7999.9251,true,true
8126.4228,true,true
8099.8961,true,false
8153.4300,true,true
8111.2795,true,true
8241.6799,true,true
8127.2300,true,true
8197.8646,true,false
8070.1413,true,true
8158.3946,true,true
8150.1161,true,true
8080.3066,true,true
8079.0803,true,true
8122.3120,true,true
8066.4542,true,true
8116.9132,true,true
8065.6998,true,true
8024.2301,true,true
8150.1028,true,true
8196.6912,true,true
8125.4596,true,true
8252.3604,true,true
7897.1348,true,true
7890.2670,true,true
8181.2454,true,true
7894.3032,true,true
7871.0379,true,true
7876.3942,true,true
7870.4705,true,true
8003.0182,true,true
7907.9539,true,true
7925.4346,true,true
8253.0399,true,true
7968.1000,true,false
7889.9387,true,true
8217.2604,true,false
7909.4057,true,true
8136.3388,true,true
7918.1166,true,false
7966.8515,true,false
7957.7890,true,true
7910.3721,true,true
8030.0644,true,false
7948.8227,true,true
8039.5749,true,false
8041.4643,true,false
7967.0499,true,true
7934.7045,true,true
8033.5801,true,true
8048.2710,true,true
8591.1122,true,true
8088.1097,true,false
8195.8603,true,true
8065.7850,true,true
8122.2351,true,true
8059.9028,true,true
8093.8273,true,true
8093.6916,true,true
8007.4926,true,true
8079.4515,true,true
8007.9298,true,true
8134.5477,true,false
8008.9682,true,true
8005.6539,true,true
8142.3392,true,true
8061.8833,true,true
8129.2115,true,true
8456.0582,true,false
8023.2474,true,true
8027.9779,true,true
8066.1857,true,true
8062.2449,true,false
8027.0564,true,true
8194.7350,true,true
8076.1834,true,true
8059.0908,true,true
8086.2326,true,true
8069.5248,true,true
8257.2647,true,true
8120.0484,true,true
8069.5195,true,true
8120.7712,true,true
8158.8838,true,true
8152.7397,true,false
8138.1980,true,true
8075.0931,true,true
8140.4886,true,false
8027.5644,true,true
8438.6328,true,true
8027.3669,true,true
8026.1129,true,true
8120.2463,true,true
8116.1115,true,true
8153.2303,true,true
8143.8633,true,true
8222.6811,true,true
8025.8353,true,true
8020.2377,true,true
8103.9696,true,true
8060.9439,true,false
8052.6877,true,false
8057.2646,true,true
8027.1689,true,true
8047.1776,true,true
8174.2633,true,true
8118.7037,true,false
8087.7895,true,true
8219.0086,true,false
8087.8142,true,false
8850.2011,true,true
8053.9544,true,true
8152.9383,true,true
8353.6950,true,true
8201.0970,true,false
8107.0893,true,true
8145.0464,true,true
8158.0704,true,true
8143.7639,true,true
8144.2822,true,true
8210.0747,true,true
8128.0330,true,true
8471.4818,true,true
8118.4985,true,true
8148.2662,true,true
8117.8075,true,true
8121.1744,true,true
8107.4323,true,true
8144.6328,true,false
8059.1616,true,true
8101.8873,true,true
8143.0749,true,false
8176.1105,true,true
8057.4632,true,true
8101.2626,true,true
8226.3035,true,true
8054.4813,true,true
8135.7799,true,true
8063.9172,true,true
8186.6657,true,true
8055.4154,true,true
8054.5738,true,true
8053.4625,true,true
8167.2342,true,true
8141.6394,true,false
8166.4111,true,false
8202.7259,true,false
8063.5582,true,true
8218.8563,true,true
8126.2789,true,true
8064.9230,true,true
8061.9720,true,true
8061.1340,true,true
8057.0959,true,true
8052.2291,true,true
7985.4865,true,true
8424.4504,true,true
7990.1611,true,true
7984.7080,true,true
7989.3308,true,true
7949.1376,true,true
8101.0033,true,true
7942.0230,true,true
7934.3963,true,true
8466.8221,true,true
8113.7300,true,true
7926.4461,true,true
8085.1208,true,true
7922.4872,true,true
8065.8322,true,false
7916.7619,true,true
8156.7474,true,false
7915.6511,true,true
7919.0911,true,true
7921.5746,true,true
8128.1123,true,false
8125.3121,true,false
7916.8424,true,true
8462.6207,true,true
8152.9898,true,true
7897.6821,true,true
8063.9722,true,true
7821.3410,true,true
7791.5150,true,true
7992.8270,true,true
8003.5585,true,true
7796.2280,true,true
7978.0095,true,true
8215.1912,true,true
7932.9822,true,true
7804.4083,true,true
7802.3519,true,true
7993.9012,true,true
7815.0831,true,true
7802.2511,true,true
7806.5008,true,true
7831.5053,true,true
7998.3004,true,true
7780.9662,true,true
7780.2184,true,true
7880.7873,true,true
7853.0601,true,true
7960.4257,true,false
8027.8016,true,true
7774.9927,true,true
7779.9230,true,true
7769.5346,true,true
7859.0876,true,false
7761.6608,true,true
7859.2480,true,true
7744.8470,true,true
7750.0046,true,true
7817.2867,true,true
7765.4344,true,true
7738.8756,true,true
7746.7147,true,true
7733.6037,true,true
7735.5868,true,true
7874.0479,true,false
7738.0295,true,true
7748.0589,true,true
7754.5134,true,true
7838.6960,true,false
7886.2235,true,false
7794.7204,true,true
7800.1079,true,true
7790.5947,true,true
7782.6251,true,true
7910.3628,true,true
7758.2338,true,true
7754.1413,true,true
8542.4447,true,true
7774.1987,true,true
7809.1279,true,true
8653.6602,true,true
7808.5529,true,true
7818.6082,true,true
7789.0134,true,true
7784.7235,true,true
7808.5896,true,true
7849.3272,true,true
7928.3534,true,false
7913.9487,true,true
7984.6256,true,false
7959.7442,true,false
7973.3858,true,true
8038.5597,true,false
7905.3126,true,true
8032.7687,true,false
7952.4979,true,true
7939.1976,true,true
7891.8715,true,true
8001.2499,true,false
7892.3521,true,true
8217.6829,true,true
7998.0166,true,true
8027.5617,true,false
8460.5985,true,true
7902.3413,true,true
7871.6487,true,true
7964.1581,true,true
7968.9960,true,false
7977.8592,true,true
8027.7950,true,false
8039.3900,true,false
8161.7875,true,true
7951.0404,true,true
7984.0515,true,true
7890.7918,true,true
7885.6268,true,true
7933.3776,true,true
7907.4408,true,true
7888.7349,true,true
8026.2684,true,true
8015.0823,true,false
7965.5279,true,false
7884.8175,true,true
7961.2138,true,true
7889.7640,true,true
7900.3849,true,false
8015.9612,true,true
7897.1551,true,true
8002.1299,true,true
7921.1575,true,true
7976.6407,true,true
7896.9541,true,true
7888.3739,true,true
7926.2618,true,true
8080.5470,true,true
7924.7127,true,true
7891.7048,true,true
7931.9239,true,true
7904.3625,true,true
7938.8094,true,true
7916.8154,true,false
7993.4227,true,true
7861.5965,true,true
7986.8532,true,true
8000.3429,true,false
7927.9849,true,true
7721.6031,true,true
7737.4327,true,true
7738.4924,true,true
8329.6068,true,true
7741.4529,true,true
7730.7158,true,true
8312.9074,true,true
7973.1657,true,true
7730.0923,true,true
7771.8762,true,true
7775.5788,true,true
7980.4416,true,true
7740.4465,true,true
7798.6956,true,true
8028.2565,true,true
7732.0956,true,true
8038.3806,true,true
7783.4807,true,true
7818.3469,true,true
7816.5066,true,true
7867.6651,true,true
7902.5449,true,false
7827.8355,true,true
7804.6968,true,true
7812.7700,true,true
7768.7156,true,true
7780.0132,true,true
7850.1062,true,true
7782.0384,true,true
7915.8498,true,false
7847.5261,true,true
7809.9327,true,false
7900.8560,true,false
7785.3102,true,true
7770.0744,true,true
7827.2923,true,true
7889.5945,true,true
8128.5805,true,true
7788.1403,true,true
7812.6272,true,true
7775.7847,true,true
7812.1632,true,true
7779.1488,true,true
7877.1215,true,true
7839.7326,true,false
7784.0454,true,true
7755.5650,true,true
7906.1231,true,false
7766.2352,true,true
7832.2306,true,true
7839.6277,true,true
7910.3524,true,true
7902.7354,true,true
7896.5289,true,true
7971.5809,true,true
7935.4138,true,true
7900.3120,true,true
8016.9389,true,true
7898.0827,true,true
8036.5990,true,false
8007.3634,true,true
7935.9646,true,true
7911.2389,true,true
8118.7084,true,true
8038.2401,true,true
8042.3164,true,false
7915.7232,true,true
7974.5554,true,false
8058.2874,true,true
7975.4859,true,true
7962.6451,true,true
7986.2699,true,false
7869.0618,true,true
8072.7203,true,false
7934.3438,true,false
7869.3042,true,true
7928.8557,true,true
7912.7075,true,false
8025.4738,true,false
7869.3895,true,true
7871.7866,true,true
7921.8181,true,true
8037.3003,true,true
8566.4949,true,true
7877.1504,true,true
7891.4762,true,true
7990.2168,true,false
7923.7033,true,false
8017.8950,true,false
7910.3573,true,true
7902.4811,true,true
7894.9858,true,true
7931.2418,true,true
7928.3179,true,true
7892.3119,true,true
7892.2385,true,true
8091.4764,true,true
7931.8296,true,false
8048.4156,true,false
7756.9906,true,true
8278.1535,true,false
7756.4349,true,true
7989.4434,true,true
8045.6926,true,true
7748.9955,true,true
8101.4301,true,true
8039.4280,true,true
8017.9082,true,true
8025.1014,true,true
7771.7554,true,true
7777.9766,true,true
7800.3939,true,true
7772.5722,true,true
7802.3341,true,false
8018.2204,true,true
7776.6631,true,true
7776.3730,true,true
7778.1212,true,true
7810.9785,true,true
7783.8525,true,true
8429.4696,true,true
7778.7833,true,true
8080.2624,true,false
7773.0698,true,true
7828.1731,true,true
8072.5380,true,true
7819.1022,true,true
7775.3057,true,true
7870.1538,true,true
8398.0516,true,true
7811.3451,true,true
7820.7206,true,true
7855.1105,true,true
7783.9093,true,true
7809.9286,true,true
7794.6897,true,true
7847.3056,true,true
7844.8249,true,true
7810.6000,true,true
7805.6518,true,true
7866.7205,true,true
7808.5563,true,true
7881.5571,true,false
7830.9161,true,true
8155.9675,true,true
7806.8637,true,true
7864.4828,true,true
7810.6429,true,true
7854.8990,true,true
7813.1863,true,true
7810.7239,true,true
7812.0228,true,true
7847.5222,true,true
7845.2678,true,true
7882.5177,true,true
7815.3698,true,true
7853.8091,true,false
7836.9499,true,true
7819.3376,true,true
7804.0207,true,true
7804.7215,true,true
7850.4536,true,true
7921.8512,true,true
7894.5554,true,true
7909.2290,true,true
7853.9046,true,true
7876.8469,true,true
7864.9403,true,true
7936.4757,true,true
7871.2479,true,true
7931.4097,true,true
7848.6299,true,true
7869.5361,true,true
7979.0743,true,true
7819.5273,true,true
7844.6673,true,true
7823.9723,true,true
7850.1875,true,true
7907.8674,true,true
7811.4962,true,true
7803.5551,true,true
7910.6141,true,true
7867.5922,true,false
7806.8217,true,true
7797.8932,true,true
7905.4561,true,true
7808.1810,true,true
7798.8198,true,true
7806.8279,true,true
8401.6686,true,true
7956.1243,true,true
7944.1740,true,true
7931.4785,true,false
8143.3556,true,true
7866.5818,true,true
7797.9107,true,true
7797.7204,true,true
7789.3595,true,true
7784.5573,true,true
7775.7408,true,true
7773.8022,true,true
7989.5091,true,true
7845.9541,true,true
7798.3723,true,true
7688.0412,true,true
7815.7100,true,true
7859.7168,true,false
7921.7211,true,true
7958.9673,true,true
7893.1074,true,false
7971.2713,true,false
7874.3678,true,true
7965.4399,true,true
7887.4005,true,true
7893.6741,true,true
7886.5977,true,true
7877.2820,true,true
8016.0964,true,true
8036.5149,true,true
7874.7290,true,true
8039.2748,true,true
7898.8086,true,true
7934.2097,true,false
7917.1536,true,true
7926.7099,true,true
7955.2139,true,true
7902.8715,true,true
7889.0638,true,true
7886.4769,true,true
7933.5364,true,true
7992.1240,true,true
7882.4061,true,true
8167.1178,true,true
7770.8501,true,true
7933.7347,true,true
8030.4999,true,false
7863.1443,true,true
7860.0609,true,true
7998.9848,true,true
7956.3589,true,true
7876.4164,true,true
7875.6608,true,true
7838.3066,true,true
7979.4032,true,true
7963.3101,true,true
8021.3829,true,true
8023.0723,true,true
8145.0593,true,false
7967.3968,true,true
7954.7578,true,true
7964.5555,true,true
7970.7084,true,true
7954.9544,true,true
7989.3687,true,true
8100.7237,true,true
8180.5049,true,true
7962.8780,true,true
7953.9359,true,true
7967.6859,true,true
8063.1548,true,true
7996.6121,true,false
7965.0687,true,true
7964.0637,true,true
8007.4575,true,true
8005.8345,true,false
7962.4194,true,true
8145.7703,true,true
7979.1780,true,false
8029.7394,true,true
8568.0064,true,true
8278.2368,true,true
7858.3222,true,true
8068.2053,true,true
7862.1614,true,true
7854.6173,true,true
8065.8438,true,false
7865.3513,true,true
7860.5327,true,true
7866.5872,true,true
7897.9723,true,true
7943.1059,true,true
8046.8553,true,true
7868.1840,true,true
7867.4295,true,true
8046.1606,true,true
8190.0422,true,true
7975.0634,true,true
8065.8877,true,false
8061.7919,true,false
7906.3264,true,true
7850.3487,true,true
7838.3722,true,true
8831.4300,true,true
8086.9377,true,true
7837.9050,true,true
7905.7637,true,true
7843.4209,true,true
7849.6977,true,true
7888.0504,true,true
8137.3510,true,true
7880.4366,true,true
7854.0875,true,true
8371.0190,true,true
7843.9751,true,true
7850.7481,true,true
7933.4798,true,true
8039.8004,true,true
7827.7612,true,true
7939.9819,true,false
7816.2928,true,true
7816.0075,true,true
7885.2650,true,true
8332.4562,true,true
7904.2617,true,true
7813.3368,true,true
8502.9291,true,true
7862.3323,true,true
7926.1194,true,false
8201.9474,true,true
7818.8100,true,true
7940.7377,true,false
7812.7180,true,true
7891.3540,true,true
7807.2288,true,true
7811.2620,true,true
7812.5553,true,true
7804.1820,true,true
7804.8861,true,true
7933.4090,true,true
7783.9472,true,true
7864.2077,true,true
7788.0099,true,true
7904.2775,true,true
7796.2661,true,true
7876.7777,true,true
8554.7785,true,true
7843.8355,true,true
7856.6078,true,true
7888.1316,true,false
7807.0325,true,true
7843.7734,true,true
7811.2426,true,true
7822.9727,true,true
7817.0665,true,true
8106.9690,true,true
7813.6051,true,true
7786.2112,true,true
7845.8054,true,true
7850.4015,true,true
7858.1171,true,true
7789.5865,true,true
7937.8278,true,true
7815.0630,true,false
7858.7166,true,true
7783.7501,true,true
8005.6841,true,true
7943.2651,true,true
7807.9358,true,false
7919.6676,true,true
7805.8069,true,true
7792.5986,true,true
7815.1350,true,true
7793.8789,true,true
7864.6201,true,true
7844.2610,true,true
7887.2022,true,true
7869.1594,true,true
7874.2635,true,true
7869.0939,true,true
7868.6232,true,true
7916.8024,true,true
7867.1564,true,true
7846.2097,true,true
7865.8543,true,true
7953.1710,true,false
8007.0992,true,false
8208.1982,true,true
7853.1327,true,true
7859.5641,true,true
7856.5210,true,true
7872.1516,true,false
7850.3253,true,true
7836.2497,true,true
7825.9384,true,true
7823.2778,true,true
7814.8366,true,true
7818.0002,true,true
7810.6044,true,true
7901.6884,true,true
7813.9404,true,true
7826.5599,true,true
7898.6037,true,true
8213.9470,true,true
7794.4419,true,true
7873.9885,true,true
7780.9585,true,true
7772.9652,true,true
7766.3509,true,true
7773.5834,true,true
7901.3457,true,false
7736.2442,true,true
7761.8848,true,true
7779.5772,true,true
7740.9083,true,true
7770.4748,true,true
7749.6501,true,true
7793.1964,true,false
7866.3109,true,true
7871.9890,true,true
8075.4756,true,true
7757.6731,true,true
7870.4968,true,true
7756.9067,true,true
7761.8780,true,true
7797.2119,true,true
7788.3316,true,true
7829.3782,true,true
7741.2901,true,true
7754.6026,true,true
7966.0039,true,false
7913.0586,true,true
8131.6620,true,true
7838.7207,true,true
7862.9551,true,true
7863.5830,true,true
7946.2242,true,true
7840.0776,true,true
7894.8722,true,true
7886.7540,true,true
7832.6818,true,true
7828.5321,true,true
7835.3347,true,true
7774.4970,true,true
7958.9381,true,false
7858.7267,true,true
7883.1789,true,true
7847.3729,true,true
7855.9885,true,false
7847.8680,true,true
8025.4231,true,true
8001.9667,true,true
7839.9718,true,true
7990.6763,true,false
7904.8708,true,true
7837.5141,true,true
7841.4586,true,true
7842.0163,true,true
7926.4209,true,true
7982.7087,true,false
8036.1892,true,true
8278.0042,true,true
7852.7166,true,true
8318.3421,true,true
7903.8934,true,false
8091.6867,true,true
7806.5734,true,true
7794.5979,true,true
7883.8986,true,true
7783.7493,true,true
7932.8873,true,true
7943.4415,true,false
8059.8080,true,true
7875.7075,true,true
7791.4442,true,true
7944.7074,true,true
7974.3381,true,false
7970.2803,true,false
7789.4825,true,true
7778.8647,true,true
7832.7487,true,true
7839.5714,true,true
7784.0649,true,true
7800.0269,true,true
7840.6825,true,true
8128.9411,true,true
7782.6925,true,true
7886.1177,true,false
7849.7255,true,false
7963.5660,true,true
7788.6598,true,true
7934.0313,true,true
7790.9489,true,true
7789.2738,true,true
7891.3813,true,true
8024.8266,true,true
7918.8937,true,true
8014.8034,true,false
7778.4649,true,true
7871.1255,true,true
7826.5159,true,true
7874.1368,true,true
7826.0822,true,true
7817.7138,true,true
7834.1794,true,true
7817.2708,true,true
7873.9278,true,true
7821.0257,true,true
7883.1837,true,false
7904.4773,true,true
7823.9998,true,true
7870.9852,true,true
7845.0012,true,false
7798.2078,true,true
7890.9780,true,true
7885.7720,true,true
7741.2262,true,true
7744.3821,true,true
7965.5186,true,true
8260.3494,true,true
7757.6165,true,true
7757.3288,true,true
7749.9899,true,true
7759.4117,true,true
7762.3139,true,true
7781.2598,true,true
8095.3615,true,true
7905.8323,true,true
7909.6508,true,true
8078.4478,true,false
7959.3668,true,true
8033.1490,true,true
7883.3659,true,true
7940.1903,true,true
8419.3455,true,true
7942.2321,true,true
7959.6934,true,true
7894.2625,true,true
8008.3491,true,false
7889.7329,true,true
8045.3915,true,false
7963.2326,true,true
7900.9729,true,true
7944.6995,true,true
7900.9223,true,true
7969.2093,true,true
7901.8314,true,true
7949.3936,true,true
8181.0787,true,true
7875.3201,true,true
7965.3376,true,true
7899.2486,true,true
7995.4328,true,false
7901.5390,true,true
7985.7948,true,false
7961.1601,true,true
7906.8269,true,true
8048.5991,true,true
7979.6234,true,false
7761.5838,true,true
7768.5194,true,true
7771.9579,true,true
8025.1568,true,true
7957.6949,true,true
7948.3849,true,true
7768.2281,true,true
8028.4520,true,false
7763.5015,true,true
8017.2710,true,true
7943.3805,true,true
7763.1909,true,true
7761.0089,true,true
7978.1202,true,true
7741.9009,true,true
7678.1683,true,true
7667.9897,true,true
7962.0885,true,true
7668.5543,true,true
7931.2659,true,false
7993.7005,true,true
8108.9530,true,true
7690.2033,true,true
8085.8371,true,true
8305.7717,true,true
8076.5973,true,true
7682.3004,true,true
7705.3191,true,true
7675.8298,true,true
7702.1864,true,true
7701.1032,true,true
7869.1983,true,true
7867.6668,true,true
7857.4156,true,true
7856.8324,true,true
7916.9885,true,false
7857.1715,true,true
7855.9943,true,true
7920.5391,true,true
7930.2631,true,true
8065.6875,true,true
7944.8333,true,false
7831.9819,true,true
7821.2156,true,true
7817.3889,true,true
7914.5696,true,true
7962.9418,true,true
7965.3820,true,false
7862.8455,true,true
7825.7970,true,true
7854.3587,true,true
7979.4782,true,true
8350.4379,true,true
8004.2166,true,true
7870.2382,true,false
7851.5737,true,false
8414.3075,true,true
7814.3824,true,true
7811.3171,true,true
7815.2235,true,true
7965.8775,true,true
7817.1944,true,true
7836.1161,true,false
7915.4642,true,false
7816.5854,true,true
7866.9542,true,true
7885.2680,true,false
7814.7271,true,true
7795.9338,true,true
7886.6533,true,true
7862.1014,true,false
7853.7699,true,true
7904.2703,true,false
7787.5764,true,true
7863.3340,true,true
7785.9559,true,true
7836.5329,true,true
7806.9523,true,true
7935.1878,true,true
7916.4900,true,true
7804.2015,true,true
7875.4333,true,false
7866.1922,true,false
7962.0379,true,true
7792.9455,true,true
7926.6961,true,true
8076.8706,true,true
7944.5809,true,false
7817.9732,true,true
7820.1925,true,true
7861.4028,true,true
7825.4604,true,true
7850.7934,true,true
7965.2450,true,false
7824.9926,true,true
7822.0162,true,true
7821.6692,true,true
7844.3845,true,true
7766.1727,true,true
7878.3265,true,true
7887.1188,true,true
7669.2499,true,true
7871.0077,true,false
7908.7442,true,true
7856.0874,true,true
7914.8529,true,true
7952.3788,true,false
7928.5455,true,false
7935.1094,true,false
8385.1621,true,true
7904.3061,true,true
7670.0237,true,true
7725.4246,true,true
7614.5746,true,true
7865.7663,true,true
7662.8479,true,true
7778.2592,true,true
7668.9662,true,true
7668.9200,true,true
7706.8367,true,true
7751.1286,true,true
7874.1854,true,true
8104.8004,true,true
7817.9275,true,true
8132.0319,true,true
7879.3605,true,true
7820.3021,true,true
7792.2558,true,true
7785.3425,true,true
7846.2252,true,true
7868.2507,true,false
7862.2580,true,false
7930.3613,true,false
7767.9504,true,true
7764.8875,true,true
7919.5018,true,false
7833.9488,true,false
7882.2361,true,true
7892.5698,true,true
7759.3625,true,true
7853.1139,true,false
7804.9774,true,true
7860.0135,true,true
7877.6896,true,false
7786.2285,true,true
7853.6955,true,true
8193.7352,true,true
7775.5456,true,true
7959.9690,true,true
7786.3855,true,true
8075.6588,true,true
7828.8057,true,true
8102.2497,true,true
8069.2921,true,true
7694.1509,true,true
7988.8695,true,true
7942.2460,true,true
7995.7329,true,true
7708.9083,true,true
7974.8331,true,true
7898.4760,true,true
8026.3418,true,true
8006.7116,true,true
7943.4098,true,true
8003.3635,true,false
8028.9499,true,true
7687.5688,true,true
7697.4256,true,true
8221.1193,true,true
7693.3654,true,true
7709.8707,true,false
7679.0389,true,true
7691.6343,true,true
8008.5227,true,false
7712.8018,true,true
7662.3519,true,true
7656.0941,true,true
8083.9284,true,true
7715.7429,true,true
7725.3950,true,true
7779.4728,true,true
7749.7191,true,true
8332.9965,true,true
7845.5975,true,true
7761.3852,true,true
7747.9867,true,true
7763.0899,true,true
7844.3977,true,true
8172.5385,true,true
7751.8251,true,true
7807.2919,true,true
7730.3805,true,true
7727.5118,true,true
7890.7317,true,false
7737.7659,true,true
7822.4634,true,true
7774.8647,true,true
7822.5523,true,true
7791.7512,true,true
7813.6757,true,false
7819.9588,true,true
7931.3378,true,true
7937.9601,true,true
7989.6557,true,true
7794.5524,true,true
7788.6861,true,true
7784.1306,true,true
7777.3616,true,true
7874.7695,true,true
7795.5140,true,true
7837.8612,true,true
8250.2339,true,true
7834.3937,true,true
7879.0384,true,true
7853.7014,true,true
7876.0495,true,true
7965.5711,true,true
7876.3515,true,true
7786.0934,true,true
7990.7045,true,true
7854.3465,true,true
7869.3150,true,true
7880.2593,true,true
7877.2269,true,true
7878.2826,true,true
7883.9951,true,true
7928.0465,true,true
7937.6826,true,true
7977.4308,true,true
7894.1953,true,true
8035.5623,true,true
7953.7473,true,true
7889.9567,true,true
7961.7614,true,true
7925.6029,true,true
8107.7777,true,true
7920.3673,true,true
8039.2670,true,true
7918.4419,true,true
8001.1844,true,false
7974.7730,true,true
8049.3848,true,false
7870.8299,true,true
7975.3586,true,false
7858.4075,true,true
7958.7495,true,true
7845.6601,true,true
7964.5375,true,true
8058.6970,true,true
8073.6836,true,true
7936.1465,true,false
7856.2349,true,true
7847.0032,true,true
7870.8170,true,false
7899.0098,true,true
8120.8877,true,true
8039.7041,true,true
7886.5917,true,true
7849.1622,true,true
7845.8046,true,true
8188.8232,true,true
7989.8960,true,false
7883.7166,true,false
7862.7715,true,true
8046.6669,true,true
7905.1102,true,true
7902.2812,true,true
7881.4017,true,true
7928.9067,true,true
8097.6840,true,true
7899.3500,true,true
7871.4525,true,true
7949.1019,true,true
7869.0003,true,true
7946.3000,true,true
7846.2395,true,true
8208.9018,true,true
7871.5874,true,true
8081.7073,true,true
7833.4883,true,true
7839.0004,true,true
7828.0059,true,true
7826.2695,true,true
7834.4280,true,true
8142.3313,true,true
7978.3341,true,false
7882.1228,true,true
7839.5311,true,true
7846.6152,true,true
7969.1573,true,false
7837.8318,true,true
7857.6809,true,true
7890.8903,true,true
8022.9001,true,false
7909.0820,true,true
7983.9320,true,true
8301.6744,true,true
8341.0936,true,true
7960.0290,true,true
8096.3705,true,true
8106.8579,true,true
8181.8972,true,false
8045.0431,true,true
8160.8982,true,false
8134.8921,true,false
8027.3715,true,true
8047.4986,true,true
8172.6404,true,true
8023.0903,true,true
8024.5094,true,true
8596.4116,true,true
8021.5498,true,true
8156.3161,true,true
8153.5712,true,true
8044.3506,true,true
8038.0773,true,true
8258.4575,true,true
8314.6380,true,true
8126.3252,true,true
8095.7392,true,true
8136.7071,true,true
8096.6884,true,true
8091.4294,true,true
8168.8332,true,true
8116.5605,true,true
8180.1225,true,true
8173.4524,true,false
8339.9049,true,true
8128.4386,true,true
8163.2035,true,true
8207.2355,true,true
8130.8548,true,true
8191.4947,true,true
8259.8226,true,false
8237.1979,true,true
8251.5942,true,false
8254.3408,true,false
8236.5554,true,false
8156.0429,true,true
8216.4800,true,true
8154.7256,true,true
8136.8348,true,true
8162.0973,true,true
8171.0371,true,true
8277.5831,true,true
8287.6999,true,true
8247.8381,true,true
8274.7403,true,true
8271.4180,true,true
8409.9011,true,true
8270.9956,true,true
8549.3239,true,false
8315.0014,true,true
8531.3296,true,true
8256.9330,true,true
8301.1820,true,true
8321.0177,true,false
8258.1058,true,true
8372.9481,true,true
8322.6316,true,true
8266.9957,true,true
8258.2128,true,true
8261.0522,true,true
8288.9190,true,true
8287.1643,true,true
8261.9474,true,true
8260.2314,true,true
8330.3435,true,false
8360.3961,true,false
8262.8504,true,true
8260.5781,true,true
8321.4475,true,false
8259.4868,true,true
8251.0398,true,true
8255.9651,true,true
8252.8406,true,true
8259.4331,true,true
8341.1581,true,false
8250.8538,true,true
8337.6154,true,true
8300.4148,true,true
8332.0450,true,true
8374.9768,true,true
8251.0711,true,true
8255.0453,true,true
8263.2329,true,false
8253.9221,true,true
8470.3165,true,true
8251.4656,true,true
8292.5167,true,true
8378.5465,true,true
8250.8816,true,true
8250.4763,true,true
8250.9644,true,true
8259.6783,true,true
8253.4933,true,true
8287.1226,true,true
8343.9597,true,false
8415.6500,true,true
8286.4126,true,true
8245.2097,true,true
8273.9938,true,false
8269.7262,true,true
8269.0813,true,true
8204.5799,true,true
8387.3359,true,false
8361.0627,true,true
8226.9466,true,true
8338.3812,true,true
8226.1455,true,true
8402.2174,true,true
8359.4082,true,true
8220.9151,true,true
8340.7447,true,true
8229.0516,true,true
8410.3382,true,false
8414.1769,true,true
8267.3473,true,false
8287.1910,true,true
8233.0541,true,true
8470.5833,true,false
8466.3753,true,true
8325.8449,true,true
8230.7575,true,true
8319.0839,true,true
8244.2297,true,true
8316.5593,true,true
8259.9548,true,true
8321.4949,true,true
8250.7926,true,true
8253.9185,true,true
8251.4475,true,true
8275.7982,true,true
8922.9541,true,true
8370.1171,true,false
8543.8762,true,true
8389.4623,true,true
8371.0980,true,true
8244.9870,true,true
8364.1269,true,true
8250.0981,true,true
8314.5135,true,true
8271.8777,true,true
8273.2349,true,true
8304.2169,true,true
8381.2102,true,true
8329.1791,true,false
8278.2603,true,true
8275.4499,true,true
8280.2405,true,true
8361.7274,true,true
8352.5393,true,true
8734.0710,true,true
8393.3692,true,false
8393.2610,true,true
8374.8520,true,true
8255.2089,true,true
8391.8104,true,true
8433.7901,true,true
8279.1324,true,true
8262.4642,true,true
8268.8932,true,true
8254.8203,true,true
8481.3544,true,true
8509.6647,true,true
8445.6831,true,true
8423.6937,true,true
8390.2181,true,true
8388.9307,true,true
8476.4830,true,true
8467.9021,true,true
8375.4358,true,true
8439.0534,true,true
8436.3208,true,true
8651.9839,true,true
8377.3216,true,true
8367.3120,true,true
8504.9223,true,true
8488.1588,true,true
8502.1445,true,true
8364.6429,true,true
8484.8144,true,true
8521.7218,true,true
8411.2007,true,true
8553.9983,true,true
8671.8664,true,true
8440.8356,true,true
8384.1341,true,true
8352.9798,true,true
8524.9268,true,true
8356.8860,true,true
8364.6640,true,true
9052.8756,true,true
8310.3653,true,true
8358.4921,true,true
8906.2863,true,true
8423.9245,true,true
8403.0423,true,true
8402.3161,true,true
8249.9450,true,true
8257.4102,true,true
8297.2646,true,true
8479.0694,true,false
8884.9859,true,true
8267.7381,true,true
8657.7647,true,true
8274.8679,true,false
8488.6196,true,false
8467.4486,true,true
8459.9640,true,true
8267.9709,true,true
8555.6582,true,true
8266.3143,true,true
8509.6409,true,false
8807.8021,true,true
8325.6081,true,true
8274.2411,true,true
8282.6369,true,true
8284.4315,true,true
8344.8893,true,true
8339.9086,true,true
8623.5128,true,true
8307.2103,true,false
8259.5578,true,true
8569.5600,true,true
8251.3941,true,true
8647.3485,true,true
8392.3271,true,true
8403.0296,true,true
8397.8590,true,true
8418.0149,true,false
8305.4964,true,true
8319.8629,true,false
8346.7958,true,true
8273.3015,true,true
8272.0897,true,true
8288.6418,true,true
8413.7808,true,true
8263.0741,true,true
8260.3344,true,true
8261.3816,true,true
8948.3954,true,true
8269.8199,true,true
8309.3648,true,true
8269.5251,true,true
8323.4432,true,true
8297.8997,true,true
8338.6821,true,true
8337.3288,true,false
8289.4175,true,true
8430.8457,true,true
8432.2952,true,true
8273.1069,true,true
8248.1303,true,true
8291.1001,true,true
8250.0536,true,true
8489.2354,true,true
8252.4368,true,true
8293.4261,true,false
8244.0477,true,true
8358.3025,true,false
8344.0237,true,true
8759.9380,true,true
8234.1834,true,true
8230.1926,true,true
8189.6423,true,true
8276.8315,true,true
8183.1899,true,true
8173.9888,true,true
8257.2354,true,true
8160.6527,true,true
8351.1142,true,false
8365.7150,true,true
8168.9714,true,true
8202.3044,true,true
8369.0633,true,false
8201.0427,true,true
8355.5910,true,false
8197.5326,true,true
8514.9608,true,true
8166.0844,true,true
8165.5307,true,true
8169.2114,true,true
8177.4524,true,true
8163.4582,true,true
9211.5315,true,true
8212.9751,true,true
8255.5940,true,false
8240.3522,true,false
8187.4252,true,true
8236.1348,true,true
8214.7007,true,false
8209.6416,true,true
8181.8392,true,true
8179.8723,true,true
8217.6487,true,true
8273.7623,true,true
8177.0524,true,true
8174.2990,true,true
8247.7215,true,true
8196.1952,true,true
8232.9688,true,true
8295.5629,true,false
8200.2803,true,true
8451.1816,true,true
8294.9490,true,false
8235.9413,true,false
8200.3513,true,true
8265.0991,true,true
8255.8555,true,false
8249.7761,true,true
8203.6436,true,true
8271.5215,true,false
8250.8601,true,true
8210.4676,true,true
8205.6566,true,true
8260.9490,true,true
8235.6023,true,true
8231.7999,true,true
8241.5073,true,true
8217.2272,true,true
8302.1887,true,false
8214.7542,true,true
8276.3693,true,false
8218.3149,true,true
8258.6049,true,true
8428.2099,true,true
8229.0448,true,true
8314.2128,true,false
8309.2633,true,true
8319.8872,true,true
8295.6222,true,true
8352.6004,true,true
8416.4445,true,true
8341.8817,true,true
8326.2153,true,true
8351.4040,true,true
8344.9556,true,true
8334.6573,true,true
8330.1004,true,true
8417.2394,true,true
8431.8582,true,false
8429.0779,true,true
8405.9619,true,true
8422.1498,true,true
8451.0418,true,true
8407.3466,true,true
8428.1132,true,true
8388.0783,true,true
8391.4666,true,true
8394.8429,true,true
8488.7860,true,false
8403.9167,true,true
8436.3014,true,true
8516.4977,true,true
8483.4410,true,true
8446.5930,true,true
8412.2589,true,true
8405.6108,true,true
8455.1082,true,false
8433.5509,true,true
8466.8343,true,true
9105.5251,true,true
8415.4778,true,true
8547.3967,true,true
8582.2620,true,false
8552.3487,true,true
8527.7301,true,true
8529.0845,true,true
8488.6496,true,true
8526.2142,true,true
8516.8358,true,true
8555.1046,true,false
8656.2040,true,true
8495.7159,true,true
8534.7087,true,true
8568.4292,true,false
8499.9323,true,true
8699.1002,true,true
8530.0154,true,true
8587.0465,true,true
8614.1499,true,true
8537.8190,true,true
8500.6565,true,true
8479.1164,true,true
8566.8499,true,true
8554.2466,true,false
8367.0140,true,true
8547.7202,true,true
8571.1156,true,true
8365.9362,true,true
8493.1618,true,false
8504.4980,true,true
8517.4389,true,true
8500.3720,true,true
8580.0525,true,false
8641.1687,true,false
8669.7584,true,true
8620.5384,true,true
8608.6974,true,true
8427.4304,true,false
8632.9456,true,true
8448.5120,true,true
8667.3271,true,true
8474.5250,true,true
8565.0866,true,true
8543.3627,true,true
9062.7590,true,true
8583.3021,true,true
8514.7502,true,true
8603.2871,true,true
8513.9504,true,true
8864.8642,true,true
8518.9113,true,true
8617.3954,true,true
8608.7738,true,true
8541.8919,true,false
8516.9472,true,true
8543.4794,true,true
8629.3455,true,false
8567.2064,true,true
8586.3257,true,true
8526.4469,true,true
8991.3392,true,true
8621.9507,true,false
8530.4500,true,true
8613.0542,true,true
8534.9577,true,true
8577.0851,true,true
8521.9558,true,true
8610.1936,true,false
9405.8506,true,true
8708.0150,true,false
8581.5052,true,true
8637.9879,true,true
8764.3577,true,true
8793.9028,true,true
8744.9248,true,true
8796.0490,true,true
8786.7431,true,true
9404.7285,true,true
8771.5871,true,false
8844.9395,true,false
8810.7156,true,true
8753.2247,true,true
8805.0270,true,true
8746.8074,true,true
8753.0583,true,true
8775.4555,true,false
8789.6257,true,true
8866.1711,true,true
8754.0108,true,true
8784.0754,true,true
8754.7524,true,true
8795.7294,true,true
8858.6484,true,false
8735.0284,true,true
8728.4546,true,true
8810.1094,true,true
8733.5469,true,true
8870.1312,true,true
8856.1194,true,true
8780.0647,true,true
8792.1305,true,false
8845.5758,true,true
8851.9508,true,false
8738.4401,true,true
8732.7394,true,true
8730.7114,true,true
8793.3192,true,true
8734.0761,true,true
8672.8474,true,true
8668.2075,true,true
8664.1893,true,true
8897.8845,true,true
8788.6390,true,true
8840.5545,true,true
8840.5757,true,true
8965.4081,true,true
9008.7387,true,true
8955.2907,true,true
8909.3026,true,true
8953.4840,true,true
8934.8540,true,true
8933.7244,true,true
8919.2551,true,true
8938.0187,true,true
8914.4985,true,true
9098.9142,true,false
9097.0860,true,true
9003.5046,true,true
9101.4505,true,false
9027.4027,true,true
9177.9300,true,true
9071.7716,true,false
9042.0299,true,true
9097.1259,true,true
9027.0637,true,true
9198.9713,true,true
9048.9666,true,true
9049.7989,true,true
9040.9087,true,true
9044.7301,true,true
9120.5672,true,true
9081.9692,true,true
8825.6799,true,true
8841.6019,true,true
8902.2916,true,true
8860.3249,true,true
8855.6501,true,true
9187.8707,true,true
8860.6639,true,true
8857.3555,true,true
8855.3600,true,true
9154.8201,true,true
9139.4634,true,true
8903.6536,true,true
8982.0843,true,true
8845.4080,true,true
8867.8465,true,true
8899.2156,true,false
9199.5394,true,true
8931.4687,true,false
8860.0864,true,true
8894.7165,true,true
9167.0005,true,false
8931.3445,true,true
8880.7408,true,true
8930.0096,true,true
9213.0511,true,true
8871.0855,true,true
8863.2213,true,true
8866.9578,true,true
8911.8918,true,true
9054.0598,true,false
8901.3855,true,true
8859.1994,true,true
8981.2944,true,false
8977.0333,true,true
8966.6093,true,false
8980.3528,true,false
9002.1901,true,true
8992.4513,true,true
8982.4932,true,true
8989.2101,true,true
8967.7661,true,true
8987.9882,true,true
9377.9803,true,true
8959.6845,true,true
9040.7262,true,true
8903.5594,true,true
8900.5952,true,true
8991.9973,true,true
8904.7060,true,true
8911.0477,true,true
8905.5593,true,true
9078.5567,true,false
8898.7643,true,true
9048.9695,true,true
9047.9347,true,true
9032.7599,true,true
8904.7139,true,true
9039.4921,true,true
8909.7055,true,true
9106.6110,true,true
9091.2191,true,true
8903.6898,true,true
8904.3412,true,true
8903.2104,true,true
8898.5238,true,true
9062.0767,true,true
8901.2700,true,true
9476.6243,true,true
9071.9593,true,true
8906.8957,true,true
9063.9459,true,true
9070.3271,true,true
9049.0024,true,true
9030.2080,true,true
9091.8372,true,true
9080.2813,true,true
9103.7890,true,true
9106.4600,true,true
9132.5155,true,true
9037.3060,true,true
9184.0515,true,false
9093.4670,true,true
9119.9821,true,true
9078.0688,true,true
9082.0826,true,true
9053.6756,true,true
9058.3977,true,true
9055.2292,true,true
9072.6889,true,false
9193.2849,true,true
9063.6208,true,true
9066.8284,true,true
9149.4643,true,true
9094.9525,true,true
9158.9000,true,false
9165.7270,true,false
9061.0130,true,true
9065.4759,true,true
9080.4858,true,false
9062.1169,true,true
9059.6744,true,true
9056.7961,true,true
9222.6138,true,true
9127.7071,true,true
9119.6243,true,true
9125.2569,true,false
9309.7263,true,true
9198.5074,true,true
9020.7431,true,true
9123.9699,true,true
9110.0704,true,true
9039.5768,true,true
9033.6387,true,true
9226.5334,true,true
9046.0218,true,true
9056.0650,true,true
9109.3175,true,true
9011.1849,true,true
9165.8572,true,false
9003.4561,true,true
9007.2750,true,true
9167.6907,true,false
9002.0967,true,true
9317.3561,true,true
9011.7276,true,true
9045.9119,true,true
9160.5666,true,true
9335.7311,true,false
9100.0636,true,true
9201.5838,true,true
9050.2635,true,true
9031.6069,true,true
9091.8231,true,true
9216.3983,true,true
9069.6962,true,true
9023.4756,true,true
9029.9460,true,true
9096.1837,true,false
9071.1978,true,true
9124.6301,true,true
9078.3561,true,false
9070.4050,true,false
9078.1131,true,true
9050.4679,true,true
9124.4368,true,true
9065.3920,true,true
9072.9673,true,true
9100.5040,true,false
9057.5952,true,true
9124.8797,true,true
9059.2790,true,true
9109.5086,true,false
9079.1510,true,true
9057.7610,true,true
9143.4098,true,false
9062.2689,true,true
9054.9589,true,true
9010.0867,true,true
9088.2484,true,true
8929.1335,true,true
9146.5589,true,false
9460.2607,true,true
8860.4009,true,true
8866.9366,true,true
8937.4805,true,true
8777.6844,true,true
9093.4572,true,true
8863.1403,true,true
9169.1427,true,true
9132.5527,true,false
8852.5338,true,true
9134.2319,true,true
8847.2064,true,true
8846.5560,true,true
9109.7242,true,true
8924.6422,true,true
8915.4460,true,true
8844.7532,true,true
8841.0341,true,true
8839.5040,true,true
8859.5885,true,true
8824.2060,true,true
8828.0615,true,true
8832.4875,true,true
9211.6455,true,true
8831.6478,true,true
8723.2498,true,true
8794.2713,true,true
8976.0647,true,true
8868.1773,true,true
8944.5451,true,true
8723.5647,true,true
8976.4639,true,false
9159.9618,true,true
8726.8122,true,true
8917.6720,true,true
9040.2786,true,true
8748.9196,true,true
8946.7250,true,true
8740.5998,true,true
8945.0731,true,true
8736.8810,true,true
9012.1507,true,true
8733.5824,true,true
9037.8658,true,true
8727.2846,true,true
9022.5533,true,false
8716.3534,true,true
8762.2110,true,true
8921.8302,true,false
8719.5840,true,true
8927.9014,true,false
8773.1487,true,true
8745.2800,true,false
8976.5710,true,false
8792.2956,true,true
8799.2191,true,false
8762.0009,true,true
8828.7671,true,true
8734.0554,true,true
8864.9554,true,false
8817.0389,true,true
8793.9189,true,true
8751.2107,true,true
8809.3423,true,true
8797.2218,true,true
8922.9523,true,true
8890.6824,true,false
8859.9665,true,true
8802.0650,true,false
8959.9092,true,true
8772.5365,true,true
8838.8338,true,true
8880.4659,true,true
8888.0146,true,true
8745.5390,true,true
8824.6184,true,true
8819.7559,true,true
8862.1558,true,true
8788.7206,true,true
8798.3253,true,true
8860.4131,true,true
8891.7068,true,false
8890.0149,true,true
8828.0702,true,true
8803.5886,true,true
8817.8378,true,true
8865.6139,true,false
8842.1480,true,true
8839.3972,true,true
8801.0975,true,true
8796.3098,true,true
8886.2766,true,false
8803.8508,true,true
8869.3681,true,true
8815.2785,true,true
8811.6660,true,true
8844.6124,true,true
9321.2439,true,true
8813.3014,true,true
8853.1890,true,true
8857.7133,true,true
8805.1339,true,true
8843.6238,true,true
8884.3565,true,false
8926.7556,true,true
8805.9933,true,true
8842.8191,true,true
8802.2988,true,true
8807.5277,true,true
8801.5274,true,true
8910.0845,true,false
8802.2441,true,true
8903.3756,true,false
8846.2484,true,false
8887.2230,true,false
8800.2335,true,true
8801.4749,true,true
8812.0065,true,true
8813.8596,true,true
8806.0739,true,true
8926.6123,true,false
8847.7123,true,true
8894.8012,true,true
8914.3287,true,true
8963.4701,true,true
8961.6295,true,true
9049.1536,true,true
8954.6221,true,true
8990.1671,true,false
8936.1839,true,true
9041.1311,true,false
8928.6797,true,true
8920.5626,true,true
8915.8934,true,true
8967.9676,true,true
8966.8041,true,true
8964.7919,true,true
8943.2758,true,true
8912.8073,true,true
8940.7972,true,false
9039.6336,true,true
8967.9114,true,true
8976.5087,true,true
9091.2277,true,true
8935.9543,true,true
9671.4369,true,true
8999.4994,true,true
8940.3278,true,true
8927.1603,true,true
9025.3211,true,true
8977.5738,true,true
9021.6835,true,true
8968.0370,true,false
8993.4388,true,true
9009.2125,true,true
9059.3286,true,false
8889.0157,true,true
9016.1297,true,true
9022.9963,true,true
8898.4671,true,true
8913.4878,true,true
8963.1258,true,true
9280.8450,true,true
8988.5929,true,false
8951.9156,true,true
8916.3298,true,true
8955.4075,true,false
9086.9368,true,true
8918.7161,true,true
8949.8420,true,true
8922.0793,true,true
8934.0010,true,true
8965.6820,true,true
8965.6950,true,true
8972.6115,true,true
8937.9148,true,true
8978.4590,true,true
8940.7518,true,true
9148.6829,true,true
8965.4904,true,true
8942.0302,true,true
9033.8155,true,true
8949.2953,true,true
8984.7714,true,true
8949.2902,true,true
8948.4041,true,true
8954.9459,true,true
9031.1165,true,true
9001.6378,true,true
8961.8157,true,true
9127.5403,true,true
9000.1152,true,true
9047.0952,true,false
9044.4065,true,false
9052.7715,true,false
8993.5525,true,true
9099.8416,true,true
9025.1172,true,true
9005.6095,true,true
9004.8328,true,true
8973.6308,true,true
9002.5778,true,true
9009.3193,true,false
9078.1894,true,false
9018.5372,true,true
9079.2196,true,true
9095.5032,true,false
8898.8868,true,true
9061.4142,true,true
8875.7465,true,true
9026.6149,true,true
8879.0902,true,true
8885.4890,true,true
8917.2327,true,true
8906.0490,true,true
8947.6409,true,true
8934.7436,true,true
8970.0750,true,true
8974.6173,true,true
8959.5358,true,true
8857.1307,true,true
9109.0342,true,false
9245.7418,true,false
8877.2392,true,true
9142.6445,true,false
9151.7206,true,true
9028.4235,true,true
9106.6080,true,false
8930.8974,true,true
8971.5564,true,true
8952.8852,true,true
8922.0901,true,true
8928.7546,true,true
8944.4364,true,false
8957.0474,true,true
9011.8440,true,false
8962.7229,true,false
9051.9768,true,true
8924.4005,true,true
9194.4485,true,true
8906.7506,true,true
9001.2654,true,false
9760.6310,true,true
8907.7500,true,true
8963.6699,true,true
8925.1527,true,true
8966.8527,true,true
9308.3244,true,true
8971.2903,true,true
8977.5706,true,true
9062.6009,true,true
9282.9246,true,true
8894.3705,true,true
8929.0090,true,true
8927.0196,true,true
9030.9085,true,true
8919.9899,true,true
8976.3008,true,true
8989.2050,true,true
8967.1148,true,true
8995.2447,true,true
9104.2058,true,true
8992.6569,true,true
8941.6345,true,true
8947.7564,true,true
8974.6876,true,true
8944.4682,true,true
8949.7872,true,true
8940.6502,true,true
8934.4509,true,true
9000.1165,true,true
9105.8289,true,false
8927.5829,true,true
9001.5999,true,false
9030.3989,true,true
9049.1870,true,false
8932.2886,true,true
9086.3463,true,true
9031.9508,true,true
9178.9598,true,true
8896.3367,true,true
9019.6071,true,true
9061.0997,true,true
8939.8561,true,true
8945.9680,true,true
8949.1280,true,true
9042.5734,true,true
8949.0111,true,true
8953.5836,true,true
8982.8387,true,true
9000.9280,true,false
9078.2891,true,false
8950.6885,true,true
8971.2593,true,true
8939.5925,true,true
8927.9794,true,true
8991.9827,true,true
8989.0916,true,false
8953.3921,true,true
9179.1553,true,true
8917.6917,true,true
8887.5369,true,true
8952.8084,true,false
8789.1449,true,true
9094.0504,true,true
8805.4670,true,true
9033.6595,true,true
9027.6364,true,false
8802.7108,true,true
8815.6278,true,true
8732.6997,true,true
9023.1884,true,false
8790.7684,true,true
8788.9018,true,true
8783.0481,true,true
8789.8972,true,true
8826.5170,true,true
9082.9469,true,false
8833.0063,true,true
8957.7434,true,true
9250.2820,true,true
9050.9383,true,true
8872.6919,true,true
8914.0008,true,true
8815.4681,true,true
8912.5572,true,true
8806.4129,true,true
8895.2034,true,true
8914.9940,true,false
8883.9119,true,true
8794.1623,true,true
8805.0503,true,true
8942.4594,true,false
8878.0717,true,true
8866.7895,true,true
9170.0172,true,true
8815.0178,true,false
8788.3813,true,true
8858.5661,true,false
8794.5014,true,true
8790.3035,true,true
8793.8756,true,true
8795.6295,true,true
8833.3474,true,true
8805.3785,true,true
8914.8214,true,false
8799.2237,true,true
8793.0721,true,true
9002.6086,true,true
9365.2854,true,true
8854.4951,true,false
8797.7385,true,true
8913.1429,true,true
8801.5551,true,true
8831.1966,true,true
8839.8898,true,true
9375.8302,true,true
8834.6085,true,true
8844.2306,true,true
8841.8795,true,true
8892.5012,true,true
8830.6673,true,true
8829.3251,true,false
8820.1838,true,true
8607.4940,true,true
8767.2235,true,true
8614.1004,true,true
8889.7878,true,false
8870.2381,true,true
8962.8129,true,false
9043.5354,true,true
8910.2130,true,true
8933.8653,true,true
8974.3502,true,false
8715.7151,true,true
8760.4894,true,true
8740.0972,true,true
9188.3826,true,true
8717.7177,true,true
8736.6042,true,false
8746.0344,true,true
8713.3054,true,true
8762.0270,true,false
8722.2743,true,true
8714.5560,true,true
8999.5622,true,true
8710.9719,true,true
8714.4751,true,true
8794.5337,true,true
8733.7258,true,true
8740.3347,true,true
8787.8078,true,true
8726.4012,true,true
8783.0257,true,true
8746.5773,true,true
8795.1634,true,true
8757.8713,true,true
8825.0433,true,true
8828.2225,true,true
8845.3206,true,true
8891.5761,true,true
8886.4780,true,true
8936.3329,true,true
8977.8233,true,true
8888.6899,true,true
8882.6315,true,true
8886.2292,true,true
8937.7041,true,true
8853.1629,true,true
8924.1074,true,true
9183.6616,true,true
9443.1168,true,true
8976.8719,true,false
8855.6813,true,true
8966.6509,true,true
8862.5978,true,true
8859.6846,true,true
8892.8498,true,true
8883.6629,true,true
8890.0238,true,true
8877.8160,true,false
8859.2401,true,true
8859.1788,true,true
9035.4585,true,true
8884.6670,true,true
9127.2732,true,true
8983.9291,true,true
8929.7764,true,true
8936.1339,true,true
9006.2348,true,true
8993.8613,true,true
8947.1215,true,true
9202.8262,true,true
8946.6160,true,true
9038.5729,true,true
8954.5834,true,true
8918.2391,true,true
8989.9616,true,false
9049.5650,true,false
9062.0380,true,false
9023.7718,true,true
9033.3835,true,true
9566.2978,true,true
9020.3275,true,true
8962.7157,true,true
8994.6867,true,true
8973.1589,true,true
8965.1214,true,true
9040.5724,true,true
8981.8928,true,true
9020.4072,true,true
8930.4264,true,true
9033.1973,true,true
8901.1638,true,true
9029.3475,true,true
9122.5975,true,false
9147.3534,true,true
9042.8126,true,true
8843.0434,true,true
9044.5933,true,true
8845.9257,true,true
9218.3024,true,true
8970.3150,true,true
9029.9066,true,true
9220.5505,true,true
9312.4354,true,true
9002.9448,true,true
8999.9313,true,true
9008.8747,true,true
9021.8565,true,true
9004.3698,true,true
9108.7458,true,false
9022.0157,true,false
9050.8317,true,true
8980.0821,true,true
9040.1669,true,true
9043.6981,true,true
9010.7418,true,true
8958.7798,true,true
9011.9437,true,true
9090.8397,true,true
9006.7001,true,true
9275.3755,true,true
9008.3740,true,true
9075.3311,true,true
8948.7445,true,true
9095.3421,true,true
9014.7106,true,true
8981.0941,true,true
9025.5030,true,true
9344.9974,true,true
9067.7446,true,true
9210.4300,true,true
9166.7185,true,true
9237.2946,true,true
9168.9508,true,true
9173.0167,true,true
9164.0691,true,true
9136.5580,true,true
9152.7946,true,true
9195.9490,true,true
9207.1296,true,true
9362.1117,true,true
9161.0053,true,false
9186.0887,true,true
9221.1927,true,true
9166.3311,true,true
9175.6281,true,true
9235.4496,true,true
9357.7681,true,true
9312.2129,true,true
9311.4082,true,true
9161.4874,true,true
9056.9576,true,true
9064.2056,true,true
9861.9173,true,true
9223.3192,true,false
9099.6145,true,true
9212.3962,true,true
9115.6518,true,true
9134.4901,true,true
9110.7306,true,true
9171.5665,true,true
9117.0135,true,true
9062.2796,true,true
9106.0617,true,true
9631.9088,true,true
9051.1260,true,true
9144.1303,true,false
9162.9733,true,true
9067.5243,true,false
10096.2803,true,true
9300.9259,true,true
9057.7448,true,true
9196.2901,true,true
9056.2608,true,true
9193.2214,true,true
9305.8477,true,false
9868.4932,true,true
9069.0240,true,true
8907.2269,true,true
9073.5740,true,true
9090.8843,true,true
9200.1449,true,false
9084.4456,true,false
9114.2540,true,true
9117.3385,true,false
9045.5907,true,true
9101.8452,true,true
9193.4469,true,false
9118.3979,true,false
9408.3602,true,true
8956.5495,true,true
9119.8880,true,true
8960.6221,true,true
10214.7716,true,true
9146.8293,true,false
8974.0285,true,true
9131.5605,true,true
8982.9481,true,true
9308.0116,true,true
8964.7534,true,true
8990.1034,true,true
8964.8390,true,true
9016.5566,true,true
8972.0862,true,true
9166.6837,true,true
8928.9796,true,true
8981.0065,true,true
8932.7124,true,true
9092.8693,true,true
8948.9339,true,true
9211.9927,true,true
8944.4295,true,true
8949.4172,true,true
8946.0863,true,true
8966.8708,true,true
8988.4853,true,true
9398.9043,true,true
9648.2350,true,true
9345.1435,true,true
9026.5578,true,true
9108.1686,true,true
8952.0250,true,true
8948.9783,true,true
9041.7855,true,true
8941.2008,true,true
8938.5910,true,true
8938.0630,true,true
9002.0920,true,true
8952.0823,true,true
8962.0558,true,true
9067.3512,true,false
9023.2841,true,true
8986.8793,true,true
8955.8815,true,true
9007.2015,true,true
8975.6460,true,true
8945.8118,true,true
9607.4006,true,true
9049.2782,true,true
9025.9560,true,true
9027.3175,true,true
9207.3088,true,true
9084.3604,true,true
9090.9047,true,true
9081.8572,true,true
9486.0966,true,true
9078.2670,true,true
9126.8641,true,true
9063.5706,true,true
9209.8263,true,true
9064.4778,true,true
9122.1637,true,true
9056.8815,true,true
9308.8409,true,true
9087.3397,true,true
9088.6176,true,false
9130.1761,true,true
9103.5868,true,true
9080.4983,true,true
9107.0979,true,true
9111.1540,true,true
9137.2668,true,true
8976.2997,true,true
8981.5989,true,true
9266.1346,true,true
9275.6209,true,true
9268.2867,true,true
9388.0111,true,true
9328.9834,true,true
9029.2801,true,true
9365.4971,true,true
9038.0868,true,true
9361.4266,true,true
9142.5729,true,true
9071.2543,true,true
9059.2829,true,true
9358.2500,true,true
9079.6002,true,true
9952.6667,true,true
9507.1726,true,true
9088.7676,true,true
9117.4606,true,false
9130.1208,true,true
9133.3177,true,true
9424.0396,true,true
9089.7063,true,true
9337.7779,true,false
9307.3615,true,false
9092.8128,true,true
9102.7063,true,true
9053.0961,true,true
9135.3773,true,true
9695.0094,true,true
9020.9428,true,true
9021.7143,true,true
9700.4808,true,true
9109.3381,true,true
9003.0964,true,true
9172.2752,true,true
9077.3765,true,true
9199.6605,true,true
9006.1413,true,true
9009.2936,true,true
9002.3428,true,true
9237.3919,true,true
9003.2959,true,true
9010.2981,true,true
9000.9564,true,true
9274.5466,true,true
9021.3777,true,true
9042.3867,true,true
9151.1689,true,true
9322.8944,true,true
9569.9647,true,true
9042.3026,true,true
9165.1208,true,true
9073.9960,true,true
8962.2133,true,true
8960.0616,true,true
8963.4222,true,true
9491.3519,true,true
8970.3379,true,true
9011.0385,true,true
9009.4146,true,true
9162.8337,true,true
9216.9629,true,false
9014.3912,true,true
9201.6023,true,false
9016.5804,true,true
9182.2848,true,true
9224.9155,true,true
10195.0695,true,true
9004.4877,true,true
9196.1540,true,false
9005.5726,true,true
9185.0029,true,true
9219.6749,true,true
9001.1323,true,true
9198.3211,true,true
8998.3462,true,true
9066.1631,true,true
9076.3440,true,true
9124.9316,true,true
9138.5546,true,true
9205.8938,true,true
9157.8409,true,true
9186.7194,true,true
9189.8358,true,true
9169.1893,true,true
9167.8451,true,true
9192.2969,true,true
9172.4851,true,true
9170.4824,true,true
9218.0234,true,true
9273.8651,true,false
9183.1086,true,true
9275.2575,true,true
9218.3103,true,true
9216.7156,true,true
9192.3164,true,true
9189.2799,true,true
9189.6588,true,true
9285.2300,true,true
9282.9926,true,true
9196.4317,true,true
9193.9379,true,true
9266.5057,true,true
9270.1526,true,false
9197.2876,true,true
9228.7329,true,true
9190.2004,true,true
9201.5132,true,true
9225.6332,true,true
9347.7759,true,true
9235.0737,true,true
9231.6624,true,true
9144.7131,true,true
9352.3278,true,true
9160.8331,true,true
9273.0809,true,false
9291.6403,true,false
9213.0485,true,false
9283.9490,true,true
9253.7499,true,true
9218.0172,true,false
9177.3407,true,true
9671.1900,true,true
9266.2804,true,true
9183.1567,true,true
9189.5918,true,true
9322.9173,true,true
9325.7402,true,true
9429.7970,true,true
9245.1105,true,true
9288.9367,true,false
9227.1018,true,true
9226.2030,true,true
9531.5028,true,true
9277.1209,true,true
9248.1941,true,true
9381.5292,true,true
9282.0579,true,true
9276.0912,true,true
9246.0810,true,true
9246.3514,true,true
9246.1339,true,true
9237.3817,true,true
9374.7661,true,true
9709.0766,true,true
9347.1229,true,false
9427.2609,true,true
9304.9339,true,true
9554.7509,true,true
9246.8249,true,true
9253.1748,true,false
9487.8197,true,true
9245.5001,true,true
9242.7985,true,true
9241.2883,true,true
9237.2265,true,true
9346.9672,true,false
9341.9671,true,true
9272.7080,true,true
9501.8174,true,true
9376.9844,true,false
9301.2957,true,true
9165.9732,true,true
9416.1052,true,true
9740.8008,true,true
9535.8139,true,true
9320.7721,true,false
9176.9263,true,true
9109.0159,true,true
9382.0397,true,false
9214.1227,true,true
9004.7046,true,true
9187.9909,true,true
9354.7020,true,false
9033.1706,true,true
9505.9921,true,true
9322.7225,true,false
9291.7186,true,true
9082.8159,true,true
9255.6075,true,true
9411.1963,true,false
9089.1164,true,true
9553.2160,true,true
9347.4216,true,true
9083.7075,true,true
9106.8305,true,true
9362.3046,true,true
9112.6172,true,true
9154.2314,true,true
9526.1070,true,true
9150.9777,true,true
9174.9039,true,true
9169.3828,true,false
9118.4090,true,true
9514.8226,true,true
9120.7319,true,true
9429.4961,true,true
9146.1204,true,true
9199.3134,true,true
9122.3404,true,true
9179.0284,true,true
9222.8113,true,false
9110.2858,true,true
9784.2847,true,true
9103.7272,true,true
9121.3756,true,true
9265.5113,true,true
9233.3351,true,true
9172.2886,true,true
9241.1032,true,false
9185.0379,true,true
9307.5939,true,false
9273.6236,true,true
9212.9973,true,true
9180.7008,true,true
9189.7714,true,false
9235.3192,true,true
9359.7679,true,true
9185.3320,true,true
9229.9931,true,true
9230.5666,true,true
9258.4015,true,true
9286.8191,true,true
9251.5608,true,false
9216.5176,true,true
9239.1005,true,true
9358.1018,true,true
9136.4778,true,true
9394.4882,true,true
9136.1839,true,true
9274.0827,true,true
9397.5078,true,true
9266.1871,true,false
9210.4104,true,true
9144.6749,true,true
9196.1388,true,true
9181.5801,true,true
9143.6018,true,true
9173.5683,true,true
9169.9084,true,true
9270.0898,true,false
9185.7468,true,false
9142.3468,true,true
9416.6626,true,true
9155.9334,true,true
9171.2129,true,true
9181.1751,true,true
9239.0192,true,false
9174.9710,true,true
9272.8440,true,false
9210.6419,true,true
9216.9199,true,true
9170.7538,true,true
9207.4128,true,true
9314.6270,true,false
9172.6587,true,true
9170.2057,true,true
9164.6800,true,true
9169.9449,true,true
9162.7743,true,true
9240.9982,true,false
9172.3828,true,true
9540.5941,true,true
9246.9542,true,false
9203.4742,true,true
9313.8692,true,true
9183.2203,true,true
9172.4123,true,true
9188.1214,true,true
9200.8276,true,true
9204.2683,true,true
9235.8409,true,true
9180.4713,true,true
9184.2944,true,true
9278.3554,true,false
9167.4399,true,true
9161.3232,true,true
9283.7277,true,true
9196.3415,true,true
9234.0780,true,true
9216.0361,true,true
9264.3553,true,true
9330.0721,true,false
9191.8399,true,true
9235.8316,true,false
9190.5227,true,true
9197.1958,true,true
9206.7406,true,true
9185.3029,true,true
9294.5513,true,true
9176.6441,true,true
9283.0609,true,true
9314.7352,true,false
9289.8243,true,false
9280.8598,true,false
9234.3146,true,true
9334.7554,true,true
9294.9167,true,true
9223.5201,true,true
9462.4257,true,true
9228.9986,true,true
9232.4956,true,true
9215.8979,true,true
9417.9014,true,true
9328.2107,true,true
9333.3394,true,true
9285.8274,true,true
9289.0523,true,true
9280.1335,true,false
9314.0739,true,true
9406.4759,true,true
9368.5637,true,true
9245.6568,true,true
9484.0526,true,true
9254.7670,true,true
9255.9832,true,true
9292.6374,true,true
9289.9417,true,true
9267.1450,true,true
9905.4439,true,true
9271.4631,true,true
9360.7381,true,true
9346.0832,true,true
9291.7671,true,true
9372.1736,true,true
9285.7937,true,true
9378.9452,true,false
9333.3930,true,true
9269.2352,true,true
9339.2492,true,true
9265.6549,true,true
9314.1404,true,true
9267.9964,true,true
9344.2238,true,false
9379.6182,true,false
9305.5115,true,true
9183.6997,true,true
9212.3805,true,true
9182.2878,true,true
9345.0717,true,true
9375.3413,true,true
9170.8794,true,true
9163.2525,true,true
9331.4978,true,true
9219.3708,true,true
9194.4745,true,false
9360.3386,true,false
9108.4358,true,true
9181.1779,true,true
9352.0084,true,false
9372.5156,true,false
9390.3397,true,true
9280.3083,true,true
9369.8784,true,false
9118.1117,true,true
9105.6658,true,true
9119.0858,true,true
9332.0586,true,true
9156.7890,true,true
9488.7204,true,true
9239.0283,true,true
9247.2275,true,true
9256.6933,true,true
9244.2078,true,true
9238.7281,true,true
9192.8497,true,true
9192.3543,true,true
9365.5492,true,true
9210.6019,true,true
9193.2026,true,true
9188.3535,true,true
9121.4275,true,true
9100.8380,true,true
9568.5420,true,true
9099.1307,true,true
9274.3166,true,false
9215.0981,true,true
9102.6771,true,true
9250.8581,true,true
9932.7492,true,true
9103.4704,true,true
9112.7750,true,true
9263.9224,true,true
9075.7874,true,true
9291.7676,true,true
9280.2306,true,false
9156.4098,true,true
9191.3784,true,true
9331.2941,true,false
9132.6610,true,true
9149.4684,true,true
9137.0481,true,true
9414.2204,true,true
9387.6999,true,true
9198.6433,true,true
9140.7981,true,true
9249.7773,true,false
9180.5433,true,true
9265.2954,true,true
9199.7027,true,true
9286.7742,true,false
9154.2133,true,true
9158.6220,true,true
9192.8601,true,true
9218.5319,true,true
9174.0211,true,true
9208.0936,true,true
9163.2798,true,true
9156.1947,true,true
9286.9082,true,false
8987.4598,true,true
9179.2558,true,true
8955.9174,true,true
9799.3587,true,true
9247.3887,true,true
9357.6643,true,true
8960.7778,true,true
9007.9163,true,true
9289.3126,true,true
9126.6912,true,true
9135.0307,true,true
9057.0983,true,true
9308.6567,true,false
9068.4590,true,false
9015.3908,true,true
9034.9657,true,true
9063.0483,true,true
9372.4266,true,true
9311.4431,true,true
9059.9981,true,true
9047.3597,true,true
9095.2420,true,true
9034.8966,true,true
9099.5434,true,true
9499.8032,true,true
9087.0531,true,true
9060.2782,true,true
9067.0072,true,true
9112.6197,true,true
10167.7361,true,true
8813.9835,true,true
9099.9275,true,true
9121.8120,true,true
9305.2760,true,true
8826.7204,true,true
9130.9094,true,false
8847.8933,true,false
8996.8064,true,true
9138.0047,true,true
9041.1590,true,true
8843.1549,true,true
9147.4727,true,true
8840.3076,true,true
8878.0253,true,false
8860.4882,true,true
8840.3105,true,true
9141.0055,true,true
8843.3402,true,true
8840.6220,true,true
9588.3830,true,true
9083.2870,true,true
9138.8484,true,false
8849.2573,true,true
8882.9707,true,true
8847.4772,true,true
8927.5935,true,false
8874.5114,true,true
9238.0751,true,true
8879.9044,true,true
9062.5764,true,false
8866.2663,true,true
8943.0032,true,false
9289.8137,true,false
8873.7274,true,true
8870.9719,true,true
8899.9423,true,true
8897.0387,true,true
8886.8550,true,true
8933.7304,true,true
8927.4809,true,false
8906.3799,true,true
8909.5406,true,true
8891.5693,true,true
8888.9815,true,true
8887.1615,true,true
8962.1575,true,false
8890.9768,true,true
8906.9690,true,true
8651.1289,true,true
8967.6461,true,false
8618.5627,true,true
8610.2747,true,true
8899.1195,true,true
8600.6239,true,true
8973.4403,true,true
8610.9785,true,true
9064.0318,true,true
9196.6372,true,true
8681.9827,true,true
8872.6985,true,true
8781.8837,true,true
8747.5818,true,true
8925.9733,true,false
8766.0087,true,true
9138.6053,true,true
8826.5130,true,true
8936.8424,true,false
8753.0426,true,true
8923.9444,true,true
8772.8135,true,true
9007.9294,true,false
9028.6070,true,true
8746.2994,true,true
8703.3371,true,true
8846.5822,true,true
8778.4169,true,true
8922.5732,true,true
8708.7674,true,true
8711.9871,true,true
8788.0222,true,true
8708.3397,true,true
9676.8344,true,true
8949.5831,true,true
8966.2856,true,false
8879.5442,true,true
8708.1768,true,true
8724.8457,true,true
8716.4735,true,true
8886.8152,true,true
8753.4811,true,true
8800.7457,true,true
8789.5191,true,true
8788.2575,true,true
8788.1628,true,true
8780.5857,true,true
8753.9974,true,true
8821.7057,true,true
8938.1601,true,true
8776.4257,true,true
8812.9500,true,true
8832.9065,true,false
8811.0614,true,false
8851.7764,true,true
8752.3002,true,true
8812.1461,true,true
8818.8234,true,false
8691.2477,true,true
8683.6327,true,true
8807.8403,true,true
8699.3997,true,true
8812.4998,true,true
8684.6109,true,true
8682.3283,true,true
8856.3683,true,false
8822.5940,true,true
8674.4511,true,true
8860.4775,true,true
8676.7372,true,true
8670.6395,true,true
8688.2218,true,true
8715.9884,true,false
8680.4260,true,true
8877.7255,true,false
8675.2152,true,true
8672.5978,true,true
8873.1674,true,true
8672.1248,true,true
8669.3299,true,true
8670.2728,true,true
9204.4790,true,true
8665.1390,true,true
8668.8762,true,true
8724.4558,true,true
8746.3701,true,true
8716.4327,true,true
8828.2149,true,false
8930.3291,true,true
8700.0100,true,true
8690.9367,true,false
8707.1459,true,true
8602.4897,true,true
8679.2266,true,true
9012.7709,true,true
8741.3340,true,true
8488.3625,true,true
8506.3382,true,true
8700.0947,true,true
8565.7751,true,true
8757.5268,true,false
8732.3550,true,true
8485.9588,true,true
8472.1250,true,true
8997.2493,true,true
8476.1472,true,true
9178.5404,true,true
8517.5570,true,true
8583.9877,true,false
8479.6045,true,true
8786.0481,true,false
8717.4419,true,true
8485.5017,true,true
8765.6902,true,false
8501.7071,true,true
8761.2130,true,true
8770.6364,true,false
8487.1363,true,true
8484.0143,true,true
8483.8340,true,true
8462.9963,true,true
8557.0011,true,true
8776.3689,true,true
8667.3381,true,false
8662.9565,true,true
8921.5076,true,false
8616.4047,true,true
8624.7199,true,true
8626.7036,true,true
8609.1401,true,true
8617.7002,true,true
8696.4420,true,true
8687.6787,true,true
8622.1105,true,true
8692.0968,true,true
8642.0877,true,true
10009.7881,true,true
8747.3878,true,true
8653.9180,true,true
8706.2236,true,true
8739.1615,true,true
9983.2390,true,true
8725.2603,true,true
8682.1057,true,true
8688.4137,true,false
8769.7668,true,true
8764.4474,true,true
8775.3442,true,true
8756.6647,true,true
8794.2063,true,true
8765.3512,true,true
8686.7247,true,true
8702.7828,true,true
8681.7682,true,true
8711.0821,true,true
8669.5661,true,true
8665.4900,true,true
8660.3523,true,true
8827.3374,true,true
8740.9317,true,true
8705.3875,true,true
8677.8945,true,true
8772.7792,true,true
8694.3263,true,true
8675.5360,true,true
8685.2541,true,true
8789.3525,true,true
8795.6384,true,false
8684.6959,true,true
8747.7358,true,false
8727.0075,true,true
8680.2495,true,true
8692.9330,true,true
8755.2911,true,false
8761.5747,true,true
8703.0584,true,true
8844.1424,true,true
8716.0719,true,true
8775.7805,true,false
8730.4722,true,false
8702.1285,true,true
8774.3102,true,true
8716.5759,true,true
8725.1452,true,true
8788.1260,true,true
8754.3055,true,true
8739.8515,true,true
8753.1805,true,true
8935.0866,true,true
8827.1078,true,false
8794.3427,true,true
8729.2323,true,true
8735.9241,true,true
8723.6985,true,true
8752.6845,true,true
8795.0991,true,true
8783.8545,true,true
8746.8057,true,true
8947.2041,true,true
8732.5464,true,true
8824.9940,true,false
8796.3642,true,false
8840.0338,true,true
8834.6429,true,true
8697.8048,true,true
8679.6941,true,true
8695.3758,true,true
8686.5806,true,true
8843.2550,true,false
8690.9866,true,true
8813.2767,true,true
8789.1540,true,true
8837.9051,true,true
9161.5354,true,true
8710.3441,true,true
8760.6644,true,true
8884.4934,true,true
8727.1650,true,true
8864.6669,true,true
8719.3857,true,true
8703.4570,true,true
8881.8984,true,false
8710.5797,true,true
8889.9148,true,false
8845.0522,true,true
8710.7813,true,true
8769.3023,true,false
9173.5305,true,true
8743.2114,true,true
8876.6286,true,true
8743.1371,true,true
8797.2447,true,true
8748.4245,true,true
8741.4704,true,true
8807.8613,true,true
8770.4276,true,true
8767.4951,true,true
8751.9344,true,true
8766.1267,true,true
9070.1576,true,true
8735.5599,true,true
8789.2339,true,true
8718.7276,true,true
8718.3702,true,true
8935.1848,true,true
8734.4265,true,true
8844.7427,true,true
8901.9567,true,true
8730.4079,true,true
8698.7114,true,true
8760.5120,true,true
8896.6241,true,true
8830.2177,true,true
8668.6587,true,true
8678.7060,true,true
8683.1346,true,true
8794.5504,true,true
9137.4874,true,true
8808.7607,true,true
8800.5090,true,false
8784.4679,true,true
8898.4722,true,true
8879.5615,true,true
8906.0137,true,true
9238.8504,true,true
8866.9836,true,true
8886.6590,true,true
9076.1858,true,false
8865.5127,true,true
8935.2074,true,true
9072.7291,true,true
8907.3913,true,true
8902.5665,true,true
8862.5643,true,true
8863.7082,true,true
8860.7368,true,true
8870.3473,true,true
8929.3255,true,true
8905.5191,true,false
8855.1169,true,true
8934.2371,true,true
8854.3437,true,true
8847.5052,true,true
8851.2715,true,true
8868.3268,true,false
8915.5303,true,true
8850.1971,true,true
8882.7550,true,true
8927.8958,true,true
8853.5116,true,true
8873.3968,true,false
8956.1765,true,true
8991.5749,true,false
8798.4148,true,true
8852.7190,true,true
8852.5803,true,true
8926.1345,true,true
9048.1524,true,true
8864.2367,true,true
8977.4328,true,true
8930.9581,true,true
8870.1197,true,true
8912.0350,true,true
8887.5381,true,true
8864.9633,true,true
8851.7513,true,true
8934.9931,true,true
8930.4279,true,true
8765.5115,true,true
8763.2782,true,true
8760.9484,true,true
8753.1771,true,true
8725.2344,true,true
8958.0479,true,true
8973.7792,true,false
8923.9571,true,true
8921.4071,true,true
8733.4201,true,true
8755.9077,true,true
8812.7039,true,true
8977.4218,true,true
8985.5504,true,false
8946.3599,true,true
8766.2791,true,true
8777.1538,true,true
8754.0866,true,true
8752.7169,true,true
8754.2601,true,true
9007.5524,true,false
8722.3712,true,true
8834.9499,true,true
9190.9090,true,true
8835.0196,true,false
8801.3353,true,true
8843.6597,true,true
8785.5545,true,true
8876.6331,true,false
8749.9170,true,true
8766.6015,true,true
8746.3071,true,true
9084.4988,true,true
8741.8621,true,true
9030.2773,true,true
9133.4543,true,true
8812.1761,true,true
8818.8328,true,true
8766.8058,true,true
8800.2691,true,true
8756.7063,true,true
8804.3967,true,true
8787.5759,true,true
8821.4797,true,true
8761.9817,true,true
8831.3462,true,true
8903.3364,true,true
8759.6276,true,true
8757.7538,true,true
8858.2304,true,true
8952.8283,true,true
8880.2021,true,true
8786.3715,true,true
8998.5609,true,false
8898.4488,true,true
8867.6396,true,true
8858.2076,true,true
8846.4013,true,true
8917.2657,true,false
8837.2361,true,true
8834.6862,true,true
8935.5972,true,true
8917.1811,true,true
8886.7519,true,true
8834.4785,true,true
8908.8130,true,true
8897.6158,true,false
9023.0804,true,false
9070.1403,true,true
8866.7848,true,true
8913.0906,true,true
9039.7070,true,true
8864.0684,true,true
8942.9063,true,true
8895.2002,true,true
8911.3728,true,true
9000.4705,true,false
8858.9283,true,true
8863.3614,true,true
8895.5130,true,true
9021.7585,true,true
8958.0926,true,true
8956.1283,true,true
9131.3422,true,true
9004.9764,true,true
8889.2540,true,true
8923.7396,true,true
8978.1565,true,true
8951.8178,true,true
8962.7296,true,true
9053.8929,true,false
8955.9864,true,true
9015.7955,true,true
9107.1680,true,true
8983.2001,true,true
8894.6203,true,true
8894.1113,true,true
8892.1113,true,true
8889.2719,true,true
9205.1881,true,true
8931.0417,true,true
9883.1731,true,true
8864.2880,true,true
8959.6273,true,true
8972.4402,true,true
9046.0511,true,true
8877.2243,true,true
8874.7781,true,true
8872.0573,true,true
8913.9499,true,true
8946.0363,true,true
8987.3524,true,true
8902.8085,true,true
8884.4903,true,true
8881.1880,true,true
8898.3662,true,false
9022.0110,true,false
8875.0831,true,true
8886.6818,true,true
8877.5591,true,true
8871.4575,true,true
8887.4780,true,true
8928.3762,true,true
8925.5006,true,true
8887.7863,true,true
9181.9711,true,true
8886.1250,true,true
9146.3872,true,true
8950.2314,true,true
8866.8693,true,true
9164.2135,true,true
8873.7680,true,true
9210.0995,true,false
8851.5897,true,true
8941.7036,true,true
8914.6969,true,true
8938.8028,true,true
8866.7814,true,true
8865.7199,true,true
9038.8418,true,true
8970.8087,true,true
9114.7122,true,true
8952.2539,true,true
8913.7572,true,false
8804.8641,true,true
9000.5215,true,false
9113.1983,true,true
8912.7391,true,true
8805.9735,true,true
8886.0271,true,true
9100.1816,true,true
9631.8568,true,true
8828.3880,true,true
8976.3088,true,true
8844.1216,true,true
8917.7664,true,true
8832.5004,true,true
8930.8241,true,false
8840.6521,true,true
8881.7378,true,false
8940.2253,true,true
8872.8600,true,true
8836.6033,true,true
8890.6473,true,true
8988.0800,true,false
8835.0024,true,true
8960.4045,true,false
8833.3523,true,true
9011.7081,true,false
8910.4732,true,true
8921.7805,true,false
8890.6414,true,true
9024.1964,true,true
8849.4183,true,true
8835.9023,true,true
8865.0560,true,false
9130.2842,true,true
8919.0137,true,true
8836.6151,true,true
8867.9734,true,true
8827.8192,true,true
8907.5756,true,true
8845.5288,true,true
8885.5024,true,false
8910.8385,true,true
8840.5349,true,true
8842.2359,true,true
8871.6756,true,true
8865.6002,true,true
8879.7838,true,false
8839.3971,true,true
8826.2384,true,true
8820.6897,true,true
8893.1647,true,true
8831.6589,true,true
8781.8704,true,true
8896.5642,true,false
8779.7897,true,true
8809.4906,true,true
8889.7423,true,false
8780.6621,true,true
8822.2403,true,true
8905.2043,true,false
8919.1312,true,true
8807.9571,true,true
8805.5091,true,true
8836.9608,true,true
8837.7535,true,true
8806.6023,true,true
8960.8334,true,true
8958.9531,true,true
8957.5241,true,false
8961.1745,true,false
8995.0323,true,false
8882.9778,true,false
8862.0897,true,true
8850.6008,true,true
8895.5587,true,true
8833.7846,true,true
8833.9556,true,true
8847.8481,true,true
9013.6905,true,false
8822.6253,true,true
8924.3729,true,true
8918.4679,true,true
8950.7187,true,false
8994.5426,true,false
8925.8834,true,true
8991.5469,true,true
8917.9920,true,true
8884.2990,true,true
8921.9425,true,true
8919.0524,true,true
8902.1503,true,true
8924.6732,true,true
8976.6341,true,true
8989.6216,true,true
8949.8201,true,false
9172.5139,true,true
8986.4768,true,true
8958.3055,true,true
8903.4011,true,true
8925.9867,true,true
8967.6734,true,true
8925.6790,true,false
8933.0173,true,true
8968.9751,true,true
8930.6189,true,true
8959.5513,true,true
8975.9499,true,true
8929.6502,true,true
8926.8941,true,true
8845.8835,true,true
8832.4423,true,true
8810.6539,true,true
8807.8152,true,true
8963.1390,true,true
8944.3980,true,true
8977.6594,true,false
8813.9655,true,true
8834.4752,true,false
8811.3915,true,true
8842.7602,true,false
8850.2287,true,true
8831.6444,true,true
9006.8447,true,true
8993.7191,true,true
8841.0641,true,true
8823.7108,true,true
9005.0146,true,false
8813.3569,true,true
8784.0691,true,true
8768.5530,true,true
8853.5629,true,true
8841.6849,true,true
9081.0474,true,true
8874.9760,true,true
8678.2485,true,true
8666.5288,true,true
8852.5539,true,true
8900.2594,true,false
8721.6554,true,true
8726.9775,true,true
8670.7319,true,true
8995.5985,true,true
8672.5230,true,true
8672.7211,true,true
8936.9830,true,false
8682.0254,true,true
8677.3777,true,true
8677.7229,true,true
8675.0874,true,true
8720.4886,true,true
8716.7548,true,true
8910.6139,true,false
8717.8741,true,true
8714.4211,true,false
8882.8329,true,true
8993.4378,true,true
8710.5284,true,true
8623.7741,true,true
8705.0696,true,true
8616.7656,true,true
9183.9805,true,true
8735.8799,true,true
8793.5578,true,false
8732.2058,true,true
8752.9477,true,true
8978.0688,true,false
8748.2645,true,true
8594.2208,true,true
8581.5028,true,true
8796.0951,true,true
8581.3381,true,true
8578.4584,true,true
8578.4431,true,true
8649.5710,true,true
9341.2640,true,true
8620.4602,true,true
8609.2026,true,false
8636.0927,true,true
8640.3190,true,true
8564.9378,true,true
8570.3210,true,true
8823.9729,true,true
8537.7288,true,true
8689.9379,true,false
8689.1629,true,true
8642.4928,true,true
8772.4758,true,true
8652.9836,true,true
8938.5255,true,true
8613.0782,true,true
8641.6583,true,true
8595.3470,true,true
8580.8273,true,true
8435.5849,true,true
8436.7086,true,true
8767.2184,true,false
8661.0799,true,true
8696.4735,true,true
8709.4125,true,true
8724.9979,true,false
8993.4919,true,true
8650.6683,true,false
8633.0406,true,true
8668.0027,true,true
8693.5281,true,true
8450.8882,true,true
8447.6979,true,true
8738.1975,true,false
8452.6094,true,true
8771.2271,true,true
8452.5904,true,true
8444.6755,true,true
8448.1160,true,true
8471.7109,true,true
8517.2782,true,false
8478.1266,true,true
8447.5420,true,true
8438.4651,true,true
8507.2171,true,false
8507.5894,true,true
8450.6776,true,true
8454.9832,true,true
8278.6711,true,true
8482.4463,true,true
8241.9878,true,true
8714.5174,true,true
9109.9323,true,true
8119.8435,true,true
8195.1187,true,true
8532.5947,true,true
8511.4426,true,true
8526.1261,true,false
8119.7258,true,true
8501.5446,true,true
8574.7739,true,false
8126.2084,true,true
8123.7164,true,true
8176.5158,true,true
8556.2639,true,false
8131.3598,true,true
8264.3304,true,false
8170.0797,true,true
8173.3037,true,true
8165.7611,true,true
8193.7351,true,true
8224.2273,true,true
8185.5340,true,true
8209.2657,true,true
8203.3330,true,true
8152.8632,true,true
8204.6577,true,true
8261.8430,true,true
8213.5133,true,true
8144.2173,true,true
8234.2002,true,true
8145.5227,true,true
8260.4186,true,true
8236.3705,true,true
8149.3803,true,true
8684.2282,true,true
8172.1973,true,true
9025.5669,true,true
8138.1488,true,true
8139.9359,true,true
8136.2382,true,true
8229.8540,true,true
8183.3850,true,true
8128.4018,true,true
8351.2063,true,true
8223.1919,true,false
8729.3449,true,true
8138.6528,true,true
8166.0974,true,false
8163.0862,true,true
8742.1254,true,true
8156.2772,true,false
8159.8469,true,true
8286.8391,true,false
8145.6153,true,true
8142.6980,true,true
8206.3868,true,true
8234.9368,true,false
8138.1237,true,true
8175.7938,true,true
8148.8670,true,true
8143.5631,true,true
8147.0974,true,true
8198.0421,true,true
8194.7688,true,true
8113.9224,true,true
8122.4466,true,true
8101.5892,true,true
8102.3851,true,true
8099.9088,true,true
8117.1571,true,true
8146.1441,true,true
8446.3248,true,true
8112.1237,true,true
8109.8498,true,true
8104.3102,true,true
8178.8260,true,true
8291.9794,true,false
8117.1544,true,true
8163.4898,true,true
8128.9943,true,true
8110.6766,true,true
8117.1363,true,true
8143.0819,true,true
8233.0298,true,true
8073.9122,true,true
8353.2364,true,true
8295.4210,true,false
8214.2937,true,false
8137.2499,true,true
8087.3628,true,true
8076.5687,true,true
8311.3970,true,true
8086.4813,true,true
8124.5687,true,true
8153.0224,true,true
8083.6447,true,true
8166.4530,true,true
8074.5407,true,true
8060.0063,true,true
8395.1314,true,true
8229.8075,true,false
8142.6272,true,true
8117.7031,true,true
8114.4994,true,true
8106.9667,true,false
8226.5308,true,false
8141.7197,true,false
8471.0759,true,true
8131.5771,true,true
8084.6306,true,true
8083.8329,true,true
8212.2684,true,true
8103.2993,true,true
8017.0494,true,true
7983.4585,true,true
8180.5633,true,false
8065.1568,true,true
7961.6389,true,true
8169.5363,true,false
7953.2164,true,true
7950.2723,true,true
8152.0464,true,false
7949.3945,true,true
7951.4295,true,true
7994.7411,true,false
8159.1878,true,true
7985.3168,true,false
8614.6012,true,true
7963.1766,true,true
8000.3907,true,true
8172.6128,true,false
7998.3374,true,true
8074.6566,true,true
7778.2510,true,true
7999.6194,true,true
7938.1799,true,true
8004.2463,true,true
8078.4346,true,true
7977.3007,true,true
7983.8034,true,true
7762.1944,true,true
7774.4268,true,true
8085.8311,true,false
8097.0271,true,false
8028.6581,true,true
8065.4390,true,true
7778.7464,true,true
7797.4524,true,true
8095.9542,true,false
7790.1008,true,true
8259.0174,true,true
7722.8766,true,true
7719.0000,true,true
7723.9330,true,true
7816.5146,true,false
7904.0059,true,true
7836.0261,true,true
7755.8329,true,true
7834.6025,true,true
8178.8395,true,true
7767.6875,true,true
7870.8381,true,true
7770.3268,true,true
7774.4916,true,true
7797.5472,true,false
7731.6054,true,true
7770.1019,true,true
7878.0835,true,true
7728.7493,true,true
7853.9123,true,true
8183.0624,true,true
7841.5096,true,false
7760.7863,true,true
7763.9765,true,true
7757.7894,true,true
7830.3499,true,true
7794.1501,true,true
7854.1565,true,false
7785.7228,true,true
7819.7079,true,true
7728.7757,true,true
7685.7886,true,true
7684.0887,true,true
7905.4586,true,false
7672.9748,true,true
7671.9191,true,true
7927.5591,true,true
7675.2823,true,true
7709.2732,true,true
7662.7898,true,true
7657.9357,true,true
7842.2770,true,true
7656.5021,true,true
7844.6592,true,true
7870.3549,true,false
7678.4147,true,false
7878.3046,true,false
7961.5760,true,true
7696.3269,true,true
7749.8062,true,true
7828.9469,true,true
7838.2123,true,false
7813.4287,true,false
7687.7484,true,true
8035.8767,true,true
7717.7413,true,true
7734.1422,true,true
7714.1766,true,false
7753.6937,true,true
7698.7649,true,true
7608.0400,true,true
7736.9143,true,true
7744.3096,true,true
7536.3946,true,true
7541.1111,true,true
7538.8657,true,true
7837.1592,true,true
8233.8007,true,true
8088.3634,true,true
7529.3622,true,true
7660.3557,true,true
7685.6450,true,true
7588.7630,true,true
7621.1755,true,true
7792.8936,true,true
7525.9906,true,true
7794.1052,true,true
7841.6991,true,true
7605.7434,true,true
7603.7441,true,true
7603.7152,true,true
7568.7508,true,true
7600.4190,true,true
7864.6763,true,false
7590.3176,true,true
7899.7703,true,true
7640.5545,true,true
7592.9672,true,true
7702.8354,true,false
8930.0990,true,true
7627.5423,true,true
7975.5162,true,true
7661.1519,true,true
7679.1383,true,true
7608.1793,true,true
7615.5963,true,true
7647.7512,true,false
7661.3236,true,true
7612.3394,true,true
7610.4207,true,true
7703.3372,true,false
7657.4126,true,true
7679.9948,true,true
7657.6420,true,true
7687.3441,true,true
7670.7162,true,true
7715.5861,true,false
7703.5668,true,true
7597.6222,true,false
7473.6322,true,true
7465.8307,true,true
7650.7702,true,true
7701.2790,true,true
7707.4268,true,false
7710.5422,true,true
7742.6538,true,false
7568.7443,true,true
7497.0299,true,true
8315.9926,true,true
7562.9071,true,false
7535.9975,true,true
7754.7626,true,true
7551.9350,true,true
7492.6066,true,true
7564.6296,true,true
7512.1340,true,true
7493.4128,true,true
7507.9252,true,true
7489.3430,true,true
7894.8699,true,false
7462.5542,true,true
7677.2067,true,true
7842.0397,true,true
7676.4880,true,true
7637.3200,true,false
7561.5042,true,false
7491.5428,true,false
7615.8259,true,true
7527.8374,true,true
7486.3736,true,true
7503.7820,true,true
7491.5099,true,true
7543.0993,true,true
7490.4999,true,true
7605.8256,true,true
7599.8117,true,false
7515.3792,true,true
7537.4778,true,true
7500.1934,true,true
7514.5858,true,true
7614.3301,true,true
7624.5539,true,true
7593.6505,true,true
7603.1747,true,true
7566.6326,true,true
7577.1577,true,true
7569.3456,true,true
7653.0920,true,true
7481.0841,true,true
7595.1566,true,true
7481.4387,true,true
7653.4727,true,true
7653.4230,true,false
7474.6300,true,true
7482.1204,true,true
7543.4331,true,true
7534.7096,true,true
7492.8703,true,true
7458.4548,true,true
7453.5664,true,true
7504.5700,true,false
7648.6143,true,true
7686.3056,true,true
7541.6925,true,true
7456.6111,true,true
7664.4061,true,false
7564.1118,true,true
7460.2489,true,true
7481.9122,true,true
7707.0522,true,true
7474.1313,true,true
7493.2459,true,false
7855.9025,true,true
7659.0398,true,true
7472.1342,true,true
7451.4356,true,true
7639.0056,true,true
8036.4955,true,true
7437.6496,true,true
7423.8363,true,true
7423.7117,true,true
7548.8490,true,false
7770.2472,true,true
7514.9302,true,true
7502.4608,true,true
7558.7693,true,false
7347.4777,true,true
7356.4729,true,true
7352.2755,true,true
7480.8596,true,true
7465.4780,true,true
7350.3315,true,true
7348.9562,true,true
7346.8544,true,true
7344.5805,true,true
7499.2330,true,true
7353.2616,true,true
7359.1027,true,true
7398.1682,true,true
7364.4884,true,true
7354.4379,true,true
7357.9009,true,true
7473.7937,true,false
7398.9890,true,true
7364.9443,true,true
7341.1557,true,true
7621.5963,true,true
7969.2543,true,true
7386.6502,true,true
7408.5220,true,true
7466.8701,true,true
7379.3757,true,true
7375.9713,true,true
7457.3919,true,true
8675.6394,true,true
7402.9020,true,true
7333.8083,true,true
7342.7045,true,true
7422.4474,true,false
7561.6825,true,false
7377.5724,true,true
7362.0439,true,true
7382.0921,true,true
7449.1628,true,true
7361.4935,true,true
7503.6430,true,true
7505.7497,true,true
8040.9069,true,true
7495.3095,true,true
7405.7067,true,true
7500.1149,true,true
7469.3442,true,false
7396.2192,true,true
7553.7487,true,true
7408.4480,true,false
7506.3863,true,false
7498.8935,true,true
7385.4049,true,true
7386.0668,true,true
7390.8345,true,true
7446.9672,true,true
7392.2759,true,true
7390.4209,true,true
7437.9893,true,true
7390.2323,true,true
7409.4670,true,false
7388.6048,true,true
7385.8990,true,true
7475.1984,true,false
7465.5532,true,true
7438.3670,true,true
7318.7103,true,true
7462.5282,true,false
7550.9796,true,true
7670.9999,true,true
7444.5021,true,true
7353.0323,true,true
7370.8613,true,true
7426.3513,true,true
7379.6048,true,true
7430.2479,true,true
7882.9640,true,true
7369.5148,true,true
7483.3322,true,false
7348.9868,true,true
7368.1933,true,true
7477.3207,true,true
7409.4606,true,false
7441.0578,true,true
7345.3483,true,true
7336.5103,true,true
7534.7096,true,false
7477.2297,true,true
7507.6986,true,false
7355.4697,true,true
7352.6776,true,true
7433.0919,true,true
7427.8638,true,true
7350.2419,true,true
7503.2260,true,false
7363.7532,true,true
7509.3572,true,true
7435.1523,true,true
7882.3419,true,true
7576.8829,true,true
7458.5476,true,true
7423.0689,true,true
7689.0247,true,true
7395.6817,true,true
7639.4754,true,true
7382.9955,true,true
7517.3723,true,false
7481.5528,true,true
7525.8793,true,true
7424.0018,true,true
7436.7952,true,false
7383.8095,true,true
7380.7796,true,true
7388.4689,true,true
7862.6039,true,true
7629.0764,true,true
7454.4504,true,true
7407.9627,true,true
7430.5935,true,true
7555.2281,true,true
7428.1380,true,true
7468.1794,true,true
7362.7480,true,true
7514.0819,true,true
7373.2731,true,true
7362.8912,true,true
7436.9261,true,true
7556.4549,true,true
7410.5325,true,true
7382.5092,true,true
7406.0821,true,true
7381.2890,true,true
7471.6939,true,true
7465.6597,true,true
7560.5135,true,true
7402.5574,true,false
7502.6410,true,false
7480.2676,true,true
7393.0257,true,true
7398.9344,true,true
7533.1461,true,false
7449.9172,true,true
7499.7587,true,true
7473.0441,true,true
7476.5797,true,true
7586.3818,true,false
7467.6042,true,true
7447.4109,true,true
7518.9799,true,true
7502.1392,true,true
7499.0264,true,true
7546.6107,true,true
7558.3506,true,false
7491.7017,true,false
7420.1225,true,true
7621.2006,true,false
7460.1460,true,true
7438.8611,true,true
7551.4843,true,true
7433.9658,true,true
7430.9902,true,true
7607.9976,true,false
7599.2236,true,false
7471.5630,true,true
7426.8240,true,true
7458.6880,true,false
7431.1428,true,true
7473.1735,true,false
7490.4909,true,true
7431.2692,true,true
7499.9807,true,true
7521.8563,true,true
7497.2288,true,true
7471.1470,true,true
7429.6796,true,true
7469.1487,true,false
7622.2747,true,false
7466.7358,true,true
7476.2851,true,true
7365.2707,true,true
7376.1585,true,true
7976.0557,true,true
7527.6346,true,false
7381.3565,true,true
7402.2048,true,true
7455.4609,true,true
7396.2764,true,true
7524.5026,true,true
7370.0780,true,true
7379.7123,true,true
7392.3128,true,true
7495.5238,true,true
7387.4588,true,true
7489.2599,true,true
7355.0538,true,true
7355.9486,true,true
7359.7825,true,true
7379.8486,true,true
7784.8769,true,true
7401.0164,true,true
7461.2414,true,true
7868.8145,true,true
7305.7504,true,true
7388.3542,true,true
7307.4793,true,true
7464.5960,true,true
7304.5705,true,true
7490.5150,true,false
7921.9116,true,true
7540.7679,true,true
7559.1357,true,true
7598.3080,true,true
7475.0616,true,false
7519.3884,true,true
7463.5331,true,true
7542.8772,true,true
7628.5229,true,false
7429.9796,true,true
7433.1723,true,true
7651.8653,true,false
7426.3369,true,true
7542.3751,true,true
7439.7912,true,true
7434.8357,true,true
7426.2770,true,true
7476.5142,true,true
7473.7791,true,true
7465.7787,true,true
7414.0921,true,true
7639.9572,true,false
7524.0291,true,true
7413.6763,true,true
7580.9747,true,true
7647.6907,true,true
