latency_ms,ok,allowed
10.9316,true,true
8.8150,true,true
15.9285,true,true
6.5889,true,true
19.3123,true,true
4.5745,true,true
0.9216,true,false
8.3372,true,true
2.8148,true,false
3.5812,true,false
2.6964,true,true
1.2320,true,true
11.4104,true,true
0.5545,true,true
5.3462,true,true
0.7604,true,true
1.6166,true,true
3.9287,true,true
2.9018,true,true
9.2786,true,true
4.3915,true,true
0.9198,true,true
5.1403,true,false
1.6471,true,true
1.2682,true,true
0.7921,true,true
1.3158,true,true
2.6800,true,true
1.7968,true,true
5.2182,true,false
2.9384,true,true
3.9383,true,true
10.0249,true,true
2.2189,true,false
0.9781,true,true
8.3108,true,false
1.7993,true,true
1.4381,true,true
4.0723,true,true
1.1512,true,true
4.3661,true,false
1.4166,true,true
3.6984,true,true
14.1831,true,true
12.2627,true,true
3.8839,true,true
10.7379,true,true
1.4819,true,true
1.2434,true,true
1.3644,true,true
2.8031,true,false
1.4952,true,true
14.1442,true,true
3.0155,true,false
3.9281,true,true
4.1991,true,true
0.8454,true,true
3.1085,true,true
9.3985,true,true
6.4100,true,false
3.5633,true,true
2.8018,true,false
1.2258,true,true
0.8278,true,true
1.3857,true,true
1.5581,true,true
1.3087,true,true
14.5927,true,true
5.8890,true,false
4.5012,true,true
11.0964,true,false
1.9295,true,true
6.7151,true,true
1.2326,true,false
2.2591,true,true
4.5030,true,true
0.9531,true,true
5.5487,true,false
1.4335,true,true
9.1298,true,true
2.6209,true,true
6.7069,true,false
3.6609,true,true
2.8946,true,true
9.1476,true,true
2.2599,true,true
0.7677,true,true
2.6675,true,true
1.4016,true,true
7.3969,true,true
1.7247,true,true
5.1033,true,true
9.0456,true,true
9.6333,true,false
5.2775,true,true
3.9051,true,true
11.7868,true,false
22.0234,true,true
0.7169,true,true
6.2524,true,false
19.9757,true,true
32.8509,true,true
1.7541,true,true
1.5422,true,true
7.8284,true,true
1.1755,true,true
0.9665,true,true
18.6966,true,true
1.6378,true,true
4.4900,true,true
3.3953,true,false
0.7445,true,true
1.3406,true,true
0.9940,true,true
4.2986,true,true
0.9792,true,true
10.0548,true,true
7.5890,true,true
1.4724,true,true
7.4070,true,false
6.2349,true,true
3.9788,true,true
1.7327,true,true
4.5311,true,false
1.9541,true,true
1.5997,true,false
4.4670,true,true
18.9968,true,true
1.5008,true,true
5.2489,true,true
4.1832,true,true
6.2264,true,true
3.4482,true,true
1.9508,true,true
16.4941,true,true
5.6195,true,true
4.8517,true,true
2.6400,true,true
1.6795,true,true
1.4240,true,true
1.6758,true,true
8.4847,true,true
0.7293,true,true
1.6118,true,true
7.0987,true,false
4.2511,true,true
1.4549,true,true
1.0384,true,true
4.6509,true,true
3.7891,true,true
2.8840,true,false
1.5510,true,true
7.8137,true,true
1.8907,true,true
3.2879,true,true
1.3197,true,true
1.7192,true,true
10.3125,true,true
2.5310,true,true
1.6938,true,true
2.7443,true,true
2.9380,true,true
7.4416,true,true
3.2486,true,true
0.7272,true,true
2.6560,true,true
7.1254,true,true
5.1271,true,true
2.5394,true,true
1.2109,true,true
0.9896,true,true
4.2124,true,false
1.7170,true,true
22.1447,true,true
2.1510,true,true
3.7864,true,true
11.2239,true,true
1.8708,true,false
6.3075,true,true
3.2969,true,true
4.5569,true,false
3.3656,true,true
2.4824,true,false
5.6725,true,false
3.5420,true,true
2.4733,true,true
2.7678,true,true
6.4926,true,true
9.8457,true,false
7.4730,true,true
3.6152,true,false
7.1173,true,true
0.8883,true,true
5.6543,true,true
1.6254,true,true
7.7538,true,true
4.1315,true,true
1.8084,true,true
1.4941,true,true
2.8045,true,true
3.6064,true,true
1.7230,true,true
2.5610,true,false
1.1417,true,true
0.8554,true,true
4.1814,true,true
1.7000,true,true
1.9541,true,true
8.4180,true,true
1.0154,true,true
10.9393,true,true
2.8967,true,true
1.4253,true,true
1.1515,true,true
0.7811,true,true
1.4639,true,true
1.1512,true,true
1.0784,true,true
4.9889,true,false
3.8368,true,false
3.8732,true,true
2.5210,true,true
1.5854,true,true
8.6450,true,false
2.5570,true,false
1.1752,true,true
2.4161,true,true
0.8838,true,true
1.6246,true,false
1.9238,true,true
1.6174,true,true
1.8815,true,true
1.5480,true,true
4.5614,true,true
7.7320,true,true
3.3659,true,true
8.7861,true,true
3.3414,true,false
1.4322,true,true
2.3470,true,true
0.8212,true,true
2.7347,true,true
9.8087,true,true
3.8350,true,false
3.2399,true,true
16.7235,true,true
6.7855,true,true
1.5037,true,true
4.6812,true,true
6.4424,true,true
13.3995,true,true
1.0061,true,true
5.7386,true,true
22.4905,true,true
1.1293,true,true
0.8695,true,true
1.4465,true,true
1.1598,true,true
6.7836,true,true
0.9728,true,true
1.6986,true,true
3.8677,true,true
1.3880,true,true
12.8072,true,false
2.2071,true,true
3.9376,true,true
1.6096,true,false
13.7968,true,false
20.5926,true,true
2.2088,true,true
21.9027,true,true
8.1369,true,true
6.7416,true,true
1.1581,true,true
5.6223,true,true
1.6711,true,true
1.7222,true,false
6.8932,true,true
2.5432,true,true
1.7117,true,true
8.2108,true,true
2.6254,true,true
1.0882,true,true
7.3590,true,false
0.7869,true,true
1.5031,true,true
1.6801,true,true
1.6714,true,true
5.0758,true,true
3.2843,true,true
0.6974,true,true
1.2537,true,true
2.1378,true,true
2.7153,true,true
9.1700,true,false
1.6714,true,false
8.7052,true,true
0.9422,true,true
1.7955,true,true
1.3944,true,true
8.3222,true,true
6.6124,true,true
1.3215,true,true
5.1575,true,true
6.0987,true,true
1.5169,true,true
1.7738,true,true
8.4993,true,false
0.6611,true,true
1.2133,true,false
3.6346,true,true
1.6632,true,true
7.1456,true,true
2.1129,true,true
19.1325,true,true
16.0714,true,true
13.2788,true,false
1.7347,true,true
1.7997,true,true
5.6657,true,true
1.0339,true,true
1.7031,true,false
1.2575,true,true
0.9877,true,true
2.8152,true,true
2.0427,true,true
1.5924,true,true
1.3881,true,true
5.9556,true,true
1.6208,true,true
3.0056,true,false
10.3170,true,true
1.4446,true,true
3.3178,true,false
0.7101,true,true
2.8600,true,true
4.4421,true,true
1.5167,true,true
1.1116,true,true
1.1022,true,true
11.9077,true,true
6.9326,true,true
4.3036,true,true
10.6898,true,true
1.0840,true,true
4.2197,true,false
13.1413,true,true
1.6071,true,true
5.4890,true,false
3.9625,true,true
2.2225,true,true
1.2871,true,true
1.0009,true,true
1.5892,true,true
1.7839,true,true
2.3638,true,true
13.1305,true,true
4.0493,true,false
7.8599,true,false
1.5353,true,true
5.6731,true,true
1.1947,true,true
2.4145,true,true
1.2826,true,true
9.3567,true,false
1.7157,true,true
17.6383,true,true
6.2039,true,true
3.2485,true,true
0.8603,true,true
3.2954,true,false
0.7559,true,true
7.1723,true,false
1.5218,true,true
3.7615,true,true
1.4055,true,true
12.5454,true,true
1.6806,true,true
5.4646,true,true
0.9327,true,true
1.7376,true,true
5.5284,true,true
2.5330,true,true
0.9888,true,false
7.4410,true,true
1.0535,true,true
0.8295,true,true
13.7038,true,true
1.2694,true,true
14.8747,true,true
3.9612,true,true
7.7835,true,false
4.6848,true,true
3.0605,true,true
1.8773,true,true
6.0537,true,false
2.8259,true,true
7.4860,true,true
1.4527,true,true
6.2793,true,false
10.2175,true,true
2.9446,true,true
1.6629,true,true
7.2330,true,true
2.9551,true,false
2.0550,true,true
1.0785,true,true
0.5525,true,true
2.9157,true,true
2.7593,true,true
5.9980,true,true
1.4786,true,true
1.0872,true,true
16.4007,true,true
3.1936,true,false
0.4773,true,true
1.5257,true,true
1.1777,true,true
0.7697,true,true
2.4064,true,true
5.7674,true,false
1.6705,true,true
5.8811,true,false
1.5502,true,true
1.1986,true,true
0.9198,true,true
1.5185,true,true
1.2191,true,true
0.9510,true,true
22.2357,true,true
0.8186,true,true
7.9984,true,false
3.6029,true,true
12.0380,true,false
1.4728,true,true
8.6632,true,true
6.1980,true,true
2.2097,true,true
2.4255,true,true
2.3659,true,true
2.3632,true,false
0.7985,true,true
4.4369,true,true
1.3281,true,true
14.5509,true,true
10.3897,true,true
1.6046,true,true
1.2307,true,true
7.6396,true,true
1.6252,true,true
4.4421,true,false
1.7948,true,true
2.1557,true,true
2.8130,true,true
3.0167,true,true
16.8394,true,true
2.2136,true,true
0.6260,true,true
2.1296,true,true
3.0562,true,true
1.8285,true,true
6.6547,true,false
16.6039,true,true
2.1084,true,false
2.1865,true,true
1.1350,true,true
11.2367,true,true
9.2882,true,true
5.8902,true,true
9.4696,true,true
0.9020,true,true
8.4173,true,true
7.1738,true,true
1.4918,true,true
2.5422,true,true
3.7119,true,false
3.3829,true,false
1.9973,true,true
3.3358,true,true
0.7104,true,true
3.3703,true,false
0.7491,true,true
4.6193,true,false
7.4680,true,true
2.4917,true,true
1.2766,true,false
7.2770,true,true
1.0447,true,true
13.5770,true,true
7.0032,true,true
4.3996,true,true
13.2317,true,true
1.0935,true,true
1.9145,true,true
4.3987,true,true
1.8592,true,true
11.6216,true,true
15.9922,true,true
30.2370,true,true
2.8287,true,true
10.1023,true,true
7.4269,true,true
1.2751,true,true
0.8868,true,true
2.1319,true,true
0.6369,true,true
3.9293,true,false
1.2979,true,true
0.9458,true,true
1.6983,true,true
1.5579,true,true
1.4677,true,true
8.7359,true,true
1.1819,true,true
2.8074,true,true
5.5923,true,false
8.7529,true,true
4.6210,true,true
1.8400,true,true
7.4407,true,false
3.3836,true,true
10.9077,true,false
20.3708,true,true
4.7810,true,true
1.6955,true,true
8.1874,true,true
14.7508,true,true
0.7467,true,true
1.3763,true,true
0.9844,true,true
2.2564,true,true
0.7285,true,true
1.2502,true,true
2.4910,true,false
4.1047,true,true
1.2191,true,true
2.5078,true,true
3.3935,true,false
2.4640,true,false
0.9735,true,true
4.7038,true,false
6.7743,true,false
1.3786,true,true
5.4634,true,false
2.3752,true,true
11.9117,true,true
2.4821,true,true
1.0419,true,true
4.1943,true,true
1.7247,true,true
2.6408,true,true
1.1701,true,true
0.8440,true,true
1.5014,true,true
1.0145,true,false
2.2554,true,true
5.5985,true,true
1.4859,true,true
14.0325,true,true
6.9132,true,false
1.4906,true,true
4.9105,true,true
2.4514,true,true
1.4501,true,true
11.3620,true,true
2.0810,true,true
8.9712,true,true
1.3185,true,true
2.7946,true,false
1.3364,true,true
1.0577,true,true
1.7111,true,true
1.9383,true,true
4.0914,true,true
7.5630,true,true
4.8565,true,true
1.7354,true,true
2.0630,true,true
0.7205,true,true
3.5170,true,false
6.9579,true,false
4.4354,true,false
1.1490,true,true
5.9901,true,true
1.9156,true,true
6.1160,true,true
1.6332,true,true
3.3685,true,true
18.7802,true,true
6.7451,true,true
0.7675,true,true
1.7393,true,true
17.5438,true,true
14.4277,true,false
8.2134,true,false
1.6430,true,true
1.9386,true,true
1.5390,true,true
10.9920,true,true
8.7347,true,false
3.1457,true,false
2.0405,true,true
3.2227,true,true
0.6837,true,true
1.7407,true,true
10.1661,true,false
3.3936,true,true
1.0998,true,true
1.8859,true,true
14.7172,true,true
8.8753,true,true
1.1978,true,true
0.8655,true,true
4.1726,true,true
6.3590,true,true
2.3150,true,true
5.6960,true,true
1.1437,true,true
0.7884,true,true
2.0903,true,true
0.9831,true,true
1.8117,true,true
1.7612,true,true
8.2380,true,true
6.6875,true,true
1.0202,true,true
3.4678,true,true
1.0780,true,true
0.6630,true,true
1.7263,true,true
5.6265,true,true
2.5504,true,true
1.0984,true,true
6.7053,true,true
7.6153,true,true
5.1172,true,true
3.7073,true,true
1.1227,true,true
2.3034,true,true
0.8572,true,true
4.8723,true,true
2.2989,true,true
7.0048,true,true
1.0745,true,true
12.4074,true,true
3.1132,true,true
2.7217,true,true
5.9401,true,true
1.4112,true,true
10.0182,true,true
3.3300,true,true
0.9930,true,true
8.4838,true,false
1.3285,true,true
1.2803,true,true
0.8630,true,true
7.1412,true,true
1.6546,true,true
5.5407,true,true
0.9611,true,true
2.2749,true,true
0.7190,true,true
1.3457,true,false
0.9438,true,true
2.0411,true,true
10.8227,true,false
1.2517,true,true
9.9843,true,true
1.3732,true,true
10.3303,true,true
0.9758,true,true
1.6365,true,true
1.9127,true,true
2.5689,true,true
6.1680,true,true
1.7217,true,true
7.0719,true,true
8.4247,true,true
3.0828,true,true
6.7252,true,true
2.1220,true,false
21.2637,true,true
1.6996,true,true
4.8482,true,true
1.3681,true,true
1.0615,true,true
2.9709,true,true
3.6989,true,true
2.2236,true,true
5.9478,true,true
1.3368,true,true
1.5207,true,true
1.1876,true,true
0.6993,true,true
20.0018,true,true
2.5530,true,false
2.7312,true,true
1.6901,true,true
4.5632,true,true
10.2443,true,true
2.1481,true,true
10.2822,true,true
1.2882,true,true
9.2876,true,true
1.5603,true,false
1.1065,true,true
2.4343,true,false
0.8343,true,true
1.5055,true,true
1.3644,true,true
1.0404,true,false
7.9159,true,true
1.9310,true,true
5.3188,true,true
2.4656,true,true
4.4546,true,true
1.5895,true,true
1.1881,true,true
0.9713,true,true
19.7613,true,true
10.9176,true,true
1.3469,true,true
1.0309,true,true
1.6953,true,true
1.3839,true,true
5.7286,true,true
1.3073,true,true
6.0879,true,false
3.7000,true,true
2.2496,true,true
0.6877,true,true
1.2969,true,true
2.5411,true,true
7.4710,true,true
1.3106,true,true
0.8659,true,true
1.7729,true,true
17.8650,true,true
3.7391,true,true
11.2968,true,true
3.1801,true,true
0.7852,true,true
11.6369,true,false
18.5746,true,true
1.3803,true,true
1.6330,true,true
1.2557,true,true
2.3021,true,true
2.3105,true,true
1.0828,true,true
15.5346,true,true
3.9902,true,true
5.9973,true,true
4.3007,true,true
18.4659,true,true
1.9310,true,true
5.0899,true,true
24.0852,true,true
12.1989,true,true
15.8014,true,true
3.7974,true,true
2.2543,true,true
12.7309,true,true
1.5439,true,true
1.2293,true,true
8.1036,true,true
11.7287,true,true
0.8011,true,true
3.5544,true,false
2.0913,true,true
2.7251,true,true
12.2436,true,true
4.4265,true,false
1.3534,true,true
1.5181,true,true
6.8808,true,false
25.8178,true,true
1.5915,true,true
6.7463,true,false
3.7794,true,false
1.3930,true,true
23.9305,true,true
2.4317,true,false
1.3989,true,true
1.2486,true,true
0.8345,true,true
1.4824,true,true
12.8968,true,true
2.5030,true,true
5.8658,true,true
9.2898,true,true
1.4442,true,true
1.2092,true,true
6.6882,true,true
2.6907,true,true
5.8669,true,true
6.6405,true,false
8.0922,true,true
4.3596,true,true
33.1728,true,true
8.6829,true,true
11.9015,true,false
6.9629,true,true
1.1822,true,true
1.1420,true,true
0.8131,true,true
1.5552,true,true
3.2803,true,false
1.3515,true,false
27.1684,true,true
1.0537,true,true
13.3788,true,true
0.8815,true,true
8.2378,true,true
1.7778,true,true
8.6790,true,true
6.8554,true,true
1.4341,true,true
5.5703,true,true
3.4011,true,false
5.0324,true,true
2.6894,true,true
1.8110,true,true
1.5305,true,true
1.3526,true,true
1.1783,true,true
5.4804,true,true
1.4011,true,true
1.2132,true,true
6.3537,true,false
0.9638,true,true
3.2156,true,true
1.2076,true,true
4.3794,true,false
0.8833,true,true
4.5381,true,false
3.2803,true,false
0.6839,true,true
2.0228,true,true
1.7059,true,true
2.0800,true,true
2.5057,true,true
14.2256,true,false
1.7277,true,true
8.1308,true,true
1.7986,true,true
5.4960,true,true
3.5176,true,true
6.9098,true,false
1.2644,true,true
3.3889,true,true
1.4269,true,true
1.1682,true,true
0.8324,true,true
1.5098,true,true
1.1354,true,true
1.2540,true,true
0.9564,true,true
2.8875,true,false
1.4326,true,true
1.0827,true,true
2.4103,true,true
0.9702,true,true
2.5810,true,true
6.0494,true,false
1.4836,true,true
10.5153,true,false
9.0059,true,false
2.1004,true,true
6.0917,true,true
11.3087,true,true
1.7640,true,true
6.4904,true,true
0.8386,true,true
3.1092,true,true
2.5466,true,true
6.9510,true,true
10.3213,true,true
1.3336,true,true
6.5604,true,true
2.6049,true,true
1.7143,true,true
1.3266,true,true
1.2178,true,true
6.5216,true,true
0.8001,true,true
3.2341,true,true
0.8837,true,true
1.5882,true,false
3.5168,true,false
1.0508,true,true
7.2952,true,true
6.8329,true,true
6.6119,true,true
1.1925,true,true
18.6804,true,true
1.9247,true,true
8.8945,true,true
2.7679,true,true
1.3853,true,true
1.0603,true,true
2.3654,true,false
0.8683,true,true
3.2400,true,true
2.4393,true,true
2.0892,true,false
8.7233,true,false
3.9577,true,true
1.0678,true,true
6.5828,true,true
0.8404,true,true
4.5147,true,true
0.9355,true,true
4.9849,true,true
2.7621,true,true
4.0864,true,true
1.5261,true,true
8.0505,true,true
1.5714,true,true
18.8630,true,true
0.7521,true,true
2.0404,true,true
2.3153,true,true
0.8626,true,true
1.4762,true,true
1.8042,true,true
1.3489,true,true
1.5972,true,true
3.3353,true,true
8.3172,true,true
2.2151,true,true
10.0356,true,true
7.1272,true,true
3.7134,true,true
2.4017,true,true
1.2716,true,true
4.6802,true,false
4.7193,true,true
2.4742,true,false
1.0440,true,true
10.5516,true,false
5.2246,true,false
9.9908,true,false
2.9356,true,true
13.4839,true,true
20.7225,true,true
11.5794,true,false
20.9492,true,true
18.2279,true,true
15.0762,true,true
2.8144,true,true
6.1266,true,true
9.2670,true,true
14.5361,true,true
2.2615,true,true
22.5389,true,true
0.8530,true,true
2.0721,true,true
3.6912,true,true
1.0853,true,true
1.9310,true,true
6.7102,true,true
1.0517,true,true
0.5861,true,true
1.1980,true,true
4.1137,true,false
1.3251,true,true
5.6087,true,true
3.4071,true,true
0.8023,true,false
1.4895,true,true
1.1487,true,false
0.8573,true,true
1.5132,true,true
3.6223,true,false
2.4146,true,true
5.6736,true,true
7.3566,true,false
1.2750,true,true
20.5723,true,true
9.8512,true,true
1.9293,true,true
8.4518,true,true
5.7479,true,false
1.2675,true,false
5.4943,true,false
1.5027,true,true
1.6779,true,true
6.0610,true,true
10.1026,true,true
1.6555,true,true
11.3480,true,false
10.8164,true,true
14.3127,true,true
12.0199,true,true
5.9499,true,true
1.5516,true,true
12.4313,true,true
1.8186,true,true
8.7494,true,true
1.0218,true,true
3.2201,true,true
2.3037,true,true
0.8721,true,true
2.7116,true,false
1.1805,true,true
0.9075,true,true
2.7012,true,true
1.2636,true,true
6.8923,true,true
1.3899,true,true
8.9138,true,false
6.8755,true,true
1.1654,true,true
1.3521,true,true
0.9577,true,true
1.6700,true,false
1.1815,true,true
4.3686,true,false
1.4399,true,true
1.0162,true,true
3.2811,true,true
7.7698,true,true
2.1647,true,true
24.6820,true,true
12.1952,true,true
1.2826,true,true
1.5796,true,true
1.2537,true,true
2.4905,true,true
1.0001,true,true
1.6323,true,true
1.2124,true,true
1.3349,true,true
15.0591,true,false
3.7207,true,true
7.3691,true,true
3.0461,true,true
1.6829,true,true
22.5542,true,true
29.2829,true,true
1.2246,true,true
12.4734,true,true
2.2039,true,true
21.2186,true,true
1.1161,true,false
4.5125,true,true
1.4473,true,true
1.1842,true,false
6.5670,true,true
0.8429,true,true
7.0831,true,false
4.2042,true,true
1.5259,true,true
2.1350,true,true
0.6050,true,true
1.1579,true,true
2.3549,true,true
1.4136,true,true
1.2432,true,true
1.2992,true,true
9.0805,true,false
1.6252,true,true
16.0987,true,false
1.5686,true,true
1.8057,true,true
1.4215,true,true
1.0964,true,true
1.8060,true,true
8.8316,true,true
3.9157,true,true
5.8664,true,true
9.6636,true,true
2.1852,true,true
1.3366,true,true
9.2271,true,true
5.0347,true,true
2.1845,true,true
1.1491,true,true
0.8756,true,true
7.0749,true,false
5.5544,true,true
3.1858,true,true
9.7108,true,true
4.8164,true,false
1.8954,true,true
10.3761,true,true
16.2334,true,true
1.5806,true,true
5.9914,true,true
3.8056,true,true
1.7464,true,true
6.6098,true,true
3.4698,true,true
10.2268,true,true
6.2853,true,true
3.7124,true,false
0.6351,true,true
2.9705,true,true
1.4573,true,true
1.4012,true,true
5.9666,true,true
1.3734,true,true
2.0311,true,false
0.8281,true,true
4.3916,true,true
8.0099,true,false
1.3716,true,true
0.9544,true,true
1.5177,true,true
3.5684,true,true
1.0194,true,true
1.5409,true,true
1.1122,true,true
0.9554,true,true
5.7110,true,true
1.0269,true,true
0.6758,true,true
1.2929,true,true
1.6079,true,true
1.1185,true,true
0.6904,true,true
1.9737,true,true
3.1202,true,true
8.0480,true,false
1.4644,true,true
4.8421,true,true
4.5426,true,true
3.8836,true,false
1.2206,true,true
3.1601,true,false
0.7752,true,true
3.0688,true,true
22.8903,true,true
2.0916,true,true
8.5059,true,true
5.7556,true,false
1.5856,true,true
7.0750,true,true
3.9965,true,true
1.4334,true,true
0.9170,true,true
1.7354,true,true
5.8613,true,false
1.7123,true,true
1.3199,true,true
1.1359,true,true
1.4287,true,true
1.1174,true,true
0.6020,true,true
1.3802,true,true
1.2641,true,true
5.7622,true,true
1.2117,true,true
0.8649,true,true
2.2354,true,true
0.7689,true,true
4.8391,true,true
8.1049,true,false
2.6603,true,true
12.1074,true,true
1.3357,true,true
1.7221,true,true
5.0490,true,true
3.2876,true,true
1.3365,true,true
8.5205,true,false
2.5829,true,true
9.6821,true,false
1.4960,true,true
2.5048,true,true
1.2119,true,true
0.8218,true,true
1.4597,true,true
14.0935,true,true
2.1300,true,true
1.5751,true,true
1.4427,true,true
1.1135,true,true
1.3867,true,true
2.8040,true,true
4.2798,true,true
1.7360,true,true
3.2113,true,false
0.5902,true,true
1.2558,true,true
0.8878,true,true
2.7128,true,true
11.2285,true,true
2.0301,true,true
1.6998,true,true
11.4826,true,false
0.6804,true,true
1.3068,true,true
0.9357,true,true
1.5548,true,true
1.2222,true,true
0.8673,true,true
1.5497,true,true
3.5935,true,true
1.1185,true,true
9.1273,true,true
4.7543,true,true
27.9266,true,false
9.5478,true,true
25.3545,true,true
3.5635,true,true
19.2675,true,true
22.4361,true,false
9.9019,true,false
16.1931,true,false
1.5267,true,true
2.8455,true,true
6.9406,true,false
1.7129,true,true
49.4730,true,true
1.6542,true,true
17.6994,true,true
2.3281,true,false
7.6750,true,true
6.0604,true,true
1.7877,true,true
2.0830,true,true
3.2011,true,true
4.7692,true,true
21.9802,true,true
11.7642,true,true
15.5525,true,true
20.7957,true,false
3.7593,true,true
10.2641,true,true
20.2085,true,false
11.7980,true,true
5.4208,true,true
17.3551,true,true
5.1930,true,true
32.0464,true,true
2.3594,true,true
8.3119,true,true
46.2665,true,true
40.8707,true,true
3.3295,true,true
1.7178,true,true
23.6662,true,true
10.4351,true,false
1.9772,true,true
31.1683,true,true
3.3172,true,true
0.7253,true,true
5.1965,true,true
0.7845,true,true
6.5865,true,true
2.1957,true,true
1.8894,true,true
3.7534,true,true
2.9682,true,true
19.6512,true,true
4.0787,true,true
2.8485,true,true
14.5850,true,true
3.8472,true,true
4.3822,true,false
16.8831,true,true
8.2284,true,true
6.5001,true,true
1.3574,true,true
6.8672,true,false
1.1230,true,true
4.5299,true,true
1.1793,true,true
8.7993,true,true
2.8403,true,true
13.6888,true,true
1.6529,true,true
1.2145,true,true
0.7645,true,true
1.4887,true,true
1.3686,true,true
5.4433,true,false
1.4239,true,true
0.9106,true,true
1.8835,true,true
4.8097,true,false
2.4022,true,true
13.4067,true,true
1.7563,true,true
6.8171,true,false
2.8227,true,true
2.8321,true,true
5.9266,true,true
1.8577,true,true
8.8608,true,true
2.8847,true,true
1.7218,true,true
5.3608,true,true
0.6363,true,true
5.6924,true,true
2.0914,true,true
1.0985,true,true
9.9219,true,false
0.6456,true,true
2.9229,true,false
1.3760,true,true
1.1554,true,true
6.3057,true,false
0.5126,true,true
3.4800,true,false
0.8620,true,true
2.2256,true,true
15.0247,true,true
1.3214,true,true
11.6556,true,false
6.2997,true,true
16.0921,true,true
0.5578,true,true
2.2705,true,true
1.2040,true,true
10.6617,true,true
1.1465,true,true
8.3178,true,true
0.5681,true,true
2.7614,true,false
1.4878,true,true
2.9961,true,true
7.7912,true,true
4.1711,true,true
2.3987,true,true
0.8673,true,true
2.1156,true,true
0.5492,true,true
1.2112,true,true
0.8519,true,true
1.4612,true,true
2.5038,true,true
1.0103,true,true
3.4830,true,true
0.9830,true,true
1.9317,true,false
6.3238,true,false
0.5366,true,true
2.1549,true,true
9.2457,true,false
6.5618,true,false
2.5204,true,true
3.4126,true,false
2.2719,true,false
1.0282,true,true
4.9789,true,true
17.9651,true,true
1.9285,true,false
1.6800,true,true
6.3917,true,true
3.0040,true,false
1.5495,true,true
1.3758,true,true
1.4947,true,true
1.2544,true,true
15.4520,true,true
3.3598,true,false
2.8192,true,false
3.2904,true,false
0.6886,true,true
12.4846,true,true
2.8423,true,true
16.4081,true,false
3.3112,true,true
16.4928,true,true
7.5782,true,true
2.4212,true,true
1.0098,true,true
26.7155,true,true
1.9837,true,true
13.7585,true,true
8.0365,true,true
7.2219,true,true
4.2291,true,true
3.0410,true,true
28.4838,true,false
3.6236,true,true
6.8794,true,false
2.5848,true,true
1.0123,true,true
3.3963,true,true
1.0918,true,true
0.7714,true,true
1.9943,true,true
1.4680,true,true
1.0791,true,true
1.6535,true,true
2.9145,true,true
1.9877,true,true
1.5344,true,true
1.1706,true,true
2.4274,true,true
0.8962,true,true
2.7222,true,true
1.1137,true,true
0.5957,true,true
2.4079,true,false
1.5932,true,true
1.8943,true,true
4.6173,true,true
7.3045,true,true
2.4218,true,true
1.2432,true,false
12.4043,true,true
1.4954,true,true
1.2309,true,true
14.2275,true,true
2.5889,true,true
16.6714,true,true
1.4997,true,true
10.9513,true,true
5.0168,true,true
17.1551,true,true
5.1181,true,true
1.6122,true,true
5.9707,true,false
1.3812,true,true
1.7915,true,true
1.6771,true,true
11.3550,true,true
4.1864,true,false
1.6000,true,true
1.3610,true,true
4.2029,true,true
1.1735,true,true
1.1685,true,true
0.9204,true,true
1.7263,true,true
13.3635,true,true
1.4193,true,true
1.6298,true,true
3.0013,true,false
1.4503,true,true
1.7729,true,true
5.3637,true,true
4.2900,true,true
1.5478,true,true
6.9957,true,true
5.3848,true,false
3.9398,true,true
1.2880,true,true
1.8484,true,true
12.7803,true,true
1.2689,true,true
0.9518,true,true
1.5821,true,true
1.1235,true,true
3.4909,true,false
3.6961,true,false
3.7000,true,true
4.5319,true,true
9.6360,true,true
5.1660,true,true
2.0708,true,true
10.7371,true,true
3.9634,true,false
2.6780,true,true
1.7671,true,true
5.2855,true,true
4.5176,true,false
1.3431,true,true
5.9375,true,true
2.0436,true,true
7.7834,true,true
1.3243,true,true
5.2158,true,false
0.6461,true,true
1.2935,true,true
3.3593,true,false
2.9186,true,true
2.1868,true,true
1.3151,true,true
8.4719,true,true
2.0536,true,false
1.7558,true,true
5.8942,true,true
1.9960,true,true
9.5747,true,false
16.6884,true,true
6.1532,true,true
1.6999,true,true
5.7415,true,true
1.5997,true,true
1.9209,true,true
1.7896,true,true
14.6391,true,true
3.1729,true,true
0.5855,true,true
1.1915,true,true
0.8130,true,false
5.2985,true,false
3.1030,true,true
9.5455,true,true
3.3284,true,true
5.1210,true,true
6.8698,true,true
16.3161,true,true
1.2005,true,true
7.3043,true,true
3.3614,true,false
2.7690,true,false
1.8875,true,true
1.5362,true,true
1.3037,true,true
6.0354,true,true
3.9579,true,true
1.4396,true,true
1.0938,true,true
2.9592,true,true
10.4581,true,true
2.3448,true,true
6.3154,true,false
1.0961,true,true
1.9248,true,true
1.6542,true,true
2.1370,true,true
2.8485,true,true
14.8635,true,true
26.8545,true,true
5.3020,true,true
8.4730,true,false
15.9805,true,false
1.2106,true,true
29.9961,true,true
12.9854,true,true
1.2355,true,true
4.5777,true,true
8.5168,true,true
2.9771,true,false
1.5961,true,true
1.8981,true,true
7.8434,true,true
1.6445,true,true
5.2198,true,true
0.6892,true,true
13.0579,true,true
1.8934,true,true
1.7570,true,true
1.5172,true,true
1.3306,true,true
0.9822,true,true
4.4085,true,true
1.0912,true,true
0.7822,true,true
1.6868,true,true
3.9919,true,true
1.5558,true,true
11.1914,true,true
1.8694,true,true
2.0524,true,true
5.4895,true,true
1.4567,true,true
16.1305,true,true
1.2120,true,false
2.5486,true,true
2.1056,true,true
21.1778,true,false
12.3409,true,false
6.1953,true,true
10.1099,true,false
1.1899,true,true
6.0991,true,true
4.3766,true,false
7.0010,true,true
1.4114,true,true
1.3597,true,true
11.6480,true,true
9.2916,true,true
1.5453,true,true
1.1263,true,true
0.9614,true,true
6.5092,true,false
0.7763,true,true
1.3374,true,true
1.3825,true,true
3.1088,true,true
9.4133,true,true
5.6547,true,false
1.2707,true,true
9.4865,true,true
3.5457,true,true
3.9942,true,true
2.5835,true,true
2.5606,true,true
1.0366,true,true
1.6798,true,true
1.5558,true,true
7.8214,true,true
2.5406,true,true
1.2597,true,true
8.7584,true,true
3.4033,true,false
0.8541,true,true
3.4360,true,true
1.2385,true,true
0.8757,true,true
1.4528,true,true
1.1772,true,true
1.1519,true,true
10.7444,true,false
6.0770,true,false
5.9282,true,true
1.4636,true,true
7.1895,true,true
1.0002,true,true
1.7399,true,true
1.3300,true,false
0.8104,true,true
2.2093,true,true
6.4297,true,true
2.9854,true,true
3.0079,true,false
1.6135,true,true
1.9786,true,true
6.4855,true,true
5.6502,true,true
1.6851,true,true
1.7248,true,true
9.7445,true,true
0.7833,true,true
6.9650,true,true
5.4880,true,false
2.9693,true,true
2.6970,true,true
1.0862,true,false
3.8350,true,false
3.7365,true,true
1.9856,true,true
3.3552,true,true
6.6731,true,true
1.9018,true,true
5.9260,true,true
2.0604,true,true
12.3764,true,true
1.8360,true,true
5.6477,true,true
1.0706,true,true
1.2229,true,true
0.8480,true,true
1.4892,true,true
1.2051,true,true
4.9288,true,false
1.5502,true,true
10.2057,true,true
1.2971,true,true
9.7517,true,false
6.9930,true,true
2.4453,true,true
0.9552,true,true
3.2346,true,true
2.0134,true,true
9.2235,true,false
13.9374,true,true
7.8322,true,false
7.3636,true,true
5.9333,true,false
5.4922,true,true
1.1725,true,true
10.5647,true,false
6.5318,true,true
5.2562,true,true
18.0921,true,true
15.4654,true,true
3.2219,true,false
29.0140,true,true
1.3121,true,true
1.0990,true,false
6.1353,true,true
1.8536,true,true
5.5232,true,true
0.8384,true,true
2.0172,true,true
9.9557,true,true
12.3322,true,true
2.8379,true,true
11.2184,true,false
4.3259,true,true
1.8298,true,true
11.4790,true,true
18.8797,true,false
3.3933,true,true
8.2622,true,true
1.6906,true,false
6.0949,true,true
5.6233,true,true
3.5942,true,false
2.4687,true,false
2.8888,true,false
1.5218,true,true
5.4415,true,false
1.2405,true,true
0.9101,true,true
2.1366,true,true
0.8987,true,true
5.5355,true,true
1.3580,true,true
1.0714,true,true
0.6608,true,true
3.1687,true,true
0.6468,true,false
8.6422,true,true
5.5545,true,false
7.5020,true,true
2.0843,true,true
5.4100,true,true
9.7651,true,true
0.7614,true,true
1.3400,true,true
3.7796,true,false
0.8720,true,true
1.7335,true,true
7.1261,true,true
3.6695,true,true
1.1061,true,true
0.7454,true,true
5.0355,true,false
1.8092,true,true
1.4558,true,true
8.7751,true,true
1.6287,true,true
1.1992,true,true
0.9506,true,true
4.6932,true,false
3.7399,true,true
3.4458,true,true
3.6090,true,false
0.9664,true,false
1.5989,true,true
1.3966,true,true
5.7163,true,true
1.6882,true,true
1.7273,true,true
5.8082,true,true
1.4984,true,true
1.1797,true,true
6.8778,true,true
5.9297,true,true
4.3405,true,true
2.7215,true,true
1.4655,true,true
7.8491,true,true
2.9059,true,true
8.3964,true,true
1.3367,true,true
6.1567,true,false
1.8180,true,false
6.0202,true,true
1.4225,true,true
4.0532,true,true
0.9666,true,true
2.2073,true,true
26.5723,true,true
10.4534,true,false
2.6897,true,true
23.8490,true,false
28.6139,true,false
13.9908,true,true
1.6201,true,true
23.4256,true,false
2.4706,true,true
48.2008,true,true
7.6295,true,true
58.2825,true,true
4.8741,true,true
2.4169,true,true
27.8583,true,true
9.1456,true,false
34.6747,true,false
23.4472,true,false
1.7139,true,true
59.8557,true,true
70.1255,true,true
3.8323,true,true
1.2330,true,true
8.3046,true,true
14.6083,true,true
2.3154,true,true
1.5846,true,true
11.9634,true,true
16.3210,true,true
20.6277,true,false
3.1298,true,true
35.3188,true,true
19.7951,true,true
2.5815,true,true
1.9282,true,true
39.9336,true,true
1.2595,true,true
7.6856,true,true
14.1022,true,true
21.3807,true,true
1.1816,true,true
1.2107,true,true
4.5621,true,true
4.1220,true,true
1.1086,true,true
4.7729,true,true
3.8200,true,true
1.2397,true,true
5.8334,true,false
9.6056,true,false
0.9008,true,true
4.2420,true,false
0.7486,true,true
1.5391,true,true
1.1934,true,true
0.7729,true,true
1.5870,true,true
4.9939,true,true
1.4840,true,true
2.5025,true,true
0.9431,true,true
10.8335,true,true
14.3790,true,true
2.0636,true,true
8.4177,true,false
1.0421,true,true
11.6133,true,true
4.7284,true,false
4.1299,true,false
1.2951,true,true
1.2322,true,true
5.6111,true,true
2.9651,true,true
1.4816,true,true
2.4351,true,false
0.9823,true,true
1.6596,true,true
2.0283,true,false
4.2181,true,false
1.6853,true,true
5.0325,true,true
2.2721,true,true
1.3926,true,true
10.0565,true,true
7.2600,true,true
3.5078,true,true
0.9238,true,true
1.7033,true,true
5.1545,true,false
2.0896,true,false
1.2767,true,true
1.1126,true,true
1.0798,true,true
16.5153,true,true
2.2907,true,true
14.8768,true,false
9.1002,true,true
6.0982,true,true
1.5251,true,true
32.9866,true,true
1.2181,true,true
0.8245,true,true
1.4377,true,true
4.1334,true,false
1.2732,true,true
1.5759,true,true
1.2027,true,true
1.0361,true,true
2.7577,true,true
6.7328,true,false
0.9203,true,true
1.6081,true,true
1.1284,true,true
0.6717,true,true
2.2757,true,true
8.5735,true,true
13.0677,true,true
1.7589,true,true
12.6923,true,true
0.9308,true,true
7.1306,true,true
1.4435,true,true
0.9684,true,true
2.3003,true,true
0.8018,true,true
9.3661,true,true
3.1227,true,true
0.6732,true,true
7.7555,true,true
3.0615,true,true
5.8728,true,true
3.4491,true,false
8.0695,true,true
5.2291,true,true
1.3609,true,false
12.1597,true,true
29.0359,true,true
1.8041,true,true
9.3201,true,true
2.2483,true,true
37.0878,true,true
24.6356,true,true
22.6834,true,true
8.8160,true,true
12.4078,true,false
31.9297,true,true
4.1093,true,true
1.4396,true,true
23.8833,true,true
3.8569,true,true
4.1531,true,false
1.2131,true,true
3.4452,true,true
1.1250,true,true
1.3169,true,true
0.8733,true,true
1.4874,true,true
13.3753,true,true
1.3390,true,true
1.0880,true,true
2.0097,true,true
6.4640,true,false
0.8330,true,true
1.6634,true,true
1.3747,true,true
0.9278,true,true
1.5307,true,true
1.0524,true,true
1.5886,true,true
2.8877,true,true
1.3689,true,true
0.9360,true,true
1.5694,true,true
1.5965,true,true
6.3271,true,false
0.7932,true,true
1.4200,true,true
0.9550,true,true
1.4875,true,true
1.1366,true,false
0.7934,true,true
7.3396,true,true
2.4028,true,false
4.6015,true,true
4.4048,true,true
3.2959,true,true
5.7717,true,false
3.4539,true,false
7.9494,true,true
5.0374,true,false
1.7882,true,true
7.6577,true,false
1.9939,true,true
3.9996,true,false
1.9249,true,true
1.5832,true,true
1.1912,true,true
0.8741,true,true
4.1295,true,false
2.9192,true,true
1.3383,true,true
2.0990,true,false
3.2703,true,true
1.8147,true,true
1.4369,true,true
1.2422,true,true
1.6267,true,true
2.7606,true,true
1.2991,true,true
0.9582,true,true
1.5134,true,true
5.2650,true,true
1.2318,true,true
1.9520,true,true
14.0015,true,true
1.6473,true,true
1.2539,true,true
16.4440,true,true
0.9656,true,true
4.2744,true,false
1.6406,true,true
1.2810,true,true
2.4124,true,false
1.3729,true,true
2.9840,true,false
1.9717,true,true
5.9935,true,true
4.5628,true,true
8.6599,true,true
3.2139,true,true
0.9318,true,false
8.7722,true,true
29.7792,true,true
12.0254,true,true
2.6724,true,true
1.6157,true,true
11.2574,true,false
15.0053,true,true
10.3996,true,false
1.3699,true,true
20.6245,true,true
1.4395,true,true
8.1387,true,true
6.2347,true,false
2.6373,true,true
20.4445,true,true
5.0674,true,true
1.9992,true,true
14.7209,true,true
3.1974,true,false
1.4329,true,true
42.9760,true,true
30.2819,true,true
52.2185,true,true
3.5665,true,true
51.8370,true,true
1.9622,true,true
21.4007,true,true
13.6517,true,true
26.4170,true,true
1.5598,true,true
8.3022,true,true
34.0388,true,true
50.1081,true,false
1.0560,true,true
67.0059,true,true
24.8020,true,true
1.6499,true,true
4.7754,true,true
1.2109,true,true
4.0527,true,false
5.4800,true,true
3.2436,true,true
0.6141,true,true
7.8553,true,true
4.9586,true,true
3.4824,true,true
1.4164,true,true
11.7118,true,true
20.9890,true,true
3.0540,true,true
7.2587,true,true
1.6554,true,true
2.4080,true,true
9.8035,true,true
7.1055,true,true
1.3251,true,true
1.1673,true,true
7.6743,true,true
17.8572,true,true
1.2189,true,true
17.8772,true,true
0.8439,true,true
1.5839,true,true
1.1582,true,true
0.7235,true,true
1.9821,true,true
2.1791,true,true
5.8034,true,false
4.2039,true,false
1.3354,true,true
1.2910,true,true
1.5021,true,true
18.3116,true,true
2.6334,true,true
13.0986,true,true
25.9529,true,false
17.1241,true,true
2.2198,true,true
18.8649,true,true
1.6057,true,true
2.3185,true,true
2.4255,true,true
19.4060,true,true
23.3080,true,false
1.4672,true,true
17.1909,true,true
4.0578,true,true
4.8252,true,false
1.9949,true,true
3.2130,true,true
0.5174,true,false
3.3432,true,false
2.2202,true,true
0.6165,true,true
1.3484,true,true
6.6047,true,true
0.9138,true,true
9.2291,true,false
3.3778,true,true
7.7806,true,true
2.8586,true,false
1.2955,true,true
0.8852,true,true
1.6412,true,true
5.0252,true,false
1.5147,true,true
1.2119,true,true
4.9683,true,true
3.1061,true,true
1.6305,true,true
1.3804,true,true
2.8251,true,false
1.3777,true,true
1.6290,true,true
7.6246,true,false
1.0582,true,true
7.7707,true,true
2.8429,true,true
1.5832,true,true
11.7655,true,true
2.7617,true,true
1.7151,true,true
1.8734,true,true
6.9736,true,false
1.5134,true,true
6.7132,true,true
3.8428,true,true
1.4313,true,true
27.2144,true,true
15.1583,true,true
1.2509,true,true
2.7217,true,false
1.7276,true,true
6.1768,true,true
2.6096,true,true
1.8140,true,true
4.3563,true,true
2.5447,true,true
1.1605,true,true
0.8256,true,true
4.2725,true,true
1.6648,true,true
1.4613,true,true
1.1717,true,true
0.7253,true,true
1.4864,true,true
5.2284,true,false
1.8573,true,true
6.0844,true,true
2.1031,true,true
8.5101,true,false
1.8571,true,true
5.9750,true,false
1.3413,true,true
4.4579,true,false
2.3444,true,false
0.7921,true,true
1.4886,true,true
1.8125,true,true
2.1961,true,true
2.4418,true,true
1.2714,true,true
1.0736,true,true
10.6196,true,true
2.4951,true,true
0.9439,true,true
1.6568,true,true
1.3020,true,true
0.9272,true,true
1.5786,true,true
1.8302,true,true
1.7261,true,true
6.2637,true,true
2.7198,true,true
2.2545,true,true
10.3063,true,true
4.1297,true,true
1.7290,true,true
1.3408,true,true
1.2611,true,true
1.2842,true,true
22.9531,true,true
1.7107,true,true
4.5265,true,false
26.8709,true,true
2.0431,true,true
12.2005,true,true
7.2255,true,true
1.6920,true,true
12.7390,true,true
6.7307,true,false
2.8810,true,false
4.6023,true,false
1.5893,true,false
4.0075,true,true
1.3927,true,true
2.2031,true,false
2.4365,true,true
2.3635,true,true
10.2503,true,true
3.8030,true,true
1.2754,true,true
4.3304,true,false
3.4504,true,true
2.2012,true,true
15.0771,true,false
9.9809,true,true
14.0730,true,true
2.4832,true,true
1.4277,true,true
15.1004,true,true
7.4304,true,false
20.2173,true,true
3.1460,true,true
1.6208,true,true
25.4936,true,true
6.9520,true,false
1.1514,true,true
4.7220,true,true
1.2218,true,true
1.7715,true,true
1.6293,true,true
11.0759,true,true
13.1362,true,true
1.2048,true,true
5.7889,true,true
1.0654,true,true
3.7853,true,true
6.1364,true,false
2.6892,true,true
6.5307,true,true
3.3647,true,true
0.7957,true,true
1.5188,true,false
6.4709,true,true
2.3072,true,false
5.9005,true,true
3.5350,true,false
1.3209,true,true
0.8664,true,true
7.1490,true,true
1.5083,true,true
2.1085,true,true
5.4465,true,true
3.7975,true,false
2.2896,true,false
0.8181,true,true
1.4705,true,true
1.0248,true,true
2.1883,true,true
1.1491,true,true
1.0885,true,true
6.9431,true,true
0.7182,true,true
1.3983,true,true
1.5532,true,true
7.9259,true,true
1.6791,true,true
2.8870,true,false
1.3833,true,true
4.0752,true,true
2.3448,true,true
4.4868,true,false
2.7097,true,true
7.2869,true,true
1.2668,true,true
1.1198,true,true
7.6649,true,true
2.1847,true,true
1.1982,true,true
0.8265,true,true
1.4179,true,true
1.0140,true,true
3.2547,true,false
2.0173,true,true
6.8070,true,false
1.2160,true,true
0.9093,true,true
2.9681,true,true
4.0245,true,false
1.5674,true,false
5.1134,true,true
5.7347,true,false
3.4134,true,true
1.0586,true,true
8.1013,true,true
2.0416,true,true
1.6999,true,true
7.0610,true,true
4.4112,true,false
4.3428,true,true
6.3056,true,true
0.6630,true,true
12.2400,true,true
7.4116,true,false
0.7571,true,true
5.6274,true,true
1.0868,true,true
1.2625,true,true
0.8023,true,true
7.3156,true,true
1.7006,true,true
10.0402,true,true
3.2502,true,true
10.2769,true,true
3.6009,true,false
1.0894,true,true
1.2545,true,true
2.6252,true,true
1.7575,true,true
6.5173,true,false
0.9493,true,true
4.4060,true,false
0.8965,true,true
1.4122,true,true
2.8502,true,true
1.4704,true,true
6.1044,true,false
4.3425,true,true
0.9201,true,true
8.8216,true,true
2.6003,true,true
1.1702,true,true
0.8319,true,false
1.5955,true,true
2.3091,true,false
1.4031,true,true
2.3443,true,true
2.3680,true,true
1.3123,true,true
5.9757,true,true
1.2421,true,true
0.9449,true,true
1.5547,true,true
1.1315,true,true
7.3592,true,true
1.6914,true,true
8.9809,true,true
1.4919,true,true
9.5556,true,true
6.4598,true,true
1.7499,true,true
4.9443,true,true
3.1463,true,true
3.5458,true,true
5.4794,true,true
2.6449,true,true
9.4084,true,true
0.7802,true,true
1.6189,true,true
2.0747,true,true
12.9560,true,true
3.7000,true,true
7.2168,true,false
1.0999,true,true
20.0591,true,true
4.9457,true,true
3.8035,true,false
1.2707,true,true
2.2326,true,true
0.6701,true,true
3.0228,true,false
1.3949,true,true
0.9006,true,true
1.3646,true,true
0.9897,true,true
8.2980,true,false
2.0485,true,true
8.6345,true,false
8.3629,true,true
2.4620,true,true
5.8333,true,false
12.7964,true,true
9.9697,true,true
1.1879,true,true
3.2619,true,false
0.6062,true,true
1.2421,true,true
3.6910,true,true
1.0376,true,true
1.6178,true,true
2.8563,true,true
1.4462,true,true
6.7751,true,true
1.0868,true,true
0.6603,true,true
4.4828,true,false
1.4242,true,false
1.2195,true,true
0.9716,true,true
1.4601,true,true
1.7015,true,true
5.4652,true,false
0.9776,true,true
4.6873,true,true
1.7111,true,true
1.8599,true,true
8.5052,true,true
1.6225,true,true
9.1415,true,true
3.5784,true,false
4.5832,true,true
3.8725,true,true
10.3300,true,true
3.0197,true,true
13.0008,true,false
5.4840,true,true
15.7569,true,true
9.6917,true,true
5.6325,true,true
9.0671,true,false
1.3739,true,true
8.8019,true,true
2.7666,true,true
1.2092,true,true
0.7996,true,true
4.6755,true,true
1.9785,true,true
9.7881,true,true
2.4470,true,true
1.1451,true,true
0.7708,true,true
1.4039,true,true
4.7178,true,true
3.1531,true,true
1.6689,true,true
3.1788,true,true
12.7180,true,true
9.0293,true,true
12.5991,true,true
3.0882,true,true
18.9646,true,true
10.3718,true,true
1.0881,true,true
8.3837,true,true
0.6589,true,true
1.3463,true,true
20.3247,true,true
1.4668,true,true
6.4023,true,false
1.1424,true,true
6.0180,true,false
6.2513,true,true
1.5680,true,true
6.9724,true,true
1.4405,true,true
11.1347,true,true
3.8463,true,true
9.6861,true,true
6.3838,true,false
2.7203,true,true
10.5653,true,true
1.5165,true,true
10.0167,true,true
2.6941,true,true
1.2272,true,true
0.9957,true,true
1.6256,true,false
1.2417,true,true
5.1827,true,true
1.8185,true,true
1.9251,true,true
5.6136,true,true
1.2474,true,true
0.9801,true,true
1.5922,true,true
1.2099,true,true
2.0593,true,true
7.2050,true,true
1.9989,true,true
1.6573,true,true
3.5723,true,false
0.9768,true,true
1.5729,true,true
1.2073,true,true
0.7936,true,true
3.0196,true,true
2.6293,true,true
5.9827,true,true
3.5388,true,true
1.0249,true,true
2.9472,true,false
1.5186,true,true
1.1744,true,true
0.8822,true,true
1.5664,true,true
1.3672,true,true
6.4360,true,true
2.9295,true,true
1.9527,true,true
10.2866,true,true
1.7575,true,true
6.3578,true,true
0.6783,true,true
1.5196,true,true
1.1963,true,true
0.9588,true,true
12.2830,true,true
7.5850,true,true
2.8130,true,true
6.2542,true,false
3.2957,true,false
0.9033,true,true
4.6220,true,true
7.5563,true,true
4.4629,true,true
3.4622,true,false
4.3464,true,true
1.8508,true,true
1.4550,true,true
1.1048,true,true
0.7985,true,true
4.6730,true,true
1.3604,true,true
1.1079,true,true
3.3384,true,false
5.7518,true,false
1.8818,true,true
5.3269,true,true
8.6628,true,true
0.9525,true,true
1.6896,true,true
1.3052,true,true
0.9318,true,true
2.2950,true,true
0.8498,true,true
1.5088,true,true
1.3317,true,true
6.8558,true,true
0.9718,true,true
1.4872,true,true
5.3287,true,true
0.9874,true,true
15.0794,true,true
1.3031,true,true
1.0556,true,true
3.0397,true,true
3.8709,true,false
5.5123,true,false
28.4425,true,true
22.6038,true,true
0.8909,true,true
5.2052,true,true
0.5374,true,true
1.2242,true,true
4.8384,true,false
2.4496,true,true
1.0174,true,true
7.9022,true,true
11.9302,true,true
0.9575,true,true
5.6221,true,false
3.3354,true,true
0.8132,true,true
4.1600,true,true
7.3811,true,true
2.7143,true,true
6.1242,true,false
3.9025,true,true
3.5746,true,true
10.5570,true,true
6.6868,true,false
0.8781,true,false
7.5955,true,true
2.0841,true,true
0.5537,true,true
3.4838,true,true
0.9631,true,true
1.6872,true,true
5.1348,true,true
9.5796,true,true
1.0771,true,true
8.9733,true,false
1.6246,true,true
5.4103,true,true
1.5933,true,true
6.3315,true,true
3.0886,true,true
13.5756,true,true
10.4548,true,true
6.2071,true,true
3.2540,true,true
3.7388,true,false
5.2727,true,true
1.6214,true,true
8.4928,true,true
6.4999,true,true
1.0545,true,true
1.7195,true,true
1.5504,true,true
4.7131,true,true
4.1097,true,true
1.3246,true,true
1.0715,true,true
1.9021,true,true
8.7651,true,true
9.6415,true,true
6.9065,true,true
12.0356,true,false
3.0445,true,true
20.1425,true,true
1.6180,true,true
8.0246,true,true
2.0416,true,true
1.7437,true,true
7.2136,true,false
32.7706,true,true
4.8228,true,true
2.7746,true,true
2.0517,true,true
2.2746,true,true
14.8087,true,false
8.6132,true,true
0.8778,true,false
25.9392,true,true
3.2257,true,true
1.1646,true,true
10.6689,true,true
2.8654,true,true
12.8025,true,true
38.4620,true,true
0.9649,true,true
2.3010,true,true
2.4347,true,false
0.8355,true,true
2.7892,true,false
1.3943,true,true
5.3132,true,true
4.9448,true,false
1.4332,true,true
4.7996,true,true
1.4958,true,true
2.2172,true,true
10.3391,true,true
1.6027,true,true
3.5607,true,false
5.6657,true,true
4.4820,true,false
4.1104,true,true
1.1106,true,true
4.0617,true,false
0.9700,true,true
1.5376,true,true
2.8061,true,true
2.8780,true,true
1.6553,true,true
1.7422,true,true
3.0066,true,false
1.5109,true,true
3.9499,true,true
4.1896,true,false
1.0895,true,true
5.3447,true,true
4.2688,true,true
1.2639,true,true
3.8467,true,true
0.9298,true,true
3.6904,true,false
1.1458,true,true
0.8156,true,true
6.7107,true,true
10.1474,true,true
6.8323,true,false
1.3022,true,true
14.1759,true,false
5.2419,true,false
12.9630,true,true
9.4879,true,true
1.6303,true,false
10.2457,true,true
7.4213,true,false
1.3282,true,true
1.0113,true,true
5.1779,true,false
3.3122,true,true
0.7002,true,true
3.6456,true,true
8.5435,true,true
15.1087,true,true
12.0076,true,false
1.3052,true,false
0.9533,true,true
8.7059,true,true
1.1964,true,true
0.9911,true,true
9.5084,true,true
1.2567,true,true
1.7934,true,true
4.2241,true,true
7.4133,true,true
1.5270,true,true
1.1652,true,true
2.0871,true,true
0.6583,true,true
1.3937,true,true
1.1024,true,true
0.8183,true,true
8.8666,true,true
1.2952,true,true
1.5449,true,true
5.4605,true,true
0.7384,true,true
1.4380,true,true
1.6341,true,true
9.7733,true,true
9.1729,true,false
6.0958,true,false
4.0000,true,true
1.7005,true,true
7.0113,true,true
3.8191,true,true
11.9368,true,true
2.6504,true,true
1.2247,true,true
7.7235,true,true
2.8406,true,true
1.2965,true,true
2.9111,true,true
3.5879,true,true
1.3774,true,true
6.4215,true,true
10.2151,true,true
14.4497,true,true
3.3073,true,false
2.9039,true,false
4.9973,true,false
2.6282,true,true
1.1684,true,true
0.7572,true,false
4.0829,true,true
2.0310,true,true
11.6615,true,true
9.4814,true,false
0.6735,true,true
4.3073,true,false
1.3307,true,true
3.8363,true,true
1.4866,true,true
5.3986,true,true
0.8439,true,true
1.9564,true,true
1.8287,true,true
8.3669,true,true
0.6466,true,true
5.5472,true,true
1.0841,true,true
6.3745,true,true
2.5846,true,true
6.3111,true,true
1.7298,true,true
6.7397,true,true
1.1137,true,true
3.2024,true,false
0.6214,true,true
3.3177,true,true
3.1468,true,true
0.5818,true,true
1.3276,true,true
1.2430,true,true
4.7214,true,false
4.3688,true,true
3.9846,true,true
1.9945,true,true
1.6611,true,true
1.3256,true,true
0.9371,true,false
3.3264,true,true
1.6797,true,true
4.6221,true,false
2.2307,true,true
8.0218,true,false
3.5349,true,true
19.5647,true,false
18.7640,true,true
0.7342,true,true
5.0293,true,false
34.1314,true,true
9.2231,true,true
3.7903,true,true
3.3132,true,true
3.9324,true,true
1.5579,true,true
1.1990,true,true
2.1724,true,true
0.6871,true,true
8.3358,true,true
0.6109,true,true
4.3918,true,false
9.7242,true,false
1.2638,true,true
7.9986,true,false
1.3291,true,true
1.2647,true,true
8.0968,true,false
19.1989,true,true
3.8143,true,false
6.0088,true,false
2.9149,true,false
7.7136,true,true
3.9840,true,true
6.6204,true,false
4.8927,true,false
3.0890,true,true
6.7990,true,true
7.2636,true,true
4.7242,true,false
1.3032,true,true
6.1870,true,true
1.5784,true,true
1.0867,true,true
1.9387,true,true
4.3698,true,false
13.4550,true,true
4.1474,true,true
1.0662,true,false
1.6803,true,false
3.6008,true,false
4.6884,true,false
1.6579,true,true
1.3068,true,true
3.2970,true,true
0.7616,true,true
1.5055,true,false
1.1645,true,true
2.2777,true,true
0.8164,true,true
1.3409,true,true
2.8494,true,false
1.2912,true,true
1.0038,true,false
1.6844,true,true
2.4146,true,true
10.9306,true,false
9.8903,true,false
3.8170,true,true
10.2930,true,true
7.5198,true,false
1.2786,true,true
9.4960,true,true
4.0511,true,true
1.8453,true,true
17.9364,true,true
5.4579,true,true
2.5447,true,true
4.2187,true,false
1.1934,true,true
18.7607,true,true
3.1367,true,true
4.3428,true,false
2.1616,true,true
0.7776,true,true
4.4777,true,false
0.9428,true,true
2.3258,true,true
3.3255,true,false
1.3614,true,true
13.4555,true,true
5.0255,true,true
5.2286,true,true
15.6016,true,true
3.6807,true,true
1.0092,true,true
1.5226,true,true
0.9867,true,true
1.6399,true,true
1.1989,true,true
0.7473,true,true
4.1728,true,true
1.6932,true,true
9.3278,true,false
1.7397,true,true
1.5217,true,true
6.5251,true,true
2.9241,true,true
3.0878,true,true
2.5966,true,true
1.0736,true,true
2.9345,true,false
1.4376,true,true
1.7149,true,true
6.3527,true,true
0.8745,true,true
1.6798,true,true
6.2053,true,true
8.0090,true,true
1.8779,true,true
7.4237,true,true
10.9866,true,false
1.3340,true,true
7.0535,true,true
1.0567,true,true
1.5883,true,true
3.2052,true,true
0.6273,true,true
2.7333,true,false
7.0619,true,false
14.0682,true,true
20.4194,true,true
2.4916,true,true
2.0167,true,true
3.1921,true,true
0.9572,true,true
29.1843,true,true
5.0764,true,true
17.5971,true,true
26.2132,true,true
0.9473,true,true
27.4465,true,true
6.4676,true,false
0.7961,true,false
2.0333,true,true
1.6169,true,true
1.4108,true,true
5.9492,true,true
1.2679,true,true
2.7011,true,true
1.1872,true,true
0.7794,true,true
5.4290,true,false
2.3437,true,true
1.2009,true,true
1.8139,true,true
6.0947,true,false
2.0482,true,true
29.0462,true,true
13.8095,true,true
4.5542,true,true
1.9504,true,true
10.7089,true,false
33.2939,true,true
15.7505,true,false
0.8466,true,true
5.8827,true,false
1.1856,true,true
0.6686,true,true
1.9253,true,true
1.5247,true,true
1.1176,true,true
0.5344,true,true
1.6943,true,true
5.3585,true,true
3.4394,true,false
0.8859,true,true
4.7701,true,true
3.0041,true,true
3.2142,true,true
1.1994,true,true
5.3282,true,true
6.6116,true,false
5.7453,true,false
1.2321,true,true
6.5283,true,true
9.7421,true,true
2.4325,true,true
0.9760,true,true
1.5828,true,true
1.1723,true,true
1.0164,true,true
8.3052,true,true
3.5243,true,false
1.1664,true,true
5.2575,true,false
0.6437,true,true
2.0164,true,true
2.2444,true,true
0.7085,true,true
4.6278,true,true
2.6724,true,false
1.1284,true,true
1.3836,true,true
1.5199,true,true
9.6433,true,true
2.3592,true,true
4.3681,true,true
13.3001,true,true
4.6788,true,true
4.0463,true,true
1.1636,true,true
14.2080,true,false
24.4695,true,true
1.0377,true,true
6.6697,true,true
11.6039,true,true
1.3413,true,true
4.0682,true,true
2.6344,true,true
13.6351,true,true
8.9437,true,true
25.2894,true,true
1.2868,true,true
1.5214,true,true
7.7999,true,true
11.1342,true,true
3.8708,true,true
7.4916,true,false
1.4201,true,true
1.7986,true,true
2.9517,true,true
3.0068,true,true
1.4135,true,true
3.5023,true,true
0.9386,true,true
3.7616,true,false
1.0995,true,true
2.6825,true,false
2.6018,true,true
1.2725,true,true
2.8598,true,true
2.3337,true,true
3.3888,true,true
8.8005,true,true
3.1283,true,false
1.2176,true,true
3.3050,true,true
6.5735,true,false
10.6961,true,true
4.6515,true,true
20.4134,true,true
2.9206,true,true
29.9269,true,true
1.8170,true,true
8.7085,true,true
15.4696,true,true
2.1136,true,true
0.6208,true,true
4.3686,true,false
2.2405,true,false
1.3515,true,true
8.8962,true,false
7.8164,true,true
3.8184,true,true
6.3532,true,true
1.4051,true,true
3.3448,true,true
1.6471,true,true
25.5935,true,true
19.7006,true,false
9.6556,true,true
25.2825,true,true
3.1950,true,true
0.7344,true,true
4.1407,true,false
20.0458,true,true
11.5581,true,true
2.2693,true,true
0.7270,true,true
1.9663,true,true
1.6166,true,true
2.9583,true,true
2.1942,true,true
2.2298,true,true
10.2745,true,true
2.6404,true,true
1.1506,true,true
7.7476,true,true
1.2145,true,false
1.2375,true,true
2.0989,true,true
8.8164,true,false
5.0862,true,true
2.5325,true,true
3.4827,true,true
4.6285,true,true
2.0900,true,true
5.9179,true,true
31.3610,true,true
1.2660,true,true
0.9881,true,true
1.6776,true,true
2.8772,true,false
1.4033,true,true
1.0039,true,true
1.5130,true,true
1.2631,true,true
9.8270,true,true
1.3796,true,true
2.2487,true,true
6.1744,true,false
2.1830,true,true
3.5206,true,true
0.8862,true,true
2.5828,true,true
1.3356,true,true
27.6277,true,true
1.2142,true,true
0.8365,true,true
1.5768,true,true
7.6821,true,true
3.0841,true,true
3.2855,true,true
2.8065,true,true
1.6209,true,true
11.7240,true,true
0.8482,true,true
1.5784,true,true
13.4079,true,true
9.4079,true,true
6.5140,true,true
2.2426,true,true
15.5459,true,false
3.6185,true,true
10.0269,true,true
13.2288,true,false
1.2452,true,true
20.6655,true,true
7.1439,true,true
40.7180,true,true
6.5530,true,true
3.5086,true,true
1.0421,true,true
15.8043,true,true
2.3092,true,true
0.7865,true,true
1.3232,true,true
2.1887,true,true
0.8307,true,true
1.4135,true,true
0.9837,true,false
3.9397,true,true
2.6040,true,true
5.8707,true,true
2.0650,true,true
0.7822,true,true
3.1716,true,true
13.3619,true,true
1.0970,true,true
6.1262,true,false
3.8304,true,true
2.5260,true,true
4.5633,true,true
2.4579,true,true
10.8088,true,true
3.4050,true,false
1.0609,true,true
0.6257,true,true
4.0624,true,false
6.5117,true,false
22.3127,true,true
4.5370,true,true
1.5985,true,true
8.8733,true,true
1.1612,true,true
0.9415,true,true
1.8095,true,true
1.6550,true,true
8.7505,true,true
2.0135,true,true
5.7156,true,true
4.1883,true,false
1.6438,true,true
1.3227,true,true
1.7365,true,true
2.2929,true,true
0.9468,true,true
13.9595,true,true
12.3152,true,true
3.5411,true,true
7.8724,true,true
16.3456,true,true
3.4436,true,true
1.6904,true,true
2.0864,true,true
17.7974,true,true
10.4272,true,true
1.1416,true,true
18.0080,true,true
9.8713,true,true
2.1689,true,true
2.4249,true,true
10.6859,true,true
17.2444,true,true
15.1105,true,true
2.8081,true,true
4.1097,true,true
1.4098,true,true
0.8511,true,true
1.3518,true,true
2.0480,true,false
0.9064,true,true
2.3039,true,true
8.8694,true,true
3.9862,true,false
4.6079,true,false
1.5598,true,true
1.0512,true,true
3.0648,true,true
6.7863,true,true
5.8402,true,false
1.6972,true,true
8.2938,true,false
5.9910,true,false
1.3909,true,true
1.7737,true,true
7.5481,true,true
11.8241,true,true
3.5850,true,true
16.5262,true,true
2.3789,true,true
3.0826,true,false
15.6423,true,true
25.7449,true,true
3.9987,true,true
13.6622,true,false
2.8481,true,true
11.5949,true,true
37.4842,true,true
1.3965,true,true
1.3169,true,true
12.0811,true,true
18.4624,true,true
1.3418,true,true
1.4259,true,true
5.4985,true,true
22.0715,true,true
0.7659,true,false
12.9397,true,true
2.5214,true,true
2.3644,true,true
1.5333,true,true
1.8573,true,true
2.2419,true,true
0.7962,true,true
3.2249,true,true
13.7869,true,true
3.5889,true,true
1.3630,true,true
10.0766,true,true
1.6536,true,true
3.4204,true,false
1.0797,true,true
23.8457,true,true
3.4427,true,true
0.6769,true,true
4.2732,true,false
2.5722,true,true
1.0410,true,true
1.6676,true,true
1.5067,true,true
11.8480,true,true
5.6219,true,false
1.0769,true,true
0.7245,true,true
1.3465,true,false
0.8663,true,true
5.6492,true,false
3.1987,true,false
0.5203,true,true
1.8038,true,true
1.2419,true,true
1.4682,true,true
1.1479,true,true
2.4858,true,false
1.0724,true,true
5.8344,true,false
1.4526,true,true
1.2739,true,true
1.5667,true,true
1.2259,true,true
0.8419,true,true
4.6434,true,true
3.3192,true,true
0.8839,true,true
1.8891,true,true
1.5954,true,true
11.6825,true,true
0.8335,true,true
4.3050,true,true
10.2449,true,true
1.5220,true,true
5.9692,true,true
5.0474,true,false
14.4651,true,true
5.0848,true,true
7.4641,true,true
12.6748,true,true
1.0681,true,true
12.6366,true,true
1.3103,true,true
8.4398,true,false
12.5822,true,true
0.6172,true,true
1.3685,true,true
9.0797,true,true
6.2646,true,true
5.9839,true,false
3.8467,true,true
1.2752,true,true
2.1742,true,true
0.7423,true,true
2.8632,true,true
1.3781,true,true
4.5387,true,true
1.7854,true,true
13.3424,true,true
7.7898,true,true
4.6674,true,false
18.6280,true,true
3.4313,true,false
0.8469,true,true
7.9691,true,true
3.4633,true,true
10.4365,true,true
8.9961,true,true
4.6743,true,true
1.4564,true,true
1.0866,true,true
0.9972,true,true
11.0651,true,false
2.7982,true,true
1.6700,true,true
6.4658,true,true
3.2155,true,false
0.6988,true,true
2.8343,true,true
9.5547,true,true
3.1067,true,true
8.8434,true,true
7.9578,true,true
3.2891,true,false
0.7736,true,true
8.3109,true,true
0.5436,true,true
3.5262,true,true
0.8778,true,true
1.4671,true,true
2.7827,true,true
12.8902,true,true
10.2146,true,true
2.5494,true,true
11.7711,true,true
16.6931,true,true
31.6226,true,true
13.0584,true,true
3.2677,true,true
1.7087,true,true
32.3514,true,false
10.5940,true,true
33.2094,true,true
35.0653,true,false
54.8982,true,true
2.2087,true,true
38.6486,true,true
34.1021,true,false
13.0905,true,true
40.6131,true,true
28.4749,true,true
83.4572,true,true
57.7939,true,true
106.5174,true,true
15.2741,true,true
45.1942,true,true
17.1686,true,true
11.7362,true,true
52.7089,true,true
32.9631,true,false
2.0741,true,true
12.7253,true,true
1.0504,true,false
23.9422,true,true
71.8888,true,true
125.4237,true,true
1.1120,true,true
97.4278,true,true
10.3387,true,true
76.2414,true,true
0.9293,true,true
54.9412,true,false
9.3938,true,true
76.0591,true,true
5.5029,true,true
68.2578,true,true
40.1952,true,false
1.8034,true,true
15.6952,true,true
133.3750,true,true
4.8307,true,true
1.7645,true,true
9.8398,true,true
35.0746,true,true
13.5463,true,true
120.7945,true,true
152.0634,true,true
77.3595,true,true
56.3043,true,false
47.0059,true,false
1.1796,true,true
0.8012,true,true
28.7947,true,true
193.4749,true,true
3.6983,true,true
1.6086,true,true
1.3315,true,true
12.0877,true,true
15.7396,true,true
0.8342,true,true
31.9204,true,true
3.9897,true,true
7.1371,true,true
1.6976,true,true
6.3329,true,true
0.5687,true,true
2.9401,true,true
3.1893,true,false
1.4940,true,false
6.3073,true,true
2.6425,true,true
1.2001,true,true
0.9885,true,true
1.5937,true,true
9.5231,true,true
0.6952,true,true
1.8659,true,true
1.4826,true,true
1.6744,true,true
2.5935,true,true
6.3879,true,true
5.0351,true,false
4.3989,true,true
1.5422,true,true
6.5147,true,false
3.2702,true,true
0.7049,true,true
1.6718,true,true
6.5788,true,true
1.3043,true,true
1.0024,true,true
1.6604,true,true
1.5897,true,true
7.6599,true,true
1.2709,true,true
0.9097,true,true
7.7742,true,true
1.2623,true,true
0.8561,true,true
2.2077,true,true
1.3828,true,true
7.8621,true,true
13.7680,true,true
2.0404,true,true
8.4364,true,true
3.0282,true,true
2.7894,true,true
28.0133,true,true
2.9480,true,true
1.6711,true,true
5.2207,true,false
0.5905,true,true
1.3388,true,true
6.0088,true,true
1.5052,true,true
1.9003,true,true
5.2147,true,true
1.0936,true,true
0.8601,true,false
1.5757,true,true
1.3251,true,true
1.1949,true,true
0.8311,true,true
2.1156,true,true
0.5808,true,true
5.6179,true,true
11.9145,true,true
1.8146,true,true
11.4320,true,true
1.8709,true,true
8.2331,true,true
1.6448,true,true
1.3308,true,true
1.1330,true,true
7.2486,true,true
1.3116,true,true
2.7229,true,true
1.2709,true,true
3.1387,true,false
1.8807,true,true
1.7671,true,true
1.6650,true,true
7.9560,true,true
1.5184,true,true
3.6685,true,true
1.2667,true,true
2.9030,true,true
5.2966,true,true
2.4059,true,true
14.1570,true,false
5.7786,true,false
8.9980,true,false
5.5467,true,true
3.4821,true,true
31.9319,true,true
11.1491,true,true
4.0643,true,true
3.8649,true,true
1.8651,true,true
2.3142,true,true
1.8374,true,false
1.3497,true,false
1.5547,true,true
1.2580,true,true
0.9873,true,true
2.0413,true,true
2.9322,true,false
7.2850,true,true
1.5487,true,false
10.7504,true,true
7.7193,true,true
2.9325,true,true
6.2687,true,true
0.6726,true,true
13.3543,true,true
14.1640,true,true
3.7420,true,true
1.6031,true,true
11.5236,true,true
14.9553,true,true
9.4230,true,false
1.5861,true,false
7.5387,true,true
10.6650,true,true
1.9274,true,true
5.5099,true,true
0.9001,true,true
1.6607,true,true
1.2660,true,true
0.8870,true,false
1.5849,true,true
1.0682,true,true
2.9316,true,true
8.0449,true,true
5.4452,true,true
4.7770,true,false
1.9653,true,true
9.7834,true,false
6.5380,true,false
2.9583,true,true
7.6852,true,true
1.8321,true,true
1.6804,true,false
9.2439,true,true
1.4481,true,true
20.7087,true,true
2.9174,true,true
1.5354,true,true
1.1619,true,true
1.1097,true,true
0.9984,true,true
7.4692,true,true
3.8242,true,true
7.2539,true,true
7.6442,true,true
10.8340,true,true
2.1691,true,true
0.9279,true,true
9.3277,true,true
2.1526,true,true
1.2421,true,true
3.7312,true,false
0.8301,true,true
3.7450,true,false
1.1540,true,false
5.4728,true,false
10.2823,true,true
2.0705,true,true
6.1410,true,true
4.3014,true,true
1.0551,true,true
7.7911,true,true
1.7642,true,true
3.5976,true,true
7.5744,true,true
3.0924,true,true
1.8187,true,true
8.6857,true,true
4.4082,true,true
4.0037,true,true
2.5585,true,true
4.3237,true,false
12.2289,true,true
1.5306,true,true
4.9925,true,false
9.8575,true,true
0.9180,true,true
3.1603,true,false
2.5529,true,true
8.7462,true,true
2.6698,true,true
1.3277,true,true
1.6014,true,true
1.1819,true,true
2.7681,true,true
5.8943,true,true
10.3812,true,true
1.3778,true,true
1.2840,true,true
8.2344,true,false
8.8714,true,true
7.0428,true,true
1.3169,true,true
1.0845,true,true
0.6288,true,true
12.1076,true,true
1.2251,true,true
4.4519,true,true
0.9331,true,true
8.2178,true,true
4.0653,true,true
1.0945,true,true
4.7948,true,true
8.5614,true,true
0.9773,true,true
2.5635,true,true
3.7596,true,true
10.2429,true,false
4.9822,true,true
32.2347,true,true
2.5820,true,true
8.0755,true,true
1.6446,true,true
7.2277,true,true
11.5774,true,true
2.7299,true,true
1.6313,true,true
2.2886,true,true
3.4235,true,true
0.8858,true,true
1.5563,true,true
20.7284,true,true
7.8881,true,false
4.7815,true,false
2.2903,true,true
0.7745,true,true
1.4537,true,true
1.0878,true,true
2.2704,true,true
1.2688,true,true
5.0083,true,false
4.4114,true,false
1.5075,true,true
0.9842,true,true
1.4907,true,false
2.5433,true,true
9.7783,true,true
1.7021,true,true
15.8736,true,true
0.8675,true,true
12.1180,true,true
2.8152,true,true
17.0035,true,true
5.7599,true,true
13.3934,true,false
1.5428,true,true
2.7596,true,true
9.0239,true,true
20.1880,true,true
21.2314,true,false
2.5475,true,true
13.6390,true,false
1.5731,true,true
29.8339,true,true
8.4931,true,true
19.0520,true,false
29.1111,true,false
23.4987,true,true
2.3550,true,true
15.7232,true,true
2.1747,true,false
2.2496,true,true
0.7774,true,true
1.2239,true,true
0.7810,true,true
1.4355,true,true
1.4124,true,true
2.4362,true,true
2.0308,true,true
3.2974,true,true
0.9192,true,true
13.9647,true,true
17.3168,true,true
2.1011,true,true
1.0151,true,true
1.8880,true,true
21.2584,true,false
1.2404,true,true
5.7280,true,false
1.0025,true,true
0.7122,true,true
8.1684,true,false
2.0948,true,true
14.8252,true,true
12.1380,true,true
2.1626,true,true
16.5779,true,true
4.8606,true,true
11.1528,true,true
1.5840,true,true
8.7498,true,false
6.0433,true,true
3.7094,true,true
2.6644,true,true
1.9123,true,true
5.4748,true,true
10.0480,true,false
2.5761,true,false
1.6730,true,true
1.7933,true,true
1.4700,true,true
1.5888,true,true
1.1887,true,true
4.5645,true,false
1.4830,true,true
1.1232,true,true
0.6601,true,true
5.1521,true,false
4.4290,true,true
1.8203,true,true
1.6627,true,true
1.4414,true,true
1.7851,true,true
2.8902,true,true
1.3991,true,true
1.0751,true,true
4.2576,true,true
3.3342,true,true
1.9364,true,true
3.3135,true,true
0.7489,true,true
1.5959,true,true
1.9695,true,true
7.5387,true,true
1.9762,true,true
5.9193,true,true
1.4612,true,true
8.0635,true,false
1.6693,true,true
9.1284,true,true
6.5100,true,true
3.6817,true,true
2.3843,true,true
0.9382,true,false
1.6461,true,true
4.4846,true,true
1.4832,true,true
5.9353,true,false
1.3508,true,true
1.0395,true,true
1.6274,true,true
1.2572,true,true
0.8788,true,true
1.7739,true,true
5.0248,true,true
2.7370,true,true
1.2672,true,true
0.8635,true,true
1.4887,true,true
5.5244,true,true
2.6761,true,false
7.6760,true,true
1.5434,true,true
12.7742,true,false
22.7918,true,true
11.1824,true,false
10.9998,true,false
1.4234,true,true
8.0299,true,true
1.4851,true,true
8.0265,true,true
1.5569,true,true
1.2463,true,true
2.2615,true,true
8.6128,true,true
4.2708,true,true
1.8328,true,true
8.5468,true,true
3.7220,true,true
1.1694,true,true
1.2211,true,true
27.3613,true,true
3.5531,true,true
1.1972,true,true
14.4978,true,true
8.2892,true,false
1.7916,true,true
2.6256,true,true
1.4065,true,true
9.6674,true,true
5.2369,true,true
8.0113,true,true
1.7962,true,true
5.4905,true,true
0.9054,true,true
1.5961,true,true
1.2742,true,true
3.8670,true,false
1.0597,true,true
1.7500,true,true
4.3440,true,false
1.6379,true,true
7.4822,true,true
5.0894,true,true
1.9928,true,true
9.6991,true,true
2.1916,true,true
0.9241,true,true
4.7800,true,true
4.9348,true,true
1.7967,true,false
14.0895,true,true
3.1168,true,true
10.7398,true,true
1.7538,true,true
23.5649,true,true
2.6947,true,true
4.1126,true,false
2.5517,true,true
12.0703,true,true
1.5541,true,true
9.5695,true,true
3.4568,true,true
11.6118,true,true
3.1720,true,true
15.6974,true,true
28.5393,true,true
0.8369,true,true
12.5342,true,true
0.5778,true,true
1.2018,true,true
0.8104,true,true
1.3207,true,true
0.8530,true,true
1.7283,true,true
6.0466,true,true
1.9291,true,true
1.7066,true,true
11.3704,true,true
5.3777,true,false
0.7652,true,true
1.4423,true,true
1.5801,true,true
8.6116,true,true
0.9562,true,true
7.2641,true,true
5.7622,true,true
2.0678,true,true
0.7213,true,true
13.4088,true,true
8.6364,true,true
3.3056,true,true
9.5866,true,true
1.4995,true,true
7.3485,true,true
2.8029,true,true
1.2096,true,true
2.7096,true,true
1.8004,true,true
2.6825,true,true
2.3479,true,true
1.4729,true,true
6.6377,true,true
2.5792,true,false
1.4584,true,true
4.5872,true,true
1.1361,true,true
0.9638,true,true
4.9327,true,true
5.8593,true,true
2.8786,true,true
1.3899,true,true
2.2385,true,true
0.8306,true,true
4.6106,true,false
1.8364,true,true
3.0325,true,true
3.8105,true,false
3.4976,true,true
1.0590,true,true
4.5805,true,true
1.1011,true,true
1.7374,true,false
4.2866,true,true
1.4379,true,true
6.9431,true,true
2.0828,true,true
6.9892,true,true
1.5399,true,true
1.2018,true,true
7.5729,true,false
0.9351,true,true
3.1458,true,false
2.0623,true,true
6.3061,true,false
1.5618,true,true
27.3333,true,true
0.9170,true,true
1.6126,true,true
1.1538,true,true
0.7962,true,true
8.0227,true,true
11.3223,true,true
3.3041,true,true
6.4394,true,false
23.5655,true,true
3.8908,true,false
8.2113,true,true
3.5837,true,true
1.3317,true,true
1.2858,true,true
25.3881,true,true
2.6336,true,true
1.1871,true,true
0.8766,true,true
2.2583,true,true
0.6498,true,true
1.3461,true,true
1.0880,true,true
0.5088,true,true
1.8545,true,true
2.1074,true,true
2.5891,true,true
1.5649,true,true
1.2246,true,true
0.8068,true,true
3.2729,true,true
1.9566,true,true
4.2000,true,true
9.0085,true,true
1.4651,true,false
6.8846,true,false
5.4632,true,false
4.4124,true,true
2.8808,true,true
1.8353,true,true
4.4011,true,false
1.5668,true,true
11.4425,true,true
3.1757,true,true
2.1583,true,false
3.0201,true,true
1.5641,true,true
1.1550,true,true
0.8783,true,true
7.4777,true,true
2.3228,true,true
6.4777,true,false
7.2964,true,false
1.5207,true,true
5.4149,true,true
9.1258,true,false
2.0464,true,true
3.8712,true,false
2.7453,true,true
5.9411,true,false
4.7307,true,true
1.6078,true,true
1.4797,true,true
6.8485,true,false
0.9859,true,true
1.5128,true,true
1.6963,true,true
1.1679,true,true
4.3150,true,false
5.0238,true,true
1.7317,true,true
11.2457,true,true
5.1950,true,true
15.8697,true,true
0.6999,true,false
3.7407,true,false
2.8430,true,true
8.6258,true,true
1.2121,true,true
7.7228,true,true
2.5981,true,true
2.6019,true,true
4.1365,true,true
3.4923,true,false
1.4036,true,true
1.5728,true,true
2.3112,true,true
11.8807,true,true
2.3601,true,true
1.1357,true,true
22.1497,true,true
17.4087,true,true
11.5770,true,true
3.0349,true,true
3.9502,true,true
1.3721,true,true
3.8777,true,false
2.5511,true,false
2.7787,true,true
1.3306,true,true
1.5680,true,true
1.1851,true,true
0.8381,true,true
2.7164,true,true
1.3417,true,true
1.2056,true,true
1.1693,true,true
0.7646,true,true
9.5123,true,true
0.7038,true,true
4.4497,true,true
4.7195,true,false
2.9442,true,false
4.5759,true,true
1.4917,true,true
4.7648,true,false
2.4265,true,true
0.8264,true,true
1.4544,true,true
3.4692,true,true
0.8071,true,true
1.4189,true,true
1.4708,true,false
8.4142,true,false
1.1318,true,true
5.7268,true,true
9.1208,true,true
1.3245,true,false
0.9285,true,false
3.8013,true,true
1.0950,true,true
2.8650,true,false
1.3581,true,true
1.0887,true,true
8.8565,true,true
5.7347,true,true
1.1190,true,true
0.7577,true,true
9.9974,true,true
10.3220,true,false
2.6967,true,true
18.7546,true,true
13.4321,true,true
2.1861,true,true
12.4196,true,false
10.4649,true,false
1.6811,true,true
1.3603,true,true
1.6791,true,true
6.6890,true,true
9.3663,true,true
7.1486,true,false
4.8809,true,true
1.8575,true,true
1.6170,true,true
1.4228,true,true
4.9045,true,true
1.7916,true,true
10.7148,true,true
1.6691,true,true
2.4793,true,true
1.1882,true,true
9.8768,true,true
0.9229,true,true
2.4248,true,true
5.8685,true,false
1.3591,true,true
1.2825,true,true
1.1260,true,true
4.6352,true,false
0.9831,true,true
2.1249,true,true
1.2320,true,true
0.8559,true,true
1.6186,true,true
1.3008,true,true
11.3696,true,true
4.6711,true,true
3.2502,true,true
2.8534,true,false
2.9314,true,true
1.4985,true,true
2.8568,true,true
1.4297,true,true
1.1321,true,true
1.4583,true,true
6.5928,true,true
1.2711,true,true
5.2207,true,false
0.5859,true,true
1.8015,true,true
5.3360,true,true
1.8577,true,true
2.9326,true,false
3.0499,true,true
9.9909,true,false
1.3953,true,true
6.1642,true,false
2.9331,true,true
1.4752,true,true
9.6885,true,true
0.9255,true,true
3.5391,true,false
1.2842,true,true
1.0376,true,true
1.6728,true,true
6.1648,true,true
6.5805,true,true
5.3215,true,false
1.1609,true,true
6.7184,true,true
4.4682,true,false
3.9799,true,false
0.9064,true,true
2.1389,true,true
0.7097,true,true
4.8464,true,true
11.3954,true,true
8.9884,true,false
1.4492,true,true
7.3683,true,true
7.9166,true,true
14.6246,true,true
3.2193,true,true
25.5390,true,true
9.9382,true,false
0.6967,true,true
7.8715,true,true
1.6142,true,true
1.4589,true,true
11.5252,true,false
10.2885,true,false
1.6725,true,true
3.0874,true,true
10.7984,true,true
1.7593,true,true
1.4078,true,true
1.9388,true,false
1.6953,true,true
1.9733,true,true
5.2319,true,true
10.2195,true,true
1.1179,true,true
1.7525,true,true
5.6954,true,true
3.8428,true,false
1.1082,true,false
5.3616,true,true
9.7959,true,true
1.6544,true,true
7.0595,true,false
1.8578,true,true
1.4138,true,true
1.0311,true,true
4.0269,true,true
1.4150,true,true
1.6440,true,true
1.3453,true,false
1.5334,true,true
1.2071,true,true
0.8294,true,true
1.4715,true,true
1.2065,true,true
0.9391,true,true
1.7144,true,true
6.1675,true,false
4.7376,true,true
7.0649,true,false
10.8528,true,true
1.7383,true,true
3.4199,true,true
12.0302,true,true
3.9522,true,true
1.7102,true,true
1.8160,true,true
1.5254,true,true
25.0033,true,true
0.4769,true,true
0.9917,true,true
1.5089,true,true
1.6778,true,true
1.8040,true,true
3.3076,true,true
6.7180,true,false
2.8147,true,true
6.1002,true,false
3.9001,true,true
1.3571,true,true
11.7185,true,true
1.0158,true,true
4.1811,true,false
1.5232,true,true
1.1148,true,true
0.6896,true,true
4.1702,true,true
1.4355,true,true
1.6910,true,true
1.2094,true,true
3.7552,true,true
13.3008,true,true
1.7613,true,true
1.4000,true,true
1.0641,true,false
2.4135,true,true
0.7783,true,true
3.3885,true,false
0.6867,true,true
3.0087,true,true
3.9752,true,true
7.1103,true,false
1.4231,true,true
1.6244,true,true
10.1526,true,true
6.5231,true,true
1.1270,true,true
8.0201,true,true
1.8376,true,true
9.1215,true,false
1.8058,true,true
8.9511,true,false
3.5116,true,true
0.9401,true,true
4.1290,true,true
1.7108,true,true
1.3708,true,true
0.9546,true,true
1.5990,true,true
1.0631,true,true
0.5151,true,true
4.3278,true,true
7.6304,true,true
6.4099,true,true
4.7478,true,false
1.3579,true,true
5.1444,true,false
2.4985,true,true
2.1820,true,true
9.2404,true,true
2.3124,true,true
17.2770,true,true
1.3693,true,true
6.6882,true,true
3.0019,true,false
1.6206,true,true
3.0010,true,true
1.5738,true,true
1.7828,true,true
1.6020,true,true
1.2769,true,true
15.5673,true,true
11.5339,true,true
4.5789,true,true
1.7110,true,true
7.6637,true,true
13.9778,true,true
12.0670,true,true
4.0557,true,false
1.2286,true,true
2.0173,true,true
5.2898,true,true
9.9798,true,true
3.0872,true,true
3.3934,true,true
5.4075,true,false
3.6726,true,true
1.1383,true,true
0.8938,true,true
3.3029,true,true
0.7349,true,true
1.3809,true,true
0.8879,true,true
1.4273,true,true
2.3071,true,true
2.1647,true,true
0.7134,true,true
4.2644,true,true
1.8872,true,true
7.4285,true,true
0.7452,true,true
4.8938,true,true
5.4964,true,false
1.8985,true,true
6.2614,true,false
0.5138,true,false
1.7896,true,true
7.3708,true,false
4.1655,true,true
8.1388,true,true
4.1910,true,true
2.0810,true,true
0.5533,true,true
1.6983,true,true
2.8344,true,true
11.3275,true,true
3.2089,true,true
0.6060,true,true
1.3147,true,true
0.9072,true,true
2.1418,true,true
3.7622,true,true
1.4813,true,true
1.0744,true,true
1.3777,true,false
3.4103,true,false
0.8406,true,true
1.3259,true,true
0.9544,true,true
1.4884,true,true
5.7835,true,false
1.9566,true,true
6.6700,true,true
4.3616,true,true
5.4109,true,false
2.3411,true,true
0.8895,true,true
3.0106,true,true
8.7567,true,true
18.8839,true,true
3.8914,true,true
1.5237,true,true
18.5553,true,true
1.3858,true,true
12.0609,true,true
3.2516,true,true
6.2361,true,false
0.7636,true,true
4.1855,true,true
10.4444,true,true
4.2930,true,false
1.6087,true,true
10.2133,true,true
3.8409,true,true
1.5434,true,true
6.2215,true,true
10.1246,true,true
3.0108,true,false
2.6447,true,true
1.8188,true,true
2.0487,true,true
5.2117,true,true
8.9794,true,true
1.8719,true,true
1.6077,true,true
6.6103,true,true
0.6967,true,true
4.5935,true,true
1.7091,true,true
3.0094,true,true
4.6484,true,false
4.8575,true,true
1.4779,true,true
6.1107,true,true
1.4856,true,true
1.1757,true,true
1.8640,true,true
2.5164,true,true
10.4830,true,false
3.5622,true,true
19.0926,true,true
3.2133,true,true
0.6784,true,true
13.8777,true,true
2.9930,true,true
1.5149,true,true
1.1440,true,true
11.9926,true,true
1.1743,true,true
0.8216,true,true
2.3599,true,true
1.3953,true,true
1.9199,true,true
9.8423,true,true
3.3973,true,true
0.9421,true,true
10.6378,true,true
0.8751,true,true
1.5836,true,true
1.8431,true,true
2.2098,true,true
2.8097,true,false
1.3376,true,true
3.4761,true,false
0.8163,true,true
2.2100,true,true
1.2951,true,true
11.0934,true,true
7.9015,true,true
2.7701,true,true
3.4900,true,false
3.0608,true,false
2.2410,true,true
1.1906,true,true
0.8867,true,true
1.5439,true,true
1.0557,true,true
1.6620,true,true
1.3870,true,true
1.0215,true,true
1.6087,true,true
4.0297,true,true
3.9099,true,true
3.1455,true,true
0.5935,true,true
3.1517,true,true
0.6384,true,true
2.5839,true,true
4.8330,true,true
3.4957,true,true
2.3993,true,false
1.5517,true,true
1.3418,true,true
2.7513,true,true
1.4482,true,true
3.5217,true,false
10.3288,true,true
1.1620,true,true
1.5157,true,true
27.7599,true,true
1.4518,true,true
6.2419,true,true
1.6146,true,true
1.2064,true,true
0.8085,true,true
1.4693,true,true
1.1150,true,true
0.7042,true,false
1.3926,true,true
1.6794,true,true
4.8845,true,true
1.6404,true,true
5.5343,true,false
1.0047,true,true
6.4441,true,true
0.7394,true,true
1.3824,true,true
1.1450,true,true
6.6397,true,true
1.3018,true,true
5.7614,true,true
1.4396,true,true
1.2352,true,true
0.7597,true,true
1.6146,true,true
2.5867,true,true
12.1896,true,true
1.6034,true,true
12.2033,true,false
1.4242,true,true
4.5504,true,true
1.0698,true,true
1.9134,true,false
5.7372,true,true
2.8138,true,true
10.4057,true,true
7.8547,true,true
2.2369,true,true
15.9647,true,true
3.4944,true,true
18.2611,true,true
15.1737,true,false
12.0822,true,true
4.6682,true,true
1.6416,true,true
11.2010,true,true
1.5279,true,true
1.2367,true,true
15.3984,true,true
2.0986,true,false
5.7124,true,true
1.4053,true,true
1.0589,true,true
1.9617,true,true
5.2269,true,true
7.9698,true,true
3.4393,true,true
1.6144,true,true
5.0149,true,true
15.7097,true,true
0.8342,true,true
3.6946,true,true
12.7722,true,true
0.9199,true,true
25.3594,true,true
4.5267,true,true
1.6422,true,true
14.1798,true,true
10.6502,true,true
1.3354,true,true
3.3948,true,false
6.1307,true,false
3.1985,true,true
3.4329,true,false
1.7458,true,true
4.9912,true,true
3.9429,true,true
7.4865,true,false
1.3268,true,true
3.5397,true,false
0.8719,true,true
1.4934,true,true
2.6443,true,true
1.3677,true,true
4.7191,true,true
1.6190,true,false
2.8385,true,false
1.4965,true,true
2.0572,true,true
17.7216,true,true
1.7726,true,true
8.2135,true,false
5.0661,true,false
2.1340,true,true
4.1680,true,false
1.1473,true,true
0.7884,true,true
1.3767,true,true
3.4561,true,false
2.9249,true,true
7.0954,true,true
1.5635,true,true
1.3375,true,true
5.1490,true,false
1.9407,true,true
2.4762,true,true
14.9431,true,true
3.4005,true,true
11.6101,true,true
1.0776,true,true
0.5819,true,true
1.7196,true,true
1.7096,true,true
11.1053,true,true
9.7418,true,false
1.4091,true,true
1.8068,true,true
10.8322,true,true
33.3942,true,true
2.7572,true,true
6.2026,true,true
4.6252,true,true
3.5608,true,true
1.1852,true,true
8.8406,true,false
2.7253,true,true
1.4283,true,true
7.5847,true,true
2.1998,true,true
3.6173,true,true
8.4256,true,false
3.9650,true,true
5.2096,true,false
0.8067,true,true
7.1520,true,true
2.9986,true,true
3.9689,true,true
2.9030,true,false
6.6177,true,true
10.0604,true,true
1.0515,true,true
3.3278,true,true
1.9082,true,true
1.8363,true,true
2.2521,true,true
11.9800,true,true
10.9784,true,true
5.6370,true,false
1.5953,true,true
16.1718,true,false
15.2801,true,false
3.3337,true,true
0.8221,true,true
11.6670,true,true
15.1431,true,false
25.8065,true,true
6.4082,true,true
1.8294,true,true
8.3686,true,true
0.7588,true,true
8.2268,true,true
5.3425,true,false
3.8209,true,true
1.7001,true,true
1.6425,true,true
5.9415,true,true
1.3230,true,true
15.0803,true,true
2.1925,true,true
1.0472,true,true
0.9307,true,true
1.6189,true,true
1.8814,true,true
1.5355,true,true
6.7018,true,true
2.6615,true,true
1.1741,true,true
1.0575,true,true
2.7181,true,true
4.9120,true,true
14.5528,true,true
17.8272,true,true
1.8663,true,true
26.1986,true,true
3.7941,true,true
11.0880,true,true
18.8174,true,false
11.9459,true,true
3.6058,true,true
5.0780,true,true
21.9751,true,true
1.7995,true,true
46.7604,true,true
23.9838,true,true
2.6159,true,true
1.2966,true,true
11.0021,true,false
33.3117,true,true
20.8991,true,true
18.2980,true,true
2.6685,true,true
17.4767,true,true
20.6530,true,true
4.6834,true,true
10.8277,true,true
24.4768,true,true
15.4681,true,true
50.6645,true,true
19.5900,true,false
30.0923,true,true
15.3079,true,true
35.3212,true,true
52.9525,true,true
15.9954,true,true
1.5105,true,false
11.4411,true,true
25.1872,true,true
22.4701,true,false
20.4820,true,true
1.4954,true,true
8.4618,true,false
19.1425,true,true
1.1150,true,true
4.3139,true,true
17.7057,true,true
11.5218,true,true
0.6590,true,true
1.1952,true,true
0.8960,true,true
3.2061,true,true
0.5643,true,true
1.2139,true,true
0.7280,true,true
1.5469,true,true
8.0614,true,true
2.1879,true,true
0.7216,true,true
5.3362,true,true
0.8398,true,true
5.7433,true,true
1.4577,true,true
6.0646,true,false
18.9247,true,true
0.6961,true,true
1.9751,true,true
1.5943,true,true
1.2259,true,true
0.9373,true,true
4.5517,true,true
2.7003,true,true
3.2433,true,true
13.7948,true,true
4.1001,true,false
2.1297,true,true
6.8553,true,false
3.8041,true,false
1.6892,true,true
6.5569,true,true
16.0453,true,true
0.8739,true,true
2.8744,true,false
1.9945,true,true
19.5749,true,true
1.4286,true,true
3.3888,true,false
0.7077,true,true
1.4027,true,true
3.2330,true,true
4.3560,true,false
1.8405,true,true
1.5949,true,true
6.0521,true,false
1.4309,true,true
6.3206,true,true
4.1259,true,true
7.2734,true,false
1.6843,true,true
1.4073,true,false
19.0453,true,true
3.6309,true,false
10.6412,true,true
1.7246,true,false
9.0406,true,false
1.8257,true,true
8.1746,true,true
15.4687,true,true
3.5096,true,true
3.5490,true,true
2.3773,true,true
1.0310,true,true
4.2873,true,false
3.4789,true,false
2.1698,true,true
5.9842,true,true
1.7690,true,true
2.1165,true,true
2.0087,true,true
5.4575,true,false
4.6935,true,true
1.7687,true,true
5.3579,true,true
1.6966,true,true
1.8996,true,true
6.0312,true,true
1.9191,true,true
2.1175,true,true
9.7353,true,true
16.5096,true,true
1.6884,true,true
5.5619,true,false
0.9771,true,true
1.6123,true,true
1.2805,true,true
0.9341,true,true
1.5408,true,true
2.8930,true,true
10.4137,true,true
4.5368,true,true
2.0620,true,true
6.5879,true,false
0.9209,true,true
4.6698,true,true
1.3703,true,false
7.1433,true,true
1.7134,true,true
5.8650,true,true
1.5871,true,true
7.5324,true,true
3.8688,true,false
13.3952,true,true
0.9848,true,true
2.8514,true,false
1.5471,true,true
4.8874,true,false
2.4533,true,true
7.8978,true,true
17.3067,true,true
1.8019,true,true
19.0363,true,true
16.9056,true,false
13.4448,true,true
1.1625,true,true
32.4522,true,true
7.9023,true,false
5.6596,true,true
5.5043,true,true
3.7399,true,false
9.1238,true,true
4.0684,true,false
3.3386,true,true
1.0902,true,true
0.7187,true,true
1.4624,true,true
2.4608,true,true
2.7067,true,false
5.0183,true,true
14.7054,true,true
9.8099,true,true
4.2087,true,true
14.8498,true,true
3.5621,true,true
1.0273,true,true
1.6536,true,true
1.2846,true,true
2.5928,true,true
4.0110,true,false
6.3634,true,true
2.0524,true,true
8.3293,true,false
5.2220,true,true
0.6494,true,true
1.7810,true,true
1.4652,true,true
1.1036,true,true
3.7478,true,false
0.8554,true,true
17.5066,true,true
10.5778,true,true
3.5358,true,true
9.9664,true,true
9.5639,true,false
6.0094,true,true
1.7118,true,true
4.9874,true,true
1.4961,true,true
2.4731,true,true
8.0323,true,false
1.5785,true,true
2.5193,true,true
18.2155,true,true
12.8327,true,true
0.8251,true,true
4.2464,true,true
0.9686,true,true
22.4463,true,true
7.1871,true,true
3.4497,true,true
1.3230,true,true
4.8444,true,false
1.9472,true,true
1.5679,true,true
1.1687,true,true
1.0138,true,true
5.0978,true,false
2.1377,true,true
9.4810,true,true
1.4399,true,true
9.9458,true,true
1.1230,true,true
0.6010,true,true
1.2572,true,true
1.9927,true,false
5.3502,true,false
4.2257,true,true
1.3806,true,true
1.0744,true,true
4.2804,true,false
1.6112,true,true
1.1523,true,true
1.6644,true,true
1.4417,true,true
9.8433,true,false
1.0410,true,true
5.0736,true,true
2.2816,true,true
2.4560,true,false
1.1213,true,true
1.0855,true,true
0.8537,true,true
16.0109,true,true
4.1948,true,true
1.1154,true,true
3.0871,true,false
3.0590,true,true
1.5878,true,true
1.8326,true,true
4.9967,true,true
1.5127,true,true
1.8742,true,true
5.0027,true,false
1.4880,true,true
1.1790,true,true
4.7980,true,true
3.7325,true,false
2.7405,true,true
1.2706,true,true
3.3413,true,true
7.8305,true,true
5.7891,true,false
1.3445,true,true
6.4799,true,false
0.8779,true,true
4.3567,true,true
8.3655,true,false
0.8293,true,true
4.8086,true,false
10.3386,true,true
3.2138,true,true
0.9259,true,true
12.0171,true,true
15.7666,true,true
6.4069,true,true
19.3198,true,true
0.8482,true,true
24.4655,true,true
4.8735,true,true
3.4415,true,true
0.7678,true,true
1.5382,true,true
1.0337,true,true
2.2347,true,true
2.3582,true,true
6.3607,true,false
1.3368,true,true
2.1194,true,true
0.6376,true,true
11.8286,true,true
1.5678,true,true
1.4046,true,true
5.8142,true,true
1.1374,true,true
0.8264,true,true
3.7251,true,true
2.1710,true,true
1.0108,true,true
9.9498,true,true
5.2760,true,true
2.7626,true,false
1.9262,true,true
2.0207,true,true
0.6097,true,true
1.3656,true,true
1.1121,true,true
1.1030,true,true
0.5439,true,true
1.0777,true,true
0.5599,true,true
1.4774,true,true
6.2711,true,true
0.5847,true,true
1.1047,true,true
2.1771,true,true
8.4092,true,true
2.8116,true,false
1.2928,true,true
1.4924,true,true
1.9188,true,true
1.6664,true,true
8.8308,true,true
4.5332,true,true
1.5755,true,true
1.3048,true,true
2.7761,true,true
7.2436,true,true
1.6519,true,true
7.1707,true,true
1.4411,true,true
1.2917,true,true
5.9861,true,true
1.5392,true,true
1.2585,true,false
0.8834,true,true
1.4255,true,true
2.3145,true,true
1.0093,true,true
1.9945,true,true
3.3532,true,false
0.8621,true,true
5.7009,true,true
5.2912,true,true
19.1500,true,true
0.9534,true,true
2.0509,true,true
21.5269,true,true
18.5312,true,true
41.9383,true,true
2.3642,true,true
3.1673,true,true
1.0708,true,true
17.3328,true,true
1.3230,true,true
0.8129,true,true
3.0568,true,true
2.0505,true,true
1.7877,true,true
1.3922,true,true
7.1523,true,true
8.5136,true,true
5.6603,true,true
12.1054,true,true
2.9894,true,true
1.6220,true,false
1.4797,true,true
5.4661,true,false
2.3188,true,true
2.4394,true,true
2.4933,true,true
6.1516,true,false
4.6235,true,true
1.2956,true,true
14.9718,true,true
2.9621,true,true
10.0071,true,false
2.1886,true,true
0.7416,true,true
10.3346,true,false
1.5713,true,false
2.5240,true,true
2.6144,true,true
2.7253,true,true
7.9112,true,false
3.1774,true,true
4.5198,true,true
1.2240,true,true
6.4365,true,true
0.9153,true,true
22.2001,true,true
1.5284,true,true
2.7534,true,true
16.0750,true,true
1.5996,true,true
13.6348,true,true
17.2382,true,true
3.1270,true,false
3.3458,true,false
0.9601,true,true
2.3130,true,true
1.0482,true,true
6.7394,true,true
2.2035,true,true
0.7463,true,true
1.2460,true,true
3.1376,true,false
0.5042,true,true
1.3850,true,true
2.1854,true,true
2.1736,true,true
1.1543,true,true
0.9209,true,true
3.1618,true,true
0.6736,true,true
1.3240,true,true
24.3825,true,true
1.0225,true,true
1.7035,true,true
1.4543,true,true
1.0980,true,true
4.8861,true,false
1.4479,true,true
6.3885,true,true
1.2906,true,true
0.8202,true,true
1.5244,true,true
2.6999,true,true
1.8141,true,true
9.1564,true,false
18.5170,true,true
3.2944,true,true
15.9081,true,true
7.0698,true,true
10.6071,true,false
1.2510,true,true
14.8233,true,false
1.2503,true,true
9.5871,true,true
0.8115,true,true
4.1007,true,false
3.3085,true,true
1.9788,true,false
1.5956,true,true
1.2703,true,true
0.9017,true,true
3.2010,true,true
10.5521,true,false
2.4856,true,true
1.1535,true,true
13.8399,true,true
8.6337,true,true
1.3568,true,true
3.9255,true,true
1.0070,true,true
1.5840,true,true
1.1679,true,true
0.6995,true,true
5.9691,true,false
1.8697,true,true
5.4132,true,false
1.3953,true,true
3.3820,true,false
0.8321,true,true
2.1161,true,true
0.6700,true,true
1.3421,true,true
0.8881,true,true
1.4881,true,true
3.0554,true,false
1.5492,true,true
1.3116,true,true
5.1291,true,true
1.7541,true,true
1.4870,true,true
5.6209,true,false
1.5367,true,true
6.3223,true,true
0.8196,true,true
5.1008,true,false
10.1376,true,true
4.6760,true,true
1.6980,true,true
10.9724,true,true
1.4485,true,true
1.0803,true,true
7.5169,true,true
2.1536,true,true
1.5868,true,true
5.3156,true,true
3.7078,true,true
1.0534,true,true
1.7369,true,true
1.3427,true,true
1.0934,true,true
1.2898,true,true
6.0356,true,true
1.6461,true,true
5.8046,true,true
1.8239,true,true
1.5647,true,true
5.2848,true,true
2.1079,true,true
1.1627,true,true
0.8177,true,false
3.9481,true,false
1.5151,true,true
1.2791,true,true
0.8048,true,true
1.9602,true,true
1.5538,true,false
5.1394,true,true
1.8543,true,true
12.7847,true,true
10.4724,true,true
8.3638,true,true
0.6920,true,true
8.1440,true,false
6.0979,true,true
4.4609,true,true
1.6392,true,true
5.7530,true,false
3.6282,true,true
1.0887,true,true
2.4024,true,true
0.8350,true,true
1.3686,true,true
4.3540,true,true
1.1619,true,true
1.1011,true,true
0.7208,true,true
4.8228,true,false
16.1435,true,true
2.0754,true,true
6.3721,true,false
0.8276,true,true
4.1985,true,true
0.7069,true,true
1.8483,true,true
1.6840,true,true
5.0016,true,false
1.6419,true,true
5.4814,true,false
2.1131,true,true
3.2072,true,true
6.7069,true,true
0.6457,true,true
8.2951,true,true
15.6897,true,true
7.3453,true,true
1.2817,true,true
17.6128,true,true
3.9137,true,true
1.8214,true,true
12.6753,true,false
19.1826,true,true
0.7076,true,true
2.0349,true,true
3.3719,true,false
0.7922,true,true
1.5317,true,true
4.4704,true,true
2.7056,true,true
1.2844,true,true
3.1479,true,false
3.1462,true,true
4.5386,true,true
1.8036,true,true
9.6685,true,true
2.4981,true,true
1.1761,true,true
0.8503,true,true
8.2361,true,true
2.0878,true,true
8.9549,true,true
3.8684,true,true
1.6099,true,true
5.5917,true,false
0.9209,true,true
3.2336,true,true
0.6527,true,false
1.4055,true,true
2.4535,true,true
1.7612,true,true
8.6718,true,true
0.9958,true,true
19.1904,true,true
1.6535,true,true
1.2761,true,true
4.9250,true,true
1.6422,true,true
2.0952,true,true
0.9057,true,true
10.6473,true,true
3.7428,true,false
0.9532,true,true
1.5790,true,true
1.0509,true,true
0.6528,true,true
1.4659,true,true
5.6836,true,true
4.4403,true,true
1.5703,true,true
1.2849,true,true
5.7683,true,true
6.8689,true,true
10.1127,true,true
4.6865,true,true
1.7817,true,true
7.5145,true,false
1.1226,true,true
4.9137,true,true
1.4700,true,true
1.2329,true,true
1.4594,true,true
1.1349,true,true
0.7980,true,true
2.8639,true,true
1.3822,true,true
1.5560,true,true
1.1785,true,true
0.8831,true,true
5.0371,true,false
2.9279,true,true
2.7626,true,true
1.3910,true,true
1.0574,true,true
0.6381,true,true
1.8463,true,true
1.3742,true,true
3.8246,true,true
1.0629,true,true
0.6361,true,true
1.4632,true,true
2.4640,true,true
13.9269,true,true
1.4801,true,true
4.9271,true,true
9.1023,true,true
3.0582,true,true
1.6094,true,true
20.6007,true,true
1.5558,true,true
1.0938,true,true
2.8111,true,true
2.7616,true,true
5.8727,true,false
1.5325,true,true
5.2667,true,true
1.1750,true,true
1.4932,true,true
5.4984,true,true
9.7093,true,false
6.7918,true,true
5.4826,true,false
3.6795,true,false
0.8810,true,true
3.9768,true,false
1.4381,true,true
1.5519,true,true
3.2016,true,true
1.3941,true,true
14.4397,true,true
8.4340,true,true
0.8510,true,true
1.5135,true,true
1.3782,true,true
6.1820,true,false
1.9325,true,true
10.3758,true,true
1.8742,true,true
13.7599,true,true
5.3042,true,false
0.9825,true,true
5.2363,true,true
2.0532,true,true
2.0338,true,true
6.5010,true,false
7.3399,true,true
7.0906,true,false
1.4942,true,true
8.7654,true,true
5.8049,true,true
1.1662,true,true
0.8085,true,true
1.4390,true,true
2.7746,true,true
2.8886,true,true
3.7438,true,true
1.3636,true,true
1.1605,true,true
6.5513,true,true
1.0333,true,true
0.6349,true,true
6.9988,true,true
1.9755,true,true
1.6441,true,true
10.6967,true,true
2.4484,true,true
4.3735,true,false
13.8909,true,false
2.0338,true,true
14.4463,true,true
6.4964,true,true
7.1072,true,true
1.2996,true,true
4.4555,true,true
14.7263,true,true
0.6216,true,false
4.8126,true,true
1.4292,true,true
8.0037,true,true
5.0108,true,false
1.5221,true,true
5.3090,true,true
8.5987,true,true
1.1750,true,true
8.0866,true,true
1.3811,true,true
10.1245,true,true
2.0502,true,true
9.3610,true,false
1.7623,true,true
7.6952,true,false
2.4776,true,false
2.3272,true,true
0.8342,true,true
3.2695,true,false
3.1087,true,true
0.7003,true,true
1.3086,true,true
0.9487,true,true
1.5123,true,true
1.1574,true,true
1.5892,true,true
6.9891,true,true
1.8497,true,true
4.3928,true,false
1.5651,true,true
1.7603,true,true
1.4667,true,true
2.5372,true,true
4.1877,true,true
6.8846,true,true
1.4261,true,true
5.5146,true,true
3.2441,true,true
0.7256,true,true
1.3861,true,true
1.0811,true,true
0.5129,true,true
1.7984,true,true
1.3322,true,true
0.9452,true,true
2.2673,true,true
10.2522,true,true
7.3023,true,true
2.5660,true,true
3.0628,true,true
1.7375,true,true
2.1219,true,true
0.6318,true,true
1.5443,true,true
6.1214,true,false
3.0696,true,true
2.8396,true,true
6.8625,true,false
1.4284,true,true
1.0938,true,true
0.7757,true,true
1.5089,true,true
2.9414,true,false
1.5021,true,true
1.2315,true,true
0.9675,true,true
4.1452,true,false
3.3003,true,true
0.8634,true,true
2.1711,true,true
0.7449,true,true
8.6578,true,true
3.2350,true,true
1.0927,true,true
7.4520,true,true
2.6397,true,true
1.7247,true,true
2.0881,true,true
12.5642,true,true
0.7051,true,true
26.6740,true,true
1.3743,true,true
4.6853,true,false
1.2298,true,true
4.9870,true,true
2.0634,true,true
6.0191,true,true
9.6725,true,false
1.3273,true,true
1.2279,true,false
1.0500,true,true
4.9922,true,true
1.9085,true,true
1.5255,true,true
6.9504,true,true
1.3351,true,true
10.1502,true,true
7.7651,true,true
7.2814,true,true
1.5065,true,true
3.1096,true,true
2.2909,true,true
0.9771,true,true
1.5736,true,true
17.7035,true,true
4.5990,true,true
2.5944,true,true
2.2758,true,true
1.2085,true,true
10.8229,true,true
16.0066,true,true
2.2473,true,true
3.5896,true,false
0.9169,true,true
2.6136,true,true
6.5796,true,false
1.0290,true,true
5.7474,true,true
16.5497,true,true
11.0624,true,true
6.6311,true,true
16.6232,true,true
1.0781,true,true
6.2237,true,false
2.1771,true,true
3.8577,true,true
1.3695,true,true
4.7934,true,true
1.1658,true,true
1.5609,true,true
1.7569,true,true
7.6288,true,true
1.4673,true,true
15.1845,true,true
3.4988,true,false
0.9764,true,false
1.2896,true,true
7.5758,true,true
3.1817,true,true
19.5597,true,true
12.1980,true,true
3.1724,true,true
10.2935,true,true
3.0285,true,true
20.8297,true,true
6.6184,true,false
3.6200,true,true
10.8434,true,true
3.2891,true,true
0.9769,true,true
5.6768,true,true
0.9919,true,true
2.3686,true,true
3.2255,true,true
0.6285,true,true
3.8027,true,true
3.6869,true,true
1.1071,true,true
1.2973,true,true
1.2908,true,true
5.2278,true,true
0.6459,true,true
4.1330,true,true
4.3118,true,true
1.5297,true,true
1.1410,true,true
3.1193,true,true
2.2235,true,true
1.3759,true,true
1.0138,true,true
1.6612,true,true
5.7330,true,true
1.4682,true,true
1.2826,true,true
5.3993,true,true
1.2612,true,true
26.6477,true,true
12.1865,true,true
6.1506,true,true
9.9017,true,false
0.9864,true,true
17.2683,true,true
2.9847,true,true
6.9165,true,true
1.2450,true,true
2.1564,true,false
0.8026,true,true
11.0105,true,true
6.6386,true,false
3.2152,true,true
6.9505,true,false
2.2111,true,true
2.1195,true,true
2.4420,true,false
0.8415,true,true
1.5008,true,true
1.9716,true,true
10.0596,true,false
1.4490,true,true
6.8576,true,true
1.0138,true,true
1.5859,true,true
1.2845,true,true
5.3507,true,false
9.0001,true,true
6.3452,true,true
1.7473,true,true
6.5559,true,true
4.4352,true,true
1.3102,true,true
1.2657,true,true
18.2880,true,true
1.2533,true,true
0.9334,true,true
7.4127,true,true
0.9945,true,true
4.8143,true,true
1.2856,true,true
2.5316,true,false
1.0515,true,true
2.4306,true,true
3.7034,true,true
1.4081,true,true
11.0495,true,true
8.5092,true,true
0.8436,true,true
1.4572,true,true
10.1315,true,true
3.4600,true,true
1.0798,true,true
0.8533,true,true
7.0541,true,false
4.4081,true,true
2.8688,true,true
1.3836,true,true
0.9009,true,false
1.5711,true,true
2.1570,true,true
10.4616,true,false
2.4845,true,false
10.4724,true,true
5.9406,true,true
2.0340,true,true
7.3558,true,true
2.0478,true,true
1.8199,true,true
1.3814,true,true
4.2169,true,true
4.3156,true,true
2.2316,true,true
1.7994,true,true
7.8486,true,false
1.6770,true,true
4.9772,true,true
9.2522,true,true
1.5144,true,true
9.3009,true,true
36.2898,true,true
11.6315,true,false
2.3994,true,true
1.3234,true,true
12.2174,true,true
9.5339,true,true
0.6974,true,true
1.2765,true,true
3.0895,true,true
1.8120,true,true
7.9749,true,false
3.7578,true,true
2.5056,true,true
5.7918,true,true
1.4654,true,true
1.7019,true,true
1.4740,true,true
6.0493,true,true
5.0562,true,true
16.1584,true,true
1.4326,true,true
6.5370,true,false
2.3613,true,false
4.0984,true,true
2.2666,true,true
1.0040,true,true
5.8351,true,false
3.7394,true,true
1.3360,true,true
5.9134,true,true
1.4071,true,true
1.8326,true,true
1.5581,true,true
1.4141,true,true
1.2740,true,true
27.5441,true,true
4.2070,true,true
4.5012,true,false
5.7566,true,false
2.4557,true,true
1.1015,true,false
0.6826,true,true
10.0819,true,false
1.4590,true,true
6.3507,true,true
0.6302,true,true
1.3721,true,true
1.6260,true,true
5.3468,true,true
2.4421,true,true
9.4646,true,false
0.7075,true,true
3.7644,true,false
1.5695,true,true
5.2603,true,true
0.6164,true,true
4.4104,true,false
0.9235,true,true
3.1206,true,true
1.6677,true,true
1.6789,true,true
6.6989,true,false
1.4192,true,true
1.3139,true,true
5.4336,true,true
3.4329,true,true
1.4258,true,true
1.0916,true,true
5.6883,true,true
2.9394,true,true
1.7609,true,true
1.3340,true,true
8.8315,true,true
1.7474,true,true
9.0352,true,true
1.5275,true,true
14.0577,true,true
7.5796,true,true
1.3616,true,true
1.8378,true,true
11.2303,true,true
1.8578,true,true
15.0289,true,true
5.2494,true,true
1.7235,true,true
1.7053,true,true
21.7621,true,true
20.0237,true,false
4.5447,true,true
46.5984,true,true
5.0471,true,true
4.7145,true,true
31.7780,true,true
3.7024,true,true
3.4918,true,true
0.9582,true,true
9.1897,true,true
9.0319,true,true
1.6596,true,true
44.1322,true,true
2.1533,true,true
10.5941,true,true
15.0903,true,true
2.8705,true,true
1.8095,true,true
1.9422,true,true
4.6573,true,true
3.1975,true,true
3.4353,true,true
0.6863,true,true
1.4121,true,true
1.9618,true,true
1.8088,true,true
8.4786,true,false
0.8440,true,true
1.5216,true,true
2.4466,true,false
1.0168,true,true
5.2210,true,true
8.9402,true,true
8.9777,true,true
5.8848,true,true
2.9170,true,true
1.4981,true,true
1.4997,true,true
6.5415,true,true
11.1682,true,true
2.5543,true,true
9.1983,true,true
1.7778,true,true
3.0246,true,true
13.7526,true,true
1.5694,true,true
2.3574,true,true
0.9347,true,false
2.3320,true,true
1.8713,true,true
1.6755,true,true
1.3933,true,true
3.9149,true,true
20.0280,true,true
7.8668,true,true
2.0754,true,true
2.4462,true,false
2.4874,true,true
6.0114,true,true
1.4483,true,true
1.1108,true,true
0.5691,true,true
4.1575,true,true
1.2344,true,true
1.4310,true,true
1.5380,true,true
8.5725,true,false
1.7067,true,true
1.8601,true,true
1.6941,true,true
1.2803,true,true
5.1781,true,true
2.4239,true,true
24.0497,true,true
1.2105,true,true
10.2517,true,false
13.8260,true,true
1.6672,true,true
2.3237,true,true
11.7530,true,true
37.8242,true,true
2.3810,true,true
1.4365,true,true
4.5694,true,true
4.2986,true,false
4.4834,true,true
3.0896,true,true
6.9182,true,false
1.3403,true,true
1.1043,true,true
7.7774,true,true
0.9841,true,true
6.3932,true,true
4.1226,true,false
2.1298,true,true
6.9016,true,true
10.1277,true,true
1.2973,true,true
0.8691,true,true
3.1697,true,true
0.6292,true,true
1.8315,true,true
1.5270,true,true
1.8266,true,true
1.5121,true,true
1.8002,true,true
2.9617,true,true
1.5917,true,true
5.0681,true,false
1.5975,true,true
5.1807,true,true
9.7335,true,true
0.9984,true,true
7.9156,true,false
1.3963,true,true
11.1639,true,true
4.3796,true,true
12.8994,true,true
1.2491,true,true
0.8836,true,true
9.5368,true,true
6.8203,true,true
3.0241,true,true
6.6000,true,true
5.8865,true,false
2.8856,true,true
6.1691,true,false
1.4509,true,true
1.0282,true,true
2.2633,true,true
2.0414,true,true
6.5747,true,true
4.5381,true,true
1.6871,true,true
1.3711,true,true
6.6354,true,true
0.8112,true,true
1.6046,true,false
5.0036,true,false
1.5524,true,true
1.7461,true,true
1.2566,true,true
15.5814,true,true
13.3916,true,true
10.9858,true,true
1.8523,true,true
24.4199,true,true
22.0439,true,true
1.0350,true,false
11.4167,true,false
15.7104,true,true
2.6600,true,true
1.8335,true,true
15.8080,true,false
44.4417,true,true
14.7371,true,true
0.9279,true,true
7.3051,true,true
1.9977,true,true
8.5066,true,false
0.6989,true,true
5.0466,true,true
3.1929,true,true
0.7078,true,true
6.2568,true,true
0.4652,true,true
1.8973,true,true
9.3743,true,true
3.2069,true,true
1.9128,true,true
5.9668,true,false
3.8594,true,true
1.6812,true,true
2.6856,true,true
1.9111,true,true
10.4304,true,true
3.5568,true,true
9.6138,true,true
3.3474,true,true
1.0330,true,true
7.8397,true,true
3.8125,true,true
1.2105,true,true
3.6433,true,false
0.8014,true,true
4.9068,true,true
2.2433,true,true
0.8732,true,true
10.3382,true,true
1.7572,true,true
1.4243,true,true
1.0031,true,true
2.9002,true,true
3.3109,true,true
1.8458,true,true
1.3129,true,false
0.9051,true,true
1.6382,true,true
2.8517,true,false
1.8876,true,true
1.3441,true,true
3.2139,true,false
2.4599,true,false
10.6787,true,true
2.9283,true,true
11.4865,true,true
3.0544,true,true
19.1448,true,true
3.4892,true,false
1.2256,true,true
2.4448,true,true
6.5038,true,true
6.1088,true,true
1.8113,true,true
5.1921,true,true
1.8927,true,true
1.5197,true,true
1.8737,true,true
5.1234,true,false
1.7592,true,true
1.8603,true,true
4.4504,true,true
1.4659,true,true
0.9537,true,true
1.5203,true,true
3.3994,true,false
0.8582,true,true
1.4071,true,true
0.9578,true,true
1.5526,true,true
1.0547,true,true
1.1051,true,true
1.3291,true,true
8.2961,true,true
3.4839,true,false
0.9061,true,true
9.3256,true,false
4.2213,true,false
1.4998,true,true
2.6261,true,true
1.6414,true,true
1.2826,true,true
0.9689,true,true
3.5039,true,false
3.3547,true,false
0.8540,true,true
1.4431,true,true
4.2817,true,false
5.7103,true,false
3.6806,true,false
1.0098,true,true
3.6147,true,true
1.9622,true,true
1.9949,true,true
6.9842,true,true
2.4610,true,false
1.0748,true,true
4.5618,true,false
1.0347,true,true
1.6936,true,true
2.9389,true,true
1.4693,true,true
2.0472,true,true
6.0445,true,true
9.8624,true,true
3.9225,true,true
1.5225,true,true
4.7355,true,false
2.1131,true,true
0.5034,true,true
1.2024,true,true
0.8052,true,true
2.8017,true,false
2.3796,true,true
1.0385,true,true
9.9838,true,true
2.9362,true,true
3.4506,true,false
1.4598,true,true
1.1681,true,true
3.5426,true,true
1.3583,true,true
5.1347,true,true
1.6773,true,true
1.4307,true,true
4.8946,true,false
3.3800,true,false
1.9424,true,true
10.6593,true,false
8.5789,true,true
3.3266,true,true
0.8629,true,true
1.5388,true,true
2.2129,true,true
5.6189,true,true
0.9684,true,true
2.2642,true,true
1.5127,true,true
6.4350,true,true
9.6981,true,false
16.2109,true,true
4.2235,true,false
1.1834,true,true
3.4203,true,true
0.8466,true,true
5.1146,true,true
1.7346,true,true
8.5475,true,true
16.6289,true,true
1.9225,true,true
9.9474,true,true
1.4689,true,true
8.8762,true,true
1.7424,true,true
1.5406,true,true
1.1992,true,false
10.1714,true,true
4.4103,true,true
1.2919,true,true
2.0564,true,true
12.5223,true,true
4.2963,true,true
5.9127,true,false
5.6977,true,false
1.4389,true,true
1.9757,true,true
10.6698,true,true
2.8212,true,true
1.3226,true,true
0.9399,true,true
1.7519,true,true
2.7046,true,false
9.3663,true,true
1.7418,true,true
3.0645,true,true
2.2683,true,true
8.6692,true,true
6.8999,true,true
3.0151,true,true
1.6062,true,true
12.2936,true,true
9.2020,true,false
1.5500,true,true
2.0444,true,true
8.7336,true,true
1.1830,true,true
9.5597,true,true
2.1608,true,true
5.9493,true,true
4.1537,true,false
1.5433,true,true
1.1731,true,true
8.1128,true,true
4.0327,true,true
1.4921,true,false
2.3126,true,true
0.8640,true,true
3.3777,true,true
0.7846,true,true
1.4576,true,true
1.1468,true,true
0.7119,true,true
7.5073,true,false
4.7386,true,true
9.4488,true,true
1.3529,true,true
8.3451,true,true
2.1500,true,true
1.7457,true,true
2.9338,true,true
3.7108,true,true
1.1461,true,true
1.3819,true,true
1.6286,true,true
1.8114,true,true
6.5841,true,true
4.6836,true,true
1.4367,true,true
5.4852,true,true
3.8910,true,true
3.5737,true,false
0.9856,true,true
1.7507,true,true
1.3751,true,true
1.1359,true,true
0.7266,true,true
1.8529,true,true
4.3544,true,true
2.2334,true,true
3.8379,true,true
10.1192,true,true
2.6149,true,true
9.1989,true,false
1.9978,true,true
3.3089,true,true
5.0030,true,false
2.2659,true,true
14.9123,true,true
3.0040,true,true
9.8510,true,false
16.9914,true,true
9.7107,true,false
7.8185,true,true
1.9519,true,true
3.4147,true,true
11.6058,true,true
1.1445,true,true
5.9825,true,false
1.3228,true,true
1.2449,true,true
0.9267,true,true
8.7353,true,true
1.0660,true,true
2.7281,true,true
1.2330,true,true
2.3423,true,true
1.6498,true,true
8.4316,true,true
3.4712,true,true
4.7686,true,false
2.4748,true,true
2.4056,true,true
0.8472,true,true
1.5093,true,true
1.0840,true,true
4.7843,true,false
1.6729,true,true
2.6013,true,true
5.9202,true,false
2.6851,true,true
1.1599,true,true
10.5040,true,true
2.9683,true,true
7.5857,true,true
5.3236,true,false
4.8059,true,true
1.7478,true,true
8.7267,true,true
1.0262,true,true
0.6326,true,true
5.6801,true,false
0.9818,true,true
1.6290,true,true
4.8551,true,true
3.9332,true,true
10.7106,true,true
2.1041,true,true
12.2350,true,true
3.2378,true,true
6.0662,true,true
5.4698,true,true
4.3327,true,true
1.4479,true,true
1.4740,true,true
5.6199,true,false
1.1243,true,true
0.8500,true,true
1.4500,true,true
1.1012,true,true
0.8201,true,true
5.5552,true,true
1.0119,true,true
7.1457,true,false
1.4693,true,true
2.4149,true,true
9.6921,true,true
7.1559,true,true
2.3013,true,true
3.6459,true,false
3.5224,true,false
0.8223,true,true
6.0555,true,true
9.1821,true,false
4.6032,true,false
3.1609,true,true
4.0852,true,true
1.4357,true,true
1.1294,true,true
0.9113,true,true
14.6748,true,true
1.1979,true,true
0.8380,true,true
4.4956,true,true
2.9691,true,true
3.6522,true,true
3.7899,true,true
1.6902,true,true
1.9394,true,true
11.7567,true,false
5.5382,true,true
9.7533,true,true
0.9234,true,true
3.0678,true,true
0.6238,true,true
1.1804,true,true
0.6709,true,true
2.9735,true,false
2.1324,true,true
0.6066,true,true
1.1846,true,true
0.9294,true,true
1.6921,true,true
1.5524,true,true
7.9640,true,true
1.3915,true,true
1.0141,true,true
3.5404,true,true
0.9683,true,true
4.5606,true,false
1.6360,true,true
4.0516,true,false
1.2698,true,true
0.8402,true,true
1.5180,true,true
4.8628,true,false
1.7616,true,true
6.0181,true,true
1.3733,true,false
0.9721,true,true
1.5759,true,true
1.2514,true,true
0.8616,true,true
1.4837,true,true
2.7109,true,true
1.1204,true,true
0.6182,true,true
1.2238,true,true
0.9333,true,true
5.1963,true,true
3.5011,true,true
7.1127,true,false
2.3667,true,true
5.5701,true,true
0.9218,true,true
2.5758,true,true
2.7488,true,true
7.1434,true,true
1.3285,true,true
0.9395,true,true
1.8666,true,true
2.8046,true,true
9.2182,true,true
1.9422,true,true
1.3995,true,true
1.6212,true,true
1.2749,true,true
9.0859,true,true
1.3325,true,true
0.9963,true,true
1.8188,true,true
6.7337,true,false
0.9314,true,true
3.3164,true,true
7.4372,true,false
1.1321,true,true
5.1140,true,false
1.8171,true,true
1.5982,true,true
8.2400,true,true
3.2497,true,true
0.7158,true,true
1.9318,true,true
1.5807,true,true
6.5065,true,true
0.7313,true,true
4.4325,true,true
11.8841,true,true
1.8608,true,true
19.4458,true,true
10.7427,true,true
1.3993,true,true
1.0277,true,true
1.7091,true,true
16.6196,true,true
1.3949,true,true
2.4883,true,true
1.2439,true,true
4.7519,true,false
1.3931,true,true
7.0032,true,true
4.0691,true,true
10.8105,true,false
2.9634,true,true
10.8323,true,true
1.5563,true,true
3.7298,true,true
1.8027,true,true
1.4198,true,true
1.1763,true,true
5.9662,true,true
1.9901,true,true
3.0644,true,true
9.5342,true,true
1.9115,true,true
5.9282,true,false
7.3053,true,true
1.1598,true,true
9.0165,true,false
7.2851,true,true
2.3308,true,true
7.3361,true,false
1.1125,true,true
4.2949,true,false
0.8931,true,true
2.1036,true,true
1.0069,true,true
1.6810,true,true
1.6606,true,true
5.9806,true,false
2.2967,true,true
1.1791,true,true
5.5550,true,false
0.8875,true,true
1.4652,true,true
1.0368,true,true
2.1737,true,true
1.3542,true,true
14.6441,true,true
12.5625,true,true
1.4289,true,true
1.2760,true,true
10.1717,true,true
2.4771,true,true
16.4843,true,true
5.9279,true,true
4.1317,true,true
11.2489,true,true
1.4911,true,true
4.6574,true,false
3.0647,true,false
7.2700,true,true
1.9632,true,true
7.5959,true,false
4.5675,true,false
1.5740,true,true
1.2186,true,true
5.0946,true,true
1.6667,true,true
1.4562,true,true
5.3321,true,false
0.7052,true,true
1.2330,true,true
5.1723,true,true
3.2153,true,true
2.0004,true,true
1.7604,true,true
1.9801,true,true
6.4756,true,true
2.0373,true,true
7.1132,true,true
3.6045,true,true
1.7805,true,true
2.9896,true,true
9.8031,true,false
2.4409,true,true
1.5919,true,true
1.2451,true,true
2.5095,true,true
1.0830,true,true
3.5788,true,true
2.4602,true,true
2.9978,true,true
3.9424,true,true
3.2467,true,true
2.4591,true,true
1.5030,true,true
1.2124,true,true
3.2191,true,true
3.1675,true,true
1.8797,true,true
14.5129,true,true
5.0911,true,false
1.5920,true,true
7.3526,true,true
0.6622,true,true
6.8033,true,false
1.0495,true,true
2.2047,true,true
3.0200,true,true
1.5154,true,true
1.6232,true,true
3.4421,true,false
0.8649,true,true
1.7626,true,true
8.8630,true,true
3.6136,true,true
9.0611,true,false
3.9892,true,true
2.7676,true,true
1.2415,true,true
0.8732,true,false
2.9263,true,true
1.4219,true,true
1.1003,true,true
0.6773,true,true
1.5203,true,true
5.4850,true,true
9.1971,true,false
1.4304,true,true
2.8561,true,true
2.8601,true,false
1.5566,true,true
4.9268,true,true
1.8678,true,true
5.5859,true,true
1.4450,true,true
11.0394,true,true
1.4360,true,true
2.5746,true,false
1.2515,true,true
5.6081,true,true
2.7024,true,true
2.0241,true,true
5.8458,true,true
5.5783,true,true
9.9123,true,false
1.4383,true,true
18.8242,true,true
1.3288,true,true
17.9108,true,true
1.1746,true,true
1.0733,true,true
18.9904,true,true
6.1313,true,false
4.0185,true,true
2.0586,true,false
12.8587,true,true
1.3250,true,true
20.3220,true,true
6.0514,true,false
1.6811,true,true
2.4797,true,true
1.9906,true,true
15.0650,true,true
13.1051,true,true
1.5889,true,true
2.9401,true,false
7.0046,true,false
4.5141,true,false
2.5463,true,true
3.4763,true,true
1.0941,true,true
1.5135,true,true
1.2994,true,true
1.0652,true,true
0.7457,true,true
6.0627,true,true
1.3890,true,true
2.2863,true,true
0.7821,true,true
1.4465,true,true
5.3919,true,true
0.6874,true,true
1.9102,true,true
10.3097,true,true
3.1859,true,false
6.6613,true,false
2.8736,true,true
1.3721,true,false
0.9531,true,true
1.5902,true,true
1.4376,true,true
9.0176,true,true
8.4443,true,true
4.3411,true,false
1.2798,true,true
8.2547,true,true
1.7231,true,true
1.3118,true,true
1.8456,true,true
6.2180,true,true
3.6627,true,true
1.1132,true,true
2.1850,true,true
8.6739,true,true
6.8049,true,true
1.1353,true,true
3.1918,true,true
26.1558,true,true
1.3080,true,true
15.8211,true,true
11.9888,true,true
2.7402,true,true
1.3033,true,true
1.6033,true,true
8.6800,true,true
2.5546,true,false
1.1033,true,true
1.1684,true,true
0.8611,true,true
3.1661,true,true
2.2218,true,true
0.6890,true,true
1.1499,true,true
5.4115,true,true
9.6678,true,true
4.5798,true,true
1.6700,true,true
2.6571,true,true
3.7119,true,true
1.6898,true,true
2.9964,true,true
4.2802,true,false
1.4674,true,false
1.5201,true,true
6.0966,true,true
1.5056,true,true
1.0970,true,true
2.1801,true,true
0.7173,true,true
3.1045,true,true
0.7756,true,true
4.1948,true,true
2.3222,true,false
0.8081,true,false
1.4788,true,true
7.3517,true,true
1.2411,true,true
5.2442,true,true
0.6803,true,true
3.9040,true,false
4.1271,true,true
3.9030,true,true
1.4169,true,true
2.1473,true,true
12.6052,true,true
2.9787,true,true
2.9607,true,false
1.4953,true,true
3.7709,true,true
7.0437,true,true
17.9292,true,true
3.5542,true,true
16.6463,true,true
14.1553,true,true
4.8599,true,true
8.8128,true,true
1.5931,true,true
4.8102,true,true
2.9924,true,true
5.3177,true,true
18.8131,true,true
28.4894,true,true
2.1392,true,true
10.4979,true,true
1.1231,true,true
10.7023,true,true
8.6212,true,true
0.9900,true,true
9.2357,true,false
1.4480,true,true
2.5092,true,true
9.6153,true,true
3.3879,true,false
1.1485,true,true
2.4654,true,false
1.5911,true,true
1.2879,true,true
0.9047,true,true
8.5094,true,true
3.7593,true,true
2.4348,true,true
8.5283,true,true
3.6860,true,true
2.7822,true,true
8.3069,true,true
2.7919,true,false
2.7267,true,true
2.8035,true,false
3.5880,true,true
1.5507,true,true
5.8861,true,false
10.8190,true,true
1.4467,true,true
2.4623,true,true
0.9501,true,true
3.0979,true,true
3.1161,true,false
3.5654,true,true
1.5917,true,true
15.4464,true,true
1.6846,true,true
1.9364,true,true
20.7788,true,true
3.0872,true,true
17.0011,true,true
7.6145,true,true
5.8776,true,false
38.9304,true,true
2.1549,true,true
7.1807,true,true
1.9029,true,true
7.4012,true,false
1.6291,true,true
1.9187,true,true
1.4863,true,true
2.3354,true,true
1.5243,true,true
10.7241,true,true
5.1568,true,true
2.2786,true,true
1.1111,true,true
0.8179,true,true
4.2913,true,false
2.0853,true,true
0.5486,true,true
1.8483,true,true
1.5284,true,true
4.8635,true,false
1.2133,true,true
5.5978,true,false
4.6316,true,true
1.7755,true,true
10.3090,true,true
1.3230,true,true
0.7869,true,true
1.4173,true,true
0.9530,true,true
2.1130,true,true
4.0057,true,true
3.9435,true,true
2.8124,true,true
6.3122,true,true
0.7194,true,true
16.6759,true,true
1.4528,true,true
4.3964,true,false
6.2139,true,false
10.0460,true,true
1.4853,true,true
5.1632,true,false
1.7074,true,true
1.2891,true,true
9.5653,true,true
4.0922,true,true
19.7953,true,true
26.6118,true,true
24.0527,true,true
2.2318,true,true
18.2620,true,false
6.7637,true,false
1.1031,true,true
14.1741,true,true
1.8317,true,true
1.3395,true,true
3.1373,true,true
10.8664,true,false
2.4147,true,true
0.9301,true,true
12.2453,true,true
3.9937,true,true
4.8007,true,true
1.4631,true,true
17.7846,true,true
16.3510,true,true
0.7744,true,true
8.3370,true,true
0.6360,true,true
1.2566,true,true
1.7170,true,true
3.7567,true,true
10.1046,true,true
1.3163,true,true
2.6630,true,true
1.2687,true,true
2.0785,true,false
2.9534,true,false
1.5242,true,true
5.8232,true,false
1.2444,true,false
0.9997,true,true
1.6090,true,true
1.2891,true,true
4.8453,true,true
2.8932,true,true
2.5211,true,true
5.7422,true,true
3.5580,true,true
0.9420,true,true
6.7128,true,false
3.5336,true,true
9.2432,true,true
25.1829,true,false
23.0831,true,false
16.8950,true,true
22.6636,true,true
4.1836,true,true
1.1246,true,true
0.6768,true,true
10.5622,true,true
13.6900,true,true
0.8506,true,true
7.3626,true,false
1.3729,true,true
8.3072,true,true
7.8942,true,true
1.7541,true,true
3.1814,true,true
2.0497,true,false
2.1181,true,true
1.6942,true,true
19.9951,true,true
1.3587,true,true
11.6452,true,true
1.0803,true,true
4.4259,true,true
11.6310,true,true
15.4138,true,true
5.2365,true,true
2.4924,true,true
1.2133,true,true
14.3874,true,true
14.4414,true,true
2.0315,true,true
2.6330,true,true
6.5011,true,false
3.8596,true,true
2.1148,true,true
6.8979,true,false
1.0168,true,false
1.7465,true,true
28.1713,true,true
4.4700,true,true
1.7436,true,true
5.2380,true,true
2.4269,true,true
1.0753,true,true
4.7314,true,true
1.8542,true,true
1.7276,true,true
2.7546,true,true
1.3620,true,true
3.7845,true,true
8.2448,true,true
2.8276,true,true
2.9710,true,true
1.5948,true,true
1.6849,true,true
7.0825,true,true
1.7003,true,true
1.3145,true,true
1.9790,true,false
1.5752,true,true
2.5261,true,true
5.5131,true,true
1.4559,true,true
6.1941,true,true
1.7833,true,false
16.3991,true,true
1.6528,true,true
1.3540,true,true
2.2500,true,true
1.3461,true,true
7.5215,true,true
3.2432,true,true
2.9529,true,true
2.7946,true,true
1.4679,true,true
4.8024,true,true
14.2983,true,true
1.4567,true,true
1.6532,true,true
33.4684,true,true
4.0648,true,true
16.8630,true,false
15.5318,true,false
1.7243,true,true
15.7822,true,true
1.8425,true,true
10.0119,true,true
8.3427,true,false
14.7217,true,true
29.6648,true,true
1.5831,true,false
11.1716,true,true
4.3782,true,true
1.6323,true,true
17.8820,true,true
2.4550,true,true
12.1979,true,true
52.8532,true,true
2.5172,true,true
1.2016,true,true
3.5504,true,true
1.3626,true,true
1.0402,true,true
1.7266,true,true
1.8169,true,true
4.9499,true,false
1.9180,true,true
7.3636,true,false
10.0067,true,true
0.6373,true,true
6.8976,true,true
4.2212,true,true
2.6366,true,true
1.1728,true,true
0.8210,true,true
1.7121,true,true
6.3580,true,true
2.1941,true,true
0.6022,true,true
1.2219,true,true
0.7663,true,true
2.2103,true,true
1.2524,true,true
7.8488,true,true
1.1925,true,true
2.3436,true,true
3.2399,true,true
0.6405,true,true
1.2370,true,true
0.8624,true,true
3.5667,true,false
0.9201,true,true
2.2105,true,true
5.6008,true,true
2.6945,true,true
2.0916,true,false
13.5195,true,true
10.7769,true,true
4.0248,true,false
3.6918,true,false
1.0079,true,true
1.6770,true,false
3.2447,true,true
0.9808,true,true
8.0435,true,true
2.6035,true,true
9.2655,true,true
20.5602,true,true
2.2119,true,true
0.7858,true,true
3.1345,true,true
0.9449,true,true
2.0333,true,true
3.9251,true,true
3.2623,true,true
12.8370,true,true
1.1028,true,true
5.7622,true,true
3.2481,true,false
0.5962,true,true
1.2147,true,true
2.9661,true,false
7.4552,true,true
5.7845,true,true
2.8851,true,true
1.6893,true,true
7.0142,true,true
1.2295,true,true
2.3913,true,true
0.8479,true,true
1.4832,true,true
2.1845,true,true
0.7426,true,true
1.7369,true,true
1.3598,true,true
1.4126,true,true
1.0185,true,true
2.3116,true,true
3.8642,true,false
6.3140,true,false
1.0793,true,true
6.9125,true,true
10.9799,true,false
3.9570,true,true
9.4906,true,false
1.1229,true,true
1.0114,true,true
9.6118,true,true
16.3140,true,true
13.4532,true,true
2.4020,true,true
0.8322,true,true
1.4487,true,true
9.3388,true,true
6.2816,true,false
0.6848,true,true
5.7020,true,false
10.1844,true,false
1.0513,true,false
15.5088,true,true
2.3798,true,true
0.9039,true,true
4.1307,true,true
7.9969,true,true
3.0930,true,true
2.0848,true,true
2.3845,true,true
2.1130,true,true
2.0416,true,false
13.3517,true,true
3.1371,true,true
0.6357,true,true
20.5624,true,true
4.2396,true,true
2.7188,true,true
1.5677,true,true
1.9988,true,true
10.8662,true,true
1.8890,true,true
1.6235,true,true
1.1461,true,true
1.5097,true,true
1.3316,true,true
8.0836,true,true
8.2488,true,true
4.0192,true,true
1.1849,true,true
7.9338,true,true
1.1808,true,true
0.6979,true,true
7.7137,true,true
6.7225,true,false
2.5426,true,true
3.2764,true,true
17.2395,true,true
7.6794,true,true
1.9426,true,true
20.7265,true,true
12.4641,true,true
2.5653,true,true
8.8762,true,true
1.1447,true,true
0.8712,true,true
2.1338,true,true
1.3384,true,true
0.9553,true,true
1.8413,true,true
23.7742,true,true
7.6870,true,true
2.3041,true,true
9.5500,true,true
1.0490,true,true
4.4757,true,true
10.8540,true,true
2.7008,true,true
1.7729,true,true
2.3322,true,true
6.4530,true,true
4.9760,true,true
6.1722,true,true
4.2805,true,true
3.1243,true,false
3.2496,true,false
0.6268,true,true
16.9371,true,true
0.9665,true,true
2.2297,true,true
3.2470,true,true
0.9034,true,true
2.3999,true,true
0.8749,true,true
1.5950,true,true
4.9778,true,false
1.5049,true,true
1.1363,true,true
2.9056,true,false
1.5120,true,true
1.1842,true,true
7.5810,true,true
3.9393,true,true
8.2531,true,true
3.9592,true,true
3.6660,true,true
2.5983,true,true
1.4598,true,false
2.6332,true,true
10.7049,true,true
1.3652,true,true
15.7685,true,true
0.6136,true,true
3.2577,true,true
2.4227,true,true
2.8451,true,true
1.8672,true,true
12.5950,true,true
0.8784,true,true
1.6636,true,true
4.2945,true,false
1.4011,true,true
1.2890,true,true
5.4710,true,false
0.9452,true,true
2.0178,true,true
2.4101,true,true
0.9498,true,true
1.5850,true,true
1.7669,true,true
2.1194,true,true
7.2453,true,false
1.6923,true,true
1.9044,true,true
7.4153,true,false
4.6480,true,false
1.6273,true,true
2.5550,true,true
4.7852,true,true
2.2145,true,true
0.9848,true,true
4.2177,true,false
0.8695,true,true
13.6737,true,true
0.8045,true,true
1.6912,true,true
7.6017,true,true
2.7623,true,true
3.1728,true,true
0.7823,true,true
2.8234,true,false
2.8264,true,true
1.6508,true,true
4.7840,true,true
1.3530,true,true
1.4877,true,true
1.8543,true,true
1.6066,true,true
1.2971,true,true
2.0396,true,true
0.9084,true,true
13.6134,true,true
1.5139,true,true
2.9484,true,true
1.8903,true,true
1.4983,true,true
9.0050,true,true
3.2754,true,true
0.9691,true,true
1.8451,true,true
1.5068,true,true
1.0372,true,true
2.4614,true,true
0.9928,true,true
5.4574,true,false
7.7768,true,true
1.6050,true,true
7.7192,true,true
1.8609,true,true
21.4359,true,true
4.5312,true,false
2.5247,true,true
2.4532,true,true
1.6955,true,true
1.4455,true,true
1.2114,true,true
0.8945,true,true
1.6083,true,true
1.3582,true,true
1.4176,true,true
1.2028,true,true
1.0630,true,true
0.8605,true,true
16.9235,true,true
1.0166,true,true
6.5314,true,true
0.8625,true,false
8.2482,true,true
0.9384,true,true
9.2949,true,true
6.6598,true,true
4.1474,true,true
1.1341,true,true
0.7771,true,true
4.5652,true,false
1.9637,true,true
8.7750,true,true
1.3097,true,true
6.1857,true,true
2.9833,true,true
1.5587,true,true
1.2987,true,true
10.9455,true,true
1.1988,true,true
0.7881,true,true
3.7618,true,true
1.4017,true,false
1.2627,true,true
5.2614,true,true
0.6236,true,true
2.5332,true,false
0.9508,true,true
3.1182,true,true
2.3693,true,true
5.5596,true,false
0.9993,true,true
1.5834,true,false
1.6861,true,true
9.3947,true,false
0.6453,true,true
7.0703,true,false
1.3519,true,true
1.2699,true,true
1.9884,true,true
8.5541,true,true
0.9560,true,true
1.7259,true,true
1.4957,true,true
1.6564,true,true
17.7611,true,true
14.7515,true,false
3.9413,true,true
11.9717,true,true
2.7000,true,true
1.6536,true,true
22.5622,true,true
7.0627,true,false
1.3406,true,true
1.5597,true,true
1.2445,true,true
4.6946,true,false
2.1531,true,true
0.6223,true,true
1.8908,true,true
8.5603,true,true
12.3791,true,true
6.4619,true,true
1.2996,true,true
3.2594,true,false
2.8424,true,true
1.4657,true,true
1.5035,true,true
6.8014,true,true
1.2363,true,true
4.4511,true,false
0.9934,true,true
12.4664,true,true
0.6496,true,true
1.2469,true,false
1.2375,true,true
4.5250,true,true
7.9043,true,false
11.3839,true,true
17.6338,true,true
1.8780,true,true
7.0187,true,false
1.3024,true,true
3.0844,true,true
1.8228,true,true
4.4037,true,true
1.5682,true,true
1.8813,true,true
12.4167,true,true
2.0492,true,true
3.3662,true,true
1.2695,true,true
24.1548,true,true
0.6892,true,true
1.2064,true,false
3.1215,true,true
1.8193,true,true
10.7709,true,true
1.4350,true,true
1.1941,true,true
1.0032,true,true
5.3250,true,true
0.6672,true,true
1.3877,true,true
1.0612,true,true
4.7815,true,false
1.5099,true,true
7.7634,true,false
6.4942,true,true
0.9929,true,true
6.1438,true,true
1.6242,true,true
6.7125,true,true
3.7972,true,true
7.0120,true,true
3.3597,true,true
2.3665,true,true
3.7064,true,true
0.9312,true,true
1.4901,true,true
1.6864,true,true
1.3129,true,true
1.7925,true,true
5.2663,true,false
0.5183,true,true
3.2983,true,true
0.7490,true,true
1.2715,true,true
0.8378,true,true
1.4639,true,true
0.9881,true,true
1.5866,true,true
1.2099,true,true
1.5747,true,true
6.1314,true,true
4.0913,true,false
1.4365,true,true
2.3428,true,true
0.9175,true,true
3.2846,true,true
1.1810,true,true
0.7997,true,true
1.4027,true,true
3.1780,true,true
6.4159,true,true
2.6592,true,true
1.9703,true,true
2.4111,true,true
1.2420,true,true
5.0749,true,true
3.1567,true,true
1.3488,true,true
2.7686,true,true
10.9284,true,true
2.0828,true,true
8.8698,true,true
1.6677,true,true
6.5828,true,true
0.7670,true,true
1.4083,true,true
0.8741,true,true
1.5221,true,true
1.0164,true,true
1.6751,true,false
1.3102,true,true
1.5906,true,true
4.8263,true,false
2.9412,true,false
10.4372,true,true
5.7336,true,true
4.6240,true,true
23.3371,true,true
1.6403,true,true
22.4515,true,true
16.6673,true,true
4.2062,true,true
1.5511,true,true
20.7837,true,true
13.6255,true,true
1.5702,true,true
1.1838,true,true
2.5710,true,false
2.8218,true,true
2.8382,true,true
1.3344,true,true
1.5084,true,true
4.7315,true,true
8.7720,true,false
13.9561,true,true
1.3166,true,true
9.9892,true,true
4.2999,true,true
3.5197,true,true
8.2276,true,true
19.0569,true,true
3.9403,true,true
0.8939,true,true
17.9991,true,true
2.5536,true,true
4.9037,true,false
1.3099,true,true
6.3532,true,true
1.4948,true,true
7.1905,true,true
1.6545,true,true
5.0874,true,true
3.2033,true,true
1.9674,true,true
2.0313,true,true
1.7837,true,true
8.7221,true,false
1.0810,true,true
5.3122,true,true
2.8716,true,false
1.3558,true,true
4.0089,true,false
1.7859,true,true
7.5096,true,false
1.2854,true,true
5.3145,true,false
2.7212,true,false
1.2831,true,true
1.4394,true,true
1.0123,true,true
1.6697,true,true
1.1627,true,false
0.6429,true,true
1.4006,true,true
0.9907,true,true
1.4588,true,true
7.2835,true,true
1.6401,true,true
6.7067,true,false
1.2102,true,true
4.7015,true,false
4.4601,true,true
2.6351,true,true
1.1951,true,true
2.4168,true,true
1.0584,true,true
4.1469,true,true
1.8033,true,true
3.8370,true,true
3.4917,true,false
0.8678,true,true
1.7851,true,true
7.2934,true,true
2.2803,true,true
5.6914,true,false
12.2439,true,true
10.2759,true,true
1.4410,true,true
1.1281,true,true
0.7545,true,true
4.4869,true,false
1.1420,true,true
1.0066,true,true
2.1951,true,true
2.2321,true,true
0.9403,true,true
16.4713,true,true
1.4057,true,true
3.3067,true,false
1.0416,true,true
6.0564,true,false
1.8542,true,true
2.1329,true,true
8.6795,true,true
1.0518,true,true
1.8253,true,true
10.4060,true,true
5.8687,true,true
2.7816,true,true
13.0950,true,true
10.4772,true,false
1.1369,true,true
1.0466,true,true
5.2282,true,true
6.5815,true,false
1.6753,true,true
13.3064,true,true
7.2999,true,true
1.8809,true,true
1.7180,true,true
1.3082,true,true
1.5473,true,true
1.8235,true,true
1.4055,true,true
4.7233,true,false
1.1383,true,true
1.3301,true,true
0.9993,true,true
13.2278,true,false
2.4045,true,true
0.8663,true,true
5.0812,true,true
2.0712,true,true
3.1145,true,true
4.1806,true,false
4.5717,true,true
2.2892,true,true
5.4330,true,false
0.8884,true,true
1.4674,true,true
6.4423,true,true
5.7233,true,false
5.3058,true,false
1.1905,true,false
0.9391,true,true
4.4119,true,false
12.3025,true,true
2.0656,true,true
3.7064,true,true
8.3577,true,true
2.2413,true,true
12.0899,true,true
3.4996,true,true
10.5290,true,false
1.1550,true,true
0.9603,true,true
5.4057,true,false
1.5128,true,true
1.2037,true,true
3.3345,true,true
0.7779,true,true
1.3572,true,true
1.0921,true,true
6.1743,true,true
1.0839,true,true
7.3764,true,true
4.2591,true,true
2.1401,true,true
1.0313,true,true
7.8002,true,true
3.3866,true,true
1.0631,true,true
7.0181,true,true
1.3735,true,true
7.7227,true,true
11.1370,true,false
14.3139,true,false
2.0144,true,true
5.5178,true,true
2.2857,true,true
22.2795,true,true
0.8774,true,true
1.5349,true,true
1.1052,true,true
0.7560,true,true
4.3065,true,true
0.7754,true,true
1.4849,true,false
7.3597,true,true
5.5383,true,true
1.8909,true,true
16.6248,true,true
10.6195,true,true
1.5329,true,true
1.1244,true,true
1.5535,true,true
8.7549,true,true
22.5950,true,true
1.2311,true,true
1.2109,true,true
14.0203,true,true
1.4944,true,true
7.1639,true,true
1.3153,true,true
14.0509,true,true
1.0598,true,true
0.6521,true,true
5.6033,true,true
2.6919,true,true
2.8541,true,false
1.3497,true,true
0.8980,true,true
4.0302,true,true
1.3319,true,true
2.4361,true,true
1.1632,true,true
9.4549,true,true
3.4138,true,true
9.0865,true,true
1.2920,true,true
5.0660,true,true
1.4875,true,true
2.6381,true,true
1.7994,true,true
1.6878,true,true
5.5248,true,false
1.5186,true,true
5.0946,true,true
1.6102,true,true
1.9853,true,true
3.2017,true,true
0.9383,true,true
1.8306,true,true
7.2665,true,true
1.4383,true,true
1.0874,true,true
0.5572,true,true
1.0339,true,true
2.4701,true,true
0.9708,true,true
1.4739,true,true
4.4327,true,true
1.5441,true,true
5.5702,true,false
3.1651,true,true
0.6374,true,true
11.8838,true,true
15.5470,true,true
6.2685,true,true
12.0833,true,true
3.6715,true,true
3.6333,true,true
2.4443,true,true
16.9461,true,true
10.1687,true,true
36.2698,true,true
9.2323,true,false
6.9024,true,true
3.9584,true,true
5.1089,true,true
1.8220,true,true
1.5509,true,true
8.0078,true,true
1.4783,true,true
2.7842,true,true
2.8983,true,true
1.5481,true,true
4.5810,true,false
2.7022,true,true
1.1545,true,true
2.6046,true,true
1.0632,true,true
2.3281,true,true
0.8097,true,true
2.8021,true,true
2.7480,true,true
14.6747,true,true
0.9672,true,true
6.2768,true,true
0.6757,true,true
17.5736,true,false
8.2206,true,true
5.6177,true,true
1.0505,true,true
1.6593,true,true
5.7508,true,true
1.3779,true,true
1.3008,true,true
10.8100,true,true
1.4376,true,true
1.1018,true,true
5.2421,true,false
2.0167,true,true
5.7038,true,false
8.3120,true,true
10.4301,true,true
2.0140,true,true
6.4304,true,true
10.0873,true,true
0.7494,true,true
2.9256,true,true
2.7418,true,true
1.1162,true,true
1.7576,true,true
2.0372,true,true
9.0645,true,true
2.0760,true,true
9.7329,true,false
3.6611,true,true
0.9245,true,true
1.6678,true,true
3.0390,true,true
2.1998,true,true
0.9901,true,true
6.8643,true,true
3.4561,true,true
1.1041,true,true
5.8446,true,true
4.9309,true,false
8.2801,true,true
1.6507,true,true
5.0418,true,false
5.3610,true,true
2.7068,true,true
15.9929,true,false
0.8033,true,true
1.4357,true,true
1.1360,true,true
0.7221,true,true
1.4793,true,true
5.1953,true,false
0.5117,true,true
1.0930,true,true
0.6430,true,true
5.1900,true,true
4.2049,true,true
1.2525,true,true
1.7268,true,true
8.9950,true,false
1.1465,true,true
0.8152,true,true
1.3091,true,true
0.9169,true,true
1.6051,true,false
1.2174,true,true
0.8360,true,true
2.6272,true,true
6.0838,true,false
11.9885,true,false
25.2891,true,true
0.9161,true,true
5.6000,true,true
2.6942,true,true
1.2087,true,true
0.8088,true,true
1.4278,true,true
0.8872,true,true
1.3706,true,true
2.6311,true,true
1.0069,true,true
1.4901,true,true
2.1456,true,true
0.7851,true,true
4.3385,true,false
10.7563,true,true
1.0985,true,true
1.4834,true,true
1.0024,true,true
4.1980,true,true
0.8367,true,true
5.3791,true,true
1.6260,true,true
1.9350,true,true
11.7550,true,true
1.2366,true,true
12.4788,true,true
1.5728,true,true
3.3907,true,false
4.1260,true,true
6.4397,true,false
2.3695,true,false
5.7467,true,false
1.2981,true,true
7.7788,true,true
1.0925,true,true
8.7119,true,false
1.8238,true,true
5.0149,true,true
8.9964,true,true
1.2957,true,true
0.9329,true,true
3.3258,true,false
3.8153,true,true
1.1932,true,true
2.0169,true,true
7.8880,true,true
11.7628,true,false
3.9780,true,true
1.2906,true,true
0.9818,true,true
2.2211,true,true
1.0429,true,true
6.9984,true,true
4.0172,true,true
4.3065,true,true
2.0994,true,true
20.9670,true,true
1.2621,true,true
1.0481,true,true
0.7897,true,true
3.0384,true,false
10.3878,true,true
3.2101,true,false
8.1467,true,true
3.2607,true,true
1.7705,true,true
1.3272,true,true
11.3978,true,true
1.1625,true,true
1.0968,true,true
5.3852,true,true
14.9385,true,true
13.0010,true,true
1.5135,true,true
1.0946,true,true
7.7705,true,true
2.7778,true,true
2.5534,true,true
2.6685,true,true
2.6733,true,true
3.3384,true,true
0.9410,true,true
6.1468,true,true
1.5915,true,true
1.3043,true,true
2.4217,true,true
1.0175,true,true
1.2407,true,true
1.0536,true,false
1.7828,true,true
2.3407,true,true
15.1934,true,true
1.4758,true,true
7.1373,true,true
1.8294,true,false
5.1493,true,true
1.6320,true,true
10.3089,true,true
15.2704,true,true
9.1370,true,true
6.2229,true,true
6.3682,true,true
1.6844,true,true
12.8511,true,true
6.6362,true,true
4.9818,true,false
1.6688,true,true
5.3657,true,false
2.6207,true,true
1.2066,true,true
3.1357,true,true
6.3237,true,true
0.5471,true,true
1.8927,true,true
5.3008,true,false
1.5193,true,true
1.2587,true,true
0.9501,true,true
1.7421,true,true
5.4165,true,true
3.2476,true,true
1.8490,true,true
3.9321,true,true
2.8571,true,true
1.9907,true,true
6.5380,true,false
1.1686,true,true
0.9516,true,true
1.5480,true,true
3.0619,true,true
1.6324,true,true
3.7453,true,true
4.1555,true,false
1.7902,true,true
6.0695,true,true
5.1225,true,true
2.6352,true,true
1.6156,true,true
1.3498,true,true
1.7218,true,true
1.3415,true,true
1.3688,true,true
8.3110,true,true
9.8166,true,true
1.7580,true,true
5.5767,true,false
2.8027,true,true
1.4250,true,true
2.9880,true,true
7.1136,true,true
26.3677,true,true
1.6221,true,true
6.2046,true,true
3.0668,true,false
6.9923,true,true
1.9066,true,true
5.4564,true,true
9.1859,true,false
7.6847,true,true
1.7438,true,true
1.3343,true,true
8.0156,true,true
1.4209,true,true
2.3204,true,true
5.5392,true,true
1.3293,true,true
5.4990,true,false
0.8714,true,true
1.5059,true,true
1.0202,true,true
1.5357,true,true
1.2058,true,true
2.2135,true,true
10.8243,true,true
1.5931,true,true
5.3736,true,false
2.2076,true,true
0.9274,true,true
4.3647,true,false
3.2461,true,false
4.1432,true,false
2.4458,true,true
1.5334,true,true
9.6944,true,true
3.6382,true,false
6.8135,true,true
3.7130,true,true
1.8885,true,true
1.5890,true,true
8.4690,true,true
3.6874,true,true
1.7934,true,false
1.5772,true,true
1.3349,true,false
1.5448,true,true
7.9478,true,true
2.5257,true,true
1.0825,true,true
3.9475,true,true
7.4992,true,false
10.7773,true,true
14.8118,true,true
2.3998,true,true
5.8123,true,true
13.8166,true,false
6.5267,true,true
3.4666,true,true
10.1831,true,false
18.2094,true,true
1.2929,true,true
6.8314,true,false
10.1646,true,true
4.1342,true,false
48.0457,true,true
1.0283,true,true
6.2786,true,false
3.5843,true,true
0.9722,true,true
1.5684,true,true
1.3861,true,true
5.1254,true,true
3.2832,true,true
8.5740,true,true
2.5170,true,true
0.9267,true,true
3.3748,true,true
1.3925,true,true
2.6569,true,true
1.2688,true,true
2.5566,true,true
1.2647,true,true
5.5762,true,false
1.6293,true,true
1.0933,true,true
2.1261,true,true
5.0336,true,false
12.3779,true,true
5.2187,true,false
1.1588,true,true
8.2215,true,false
11.4890,true,true
5.2849,true,true
18.1474,true,true
2.1508,true,true
1.0835,true,true
7.8107,true,true
4.3391,true,true
1.8694,true,true
1.4892,true,true
1.2700,true,true
2.3987,true,true
1.0368,true,true
9.0706,true,true
2.6570,true,true
2.0566,true,true
8.8681,true,true
12.9524,true,false
0.9737,true,true
3.3677,true,true
3.1742,true,false
0.5340,true,true
2.8049,true,true
3.1688,true,true
2.1252,true,false
0.7813,true,true
2.3141,true,true
5.6449,true,false
2.2230,true,true
0.6224,true,true
1.1641,true,true
0.7103,true,true
2.9770,true,true
4.3199,true,true
1.7184,true,true
1.2965,true,true
0.8348,true,true
1.6423,true,true
2.9019,true,true
5.8467,true,true
1.7106,true,true
11.5904,true,true
1.7042,true,true
8.7571,true,true
1.0913,true,true
0.8470,true,true
5.2205,true,false
34.0972,true,true
1.3295,true,true
0.9963,true,true
10.2407,true,true
2.0223,true,true
10.2693,true,true
5.3269,true,true
2.7543,true,true
3.0179,true,true
15.8482,true,true
1.6677,true,true
8.5456,true,true
3.1642,true,true
0.6737,true,true
6.1482,true,true
1.5864,true,true
5.9753,true,false
2.5056,true,true
6.2021,true,true
1.6669,true,true
2.1495,true,true
15.7271,true,true
2.1514,true,true
5.4753,true,true
25.4091,true,true
13.5161,true,false
21.0356,true,true
45.1900,true,true
1.9278,true,true
3.5904,true,true
28.3271,true,true
4.9323,true,true
2.7456,true,false
28.9790,true,true
26.0483,true,true
1.9393,true,true
7.0774,true,true
25.8877,true,false
23.6329,true,true
4.3353,true,true
35.3043,true,true
4.5529,true,true
1.0550,true,true
5.1228,true,true
2.5642,true,true
1.0577,true,true
7.3424,true,true
0.7147,true,true
6.9444,true,true
1.2128,true,true
2.1121,true,true
1.3185,true,true
0.9839,true,true
1.6451,true,true
3.7172,true,true
1.3667,true,true
4.9088,true,false
3.7359,true,false
3.9930,true,false
1.2464,true,true
1.3124,true,true
1.0913,true,true
5.6303,true,true
5.8423,true,true
4.0241,true,true
1.7893,true,true
4.4332,true,false
1.7339,true,true
19.0848,true,true
3.4611,true,true
1.8320,true,true
1.4373,true,true
15.9093,true,true
6.3112,true,true
4.9946,true,false
1.8297,true,true
5.2231,true,true
2.8353,true,true
5.9892,true,true
1.3267,true,true
0.9358,true,true
2.9757,true,true
1.5142,true,true
8.9656,true,true
3.7267,true,true
7.9429,true,false
3.6251,true,false
1.0566,true,true
0.8598,true,true
7.1999,true,true
2.5316,true,true
6.0323,true,false
4.0452,true,true
3.2980,true,false
2.2936,true,true
1.3189,true,true
11.4146,true,true
1.8902,true,true
8.0491,true,true
26.8020,true,true
8.3715,true,false
4.5771,true,false
9.0780,true,true
5.0968,true,true
3.2368,true,true
0.7325,true,true
1.3698,true,true
1.4756,true,true
1.1325,true,true
0.7204,true,false
1.3611,true,true
1.0275,true,true
1.6447,true,true
4.6768,true,true
1.6120,true,true
1.8201,true,true
3.2935,true,true
0.7169,true,true
3.4089,true,false
1.2996,true,true
2.9821,true,true
4.0997,true,true
5.3730,true,true
1.2740,true,true
4.6740,true,false
3.4251,true,true
9.9549,true,true
2.7931,true,true
5.9841,true,false
1.6385,true,true
17.4452,true,true
1.4749,true,true
1.0813,true,true
0.6808,true,true
6.5326,true,true
1.0762,true,true
0.7958,true,true
8.4863,true,true
0.7901,true,true
5.7170,true,true
6.3516,true,true
25.6194,true,true
10.0061,true,true
13.6204,true,true
4.2660,true,true
25.3031,true,true
4.1120,true,true
1.3787,true,true
1.0941,true,true
0.7519,true,true
26.2417,true,true
4.9025,true,false
8.0615,true,true
7.7597,true,false
5.2719,true,true
15.6751,true,true
3.5976,true,true
1.0600,true,true
2.7380,true,false
6.7491,true,true
5.8318,true,true
3.8095,true,true
7.9710,true,true
11.2293,true,true
2.5897,true,true
1.5801,true,true
2.0380,true,true
2.1494,true,true
2.6938,true,true
24.1702,true,true
29.9153,true,true
2.7872,true,true
15.6148,true,true
6.8393,true,false
4.6469,true,true
16.4748,true,true
1.1291,true,true
6.3449,true,true
4.3149,true,true
4.4819,true,true
1.4634,true,true
8.3346,true,true
14.6584,true,true
0.6634,true,true
1.2826,true,true
3.8380,true,true
0.9393,true,true
2.1855,true,true
2.1040,true,true
0.5769,true,false
1.0795,true,true
0.6261,true,true
1.9918,true,true
1.6045,true,true
9.3015,true,false
13.0594,true,true
7.8340,true,true
1.7405,true,true
9.0385,true,true
12.4529,true,true
3.0988,true,true
2.8184,true,true
1.6072,true,true
5.3552,true,true
0.7419,true,true
7.9412,true,true
3.9026,true,true
1.3791,true,true
5.7024,true,true
2.9613,true,true
1.5024,true,true
1.1932,true,true
7.3939,true,true
1.5660,true,true
5.5551,true,true
4.7960,true,true
2.0175,true,true
2.2112,true,true
8.4965,true,true
7.3539,true,false
0.6531,true,true
5.4533,true,true
2.5017,true,true
4.4171,true,true
8.2674,true,false
5.1480,true,false
4.3897,true,true
1.9323,true,true
10.0822,true,true
1.2766,true,true
4.4203,true,false
3.1809,true,false
4.8292,true,true
2.9524,true,true
10.7596,true,true
1.5096,true,true
17.0667,true,true
1.0463,true,true
4.1820,true,true
1.5034,true,true
1.1476,true,true
1.4922,true,true
1.4808,true,true
8.7377,true,false
1.3122,true,true
9.9787,true,false
0.8742,true,true
3.0016,true,true
1.8838,true,true
1.9336,true,true
9.0238,true,true
1.2004,true,true
1.2249,true,true
4.0158,true,true
1.0849,true,true
8.2188,true,true
1.6742,true,true
1.3040,true,true
0.9392,true,true
4.5087,true,true
9.3464,true,false
2.4214,true,true
5.9700,true,false
8.0184,true,true
6.4318,true,false
0.8164,true,true
6.1471,true,true
2.7453,true,true
4.3617,true,true
1.7882,true,true
5.5143,true,true
2.8766,true,true
3.0508,true,false
2.8391,true,false
1.8198,true,true
6.4720,true,false
0.8590,true,true
1.3927,true,true
1.6727,true,true
2.8785,true,true
2.0208,true,true
7.3137,true,false
1.5904,true,true
1.4206,true,true
4.8676,true,false
1.4062,true,true
1.0499,true,true
1.5632,true,true
3.7385,true,false
1.1277,true,true
0.6888,true,true
1.2900,true,true
1.5076,true,true
6.5593,true,true
0.8987,true,true
10.5607,true,false
6.6831,true,true
4.9313,true,true
1.7250,true,true
1.9396,true,true
1.7924,true,true
2.1305,true,true
8.9401,true,true
4.3487,true,true
1.1369,true,true
29.6411,true,true
2.5377,true,true
1.0732,true,true
11.2462,true,false
1.5130,true,true
4.8412,true,false
7.0802,true,false
2.1716,true,true
1.1724,true,true
7.7942,true,true
2.7340,true,true
1.8861,true,true
1.5593,true,true
1.1528,true,true
8.1539,true,true
2.1051,true,true
2.7267,true,true
2.8583,true,true
1.9513,true,true
9.5238,true,true
8.7414,true,true
4.3647,true,true
1.3291,true,true
0.9121,true,true
25.8120,true,true
1.6560,true,true
1.9020,true,true
2.0005,true,true
2.1898,true,true
9.7924,true,false
0.9219,true,true
7.5467,true,false
0.9346,true,true
1.5999,true,false
1.2286,true,true
2.3049,true,true
1.9946,true,true
1.4673,true,true
2.8272,true,false
1.4762,true,true
6.8735,true,true
1.4796,true,true
1.6859,true,true
10.5720,true,true
1.5258,true,true
3.0909,true,true
10.0201,true,true
1.4900,true,true
1.0782,true,true
3.0618,true,false
2.5892,true,true
1.6201,true,true
8.2717,true,false
3.1712,true,true
6.0071,true,true
3.2423,true,true
2.1213,true,true
9.5260,true,true
1.2938,true,true
0.9284,true,true
12.8166,true,true
11.1138,true,true
3.0129,true,true
2.9686,true,false
3.5124,true,true
1.0920,true,true
0.5608,true,true
1.2199,true,true
1.3158,true,true
4.6253,true,false
1.1274,true,true
0.9049,true,true
1.3579,true,true
0.9449,true,true
6.0616,true,true
2.3382,true,true
1.6344,true,true
10.0858,true,true
1.3089,true,true
1.4302,true,true
8.2340,true,true
7.1326,true,true
1.5208,true,true
1.1785,true,true
1.3067,true,true
2.3662,true,true
8.7193,true,true
6.7691,true,true
0.9655,true,true
1.5617,true,true
1.1888,true,true
1.1087,true,false
5.0727,true,false
2.7881,true,true
1.2568,true,true
2.7200,true,false
2.0579,true,true
2.4073,true,true
0.9924,true,true
2.4349,true,true
1.2342,true,true
10.6718,true,true
9.8124,true,false
2.1179,true,true
0.7095,true,true
4.6935,true,true
4.2119,true,false
2.7992,true,true
2.4694,true,true
6.0322,true,true
1.4883,true,true
4.0408,true,true
1.1093,true,true
3.5233,true,false
0.5903,true,true
1.4592,true,true
4.7342,true,true
1.2559,true,true
1.0351,true,true
8.0856,true,true
2.8424,true,true
1.3883,true,true
5.9379,true,true
1.6126,true,true
2.9714,true,true
12.4934,true,true
9.8618,true,false
2.8226,true,true
6.2015,true,false
3.5501,true,true
1.4502,true,true
8.2858,true,true
11.4555,true,true
2.2821,true,true
5.4241,true,true
1.0834,true,true
4.7851,true,true
4.2634,true,false
4.1270,true,true
1.3345,true,true
12.6261,true,true
0.8615,true,true
4.4193,true,false
9.1458,true,true
1.4506,true,false
1.0559,true,true
5.2654,true,false
3.6948,true,true
1.3299,true,true
4.7802,true,true
14.5967,true,true
0.6756,true,true
1.2089,true,true
0.8581,true,true
1.5349,true,true
3.9733,true,true
1.8643,true,true
1.5912,true,true
1.0868,true,true
1.3112,true,true
0.9008,true,true
3.1989,true,true
0.6179,true,true
3.0703,true,true
1.4866,true,true
1.0244,true,true
1.0747,true,true
2.3059,true,true
8.9085,true,true
5.5102,true,true
3.5031,true,true
1.1552,true,true
2.2768,true,true
8.9915,true,true
1.4954,true,true
1.1703,true,true
0.8720,true,true
6.6689,true,true
3.6530,true,true
11.2003,true,true
2.2732,true,true
0.7940,true,true
6.2360,true,true
10.6725,true,true
1.7927,true,true
6.5409,true,false
1.5214,true,true
1.1882,true,true
2.5072,true,true
1.0918,true,true
1.4584,true,true
1.2033,true,true
3.8725,true,true
11.1451,true,false
9.0091,true,false
1.3653,true,true
5.1683,true,true
0.4832,true,true
1.1758,true,true
4.4582,true,true
1.0277,true,true
6.5667,true,true
0.7748,true,true
9.3055,true,false
7.2497,true,true
3.7270,true,true
15.5040,true,true
22.9454,true,false
10.4551,true,false
4.7825,true,true
4.9570,true,true
25.2940,true,true
39.5012,true,true
14.6174,true,true
1.3266,true,true
3.6988,true,true
18.8526,true,false
3.7064,true,true
16.4694,true,true
2.4627,true,true
15.1826,true,true
29.3687,true,true
1.2684,true,true
1.6541,true,true
1.4720,true,true
6.5420,true,true
0.9834,true,true
10.3152,true,true
1.7502,true,true
6.9625,true,true
1.7288,true,false
5.2180,true,true
6.2489,true,true
1.1777,true,true
6.0148,true,true
1.5676,true,true
1.2711,true,true
0.9210,true,true
4.4934,true,true
2.9377,true,true
1.4151,true,true
1.0917,true,true
2.2602,true,true
5.7416,true,false
1.1591,true,true
0.6310,true,true
1.2074,true,true
0.8113,true,true
1.3592,true,true
1.0187,true,true
3.0586,true,true
1.5773,true,true
7.4754,true,false
8.1029,true,true
1.8886,true,true
10.8750,true,true
8.6559,true,true
0.9760,true,true
6.1248,true,false
3.2812,true,true
9.8255,true,true
7.3291,true,false
4.2684,true,false
3.2812,true,false
0.7853,true,false
5.9805,true,true
7.5672,true,true
1.6226,true,true
4.7933,true,true
1.2448,true,true
0.8584,true,true
2.9551,true,true
1.5489,true,true
6.0228,true,true
4.8113,true,true
1.7963,true,true
3.6412,true,true
3.0502,true,true
13.3093,true,true
2.4939,true,true
8.9853,true,true
5.8633,true,true
15.9214,true,true
12.8128,true,true
0.8114,true,true
23.5389,true,true
1.2980,true,true
2.3216,true,true
5.9255,true,true
2.8452,true,true
3.5480,true,true
1.9241,true,true
2.2969,true,true
2.7363,true,true
1.1486,true,true
0.9306,true,true
4.3715,true,true
0.7250,true,true
1.4386,true,true
0.9378,true,true
6.4574,true,true
7.3462,true,true
1.6540,true,true
4.8559,true,true
16.0595,true,true
13.3565,true,true
3.5059,true,true
0.7968,true,true
1.4204,true,true
1.0896,true,true
0.5970,true,true
1.1718,true,true
0.8423,true,true
2.1933,true,true
0.8007,true,true
8.4044,true,true
0.5390,true,true
1.2465,true,true
0.7960,true,true
1.9870,true,true
1.8602,true,true
2.0602,true,true
13.8334,true,true
4.7731,true,true
1.6906,true,true
1.2848,true,false
5.0613,true,true
4.3708,true,false
1.5155,true,true
5.4611,true,true
2.6984,true,true
11.6401,true,true
0.8583,true,true
7.4748,true,true
4.5021,true,true
0.9166,true,true
1.5965,true,true
1.1358,true,false
3.0227,true,true
6.6690,true,true
1.1591,true,true
0.9300,true,true
1.4522,true,true
1.8517,true,true
1.4718,true,true
1.3078,true,false
3.4724,true,false
11.1532,true,false
8.7329,true,false
2.2824,true,true
15.8166,true,true
33.9873,true,true
16.3928,true,true
5.6687,true,true
9.3726,true,false
3.9473,true,false
1.4104,true,true
18.4922,true,true
1.2611,true,true
0.8465,true,true
5.3936,true,true
1.1969,true,true
14.8988,true,false
13.9162,true,true
9.0614,true,false
2.3460,true,true
7.1455,true,false
2.4790,true,false
11.7524,true,true
1.1026,true,true
19.0063,true,true
4.2784,true,true
48.1649,true,true
7.5963,true,false
2.7628,true,true
16.7677,true,true
2.8827,true,true
8.1769,true,false
11.4516,true,true
2.4146,true,true
1.1803,true,true
0.9307,true,true
13.7750,true,true
12.3147,true,true
1.3310,true,true
2.5372,true,false
6.0524,true,true
13.6011,true,true
4.6321,true,true
3.3461,true,true
20.9153,true,true
25.3474,true,true
1.5567,true,true
3.1632,true,true
30.3702,true,false
3.8434,true,true
13.8781,true,true
17.0742,true,true
29.9770,true,true
1.5085,true,true
6.2619,true,true
0.6293,true,true
34.4182,true,true
0.5977,true,true
2.4118,true,true
3.9323,true,true
13.0640,true,true
3.9491,true,false
1.2232,true,true
17.1701,true,true
9.5063,true,true
0.8606,true,true
1.6868,true,true
1.2605,true,true
8.0867,true,true
1.4844,true,true
3.3801,true,false
3.5097,true,true
1.1950,true,true
0.9999,true,true
5.7878,true,false
1.2367,true,true
5.5128,true,true
2.2585,true,true
1.3408,true,true
3.7160,true,true
1.1183,true,true
3.8791,true,true
7.1174,true,true
11.3434,true,true
5.7751,true,true
1.5915,true,true
2.7678,true,true
9.9305,true,true
1.0992,true,true
3.6049,true,true
2.2703,true,true
0.7048,true,true
1.4203,true,true
2.5938,true,true
1.1302,true,true
1.1046,true,false
6.0677,true,true
3.8570,true,true
4.3864,true,false
2.2471,true,true
2.5364,true,true
22.0444,true,true
21.0916,true,true
5.4912,true,false
15.4355,true,true
3.7381,true,true
26.5548,true,true
22.2969,true,true
3.9466,true,true
3.8891,true,false
11.1675,true,true
4.4106,true,true
11.8529,true,true
4.1523,true,true
1.7049,true,true
6.5123,true,true
12.8894,true,true
19.4328,true,true
1.1022,true,true
23.0981,true,true
4.5123,true,true
3.9090,true,true
4.1108,true,true
2.1533,true,true
0.8053,true,true
5.3951,true,true
0.8776,true,true
4.6889,true,false
3.3065,true,true
6.8920,true,true
1.3787,true,true
2.8444,true,true
3.0078,true,true
2.7795,true,true
9.9545,true,false
3.8679,true,true
3.2910,true,true
15.8247,true,true
2.0781,true,true
7.1813,true,true
6.8470,true,false
4.9515,true,true
1.9924,true,true
16.0202,true,false
1.4565,true,true
20.3957,true,true
13.6820,true,true
4.8212,true,true
15.7343,true,true
0.9921,true,true
10.4778,true,true
13.9367,true,true
20.1907,true,true
1.3767,true,true
10.4734,true,true
1.1167,true,true
1.4394,true,true
3.2634,true,true
38.4125,true,true
2.6067,true,true
1.1054,true,true
0.6126,true,true
1.4302,true,true
1.2100,true,true
2.6726,true,true
1.2062,true,true
0.9249,true,true
1.5745,true,true
3.7817,true,true
1.4038,true,true
8.7559,true,true
4.1454,true,true
1.5861,true,true
1.9171,true,true
6.1839,true,true
5.8821,true,true
1.3431,true,true
15.6802,true,true
6.6874,true,true
0.6614,true,true
1.3056,true,true
17.3993,true,true
1.4006,true,true
3.7848,true,true
3.7775,true,true
6.7052,true,true
11.8349,true,true
1.5575,true,true
8.0154,true,false
12.0796,true,false
9.6263,true,false
2.1227,true,true
11.6490,true,true
4.1896,true,true
9.5013,true,true
3.4126,true,true
2.1936,true,false
7.8691,true,false
2.2301,true,true
1.1211,true,true
8.8841,true,true
14.4666,true,true
5.9223,true,true
2.3528,true,true
0.9306,true,true
8.2419,true,true
6.3188,true,true
3.9746,true,true
3.8005,true,false
1.4113,true,true
4.3806,true,false
1.2859,true,true
5.6936,true,true
10.5863,true,true
32.7860,true,false
13.4118,true,true
19.7248,true,true
1.5237,true,true
18.8626,true,true
1.0305,true,true
2.6851,true,true
21.1045,true,true
25.3197,true,true
28.6833,true,true
3.6968,true,true
3.1922,true,true
17.4099,true,false
4.1101,true,true
16.9695,true,true
1.9409,true,true
25.8217,true,true
5.3739,true,true
11.6790,true,true
2.8944,true,true
20.1799,true,true
1.5091,true,true
68.8607,true,true
2.3579,true,true
2.0414,true,true
0.9246,true,false
5.2346,true,true
0.7414,true,true
4.9660,true,true
2.8593,true,true
7.3429,true,true
0.6931,true,true
3.8929,true,true
4.1986,true,true
1.5413,true,true
7.6775,true,true
7.1404,true,false
4.0416,true,false
1.2520,true,true
1.7342,true,true
1.3021,true,true
17.2688,true,true
5.5070,true,true
3.1504,true,true
0.5341,true,true
4.7952,true,true
3.1725,true,true
0.8186,true,true
4.7330,true,false
1.6127,true,true
1.2429,true,true
2.3245,true,true
0.8743,true,true
8.2444,true,true
4.4481,true,true
1.4640,true,true
1.9201,true,true
8.6110,true,true
5.6378,true,true
3.8113,true,true
1.6805,true,true
7.1559,true,true
1.4502,true,true
4.8331,true,true
2.0376,true,true
4.3211,true,true
0.8305,true,true
4.9927,true,true
1.9597,true,true
3.6383,true,false
1.0449,true,true
1.6917,true,true
1.1526,true,true
1.3000,true,true
0.9379,true,false
10.6139,true,true
3.3536,true,true
0.6796,true,true
2.9909,true,true
3.2786,true,true
0.8251,true,true
1.6290,true,true
1.2634,true,true
2.2234,true,true
1.6054,true,true
13.0492,true,true
2.7953,true,true
24.7002,true,true
15.7835,true,false
3.1801,true,true
1.3378,true,true
7.6889,true,true
14.4864,true,true
36.5031,true,true
8.6558,true,true
27.2368,true,true
3.5505,true,true
34.9063,true,true
6.8788,true,false
2.2333,true,true
1.2810,true,true
1.0895,true,true
1.6818,true,true
9.1772,true,true
1.5193,true,true
5.4175,true,true
0.7402,true,true
2.2321,true,true
0.6278,true,true
1.1142,true,true
0.9765,true,true
6.6236,true,true
1.0802,true,true
7.1169,true,true
3.1820,true,false
0.7433,true,true
7.7287,true,true
1.0444,true,true
2.3535,true,true
1.0625,true,true
0.6943,true,true
2.9705,true,true
1.6999,true,true
6.1429,true,false
2.8004,true,true
1.2995,true,true
3.5054,true,false
1.8012,true,true
4.3547,true,true
16.9127,true,true
2.0965,true,true
15.0378,true,true
25.6445,true,true
23.0938,true,true
3.5070,true,true
1.4256,true,true
24.9470,true,true
11.2696,true,true
2.5603,true,true
15.5770,true,true
4.5515,true,true
2.6429,true,false
1.3649,true,true
1.0189,true,true
1.7942,true,true
6.7234,true,false
16.9371,true,true
0.9968,true,true
4.3998,true,false
1.5585,true,true
1.7430,true,true
8.4014,true,true
0.6248,true,true
1.4435,true,true
6.6126,true,true
4.5607,true,true
8.7010,true,true
2.5100,true,true
18.1665,true,true
2.0914,true,true
12.6847,true,false
1.3977,true,true
10.8742,true,true
6.1174,true,true
22.4928,true,true
3.3641,true,true
1.1520,true,true
4.7873,true,true
1.1556,true,true
5.9553,true,false
9.4969,true,true
0.7431,true,true
1.7984,true,true
11.0583,true,true
2.9961,true,true
8.3355,true,false
6.1360,true,false
6.3747,true,true
3.7687,true,false
1.6880,true,true
4.9108,true,true
3.7125,true,true
2.6818,true,true
1.1868,true,true
2.4327,true,false
1.0109,true,true
4.9119,true,false
2.2020,true,true
7.4966,true,false
3.2797,true,true
3.6400,true,true
0.8778,true,true
1.8091,true,true
10.1199,true,true
4.3287,true,false
2.2719,true,true
8.8680,true,true
1.1960,true,true
3.9121,true,false
0.8711,true,true
1.6134,true,true
4.7714,true,true
4.5885,true,true
9.7557,true,false
2.7756,true,true
1.9052,true,true
10.0328,true,false
13.8092,true,true
4.6243,true,false
1.8661,true,true
1.7473,true,true
1.7478,true,true
23.5653,true,true
15.2557,true,true
12.9197,true,true
3.6761,true,true
1.4162,true,true
8.6273,true,true
1.0388,true,true
16.3914,true,true
1.3752,true,true
1.0563,true,true
2.2109,true,true
1.1689,true,true
10.7028,true,true
1.2975,true,true
6.0673,true,true
3.7932,true,true
1.2047,true,true
0.7880,true,true
9.8160,true,false
6.7172,true,true
1.3181,true,true
8.2551,true,false
6.2528,true,false
4.6883,true,false
2.2794,true,false
2.3251,true,true
3.0245,true,true
10.6210,true,true
13.7777,true,true
2.5228,true,true
1.7232,true,true
9.2650,true,false
2.8656,true,true
3.4978,true,true
21.6735,true,true
2.9246,true,true
1.9733,true,true
7.1769,true,false
1.8433,true,true
10.4194,true,true
3.8710,true,true
3.4504,true,true
2.8649,true,true
1.4666,true,true
14.7182,true,true
0.7817,true,true
1.4565,true,true
10.1487,true,true
6.2360,true,true
1.9096,true,true
12.1746,true,true
1.4664,true,true
7.9438,true,false
2.8364,true,true
1.3788,true,true
2.4405,true,true
5.6644,true,true
8.8556,true,true
3.3215,true,false
1.9934,true,true
3.8756,true,false
1.2924,true,true
0.9326,true,true
1.5775,true,true
4.5448,true,true
3.5766,true,true
1.9966,true,true
10.0214,true,true
4.1160,true,true
1.3025,true,true
15.9984,true,true
0.8863,true,true
2.8817,true,true
4.5513,true,false
2.5668,true,true
6.3917,true,false
0.8217,true,true
1.5221,true,true
1.8047,true,true
4.3192,true,true
1.5535,true,true
1.1497,true,true
3.2158,true,false
4.8250,true,false
6.1520,true,false
2.4578,true,true
6.1137,true,false
1.4974,true,true
1.0629,true,true
0.5898,true,true
1.2738,true,true
11.0086,true,true
2.8953,true,false
1.4014,true,true
1.6958,true,true
1.3519,true,true
6.0216,true,true
1.6749,true,true
6.8885,true,true
1.2299,true,true
0.8977,true,true
1.6202,true,true
2.8500,true,true
1.3149,true,true
0.8990,true,true
2.1844,true,true
1.1773,true,true
0.8137,true,true
3.1100,true,true
1.5993,true,true
1.3000,true,true
1.0352,true,true
10.7985,true,true
1.7373,true,true
1.3057,true,true
1.3596,true,true
7.1313,true,true
1.0071,true,true
1.6946,true,true
5.8815,true,true
2.0728,true,true
1.8917,true,true
1.8722,true,true
1.6340,true,true
1.3269,true,true
0.9787,true,true
20.5303,true,true
2.8867,true,true
11.0097,true,true
2.0292,true,true
9.7762,true,false
9.3643,true,true
0.6719,true,true
4.6210,true,true
1.2395,true,true
1.2981,true,true
7.9100,true,true
5.3074,true,false
0.8667,true,true
7.0161,true,true
1.3615,true,true
3.9175,true,false
2.2224,true,true
12.7006,true,true
4.1274,true,false
11.0720,true,true
1.6462,true,true
7.5277,true,true
3.2053,true,true
12.7282,true,true
0.6753,true,true
1.2504,true,true
0.9827,true,true
1.6228,true,true
1.1601,true,true
0.6836,true,true
1.3404,true,true
1.0843,true,true
4.6642,true,true
1.7348,true,true
3.8599,true,true
1.1740,true,true
0.8041,true,true
1.8510,true,true
6.9302,true,true
1.4797,true,true
1.3146,true,true
0.9428,true,true
1.5865,true,true
1.1047,true,true
0.7285,true,true
1.9180,true,true
15.6709,true,true
6.7125,true,true
13.0527,true,true
2.9283,true,true
23.6516,true,true
20.6829,true,true
18.2737,true,true
30.6191,true,true
11.9393,true,true
3.6313,true,true
18.4027,true,true
10.6481,true,true
33.3548,true,true
2.3029,true,true
31.7317,true,true
1.4224,true,true
2.0846,true,true
1.3351,true,true
9.3471,true,true
42.3949,true,true
30.0892,true,true
2.8317,true,true
21.7278,true,true
2.9856,true,true
1.4270,true,true
0.9958,true,true
1.5863,true,true
3.3454,true,false
4.2854,true,true
3.3036,true,true
1.1976,true,true
2.6424,true,false
1.0731,true,true
6.7462,true,false
10.4166,true,true
1.6062,true,true
3.4420,true,true
9.8254,true,false
3.8085,true,true
1.0860,true,true
0.7092,true,true
1.9547,true,true
1.5374,true,false
1.1817,true,true
0.9227,true,true
0.7060,true,true
1.3577,true,true
1.1217,true,true
4.2474,true,false
0.5269,true,true
9.5678,true,true
5.2176,true,true
5.5728,true,true
2.7762,true,true
7.6079,true,false
2.8683,true,true
1.6214,true,true
4.6014,true,true
1.5923,true,true
26.6263,true,true
1.8344,true,true
1.5780,true,true
1.3724,true,true
1.3585,true,true
13.5704,true,true
3.7031,true,false
1.2813,true,true
1.5487,true,true
1.3659,true,false
8.3868,true,true
0.7368,true,true
18.1509,true,true
1.7153,true,true
1.3760,true,true
0.9362,true,true
2.8781,true,true
2.5198,true,false
2.9449,true,true
1.9904,true,true
3.1595,true,true
0.8488,true,true
8.5033,true,false
9.3073,true,false
2.7669,true,true
1.3454,true,true
6.6697,true,true
1.0686,true,true
2.4314,true,false
3.0231,true,true
2.1811,true,true
24.2880,true,true
1.6028,true,true
1.2498,true,true
0.9070,true,true
5.2171,true,false
0.4950,true,true
1.1017,true,true
0.6280,true,true
1.2975,true,true
2.5148,true,true
1.0724,true,true
0.5930,true,true
2.9377,true,true
1.5410,true,true
1.1630,true,true
1.5860,true,true
5.9960,true,false
1.5961,true,true
6.6574,true,false
1.3068,true,true
5.2598,true,true
8.0376,true,true
2.1104,true,true
0.6591,true,true
10.9607,true,true
6.8564,true,true
1.1536,true,true
0.6899,true,true
4.6586,true,true
2.3691,true,true
11.9949,true,true
1.8410,true,true
6.1906,true,false
9.3222,true,true
10.1538,true,true
1.1362,true,true
9.3039,true,true
3.2261,true,true
2.9646,true,true
47.1225,true,true
25.3078,true,true
16.4233,true,true
23.5114,true,true
2.6649,true,true
37.5081,true,true
1.4269,true,true
18.4813,true,true
9.1346,true,false
1.5866,true,true
2.1874,true,true
2.0771,true,true
5.6210,true,true
12.7123,true,false
2.4086,true,true
5.8226,true,true
5.3284,true,false
1.6544,true,true
9.9403,true,false
6.8162,true,true
1.5940,true,true
1.3481,true,true
2.7338,true,true
1.8451,true,true
8.9381,true,true
12.5756,true,true
6.6856,true,true
1.0102,true,true
7.5788,true,true
1.6409,true,true
1.2558,true,true
2.4967,true,false
0.9004,true,true
4.0649,true,true
4.4830,true,true
1.7043,true,true
1.8947,true,true
12.2668,true,true
3.9012,true,true
1.3233,true,true
0.8768,true,true
1.6121,true,true
1.9518,true,true
1.6473,true,true
1.4238,true,true
4.7310,true,false
4.1175,true,true
1.2288,true,true
0.9426,true,true
3.3478,true,true
10.0062,true,false
2.9109,true,true
7.3511,true,false
11.5272,true,true
4.0001,true,false
0.8770,true,true
2.5740,true,true
6.1348,true,false
11.1924,true,true
5.3385,true,true
1.2732,true,true
5.4962,true,false
1.7175,true,true
2.0300,true,true
3.0078,true,false
3.6904,true,false
1.7505,true,true
1.3797,true,true
2.0841,true,false
2.2690,true,true
10.4906,true,true
7.4850,true,true
14.4096,true,false
2.8728,true,false
6.0536,true,true
2.9348,true,true
1.4831,true,false
1.0790,true,true
2.3654,true,true
2.3231,true,true
4.4304,true,false
3.5964,true,true
2.0758,true,true
2.4695,true,true
1.0133,true,true
1.2666,true,true
1.3578,true,true
7.7269,true,true
0.9590,true,true
1.5439,true,true
8.6620,true,true
11.8827,true,false
6.3059,true,false
3.5961,true,false
0.7858,true,true
3.0959,true,true
1.6339,true,true
1.1657,true,true
0.7828,true,true
5.3329,true,true
1.8803,true,true
6.6064,true,true
1.6551,true,true
1.3941,true,true
1.0887,true,true
12.4669,true,true
1.7494,true,true
5.2258,true,false
2.9258,true,true
2.9563,true,false
2.2004,true,true
1.6893,true,true
8.4313,true,true
0.6555,true,true
2.0405,true,true
8.8912,true,true
12.8753,true,true
4.1090,true,true
13.9667,true,true
1.7794,true,true
2.4109,true,true
2.4197,true,true
21.3160,true,true
15.2072,true,true
4.0073,true,false
18.7686,true,true
3.2006,true,true
3.9809,true,true
1.0184,true,true
1.6753,true,true
4.3031,true,true
1.3195,true,true
0.8554,true,true
4.3664,true,true
1.7254,true,true
1.5139,true,true
5.3565,true,true
0.7641,true,true
1.2951,true,true
1.4456,true,true
7.5853,true,true
1.4787,true,true
2.7247,true,true
4.1073,true,false
1.7733,true,true
7.0715,true,true
1.9472,true,true
1.4040,true,true
1.0303,true,true
4.0062,true,true
2.6418,true,false
1.4238,true,true
8.1613,true,true
1.8851,true,true
5.3559,true,true
0.6252,true,true
1.2415,true,true
2.0507,true,false
0.5251,true,true
15.1779,true,true
1.5694,true,true
17.9287,true,true
3.8929,true,false
16.8637,true,true
14.6079,true,true
11.6413,true,false
6.0034,true,true
8.4523,true,true
2.2032,true,true
7.9867,true,false
3.5961,true,true
5.5044,true,false
2.9063,true,true
1.4280,true,true
7.2019,true,true
12.8584,true,true
4.0085,true,false
1.0949,true,true
8.8170,true,true
1.3210,true,true
7.8286,true,true
1.3899,true,true
5.3615,true,true
1.4411,true,true
0.9420,true,true
1.6984,true,false
2.8654,true,true
9.8277,true,false
0.9948,true,true
2.6419,true,false
1.1396,true,true
0.6827,true,true
2.9275,true,true
2.1875,true,false
5.5570,true,true
13.7577,true,true
0.9631,true,true
1.6598,true,true
2.2240,true,true
6.5382,true,true
18.6959,true,true
4.5262,true,false
1.5957,true,true
1.1128,true,true
7.5536,true,false
5.9877,true,false
14.4706,true,true
7.3990,true,true
5.1401,true,true
4.0669,true,false
2.1467,true,true
5.6650,true,false
1.4001,true,true
1.2150,true,true
9.2918,true,true
2.3128,true,true
1.3049,true,true
5.4324,true,false
4.3267,true,true
1.6006,true,true
1.1267,true,true
3.6904,true,true
1.0680,true,true
2.1628,true,true
0.7079,true,true
6.9994,true,false
16.9378,true,true
5.2142,true,true
1.2539,true,true
4.3799,true,true
1.5243,true,true
4.6735,true,false
3.5507,true,false
3.9020,true,false
1.5485,true,true
4.5002,true,false
8.0719,true,true
2.2373,true,false
2.6792,true,true
1.1586,true,true
1.2811,true,true
0.7973,true,true
1.3623,true,true
0.8192,true,true
1.2794,true,true
1.0213,true,true
4.1791,true,true
4.0300,true,false
1.9422,true,true
8.7249,true,true
10.0751,true,true
1.3541,true,true
4.9993,true,false
8.2302,true,true
1.6510,true,false
9.5280,true,true
8.2418,true,true
8.1991,true,true
4.0420,true,false
8.1629,true,true
5.2468,true,false
3.4409,true,false
1.2571,true,true
7.0193,true,true
1.8917,true,true
3.0681,true,true
12.3266,true,false
3.0016,true,true
2.9270,true,true
1.4536,true,true
1.5378,true,true
12.9758,true,true
1.0988,true,true
0.7893,true,true
1.4289,true,true
3.4557,true,true
0.8699,true,true
2.1090,true,true
2.3250,true,true
3.3674,true,true
0.7988,true,false
1.4518,true,true
2.4125,true,true
1.0065,true,true
2.6124,true,true
1.8853,true,true
15.2427,true,true
7.3795,true,false
1.2448,true,true
13.2958,true,true
2.0256,true,true
1.6334,true,true
1.1177,true,true
3.0260,true,true
12.1574,true,true
17.9190,true,true
5.8365,true,false
5.1989,true,true
10.9674,true,true
25.9416,true,true
2.0960,true,true
19.5251,true,true
1.8795,true,true
2.0011,true,true
8.3040,true,false
18.4416,true,true
1.3998,true,true
22.2392,true,true
5.7300,true,false
7.8053,true,false
11.2818,true,false
5.5972,true,true
1.1351,true,true
19.2740,true,true
6.9009,true,false
0.8289,true,true
1.3689,true,true
1.7341,true,true
1.2771,true,true
1.6374,true,true
1.9066,true,true
1.7517,true,true
10.8481,true,false
4.0029,true,true
3.0737,true,false
11.0117,true,true
6.6280,true,true
9.7866,true,true
5.4283,true,true
2.9227,true,true
9.5933,true,true
3.2772,true,true
0.7932,true,true
1.4875,true,true
1.1292,true,true
1.3491,true,true
4.3395,true,true
14.1947,true,true
1.4877,true,true
5.1576,true,true
12.8384,true,true
2.9635,true,true
5.8218,true,true
2.9064,true,true
19.5523,true,true
2.4016,true,true
8.6869,true,false
2.2425,true,true
5.3074,true,true
17.8388,true,false
2.2207,true,true
1.0173,true,true
2.1377,true,true
2.5594,true,true
44.1263,true,true
1.1593,true,true
26.7686,true,true
1.8963,true,true
43.3047,true,true
1.2788,true,true
2.7928,true,true
2.3722,true,true
28.5141,true,true
1.1036,true,true
8.5736,true,false
1.0916,true,true
0.8956,true,true
4.9511,true,false
2.9225,true,true
1.5073,true,true
1.2109,true,true
1.6403,true,true
4.9016,true,true
8.4361,true,true
1.1986,true,true
1.1163,true,true
1.7743,true,true
5.0528,true,false
1.4411,true,true
3.0237,true,true
11.1143,true,true
3.4595,true,true
13.0482,true,true
3.1052,true,true
13.9678,true,true
11.9862,true,false
3.5858,true,true
1.3461,true,true
30.0127,true,true
3.0372,true,false
11.0197,true,true
2.1714,true,true
1.3583,true,true
0.9648,true,true
2.2720,true,true
5.2747,true,false
3.0849,true,true
4.9610,true,false
3.3459,true,false
0.7371,true,true
4.3650,true,false
1.7734,true,true
5.8658,true,false
7.3115,true,true
2.4264,true,true
1.3990,true,true
12.2898,true,true
21.9932,true,true
1.2293,true,true
7.7246,true,false
31.2665,true,true
2.1726,true,true
18.4608,true,false
1.7910,true,true
14.4460,true,true
31.3345,true,true
2.6714,true,true
18.7963,true,true
12.6113,true,true
3.9177,true,true
23.8859,true,true
11.2933,true,false
6.9790,true,true
1.2819,true,true
4.4399,true,true
3.8216,true,true
1.0060,true,true
3.1661,true,true
1.5779,true,true
10.6832,true,true
6.5412,true,false
13.5075,true,true
18.5159,true,true
16.8650,true,false
1.9780,true,true
13.2027,true,true
3.0544,true,true
14.2426,true,true
8.6788,true,true
21.4969,true,true
3.3550,true,true
0.8044,true,true
1.6062,true,true
4.0666,true,false
36.2020,true,true
4.9544,true,true
4.3187,true,false
2.5660,true,true
1.4182,true,true
4.7283,true,true
7.8714,true,true
6.0769,true,true
3.3840,true,true
7.6781,true,true
1.5372,true,true
1.0725,true,true
1.7251,true,true
1.4174,true,true
8.3591,true,true
2.8415,true,true
1.4287,true,true
4.4182,true,false
1.3286,true,true
0.9241,true,true
10.5667,true,true
2.4817,true,true
6.2939,true,false
4.7243,true,true
3.5429,true,false
1.2064,true,true
1.6316,true,true
1.2991,true,true
2.2163,true,true
6.2925,true,true
2.0978,true,true
0.5972,true,true
23.9949,true,true
0.7392,true,true
4.3318,true,true
1.5701,true,true
1.1437,true,true
0.7989,true,true
1.3976,true,true
2.0900,true,true
6.8974,true,false
1.4422,true,true
11.2923,true,true
15.5196,true,true
3.1330,true,false
0.5219,true,true
1.1211,true,true
0.5884,true,true
1.2527,true,true
2.4878,true,true
0.9023,true,true
3.4146,true,false
0.8537,true,true
1.4055,true,true
4.6742,true,true
2.8454,true,true
2.8929,true,true
4.2584,true,true
2.6085,true,true
1.7594,true,true
1.7191,true,true
9.4783,true,false
7.7005,true,true
1.8464,true,true
6.6769,true,false
1.7002,true,true
1.4129,true,true
1.0560,true,true
26.1136,true,true
2.0972,true,true
2.1249,true,true
5.4482,true,false
0.8281,true,true
4.4379,true,false
5.7313,true,true
3.3245,true,true
1.9770,true,true
1.5978,true,true
1.2752,true,true
5.3297,true,true
5.5192,true,true
2.5151,true,true
4.7895,true,false
1.7971,true,true
1.8566,true,true
2.8941,true,true
1.3592,true,true
1.4945,true,true
2.5925,true,true
9.9118,true,true
3.6315,true,true
4.1313,true,true
1.7857,true,true
14.9550,true,true
3.1684,true,true
1.8603,true,true
2.7201,true,true
1.9607,true,true
11.4969,true,true
0.6634,true,true
1.3664,true,true
1.6560,true,true
1.2593,true,false
3.5412,true,false
1.5102,true,true
1.7335,true,true
1.2893,true,true
2.5446,true,false
3.1766,true,false
1.8990,true,true
5.2136,true,true
8.4799,true,true
11.6082,true,true
4.4321,true,true
2.3796,true,true
1.0030,true,true
4.5242,true,true
3.0416,true,true
1.5248,true,true
5.5214,true,false
3.2979,true,true
2.9169,true,true
1.4429,true,true
1.0278,true,true
0.7795,true,true
5.8978,true,false
1.3294,true,true
2.7406,true,false
3.8923,true,false
1.7544,true,true
5.1688,true,true
0.7417,true,true
7.1243,true,true
1.3735,true,true
0.9946,true,false
4.3208,true,true
0.8069,true,true
1.5277,true,true
8.2760,true,true
2.1393,true,true
2.2106,true,true
1.4703,true,true
4.9773,true,false
3.5372,true,true
1.0290,true,true
1.5718,true,true
1.6842,true,true
1.7973,true,true
8.7100,true,true
2.2199,true,true
1.3252,true,true
10.8044,true,true
1.1256,true,true
0.6795,true,true
1.1877,true,true
2.2173,true,true
1.2005,true,true
0.8294,true,true
1.7329,true,true
5.8055,true,true
1.0668,true,true
5.3862,true,false
2.4682,true,true
0.9326,true,true
2.7785,true,true
6.7082,true,false
10.2859,true,true
1.0898,true,false
4.7809,true,false
1.7678,true,true
4.4456,true,false
3.4717,true,true
6.6363,true,true
1.4334,true,true
3.0386,true,true
9.4064,true,true
1.0260,true,true
1.7206,true,true
5.2840,true,false
4.4503,true,true
2.3233,true,true
12.0132,true,true
16.0093,true,true
10.6356,true,false
2.6106,true,true
6.7556,true,true
14.0722,true,true
11.2236,true,true
3.1807,true,true
2.8279,true,true
7.8907,true,true
12.2829,true,true
6.8716,true,true
23.0496,true,true
4.6165,true,false
1.8346,true,true
1.7350,true,true
3.0694,true,true
1.5807,true,true
1.2053,true,true
0.7609,true,true
1.2994,true,true
4.4771,true,false
5.3605,true,true
2.5851,true,false
1.1388,true,true
7.2887,true,false
1.4619,true,true
6.8757,true,true
2.6555,true,true
1.4367,true,true
1.7256,true,true
9.5067,true,true
0.6826,true,true
2.2901,true,true
9.1871,true,false
4.2578,true,true
5.0842,true,false
2.6833,true,true
5.8544,true,true
7.6020,true,true
6.5957,true,true
1.4927,true,true
4.7884,true,true
1.5514,true,false
6.2025,true,true
1.6182,true,true
1.3471,true,true
1.6039,true,true
5.0869,true,false
4.4300,true,false
4.2129,true,true
1.7215,true,true
13.6055,true,true
0.8501,true,true
6.1107,true,false
2.0680,true,true
7.8684,true,false
5.8099,true,true
1.4744,true,true
4.6596,true,true
1.1854,true,true
1.5140,true,true
1.1992,true,true
0.8833,true,true
3.1810,true,true
0.5264,true,true
1.0374,true,true
5.3365,true,true
10.7881,true,true
3.8068,true,true
1.1853,true,true
8.7324,true,true
15.7231,true,true
1.2854,true,true
5.3493,true,true
0.8339,true,true
2.1247,true,true
1.2105,true,true
0.9401,true,true
1.5533,true,true
1.6044,true,true
1.1936,true,true
0.7439,true,true
1.3739,true,true
1.5094,true,true
1.0605,true,true
0.6137,true,true
1.8592,true,true
2.5073,true,true
0.9906,true,true
2.3471,true,true
20.3223,true,true
11.1305,true,false
2.7513,true,true
1.5463,true,true
12.1570,true,true
1.8720,true,true
1.5347,true,true
2.3344,true,false
1.1814,true,true
0.9531,true,true
8.2903,true,true
1.8419,true,true
4.6157,true,true
1.4656,true,true
2.0400,true,true
13.7714,true,true
1.9182,true,true
13.6961,true,true
2.8920,true,true
1.6970,true,true
9.1648,true,true
13.7565,true,true
1.5033,true,true
1.1250,true,true
5.0376,true,true
3.9535,true,false
4.0661,true,false
5.7429,true,true
2.9164,true,true
1.5386,true,true
1.7061,true,true
2.9481,true,true
7.7098,true,true
8.4653,true,true
1.2191,true,true
0.9991,true,true
9.9255,true,true
1.2181,true,true
16.5382,true,true
0.9432,true,true
2.1208,true,true
0.5613,true,true
1.1733,true,true
0.8728,true,false
6.3941,true,true
7.1906,true,true
1.5093,true,true
13.7897,true,true
3.3542,true,true
0.9266,true,true
4.7900,true,false
13.8452,true,true
1.8669,true,true
5.1663,true,true
4.4556,true,true
30.2618,true,true
0.8329,true,true
4.1846,true,false
0.6548,true,true
1.2364,true,true
0.6872,true,true
2.5249,true,true
1.0355,true,true
4.0577,true,false
3.0060,true,true
11.3747,true,true
2.1835,true,true
6.0548,true,true
1.5051,true,true
1.0918,true,true
0.7187,true,true
1.2916,true,true
0.8657,true,true
2.1347,true,true
1.4308,true,true
5.7833,true,true
1.2807,true,true
4.7371,true,true
5.8295,true,false
3.4291,true,true
1.0194,true,true
1.9032,true,true
6.7930,true,true
1.5468,true,true
1.1362,true,true
3.5413,true,true
3.1491,true,true
0.6327,true,true
1.1778,true,true
0.7841,true,true
3.6195,true,true
1.1409,true,true
0.9269,true,true
2.3281,true,true
1.5738,true,true
1.2473,true,true
0.8037,true,true
1.9393,true,true
1.6033,true,true
1.1121,true,true
0.8073,true,true
5.6345,true,true
0.9621,true,true
1.7120,true,true
7.0699,true,false
5.6360,true,true
11.8765,true,true
6.9796,true,false
1.3457,true,true
7.1882,true,false
5.8176,true,true
1.6005,true,true
7.1847,true,true
1.5638,true,true
1.8898,true,true
1.5889,true,true
1.2655,true,true
1.7845,true,false
1.3564,true,true
0.9944,true,true
1.5490,true,true
3.0045,true,true
6.3253,true,true
9.9956,true,true
4.6259,true,true
3.1751,true,true
9.7322,true,true
0.6375,true,true
1.3593,true,false
5.6249,true,true
1.1374,true,true
5.7622,true,false
1.4250,true,true
2.8284,true,true
1.3306,true,true
3.9241,true,false
0.9275,true,true
6.2354,true,false
2.5044,true,true
2.0434,true,true
15.2823,true,true
4.1119,true,false
1.2437,true,true
10.8463,true,true
1.5312,true,true
1.8770,true,true
6.3862,true,true
3.9901,true,true
5.8206,true,true
3.1505,true,true
0.4899,true,true
1.0409,true,true
1.4722,true,true
5.8419,true,false
3.1568,true,true
9.2110,true,true
4.4250,true,false
1.5752,true,true
1.4392,true,true
5.5312,true,false
3.1449,true,true
4.8956,true,true
2.6034,true,true
1.4816,true,true
5.5649,true,true
2.4033,true,true
0.9279,true,true
2.0072,true,true
5.8870,true,false
7.6905,true,true
1.1061,true,true
7.3887,true,false
1.0626,true,true
11.0743,true,false
1.7936,true,true
2.4942,true,false
1.0912,true,true
1.4688,true,true
27.1506,true,true
17.8583,true,true
0.6383,true,true
1.2757,true,true
3.0632,true,true
1.5593,true,false
1.1176,true,true
3.4316,true,true
0.8230,true,true
1.5322,true,true
6.1253,true,false
4.3344,true,true
1.6147,true,true
4.3008,true,true
1.4240,true,true
1.7629,true,true
2.7154,true,true
2.6170,true,true
18.8264,true,true
1.0775,true,true
11.0510,true,false
17.3657,true,true
24.6963,true,true
10.3528,true,false
5.9343,true,true
10.4851,true,false
8.0304,true,false
4.2325,true,true
1.8888,true,true
1.5472,true,false
4.7782,true,true
2.1206,true,true
21.6115,true,true
6.2529,true,true
0.5914,true,true
1.8396,true,true
3.1020,true,true
2.8066,true,true
5.9346,true,true
1.3645,true,true
12.2049,true,true
4.0805,true,false
10.9279,true,false
8.8513,true,false
1.1293,true,true
0.6695,true,true
8.4390,true,true
0.7395,true,false
1.2715,true,true
0.9593,true,true
3.0479,true,true
2.0939,true,true
8.3635,true,false
5.3428,true,false
1.5448,true,true
14.3995,true,true
2.1533,true,true
0.6983,true,true
3.0368,true,false
4.1907,true,true
2.6564,true,true
1.3322,true,true
1.2150,true,true
5.0212,true,false
2.9224,true,true
1.7402,true,true
5.7123,true,false
1.7381,true,true
7.3210,true,true
2.4544,true,true
1.6095,true,true
1.3934,true,true
3.0500,true,true
6.4416,true,true
4.3241,true,true
3.1822,true,false
0.6900,true,true
4.1065,true,true
1.4947,true,true
5.4342,true,true
0.9492,true,true
1.7172,true,true
9.2448,true,true
1.5284,true,true
1.3108,true,true
0.9596,true,true
12.0159,true,true
1.9526,true,true
3.5001,true,true
3.5044,true,true
19.4795,true,true
26.6095,true,true
1.7501,true,true
14.4402,true,true
10.6761,true,false
1.3029,true,true
29.5283,true,true
1.7064,true,true
8.5344,true,true
0.8233,true,true
1.4829,true,true
1.2695,true,true
4.8347,true,false
1.3109,true,true
0.8861,true,true
1.5306,true,true
1.1797,true,true
1.5885,true,true
2.7789,true,true
2.9992,true,true
6.1655,true,true
2.0979,true,true
1.0978,true,true
1.4457,true,true
1.1363,true,true
0.8109,true,true
2.8794,true,true
3.7400,true,false
2.6721,true,true
2.5972,true,false
2.8156,true,true
3.8857,true,true
2.5096,true,true
8.9426,true,false
3.3062,true,true
1.2737,true,true
0.9517,true,true
1.6851,true,true
1.7178,true,true
1.4016,true,true
8.4602,true,true
3.8107,true,false
0.7875,true,true
1.4850,true,true
1.1384,true,true
0.8384,true,true
2.0614,true,true
5.7949,true,false
1.3265,true,true
1.0727,true,true
2.3847,true,true
1.4581,true,true
2.1088,true,true
6.4103,true,true
4.4659,true,true
1.4240,true,true
6.3225,true,false
0.7836,true,true
1.4026,true,true
1.0687,true,true
0.6046,true,true
7.7140,true,true
1.5383,true,true
5.9381,true,true
2.7088,true,false
4.6311,true,false
1.6418,true,true
4.3961,true,true
3.2870,true,true
5.9393,true,false
19.0499,true,true
1.1273,true,true
1.2180,true,true
14.6255,true,true
0.6221,true,true
11.9180,true,true
2.6286,true,true
1.2427,true,true
6.3351,true,false
2.0988,true,true
0.5065,true,true
1.1439,true,true
2.0711,true,true
18.6055,true,true
9.1063,true,false
12.5164,true,false
0.6060,true,true
3.9754,true,true
10.0301,true,true
30.7955,true,true
16.2389,true,false
2.2215,true,true
12.5977,true,true
20.6818,true,true
24.0556,true,false
21.7441,true,true
3.0366,true,true
2.3389,true,false
36.1226,true,true
21.2907,true,false
15.9731,true,false
44.8584,true,true
6.5462,true,true
2.4923,true,true
3.7303,true,true
1.3815,true,true
23.5327,true,true
11.2363,true,true
1.7401,true,true
5.2474,true,false
2.1607,true,true
8.6677,true,true
11.8176,true,true
8.4809,true,true
3.0627,true,true
3.1135,true,true
1.6837,true,true
6.0339,true,true
4.0805,true,true
1.5684,true,true
1.2583,true,true
0.9013,true,true
3.1392,true,true
1.7048,true,true
1.7777,true,true
6.2747,true,true
9.8371,true,true
1.4143,true,true
2.7698,true,false
5.9449,true,true
24.7018,true,true
4.9914,true,true
2.2332,true,true
5.8240,true,true
2.0580,true,true
0.8706,true,true
5.7182,true,true
1.1044,true,true
0.6886,true,true
1.9552,true,true
1.5767,true,true
1.1405,true,true
2.0946,true,true
0.5724,true,true
1.0398,true,true
4.0700,true,true
10.6816,true,true
7.8477,true,true
2.5493,true,true
6.9603,true,false
1.7507,true,true
2.0348,true,true
2.3779,true,true
0.7847,true,true
1.3421,true,true
0.9343,true,true
3.2502,true,true
4.6803,true,true
1.7461,true,false
8.0319,true,true
7.8762,true,true
1.1740,true,true
1.3629,true,true
9.5100,true,true
0.6421,true,true
1.4346,true,true
2.1414,true,true
8.9578,true,true
10.3797,true,true
8.7256,true,true
12.2040,true,true
3.0335,true,true
7.0030,true,true
19.6127,true,true
10.2771,true,false
3.2270,true,false
0.7075,true,true
36.8111,true,true
6.9134,true,false
4.5673,true,true
1.9622,true,true
1.6247,true,true
1.2197,true,true
8.2755,true,true
1.9075,true,true
1.4885,true,true
0.9544,true,false
5.2424,true,true
2.5639,true,true
11.4686,true,false
5.7463,true,false
6.6020,true,true
3.6904,true,true
0.9147,true,true
1.4948,true,true
0.9836,true,true
3.7129,true,true
4.0329,true,false
1.6883,true,true
1.2673,true,true
1.8000,true,true
8.9887,true,false
6.8797,true,true
1.5295,true,true
6.7200,true,false
1.1046,true,true
0.7182,true,true
4.2431,true,true
5.2959,true,true
6.2129,true,false
22.0269,true,true
4.5007,true,false
1.6487,true,true
18.8468,true,true
1.3907,true,true
11.0247,true,true
28.7268,true,true
1.3803,true,true
12.2620,true,false
10.3044,true,true
7.6245,true,true
6.5674,true,false
6.9061,true,false
6.1151,true,false
4.4737,true,false
1.5507,true,true
7.5051,true,true
1.3941,true,true
6.2934,true,true
3.3710,true,false
0.7108,true,true
1.4621,true,true
1.1594,true,true
8.1092,true,true
2.0280,true,true
1.7316,true,true
9.2589,true,true
1.8034,true,true
9.3837,true,true
0.5830,true,true
3.9017,true,true
1.3829,true,true
1.4390,true,true
1.0814,true,true
2.0252,true,true
6.7813,true,true
3.7846,true,true
3.1393,true,true
7.8851,true,true
3.8956,true,false
9.7753,true,false
5.6945,true,true
12.3903,true,true
9.9569,true,true
5.8750,true,true
1.4957,true,true
6.5792,true,true
2.6718,true,true
11.4824,true,true
5.2831,true,false
9.4517,true,true
3.7489,true,true
1.8905,true,true
2.5303,true,true
1.1996,true,true
0.6911,true,true
3.8480,true,true
3.3820,true,true
0.8861,true,true
7.8894,true,true
1.4364,true,true
0.9270,true,true
2.2807,true,true
3.7878,true,false
11.5266,true,true
3.7387,true,true
1.6963,true,true
7.2490,true,true
7.0400,true,true
2.4011,true,true
7.1234,true,false
2.5580,true,true
0.9420,true,true
2.2615,true,true
1.2374,true,true
1.0337,true,true
11.3284,true,true
6.4106,true,true
1.1834,true,true
1.4736,true,true
8.3478,true,true
5.5386,true,true
6.0647,true,true
10.8706,true,true
7.7743,true,true
2.2255,true,false
5.4029,true,true
13.2218,true,true
0.8922,true,true
1.5381,true,true
1.0920,true,true
7.4625,true,true
2.1549,true,true
6.6366,true,true
3.5661,true,true
1.0855,true,true
4.0797,true,true
1.5709,true,true
1.2267,true,true
0.9841,true,true
2.2309,true,true
3.5705,true,false
1.6614,true,true
2.7830,true,true
4.2267,true,false
1.4641,true,true
1.0785,true,true
3.3963,true,true
1.0212,true,true
0.8393,true,true
5.2598,true,true
4.2996,true,false
2.9467,true,false
1.4453,true,true
2.7680,true,true
7.9619,true,true
1.8432,true,true
11.4575,true,true
8.6541,true,false
3.2292,true,true
4.0825,true,true
1.4454,true,true
3.8264,true,true
1.6214,true,true
4.9182,true,true
2.1795,true,true
2.3366,true,true
1.2001,true,true
7.6721,true,true
1.1350,true,true
6.1697,true,true
4.0952,true,false
1.5487,true,false
1.3816,true,true
3.2837,true,true
14.5555,true,true
9.1026,true,false
4.8624,true,true
2.9864,true,true
10.1072,true,true
3.0159,true,true
3.2104,true,false
2.4787,true,true
0.9820,true,true
2.6893,true,false
3.2205,true,true
4.3777,true,true
6.7584,true,false
1.6079,true,true
4.8793,true,true
1.4855,true,true
5.9562,true,false
3.9127,true,false
1.4309,true,true
1.0203,true,true
4.2964,true,false
2.2029,true,true
2.9449,true,false
2.0577,true,true
1.5680,true,true
9.1769,true,false
1.5716,true,true
3.0727,true,true
5.9707,true,true
1.6720,true,true
7.1080,true,true
5.3943,true,true
3.0465,true,true
1.7543,true,true
8.0916,true,true
5.3995,true,true
2.3845,true,true
3.9473,true,true
1.0943,true,true
0.6962,true,true
4.9923,true,true
2.7910,true,true
6.2263,true,true
2.1857,true,true
1.1906,true,true
3.8870,true,true
2.5838,true,true
1.8520,true,true
1.4718,true,true
17.2832,true,true
1.2549,true,true
2.7736,true,true
1.3942,true,true
12.9714,true,true
1.1900,true,true
7.9268,true,false
1.5939,true,true
6.8394,true,false
2.0736,true,true
4.1088,true,true
1.6824,true,true
1.3693,true,true
14.2538,true,true
1.5033,true,true
1.2152,true,true
9.7680,true,true
0.8437,true,true
1.3943,true,true
0.9276,true,true
1.6608,true,true
7.7587,true,true
1.3514,true,true
1.4833,true,true
9.2214,true,true
1.5828,true,true
1.2408,true,true
2.9154,true,true
1.5597,true,true
8.1717,true,true
1.6033,true,true
1.4825,true,true
4.7981,true,false
1.2797,true,true
1.3116,true,true
1.0371,true,true
0.7795,true,true
1.3250,true,true
10.6430,true,true
1.3864,true,true
1.3924,true,true
8.2242,true,false
1.8223,true,true
5.0851,true,true
3.3866,true,true
0.9741,true,true
4.3135,true,false
2.3870,true,true
7.6177,true,true
1.3186,true,true
5.4324,true,true
1.1303,true,true
0.8929,true,true
1.9654,true,true
3.9615,true,true
7.5836,true,true
1.3982,true,true
1.0707,true,true
5.2335,true,true
0.7622,true,true
2.1316,true,true
4.1424,true,true
2.7209,true,true
1.3083,true,true
4.7775,true,true
2.9102,true,true
1.5553,true,true
1.9855,true,true
35.6705,true,true
5.1850,true,false
12.9827,true,true
1.1077,true,true
4.2979,true,true
17.1522,true,true
4.7184,true,true
4.4143,true,false
1.4331,true,true
1.0334,true,true
1.6914,true,false
2.7108,true,true
8.1839,true,true
1.7658,true,true
7.1659,true,true
2.0016,true,true
8.6868,true,false
5.6259,true,false
1.0173,true,true
2.2853,true,true
0.8433,true,true
1.5039,true,true
5.1472,true,false
5.8247,true,true
3.5970,true,true
0.9568,true,true
3.9714,true,false
8.8973,true,false
7.2283,true,true
2.6384,true,true
1.1295,true,true
11.0459,true,true
7.9414,true,true
2.0055,true,true
5.3844,true,false
3.0058,true,true
1.3989,true,true
1.0291,true,true
4.4459,true,false
1.6981,true,true
1.5791,true,true
1.8031,true,true
13.3013,true,true
7.5524,true,false
3.0584,true,true
6.5683,true,true
1.9825,true,true
7.5684,true,true
1.8281,true,true
17.5048,true,true
5.4383,true,false
5.6220,true,true
1.5422,true,true
1.6990,true,true
9.5998,true,true
1.9818,true,true
1.8019,true,true
1.4424,true,true
5.1915,true,true
0.6700,true,true
3.8495,true,true
2.9572,true,true
1.4937,true,true
0.9611,true,true
1.5626,true,true
1.0097,true,true
3.2755,true,true
0.7347,true,true
2.7600,true,true
6.0015,true,false
1.5441,true,true
1.2521,true,true
6.1770,true,true
1.6837,true,true
6.0940,true,true
1.4113,true,true
0.8900,true,true
1.6424,true,true
1.6283,true,true
5.3365,true,true
1.8348,true,true
1.8290,true,true
2.1726,true,true
0.6997,true,true
1.4395,true,true
1.2115,true,true
0.8785,true,true
2.1695,true,true
0.6494,true,true
1.2661,true,true
0.8167,true,true
1.9474,true,true
1.8976,true,true
5.4309,true,true
0.7835,true,false
1.3860,true,true
0.8617,true,true
4.3863,true,false
1.5777,true,true
2.2157,true,false
4.8935,true,true
1.9186,true,true
1.5635,true,true
4.4544,true,true
4.0054,true,false
1.4585,true,true
0.9636,true,true
4.3678,true,true
8.1911,true,true
1.9445,true,true
1.5115,true,true
3.0563,true,true
6.2175,true,true
3.8880,true,true
1.5029,true,false
6.3157,true,true
0.8021,true,true
3.9208,true,false
1.3926,true,true
2.6674,true,true
6.2512,true,true
0.6626,true,true
11.1295,true,true
7.4185,true,true
1.5345,true,true
5.9539,true,true
3.8695,true,true
1.4499,true,true
2.1016,true,true
8.3760,true,true
0.6870,true,true
1.2537,true,true
1.9280,true,false
3.1908,true,true
0.5544,true,true
1.2048,true,true
5.4022,true,false
0.6569,true,true
4.1374,true,true
1.5188,true,true
10.0897,true,true
1.2957,true,true
1.6068,true,true
4.8352,true,false
4.0544,true,true
1.4303,true,true
4.4084,true,true
14.5279,true,true
6.8758,true,true
2.4380,true,true
16.2240,true,true
4.1638,true,true
20.7644,true,true
9.6651,true,true
1.1746,true,false
6.6335,true,false
3.4627,true,true
1.0339,true,true
13.5911,true,true
26.4850,true,true
1.1304,true,true
4.2762,true,true
1.7064,true,true
1.3834,true,true
3.6091,true,true
2.3255,true,true
1.0086,true,true
1.6857,true,true
5.0487,true,true
1.6302,true,true
1.2689,true,true
1.9883,true,true
1.5654,true,true
1.2031,true,true
0.7401,true,true
1.3792,true,true
4.1411,true,true
4.8593,true,true
10.5687,true,true
2.1375,true,true
1.1212,true,true
8.5411,true,false
0.8221,true,true
1.5632,true,true
4.7547,true,true
1.4015,true,true
2.9547,true,true
1.8253,true,true
11.6534,true,true
1.1219,true,true
12.7449,true,true
0.7561,true,true
3.1267,true,true
0.5789,true,true
4.1269,true,true
1.2556,true,true
0.8885,true,true
3.8599,true,true
3.7562,true,false
3.2903,true,true
6.9426,true,true
3.5077,true,true
6.6693,true,false
1.3102,true,true
1.6560,true,true
2.4954,true,true
1.0560,true,true
15.6596,true,true
0.6353,true,true
1.2051,true,true
0.9478,true,true
1.7231,true,true
1.4477,true,true
1.1117,true,true
0.9824,true,true
2.9384,true,true
3.6433,true,true
1.1351,true,false
2.4700,true,true
2.5493,true,true
3.1768,true,false
0.5271,true,true
8.9391,true,true
2.2066,true,true
1.1870,true,true
4.6235,true,true
17.7515,true,true
1.1760,true,true
19.9679,true,true
1.9301,true,true
2.2849,true,true
1.2040,true,true
1.6194,true,true
8.1678,true,true
11.5750,true,true
26.1231,true,true
3.4195,true,true
3.1885,true,true
3.0222,true,false
8.6056,true,true
15.9262,true,true
6.7003,true,true
4.5303,true,true
1.4402,true,true
12.3979,true,true
2.3360,true,true
9.8164,true,false
2.2052,true,true
6.8772,true,false
10.0167,true,true
0.8119,true,false
1.5095,true,true
1.0560,true,true
0.8852,true,true
5.6511,true,false
4.0871,true,true
1.2548,true,true
5.0966,true,true
2.4759,true,true
2.5022,true,true
1.1250,true,true
0.7020,true,true
2.8586,true,true
2.0419,true,true
0.9848,true,true
9.0916,true,true
1.4491,true,true
20.0202,true,true
2.2988,true,true
0.9522,true,true
6.3030,true,true
0.8871,true,true
4.6674,true,true
1.2349,true,true
2.3381,true,true
2.3338,true,true
2.4259,true,true
0.8508,true,true
1.4679,true,true
1.8082,true,true
8.1922,true,true
6.1883,true,true
1.4957,true,true
1.1671,true,true
0.7193,true,true
1.8819,true,true
1.5444,true,true
9.5886,true,true
9.3039,true,true
2.1884,true,true
9.6290,true,false
9.0345,true,true
3.2053,true,true
0.7143,true,true
1.3977,true,true
0.9045,true,true
1.4226,true,true
2.4501,true,true
3.2033,true,false
1.9760,true,true
5.1559,true,true
11.8328,true,true
2.7226,true,true
1.3264,true,true
2.4400,true,true
7.9818,true,true
1.8192,true,true
11.2064,true,true
9.2767,true,true
7.3233,true,true
3.3148,true,true
0.8263,true,true
22.6807,true,true
1.3286,true,true
0.9435,true,true
2.2996,true,true
6.0045,true,true
10.1205,true,false
1.2386,true,true
1.0712,true,true
0.6828,true,true
7.3043,true,true
1.6725,true,true
1.2885,true,true
0.8327,true,true
7.3233,true,true
1.8262,true,true
5.4915,true,true
0.9378,true,true
1.9377,true,true
3.2435,true,false
0.9468,true,true
5.3115,true,false
1.1509,true,true
0.6875,true,true
1.2979,true,false
0.8414,true,true
2.9498,true,true
1.4029,true,true
0.9911,true,true
2.1698,true,true
6.0782,true,true
1.8941,true,true
13.3188,true,true
1.7709,true,true
1.4888,true,true
9.2644,true,true
1.4438,true,true
0.9378,true,true
3.6942,true,false
1.0758,true,true
6.5362,true,true
0.8642,true,true
6.1892,true,false
13.7191,true,true
1.2895,true,true
1.0611,true,true
8.1705,true,true
25.2110,true,true
0.8482,true,true
2.5383,true,true
6.0206,true,true
1.4649,true,true
4.7430,true,false
3.5373,true,false
3.1245,true,true
0.6795,true,true
4.2864,true,true
3.6263,true,false
4.5621,true,false
1.8720,true,true
3.0728,true,true
1.5228,true,true
1.0874,true,true
0.4725,true,true
1.0341,true,true
1.9939,true,true
1.7037,true,true
3.1037,true,true
1.5779,true,true
1.1704,true,true
4.3112,true,true
10.3367,true,true
5.6337,true,true
2.6925,true,true
13.8298,true,true
10.8382,true,true
2.8338,true,true
1.4007,true,true
1.1616,true,true
4.8134,true,true
14.5548,true,true
1.2524,true,true
0.8625,true,true
1.4801,true,true
3.2284,true,true
1.1579,true,true
6.1458,true,true
2.8516,true,true
4.8527,true,true
1.7295,true,true
1.7369,true,true
2.8391,true,true
1.4464,true,true
0.9515,true,true
4.0727,true,false
1.4194,true,true
4.4622,true,true
8.3270,true,true
3.7035,true,true
6.8737,true,false
3.5201,true,true
0.9652,true,true
3.1371,true,true
1.0802,true,true
0.6633,true,true
2.1497,true,true
0.6517,true,true
1.8217,true,true
2.1692,true,true
0.5710,true,true
1.2133,true,true
0.8334,true,true
1.3214,true,true
4.1399,true,false
2.7063,true,true
1.6204,true,true
8.4218,true,false
0.8559,true,true
3.8812,true,false
1.2238,true,false
1.4326,true,true
1.2940,true,true
1.9652,true,true
12.2562,true,true
9.7708,true,true
1.1852,true,true
0.8483,true,true
1.4710,true,true
1.7451,true,true
1.3743,true,true
0.9799,true,true
2.3734,true,true
0.9402,true,true
1.5249,true,true
1.0799,true,true
0.5164,true,true
1.3450,true,true
5.4447,true,true
0.8367,true,true
1.4456,true,true
3.4069,true,false
0.7382,true,true
2.9782,true,true
1.4541,true,true
5.5846,true,true
2.4831,true,true
3.0339,true,true
1.5412,true,true
1.0672,true,true
1.7577,true,true
6.2606,true,true
0.4434,true,true
0.9473,true,true
2.3196,true,false
10.9793,true,true
9.9353,true,true
1.3750,true,true
5.4506,true,false
0.8733,true,true
1.5555,true,true
2.7012,true,true
1.1047,true,true
1.5030,true,true
1.7334,true,true
4.0078,true,true
1.2913,true,true
0.9586,true,true
4.9050,true,true
2.1814,true,true
10.6395,true,false
3.7302,true,true
2.3520,true,true
9.0410,true,true
19.7342,true,true
33.5137,true,true
16.4347,true,true
5.5804,true,false
3.6915,true,true
1.0482,true,true
1.7793,true,true
1.5450,true,true
1.1514,true,true
0.8091,true,true
3.6577,true,true
8.5340,true,true
2.7099,true,true
6.6036,true,true
3.0094,true,false
1.6115,true,true
3.6861,true,false
3.9828,true,false
1.1660,true,true
3.0458,true,false
1.8675,true,true
5.7918,true,true
1.2927,true,true
1.4942,true,true
2.8765,true,true
9.7271,true,false
2.5506,true,true
0.9754,true,true
4.3439,true,false
0.9298,true,true
5.5915,true,true
1.0459,true,true
3.1393,true,true
11.5960,true,true
6.3776,true,false
6.5953,true,true
1.6800,true,true
1.4183,true,true
8.0142,true,true
1.3933,true,true
0.9541,true,true
1.7674,true,true
7.2234,true,true
5.0473,true,true
2.0337,true,true
3.5650,true,true
1.1065,true,true
4.9966,true,true
8.9138,true,true
6.9355,true,true
4.5046,true,true
1.8324,true,true
1.5788,true,true
2.9241,true,true
3.8696,true,true
10.5612,true,true
2.3032,true,true
9.4829,true,false
0.8653,true,true
1.8808,true,true
8.6317,true,true
6.8961,true,true
6.6352,true,true
11.7070,true,true
6.1695,true,false
3.2486,true,true
9.5243,true,true
2.6105,true,false
1.8004,true,true
4.8155,true,false
6.3631,true,true
0.8299,true,true
5.4490,true,false
2.2111,true,true
0.8152,true,true
6.0179,true,true
2.8935,true,true
2.3928,true,false
3.9551,true,true
0.9505,true,true
1.4485,true,true
1.1816,true,true
0.8907,true,true
2.2243,true,true
1.7836,true,true
1.4287,true,true
2.1939,true,false
0.6006,true,true
1.9167,true,true
5.2608,true,false
3.8201,true,false
2.4441,true,true
2.7346,true,true
3.0028,true,true
17.4299,true,true
5.0685,true,true
2.3988,true,true
0.9400,true,true
1.5105,true,true
1.1474,true,true
0.6105,true,true
1.1686,true,true
3.6864,true,true
0.7721,true,true
1.5840,true,true
9.9269,true,true
1.3082,true,true
14.2354,true,false
9.0995,true,true
1.2919,true,true
1.6296,true,true
1.4808,true,true
4.6534,true,true
1.2395,true,true
0.8792,true,true
6.8993,true,true
7.6079,true,false
5.8479,true,false
7.3619,true,true
1.4627,true,true
7.7326,true,false
1.4474,true,true
5.8619,true,false
1.3865,true,true
5.5640,true,false
5.3287,true,false
2.9796,true,false
1.4027,true,true
2.1484,true,true
0.6626,true,false
2.3362,true,true
2.9675,true,true
9.3169,true,true
1.6369,true,true
4.4727,true,true
1.3908,true,true
1.3104,true,true
0.9307,true,true
7.2144,true,true
1.5170,true,true
1.5775,true,true
1.3148,true,true
3.4621,true,true
0.9457,true,true
1.6235,true,true
4.9751,true,true
3.9166,true,true
7.7405,true,false
1.6169,true,true
15.8391,true,true
10.8936,true,true
2.4928,true,true
5.7581,true,true
1.4923,true,true
8.1012,true,true
10.4363,true,true
3.7023,true,true
7.3848,true,true
1.3508,true,true
4.3450,true,true
5.6141,true,false
2.6533,true,false
9.7899,true,true
2.7885,true,false
1.3243,true,true
7.7985,true,false
11.0083,true,true
1.2418,true,true
1.9573,true,false
6.0489,true,true
10.1131,true,true
1.5422,true,true
6.0314,true,false
3.6854,true,false
1.0086,true,true
2.3929,true,true
3.9768,true,false
3.3262,true,false
1.8570,true,true
1.5627,true,true
1.7565,true,true
1.2245,true,true
0.8873,true,true
4.5214,true,true
1.4861,true,true
7.0172,true,true
1.0732,true,true
12.6335,true,true
3.3853,true,true
0.7598,true,true
8.9537,true,true
12.2438,true,true
2.6484,true,true
1.2045,true,true
2.3177,true,true
1.0746,true,true
7.3193,true,false
1.8609,true,true
5.0161,true,true
8.6405,true,true
1.0323,true,true
1.7238,true,true
2.6803,true,true
1.2676,true,true
4.5646,true,false
5.0412,true,true
4.7070,true,true
7.8330,true,true
1.8827,true,true
2.1302,true,true
0.5385,true,true
4.6017,true,true
1.5108,true,true
9.0291,true,true
6.1350,true,true
1.8636,true,true
5.0980,true,false
2.6700,true,false
3.0252,true,true
6.5506,true,true
0.9156,true,true
1.6088,true,true
1.1952,true,true
0.8472,true,true
1.4141,true,true
0.9957,true,false
1.9561,true,true
1.6652,true,true
2.0539,true,true
12.0310,true,true
1.2157,true,true
0.8065,true,false
3.0659,true,true
1.4875,true,true
1.2822,true,true
1.5416,true,true
9.8307,true,true
1.2295,true,true
5.9784,true,true
3.8481,true,false
24.0547,true,true
4.2040,true,false
6.3240,true,true
3.2278,true,true
11.9447,true,true
17.2466,true,false
3.8929,true,true
1.5289,true,true
11.1398,true,false
2.3669,true,true
8.8098,true,false
2.5880,true,true
16.2814,true,true
4.0182,true,false
25.9926,true,true
4.1082,true,false
1.4800,true,true
1.1381,true,true
0.8244,true,true
1.5568,true,true
1.1437,true,true
7.2296,true,false
2.3552,true,true
1.7576,true,true
8.0536,true,true
11.2487,true,true
1.6727,true,true
5.3335,true,true
0.6937,true,true
4.2540,true,true
0.6967,true,true
5.7278,true,false
3.8569,true,false
1.3306,true,true
0.9104,true,true
1.6154,true,true
3.1839,true,true
0.6820,true,true
3.6947,true,false
4.7413,true,false
5.4790,true,true
2.5821,true,true
1.2077,true,true
2.1863,true,true
3.8521,true,true
1.2039,true,true
8.3610,true,true
2.5547,true,true
18.5390,true,true
1.3729,true,true
0.9084,true,true
2.8851,true,true
1.2626,true,true
0.8814,true,true
1.5817,true,true
1.1177,true,true
0.5176,true,true
1.2732,true,true
5.6930,true,true
2.5100,true,true
5.6377,true,true
1.1051,true,true
11.4666,true,true
0.7678,true,true
1.3394,true,true
1.0699,true,true
0.5324,true,true
1.1868,true,true
0.8418,true,true
1.6328,true,true
4.5474,true,true
1.4520,true,true
1.6376,true,true
1.3606,true,true
1.0034,true,true
2.0700,true,true
6.7839,true,true
1.1672,true,true
3.7998,true,true
1.5696,true,true
9.5248,true,true
0.9176,true,true
4.8045,true,false
1.3185,true,true
6.3262,true,true
0.7908,true,true
4.1970,true,true
4.6808,true,true
1.9174,true,true
9.2107,true,true
12.6511,true,true
0.7217,true,true
4.0998,true,true
7.2543,true,true
1.4414,true,true
1.1166,true,true
1.9160,true,false
1.5551,true,true
6.0460,true,true
4.0259,true,true
7.1830,true,true
2.9330,true,false
6.6979,true,true
4.0706,true,true
1.4186,true,true
4.0714,true,true
1.0595,true,true
0.8389,true,true
9.8146,true,true
3.3166,true,true
10.0429,true,true
1.3710,true,true
4.0759,true,true
7.4543,true,true
11.9580,true,false
31.0605,true,true
22.0076,true,true
6.7819,true,true
1.0115,true,true
6.3371,true,false
20.6517,true,true
2.6054,true,true
2.5860,true,true
37.3178,true,true
4.1572,true,true
1.5719,true,true
2.9310,true,true
1.8384,true,true
6.5442,true,false
1.0448,true,true
4.3432,true,true
1.2473,true,true
5.2863,true,true
0.7271,true,true
2.6287,true,true
3.3389,true,true
10.5351,true,true
4.2226,true,false
2.2358,true,true
2.9063,true,false
1.4264,true,true
3.2950,true,false
2.2101,true,true
0.8497,true,true
1.8005,true,true
1.4731,true,true
4.7433,true,true
14.0903,true,true
2.4663,true,true
10.0412,true,true
1.4203,true,true
5.1827,true,true
19.2033,true,true
1.4028,true,true
1.1393,true,true
2.3668,true,false
1.0387,true,true
1.6381,true,true
31.9267,true,true
1.4273,true,true
1.0379,true,true
2.9936,true,false
1.4240,true,true
2.3569,true,true
1.2761,true,true
7.5514,true,false
10.7431,true,true
2.1114,true,true
5.3813,true,false
0.8273,true,true
10.5521,true,true
0.8393,true,true
1.3022,true,true
3.7225,true,false
0.8132,true,true
1.5417,true,true
1.2057,true,true
1.4871,true,true
2.7169,true,false
2.4122,true,true
0.8538,true,true
4.6237,true,true
13.2713,true,true
9.4898,true,true
2.0104,true,true
9.0752,true,true
19.4537,true,false
25.9648,true,true
7.6088,true,false
17.0367,true,true
13.9861,true,false
5.7602,true,true
3.4205,true,true
0.7283,true,true
7.3828,true,false
1.9518,true,false
7.5611,true,true
1.4932,true,true
4.6589,true,true
1.2587,true,true
3.3320,true,true
0.6988,true,true
1.2048,true,true
4.9584,true,true
2.0689,true,true
11.3541,true,true
2.4126,true,true
0.9952,true,true
8.9042,true,true
2.7308,true,true
1.1719,true,true
0.8621,true,true
4.8368,true,true
5.0642,true,false
2.7571,true,true
7.1371,true,true
2.8520,true,true
1.5795,true,true
5.6389,true,true
3.2434,true,false
0.7582,true,true
1.3935,true,true
1.0474,true,true
4.1890,true,true
0.7058,true,true
1.3840,true,true
4.6080,true,true
1.8334,true,true
7.1097,true,true
2.8014,true,true
1.1933,true,true
1.0093,true,true
3.6183,true,false
1.7961,true,true
1.6894,true,true
6.4974,true,true
23.7364,true,true
2.3840,true,true
12.0722,true,true
7.6312,true,false
11.4921,true,false
0.8705,true,true
4.9079,true,true
2.6518,true,true
1.0922,true,true
2.3628,true,true
6.8234,true,true
3.0393,true,true
7.0375,true,false
1.3747,true,false
5.7251,true,true
22.9261,true,true
1.7096,true,true
5.4302,true,false
11.9151,true,false
3.2738,true,false
3.1148,true,false
0.7342,true,true
6.1174,true,false
3.3275,true,false
0.8339,true,true
2.5564,true,true
1.3837,true,true
8.2126,true,false
1.7813,true,true
3.6378,true,true
1.1177,true,true
3.2091,true,true
3.7869,true,true
10.9388,true,true
3.2921,true,true
2.1304,true,true
0.7328,true,true
1.5957,true,true
2.9063,true,true
1.7613,true,true
28.5219,true,true
3.6256,true,true
4.1180,true,true
1.1970,true,true
2.9484,true,false
2.9455,true,true
3.2955,true,false
4.1838,true,true
2.5636,true,true
1.1405,true,true
1.5761,true,true
8.4926,true,false
3.0931,true,true
6.3198,true,true
0.7594,true,true
5.2658,true,true
0.7368,true,true
9.0564,true,true
1.6085,true,false
28.7607,true,true
2.2504,true,true
39.2164,true,true
15.0540,true,true
5.0141,true,true
14.9666,true,false
47.1689,true,true
2.9140,true,true
37.6116,true,true
6.3841,true,true
1.4752,true,true
49.1020,true,true
15.9882,true,true
24.5969,true,false
2.0300,true,true
2.2622,true,true
41.1378,true,true
1.1305,true,true
23.0217,true,true
10.9108,true,true
1.5094,true,true
5.7002,true,true
1.2041,true,true
60.6411,true,true
2.5100,true,true
70.8187,true,true
2.6764,true,true
1.1340,true,true
0.8234,true,true
1.5098,true,true
1.0462,true,true
1.5375,true,true
3.7993,true,false
2.5758,true,true
1.7162,true,true
12.2626,true,true
2.1269,true,true
16.7587,true,true
10.0071,true,false
3.8202,true,true
13.3803,true,false
1.0540,true,true
0.7317,true,true
3.7926,true,false
1.7470,true,true
3.7351,true,true
1.8235,true,true
5.2099,true,false
2.3032,true,false
0.7213,true,true
2.9833,true,true
4.6414,true,true
2.7737,true,true
1.2432,true,true
0.8326,true,true
5.8557,true,true
2.6852,true,true
12.8170,true,true
1.0053,true,true
7.6363,true,true
1.1978,true,true
4.8765,true,true
23.2957,true,true
5.6062,true,true
1.0588,true,true
4.3364,true,false
7.5179,true,true
4.6902,true,false
1.7069,true,true
1.3052,true,true
3.3199,true,false
0.7368,true,true
1.4869,true,true
2.9829,true,true
4.8911,true,true
1.4349,true,true
7.0459,true,true
3.1849,true,false
0.6268,true,true
1.1967,true,true
5.1646,true,true
9.3418,true,true
4.1717,true,false
1.6097,true,true
1.2613,true,true
5.3908,true,false
4.9942,true,true
1.7813,true,true
5.7842,true,true
1.2040,true,true
0.9499,true,true
1.4745,true,true
1.1831,true,true
0.8690,true,true
1.4905,true,true
1.2331,true,true
0.8397,true,true
1.4698,true,false
1.7690,true,true
2.4392,true,false
2.0002,true,true
2.6746,true,true
4.9982,true,true
2.5894,true,false
2.7012,true,true
3.5926,true,true
1.0723,true,true
1.3283,true,true
1.1092,true,true
9.1445,true,true
2.9456,true,true
6.4048,true,true
0.7361,true,true
1.5169,true,true
2.0769,true,true
6.6336,true,true
0.6042,true,true
1.2609,true,true
0.7630,true,true
2.4135,true,true
6.6292,true,true
0.9802,true,true
5.3270,true,true
3.3623,true,true
2.2631,true,false
0.8546,true,true
17.1835,true,true
2.4550,true,true
10.3951,true,true
5.1925,true,true
11.4442,true,false
4.2516,true,true
1.6320,true,true
4.0247,true,true
1.3329,true,true
0.9026,true,true
1.5097,true,true
1.0075,true,true
1.6778,true,true
1.3066,true,true
5.2067,true,true
0.5625,true,true
1.8360,true,true
2.0521,true,true
1.6929,true,true
1.2320,true,true
10.0743,true,true
3.2084,true,true
20.8601,true,true
8.3991,true,true
5.2816,true,true
2.2018,true,true
13.9646,true,false
1.3762,true,true
4.5875,true,true
24.6160,true,true
1.3434,true,true
0.9733,true,true
1.7237,true,true
1.3505,true,true
1.5521,true,true
1.1443,true,true
0.7194,true,true
1.2866,true,true
0.8913,true,true
2.0043,true,true
4.7468,true,false
3.9908,true,false
12.8224,true,false
11.3911,true,false
5.0118,true,true
3.7743,true,true
14.2700,true,true
3.7444,true,true
17.1896,true,true
5.1665,true,false
2.1951,true,true
1.0333,true,true
4.4146,true,true
0.9021,true,true
6.9200,true,true
10.9118,true,true
3.9531,true,true
10.4435,true,false
1.2789,true,true
8.5670,true,true
0.9393,true,true
1.6209,true,true
1.8092,true,true
2.2131,true,true
8.7903,true,true
1.3225,true,true
10.7846,true,false
7.2169,true,false
3.8886,true,true
1.3003,true,true
1.0144,true,true
1.7607,true,true
5.8367,true,true
1.6864,true,true
6.9842,true,true
1.3395,true,true
3.9746,true,false
1.8471,true,false
7.3553,true,true
2.1970,true,true
9.8589,true,true
0.6640,true,true
3.8138,true,false
3.0078,true,false
1.5316,true,true
1.3069,true,true
12.7116,true,true
5.0851,true,false
2.8071,true,true
2.8590,true,true
1.9028,true,true
1.5002,true,true
2.8108,true,true
1.3241,true,true
2.2401,true,true
6.9152,true,false
3.6477,true,true
3.9631,true,false
10.7449,true,true
4.2780,true,false
2.5139,true,true
3.9158,true,true
1.9017,true,true
6.4477,true,false
1.0383,true,true
6.9797,true,true
1.3641,true,true
1.2207,true,true
5.0776,true,true
4.2944,true,true
1.6911,true,true
1.3167,true,true
5.5766,true,true
4.0739,true,true
7.8600,true,true
5.8746,true,false
4.6875,true,false
3.5058,true,true
2.3782,true,true
3.3151,true,true
2.6800,true,true
1.5230,true,true
10.9014,true,true
8.0025,true,true
3.1153,true,true
1.5308,true,true
1.0101,true,true
3.0958,true,true
1.6779,true,true
1.3418,true,true
0.9410,true,true
1.4546,true,true
1.0926,true,true
1.1396,true,true
3.0552,true,true
3.9808,true,true
5.8895,true,true
4.7176,true,false
4.6943,true,true
1.9303,true,true
1.5150,true,true
6.4900,true,true
3.6223,true,false
2.2181,true,false
3.6077,true,true
1.7888,true,true
5.7595,true,true
1.2837,true,true
2.5716,true,true
1.7096,true,true
1.4895,true,true
1.3955,true,true
0.9267,true,false
1.7426,true,true
1.4655,true,true
1.1402,true,true
1.9987,true,false
20.8315,true,true
9.7801,true,false
8.8324,true,false
1.8170,true,true
2.1639,true,true
16.6732,true,false
4.3401,true,true
7.7763,true,true
23.6958,true,true
3.3729,true,true
2.6396,true,true
2.7207,true,false
1.2977,true,true
1.2993,true,true
1.4070,true,true
29.5354,true,true
1.5459,true,true
2.8879,true,true
1.2837,true,true
0.7870,true,true
2.5949,true,true
1.1152,true,true
0.7979,true,false
6.0813,true,true
1.3705,true,true
1.0661,true,true
0.7357,true,true
1.3348,true,true
1.5063,true,true
4.9682,true,true
3.7830,true,true
2.8127,true,true
1.4373,true,true
8.0099,true,true
1.4502,true,true
2.8551,true,true
6.7465,true,false
1.0349,true,false
1.7132,true,true
6.0197,true,false
4.1434,true,false
1.5498,true,true
7.9312,true,true
1.7840,true,true
9.5231,true,true
1.0408,true,true
10.1343,true,true
11.2983,true,true
2.5892,true,true
1.8138,true,true
18.6359,true,true
12.9723,true,true
3.5274,true,false
14.3022,true,true
1.9342,true,false
19.7715,true,true
2.1618,true,true
33.5480,true,true
15.2132,true,true
9.5564,true,true
0.8764,true,true
3.8876,true,true
2.5866,true,true
2.2504,true,true
1.0825,true,true
0.8522,true,true
16.9826,true,true
0.9028,true,true
4.0729,true,true
1.5159,true,true
2.4614,true,true
1.7940,true,true
15.0726,true,true
5.3822,true,true
3.7792,true,true
7.4903,true,false
13.9849,true,true
1.5032,true,true
36.3516,true,true
28.1310,true,false
4.3363,true,false
1.2117,true,true
8.3435,true,true
3.0620,true,false
2.2391,true,true
0.9139,true,true
4.9568,true,true
1.4157,true,true
0.9708,true,true
1.5462,true,true
6.8306,true,true
10.5507,true,true
1.3571,true,true
4.5000,true,true
4.7373,true,true
3.8727,true,true
1.1061,true,true
1.7640,true,true
5.6757,true,true
1.1015,true,true
6.7244,true,false
1.3099,true,true
6.1805,true,false
14.0486,true,true
11.3082,true,true
1.9578,true,true
18.2116,true,true
2.5912,true,false
3.0457,true,false
1.6874,true,true
5.4468,true,true
0.7564,true,true
9.5715,true,true
7.8544,true,true
3.7496,true,true
1.2555,true,true
8.2042,true,false
6.4383,true,true
0.8582,true,true
4.9918,true,false
1.4586,true,true
0.9705,true,true
1.6126,true,true
2.1632,true,true
0.8514,true,true
10.5899,true,true
8.3686,true,false
1.1299,true,true
4.3682,true,true
1.7089,true,true
4.0566,true,true
1.4040,true,true
0.9395,true,true
4.8828,true,true
8.4409,true,false
1.9685,true,true
6.6355,true,false
1.1250,true,true
1.6420,true,true
8.4724,true,true
0.7651,true,true
6.1283,true,true
9.6456,true,true
4.9101,true,true
24.7374,true,true
18.6834,true,true
11.7783,true,true
10.8172,true,true
1.4625,true,true
8.0506,true,false
18.5449,true,true
6.8419,true,true
1.2102,true,true
1.1495,true,true
4.8031,true,true
8.3040,true,true
0.6615,true,true
4.1298,true,true
0.7590,true,true
5.5931,true,false
1.2428,true,true
3.5022,true,false
13.7685,true,true
3.4795,true,true
13.8144,true,true
32.9876,true,true
9.1435,true,false
1.9251,true,true
6.8772,true,false
16.2954,true,true
2.4518,true,true
2.2626,true,true
1.0537,true,true
5.0054,true,false
2.3533,true,true
2.4649,true,true
1.0387,true,true
1.3311,true,true
9.0274,true,true
5.5554,true,false
2.8825,true,true
1.4919,true,true
14.0311,true,true
3.3182,true,false
0.8249,true,true
2.2184,true,true
5.5016,true,true
0.8726,true,true
4.9318,true,true
4.3563,true,false
1.6211,true,true
12.3037,true,true
4.3427,true,false
4.3544,true,true
11.6697,true,true
9.0564,true,true
15.6482,true,true
0.9189,true,true
8.2322,true,true
14.4855,true,true
2.7882,true,true
1.7279,true,true
16.1055,true,true
1.2397,true,true
2.5518,true,true
5.7275,true,true
3.7344,true,true
11.1648,true,true
14.2909,true,true
7.1076,true,true
16.9151,true,true
5.4145,true,true
2.3213,true,true
12.3733,true,true
2.1106,true,true
0.6279,true,true
2.9809,true,true
1.5087,true,false
1.9301,true,true
1.7773,true,true
10.4965,true,true
2.8015,true,true
6.8704,true,false
1.2505,true,true
1.5588,true,true
1.3140,true,true
1.7919,true,true
11.2992,true,true
1.6506,true,true
12.8539,true,true
5.2113,true,true
4.4715,true,true
9.4557,true,true
13.1122,true,true
2.3480,true,true
6.0259,true,false
1.4820,true,true
1.1973,true,true
0.7218,true,true
16.8152,true,true
1.5199,true,true
1.6894,true,true
2.8843,true,true
7.0861,true,true
1.4990,true,true
0.9987,true,true
5.6384,true,true
2.6322,true,true
2.7303,true,false
2.4945,true,true
3.7473,true,false
1.7418,true,true
2.3365,true,true
11.0971,true,true
16.7262,true,true
9.2330,true,true
7.3653,true,true
13.8701,true,true
1.9668,true,true
5.5274,true,true
1.1235,true,true
2.4077,true,true
0.8219,true,true
1.4935,true,true
5.0572,true,false
1.6590,true,false
6.1505,true,true
1.5962,true,false
1.2684,true,true
1.4949,true,true
2.5246,true,true
4.7490,true,false
1.6248,true,true
6.0362,true,false
4.4599,true,true
1.5764,true,true
1.2890,true,true
0.7725,true,true
1.3664,true,true
5.2426,true,true
2.0290,true,true
1.6680,true,true
3.7932,true,true
4.1726,true,false
1.1321,true,true
6.3884,true,false
0.7877,true,true
4.0576,true,true
11.1901,true,true
2.0741,true,true
7.9930,true,true
5.6029,true,true
3.8068,true,true
4.9283,true,true
2.8905,true,true
1.3743,true,true
1.6561,true,true
4.8866,true,true
4.7449,true,true
9.3326,true,true
0.8171,true,true
7.7861,true,true
12.2654,true,true
2.9126,true,false
1.6609,true,false
1.4671,true,true
1.3548,true,true
6.2498,true,true
3.1752,true,true
11.5526,true,true
0.8207,true,true
10.3275,true,true
4.1095,true,true
29.9929,true,true
5.2094,true,true
1.0051,true,true
2.5418,true,true
10.9484,true,true
1.1520,true,true
12.0885,true,false
6.3995,true,false
1.5459,true,true
24.5901,true,true
1.4223,true,true
10.2408,true,true
1.5778,true,true
5.3103,true,false
0.8719,true,true
1.3925,true,true
0.9804,true,true
2.8448,true,true
1.3980,true,true
1.0026,true,true
4.4161,true,true
1.5988,true,true
1.5631,true,true
3.2520,true,true
12.7989,true,true
1.8107,true,true
6.9067,true,false
21.5991,true,true
4.2032,true,false
1.4435,true,true
3.2247,true,false
1.2765,true,true
0.8153,true,true
7.3083,true,true
4.2048,true,true
1.4743,true,true
2.2593,true,true
1.9487,true,true
14.8351,true,true
6.0684,true,false
10.3597,true,true
1.5532,true,true
1.2538,true,true
2.4350,true,true
2.6239,true,true
1.6852,true,true
8.0763,true,true
2.8245,true,true
17.7449,true,true
5.3405,true,true
1.3368,true,true
12.0275,true,false
4.8054,true,true
14.9042,true,true
1.1509,true,true
5.0633,true,false
14.6761,true,true
9.8622,true,true
0.8372,true,true
1.4918,true,true
1.0406,true,true
1.5296,true,true
1.7125,true,true
2.7368,true,true
13.9641,true,true
11.1439,true,true
2.9647,true,true
2.2075,true,true
3.7083,true,true
3.0646,true,true
14.9198,true,false
12.9036,true,true
2.8410,true,true
7.6048,true,false
15.5341,true,false
1.5203,true,true
1.3228,true,true
1.0581,true,true
13.0963,true,true
1.8498,true,true
1.5756,true,true
1.2271,true,true
5.8799,true,true
1.1937,true,true
0.8117,true,true
1.4991,true,true
1.9747,true,true
3.9166,true,true
3.6145,true,true
3.8636,true,false
1.1665,true,true
2.4438,true,false
0.9625,true,true
1.9320,true,true
7.1395,true,true
1.6118,true,true
11.6857,true,true
3.9560,true,true
1.0985,true,true
0.7253,true,true
3.1666,true,true
0.6123,true,true
1.4467,true,true
10.2858,true,true
1.7665,true,true
6.7890,true,true
1.0416,true,true
6.4921,true,false
6.7204,true,true
8.3379,true,true
8.4760,true,true
9.8223,true,true
7.0026,true,true
4.7377,true,true
7.2293,true,false
2.1143,true,true
6.8243,true,true
4.3698,true,true
3.5775,true,true
1.1757,true,true
4.4642,true,true
7.6749,true,true
1.5910,true,true
1.1120,true,true
3.2181,true,true
0.6006,true,true
1.2005,true,true
2.4058,true,true
0.9749,true,true
1.5513,true,true
1.1102,true,true
0.5925,true,true
7.3374,true,true
1.5816,true,true
1.6845,true,true
12.2282,true,true
7.5857,true,true
17.8456,true,true
5.5927,true,true
1.4265,true,true
26.4299,true,true
3.1589,true,true
3.3548,true,true
0.8797,true,true
18.1943,true,true
4.0693,true,true
1.8177,true,false
6.5747,true,true
5.2136,true,false
3.1294,true,true
1.1060,true,true
2.0526,true,true
5.5086,true,true
1.1416,true,true
5.2789,true,false
9.0276,true,false
2.5660,true,true
10.4768,true,true
7.7893,true,true
1.3176,true,false
0.9410,true,true
9.5669,true,true
2.3205,true,false
8.6409,true,true
6.8351,true,true
1.5697,true,true
1.2476,true,true
9.0901,true,true
3.2062,true,false
1.3051,true,true
7.9449,true,true
2.1929,true,true
1.1574,true,true
9.5647,true,true
6.7894,true,true
1.3612,true,true
1.2187,true,true
9.7762,true,true
0.7971,true,true
15.9347,true,true
0.9091,true,true
4.1686,true,false
1.8782,true,true
6.8927,true,true
1.8742,true,true
2.2540,true,true
1.2303,true,true
0.8885,true,true
1.5458,true,true
1.1982,true,true
2.1166,true,true
5.7970,true,true
12.3228,true,true
3.7838,true,true
16.3165,true,true
7.0718,true,false
1.3186,true,true
1.3355,true,true
6.9793,true,true
3.4508,true,true
3.8471,true,true
10.7368,true,false
1.4371,true,true
7.7196,true,true
17.0747,true,true
4.6915,true,false
3.3570,true,false
2.3742,true,true
7.2365,true,true
3.7214,true,false
5.9775,true,true
4.4810,true,true
12.7127,true,false
3.4783,true,true
18.2122,true,true
3.9846,true,false
1.7762,true,true
1.6198,true,true
1.9429,true,true
36.2655,true,true
2.2312,true,true
0.8571,true,true
2.1083,true,true
1.1145,true,true
7.6188,true,true
1.0562,true,true
1.7612,true,true
4.7419,true,true
1.6404,true,true
1.2374,true,true
1.0086,true,true
0.7107,true,true
1.4248,true,true
4.7674,true,true
1.4368,true,true
5.5422,true,false
0.8635,true,true
1.3548,true,true
6.6434,true,true
3.5865,true,true
7.3044,true,true
1.1133,true,true
4.7583,true,true
10.7484,true,false
2.0519,true,true
16.1900,true,true
1.1886,true,false
3.0326,true,false
1.4236,true,true
1.0256,true,true
1.5924,true,true
1.1888,true,true
2.4798,true,false
4.1834,true,false
4.0993,true,true
1.4794,true,true
4.8350,true,true
2.0364,true,true
1.7015,true,true
1.5231,true,true
6.5836,true,true
1.7067,true,true
4.9235,true,true
9.7321,true,false
1.0950,true,true
4.3650,true,true
1.4230,true,true
1.7158,true,true
1.4657,true,true
2.9397,true,false
1.3361,true,true
0.9691,true,false
1.5738,true,true
7.0019,true,true
3.9224,true,false
1.5079,true,true
1.1930,true,true
4.4801,true,false
0.9748,true,true
2.7771,true,false
3.0218,true,false
1.6316,true,true
1.1533,true,true
0.7617,true,true
1.5218,true,true
1.6039,true,true
1.0940,true,true
2.3204,true,true
1.6429,true,true
2.6329,true,true
2.3560,true,false
3.5431,true,true
6.6999,true,true
2.8115,true,false
7.5933,true,true
4.7048,true,false
8.5690,true,false
1.8038,true,true
8.0648,true,true
4.9660,true,true
1.5718,true,true
1.2781,true,true
0.9485,true,true
2.4890,true,true
1.0508,true,false
4.5627,true,true
1.7675,true,true
15.7800,true,true
6.6089,true,true
3.5361,true,true
0.9926,true,true
13.9714,true,true
11.0016,true,false
1.5235,true,true
1.0954,true,true
9.5130,true,true
1.2209,true,true
5.1796,true,true
2.0903,true,true
0.6260,true,true
1.2737,true,true
0.7802,true,true
19.9662,true,true
2.4013,true,true
2.4582,true,true
0.8755,true,true
8.7293,true,true
1.8654,true,true
7.7073,true,true
1.7692,true,true
11.4816,true,true
14.8997,true,true
1.2276,true,true
6.3658,true,true
2.3378,true,false
1.7363,true,true
5.4672,true,false
1.0581,true,true
6.4842,true,true
0.6677,true,false
1.4042,true,true
1.0310,true,true
2.6374,true,false
2.2128,true,true
2.2575,true,true
15.3106,true,false
13.0906,true,false
2.0237,true,true
9.2619,true,true
19.0165,true,true
1.1073,true,true
7.5877,true,true
0.9798,true,true
2.3229,true,true
1.9855,true,false
1.5065,true,true
1.8030,true,true
1.5908,true,true
3.6214,true,false
1.0374,true,true
12.8725,true,true
4.3560,true,true
3.7251,true,true
1.0588,true,true
3.2508,true,true
1.2540,true,true
1.1951,true,true
6.2659,true,true
2.8462,true,true
16.5959,true,true
7.7075,true,false
4.6602,true,true
5.6705,true,true
2.9981,true,false
4.2390,true,true
1.5899,true,true
1.1145,true,true
0.5300,true,true
1.4868,true,true
4.9507,true,true
6.5738,true,true
11.6837,true,true
10.6743,true,false
8.2865,true,true
2.6007,true,true
3.2045,true,true
22.2572,true,true
8.9850,true,true
21.7209,true,true
32.0052,true,true
16.9902,true,false
7.7229,true,false
5.9780,true,false
1.6508,true,true
10.2913,true,true
1.8334,true,true
1.5299,true,true
1.2597,true,true
11.8037,true,true
1.4197,true,true
2.6798,true,true
8.6979,true,false
2.2662,true,true
0.9456,true,true
10.2002,true,false
1.8397,true,true
1.6814,true,true
25.5969,true,true
31.7709,true,true
4.1127,true,false
1.7601,true,true
1.5440,true,true
1.0814,true,true
0.9496,true,true
3.4575,true,true
1.5104,true,true
25.9192,true,true
1.4568,true,true
1.4328,true,true
1.3311,true,true
20.5806,true,true
6.5624,true,false
0.7663,true,true
1.8405,true,true
2.0547,true,true
3.5279,true,true
3.4443,true,true
1.0446,true,true
3.6703,true,true
0.7553,true,true
8.4914,true,true
2.3770,true,true
13.1226,true,true
1.4311,true,true
8.5687,true,true
5.1382,true,true
5.7969,true,true
5.0880,true,true
3.7894,true,true
1.3742,true,false
1.0870,true,true
0.7292,true,true
1.3500,true,true
1.6597,true,true
1.5962,true,true
5.9459,true,false
3.2148,true,true
3.9547,true,true
7.2519,true,true
13.9615,true,false
11.3570,true,true
4.0482,true,true
4.5568,true,false
1.5049,true,true
1.9242,true,true
4.0443,true,true
3.3610,true,true
2.4827,true,true
9.1951,true,false
1.5940,true,true
3.3894,true,false
3.3939,true,true
1.4592,true,true
1.1727,true,true
0.8518,true,true
3.7296,true,true
1.2787,true,true
7.9411,true,true
1.5586,true,true
2.0399,true,true
8.8701,true,true
2.8232,true,true
1.3761,true,false
4.0397,true,true
1.0454,true,true
1.7023,true,true
1.4499,true,true
2.6088,true,true
1.2050,true,true
1.0648,true,true
6.2413,true,true
2.2330,true,true
0.8598,true,true
1.5547,true,true
4.7681,true,false
3.8885,true,true
7.8513,true,false
1.8708,true,true
3.3107,true,true
12.0059,true,true
3.4245,true,true
9.4194,true,true
0.8105,true,true
4.6110,true,false
1.2680,true,true
1.9423,true,true
6.1052,true,false
4.2643,true,false
0.8839,true,true
7.9383,true,true
1.6908,true,true
1.3966,true,true
4.5429,true,true
1.1114,true,true
0.7326,true,true
6.3468,true,true
19.9641,true,false
13.7623,true,true
10.6983,true,true
7.6400,true,false
1.8648,true,true
5.3324,true,true
17.8532,true,true
1.7804,true,true
2.0007,true,true
13.8308,true,true
8.0572,true,true
3.3565,true,true
4.9556,true,true
2.2547,true,true
1.3076,true,true
2.5373,true,true
1.1056,true,true
1.9370,true,false
2.6046,true,true
6.3462,true,true
3.6482,true,true
0.6862,true,false
2.3671,true,true
2.6242,true,true
9.2228,true,true
2.8430,true,true
1.4259,true,true
1.1298,true,true
0.6974,true,true
1.3081,true,true
2.5761,true,true
1.0233,true,true
6.4190,true,true
0.8183,true,true
1.6829,true,true
8.3114,true,true
1.8181,true,true
5.7647,true,false
4.2163,true,true
1.1861,true,true
0.8450,true,true
4.5025,true,true
7.3390,true,false
13.8424,true,true
3.9273,true,true
11.7494,true,true
2.6099,true,false
2.0511,true,true
1.2268,true,true
1.1240,true,true
21.2034,true,true
13.7468,true,true
2.3784,true,true
6.3565,true,true
0.9693,true,true
4.1338,true,true
4.6390,true,false
4.3797,true,false
7.6217,true,true
1.2384,true,true
4.4400,true,true
0.8898,true,true
1.5444,true,true
1.7841,true,true
4.4941,true,true
1.4714,true,true
1.6993,true,true
7.2113,true,true
1.5384,true,true
1.1203,true,true
0.7567,true,true
2.0996,true,true
22.1484,true,true
7.5863,true,true
1.5098,true,true
5.5363,true,true
1.2620,true,true
0.9536,true,true
1.7118,true,false
2.5783,true,true
3.8069,true,true
10.5913,true,true
1.9310,true,true
25.3085,true,true
2.0634,true,true
0.5936,true,true
1.2982,true,true
9.9541,true,true
2.2923,true,true
1.0278,true,false
8.9335,true,false
12.2678,true,true
1.5885,true,true
4.8390,true,true
2.8403,true,true
1.7699,true,true
1.4787,true,true
5.4896,true,false
2.2645,true,true
5.7710,true,false
6.6414,true,false
2.9279,true,true
7.4943,true,false
1.4307,true,true
1.2634,true,true
6.0695,true,true
1.4135,true,true
0.9667,true,true
3.3386,true,false
0.8061,true,true
9.4406,true,true
0.6929,true,true
1.6612,true,true
8.0204,true,true
1.4844,true,true
7.9316,true,true
1.3104,true,true
20.4380,true,true
1.2660,true,true
1.0546,true,true
6.0892,true,true
1.7215,true,true
6.2099,true,true
1.6418,true,true
1.6315,true,true
5.5946,true,false
13.5647,true,true
2.0259,true,true
1.6985,true,true
2.3968,true,true
2.5200,true,true
1.9368,true,true
20.0109,true,true
1.9029,true,true
15.5758,true,true
3.8329,true,true
1.3262,true,true
0.9305,true,true
15.1694,true,true
1.1519,true,true
3.6636,true,true
0.9935,true,true
1.6623,true,true
1.4119,true,true
6.9403,true,true
2.3742,true,true
8.9714,true,true
7.9580,true,false
4.7354,true,true
2.7170,true,true
1.5515,true,true
1.6353,true,true
2.9874,true,true
8.5725,true,true
19.0783,true,true
4.3876,true,false
3.0633,true,true
2.1770,true,true
2.3530,true,true
1.2956,true,true
8.7463,true,true
8.0868,true,true
21.9208,true,true
4.4217,true,false
8.8623,true,true
12.0683,true,true
1.2170,true,true
4.0394,true,true
1.0580,true,true
12.6700,true,true
1.0842,true,true
0.7929,true,true
2.7450,true,false
1.1961,true,false
2.1157,true,true
2.9357,true,true
6.2697,true,false
0.9153,true,true
7.2098,true,true
1.6659,true,true
2.0076,true,true
3.3048,true,true
1.0642,true,true
7.9451,true,true
2.6977,true,true
2.0932,true,false
6.0879,true,true
12.6720,true,false
16.1087,true,false
0.8223,true,true
22.2327,true,true
1.3658,true,true
11.5795,true,true
8.4617,true,true
2.0030,true,true
19.7515,true,false
1.8983,true,true
8.9220,true,false
15.5185,true,true
14.0873,true,true
1.6195,true,true
5.1286,true,true
2.3177,true,true
12.9817,true,true
11.3253,true,true
2.9284,true,true
1.6032,true,true
3.9514,true,true
3.5450,true,false
0.9140,true,true
1.4883,true,true
1.1559,true,true
7.8191,true,true
6.0421,true,false
1.4225,true,true
1.0474,true,true
1.6669,true,true
1.2362,true,true
0.7576,true,true
11.7709,true,true
6.4956,true,false
10.1989,true,false
6.8570,true,false
1.4747,true,true
6.3482,true,false
0.8606,true,true
16.3705,true,true
1.7270,true,true
1.3399,true,true
0.9516,true,true
11.7591,true,true
2.3864,true,true
3.4240,true,true
4.4535,true,true
1.3436,true,true
1.0195,true,true
1.7167,true,true
1.4104,true,true
0.9380,true,true
1.4269,true,true
5.0745,true,true
1.5214,true,true
4.6949,true,false
1.1541,true,true
0.6516,true,true
4.1311,true,true
4.4626,true,false
1.3100,true,true
5.8927,true,false
5.1804,true,true
2.8946,true,true
3.1430,true,true
6.3064,true,false
12.9388,true,true
11.3789,true,true
2.2354,true,false
5.5579,true,true
9.5105,true,true
0.7461,true,true
9.6466,true,true
12.6298,true,false
1.4568,true,true
5.0829,true,true
2.3011,true,true
11.9067,true,true
1.3280,true,true
0.9157,true,true
7.7473,true,true
1.1696,true,true
0.9403,true,true
1.6066,true,true
1.8150,true,true
1.4815,true,true
2.8309,true,true
2.1280,true,true
8.4850,true,true
2.3636,true,true
6.3820,true,false
2.7920,true,true
7.0892,true,true
2.3711,true,true
11.7175,true,true
8.6865,true,true
1.5103,true,true
9.4460,true,false
6.1058,true,false
3.6028,true,false
1.0654,true,true
0.6947,true,true
2.5242,true,true
1.0693,true,false
2.2626,true,true
0.8024,true,true
2.0046,true,true
2.1767,true,true
0.6954,true,true
1.2171,true,true
1.5267,true,true
5.8079,true,false
15.7498,true,true
12.7163,true,true
0.9267,true,true
6.0250,true,false
1.7274,true,true
1.4979,true,true
1.9395,true,false
6.9964,true,true
1.5364,true,true
5.7881,true,false
4.2519,true,true
1.6168,true,true
8.9849,true,true
4.1168,true,true
1.4333,true,true
1.1967,true,true
2.3366,true,true
12.3001,true,true
1.8965,true,true
8.7179,true,true
1.0664,true,true
0.6576,true,true
1.2881,true,true
2.3550,true,true
2.1009,true,true
2.3327,true,false
0.8755,true,true
2.8614,true,true
1.4703,true,true
1.1413,true,true
2.2531,true,true
1.5241,true,true
14.1736,true,true
8.6777,true,true
6.6894,true,true
0.9836,true,true
1.6152,true,true
1.3716,true,true
5.1846,true,true
1.5832,true,true
1.7651,true,true
4.6406,true,false
3.0469,true,true
8.1332,true,true
2.5688,true,true
6.6272,true,true
1.2362,true,true
17.2447,true,true
7.2886,true,true
10.7246,true,true
1.9980,true,true
1.8570,true,true
1.5546,true,true
8.7832,true,true
1.4757,true,true
1.4232,true,true
2.5671,true,true
2.0578,true,true
9.6468,true,true
1.0855,true,true
1.8157,true,true
6.0387,true,true
4.3301,true,true
1.8818,true,true
1.6862,true,true
6.9156,true,false
1.3100,true,true
5.5296,true,true
1.0662,true,true
1.2273,true,true
9.4406,true,true
1.5276,true,true
4.7573,true,false
1.9100,true,false
22.7538,true,true
3.5137,true,true
2.6808,true,true
3.2181,true,true
0.9677,true,true
16.7580,true,true
1.8136,true,true
13.9328,true,true
7.9611,true,false
1.8043,true,true
1.5412,true,true
16.3559,true,true
5.8681,true,false
2.9599,true,true
1.5502,true,true
2.9745,true,true
4.1427,true,false
1.6889,true,true
8.8847,true,false
8.8189,true,true
1.6357,true,true
1.5189,true,true
12.3693,true,true
10.0572,true,false
7.6278,true,true
2.0203,true,true
8.3397,true,true
5.5671,true,true
4.1118,true,true
1.0180,true,true
0.6078,true,true
4.4758,true,false
7.4683,true,true
2.6981,true,true
6.4880,true,true
19.1825,true,true
2.0926,true,true
1.7146,true,true
1.3422,true,true
7.8943,true,true
2.7238,true,true
7.6685,true,false
2.5589,true,true
6.0622,true,false
2.0259,true,true
3.6488,true,false
3.7515,true,true
4.0369,true,true
2.6619,true,true
1.6528,true,true
1.9807,true,true
4.8091,true,true
4.2741,true,true
6.1718,true,true
1.5720,true,true
6.1427,true,true
3.1003,true,false
1.5146,true,true
1.3371,true,true
9.4874,true,true
1.0712,true,true
0.6994,true,true
7.4863,true,true
1.7444,true,true
1.9519,true,true
1.8711,true,true
6.2290,true,true
1.6095,true,true
1.2638,true,true
2.7202,true,true
3.5235,true,true
6.2524,true,true
7.7920,true,true
1.7631,true,true
15.5742,true,true
3.4234,true,true
1.0348,true,false
11.3242,true,true
15.2280,true,false
1.2568,true,true
2.6966,true,false
1.1469,true,true
2.4702,true,true
5.9626,true,true
14.1162,true,true
11.3272,true,false
2.2059,true,true
8.0333,true,false
1.3709,true,true
1.1205,true,true
7.7401,true,true
17.5750,true,true
2.0941,true,true
2.5583,true,true
6.5964,true,true
1.2521,true,true
1.1710,true,true
7.6753,true,false
4.2585,true,true
1.1379,true,true
0.5555,true,true
4.0589,true,true
7.3735,true,true
1.2876,true,true
2.3141,true,true
1.0511,true,true
0.7214,true,true
8.2705,true,true
2.9443,true,true
8.6441,true,true
1.5758,true,true
6.4560,true,true
17.6893,true,true
3.1873,true,true
18.7272,true,true
22.8764,true,true
4.1690,true,true
7.4170,true,false
1.5330,true,true
1.2204,true,true
0.7727,true,true
3.7095,true,true
1.0369,true,true
2.2354,true,true
0.6759,true,true
3.9188,true,false
3.2161,true,false
2.2445,true,true
0.7058,true,true
1.2221,true,true
2.0880,true,true
5.3808,true,true
1.1886,true,true
0.9906,true,true
1.6081,true,true
1.2938,true,true
5.3127,true,true
2.2053,true,false
0.6949,true,true
1.3308,true,false
2.9321,true,true
8.9249,true,true
13.2832,true,true
4.0975,true,true
7.8727,true,false
12.5717,true,true
0.7654,true,true
5.8176,true,false
9.7691,true,false
9.5891,true,true
1.8587,true,true
33.3039,true,true
14.2694,true,false
26.9168,true,false
18.7680,true,false
3.9287,true,true
0.9391,true,true
11.1430,true,false
14.4531,true,true
3.9258,true,false
4.2301,true,false
1.1135,true,true
6.4365,true,false
0.8114,true,false
1.6491,true,true
1.3564,true,true
4.9670,true,true
1.5576,true,true
1.6262,true,true
1.2921,true,true
5.5769,true,true
1.3421,true,true
7.6184,true,true
1.1134,true,false
4.5427,true,false
8.5722,true,true
10.6976,true,true
4.5707,true,true
1.4136,true,true
11.6696,true,true
10.3008,true,true
12.3459,true,false
8.3908,true,true
11.6414,true,true
5.8375,true,false
5.6111,true,true
3.8022,true,true
10.2352,true,true
2.2532,true,true
9.2884,true,false
1.6170,true,true
5.8913,true,true
1.2437,true,true
0.8498,true,true
3.9090,true,false
3.3246,true,true
8.5544,true,false
2.3725,true,true
14.9446,true,true
1.3455,true,true
11.4952,true,true
9.5682,true,true
0.7540,true,true
17.8936,true,false
2.7321,true,true
2.0485,true,true
5.3361,true,false
3.6544,true,true
0.8127,true,true
3.1533,true,true
0.6749,true,true
5.7510,true,true
8.9132,true,false
3.8547,true,true
1.2397,true,true
6.0614,true,true
1.5122,true,true
1.6119,true,true
7.8817,true,true
4.4908,true,true
2.7954,true,true
1.3825,true,true
1.2510,true,true
6.3822,true,true
0.6901,true,true
1.2480,true,true
0.8947,true,false
3.8659,true,true
1.6641,true,true
1.3070,true,true
8.6272,true,true
2.1072,true,true
0.6532,true,true
12.5751,true,true
1.0136,true,true
7.7439,true,false
6.4186,true,true
0.7164,true,true
3.0726,true,true
4.2196,true,true
3.4554,true,false
1.7802,true,true
2.4855,true,true
9.2112,true,true
1.5163,true,true
6.6602,true,true
1.0207,true,true
4.6383,true,true
6.3964,true,false
8.3196,true,true
5.4895,true,true
3.1344,true,true
13.4613,true,true
1.3065,true,true
1.0410,true,true
1.1217,true,true
0.7160,true,true
9.1817,true,true
1.5393,true,true
6.5236,true,false
10.5695,true,true
1.4448,true,true
5.3693,true,false
0.8410,true,true
1.4767,true,true
1.0743,true,true
5.0291,true,true
4.7301,true,true
5.5906,true,true
11.9137,true,false
4.0229,true,true
1.8106,true,true
6.4123,true,true
0.6958,true,true
3.7836,true,true
1.6738,true,true
5.0419,true,false
4.8520,true,false
1.7659,true,true
17.1060,true,true
4.2570,true,false
2.7732,true,true
2.5216,true,false
1.1055,true,true
10.4229,true,false
6.5743,true,true
4.0362,true,false
9.2012,true,false
19.0491,true,true
4.2505,true,false
13.6779,true,true
1.2481,true,true
6.6061,true,true
2.0656,true,true
0.6513,true,true
1.3378,true,true
1.8053,true,true
4.6152,true,true
5.2920,true,true
3.4004,true,true
6.4354,true,true
1.0103,true,true
1.7131,true,true
8.3045,true,true
3.3754,true,true
0.7091,true,true
1.4723,true,true
1.1743,true,true
0.7794,true,true
2.4441,true,true
6.2231,true,true
15.8747,true,true
6.9684,true,true
19.6695,true,true
23.3294,true,false
9.0434,true,true
2.0634,true,true
21.5510,true,false
25.8164,true,true
1.8469,true,false
5.0575,true,true
14.8333,true,true
44.3830,true,true
1.4560,true,true
13.5013,true,true
23.2654,true,true
4.8860,true,false
4.0859,true,true
1.5675,true,true
1.7642,true,true
1.3738,true,true
1.6441,true,true
1.2135,true,true
0.7173,true,true
1.4260,true,true
6.5434,true,true
4.2531,true,true
1.5557,true,true
1.1820,true,true
2.7830,true,true
10.3470,true,true
1.4592,true,true
9.9863,true,true
1.0206,true,true
1.7233,true,true
3.1670,true,true
1.0302,true,true
9.9364,true,true
4.6798,true,false
9.6244,true,true
3.4882,true,false
7.3023,true,true
5.1382,true,true
10.0897,true,true
1.5917,true,true
1.3960,true,true
20.0825,true,true
1.3801,true,true
8.6333,true,true
22.4362,true,true
1.0316,true,true
10.7574,true,true
7.7690,true,false
3.6906,true,true
3.4842,true,true
3.0887,true,true
3.6267,true,true
7.1132,true,true
2.1562,true,true
6.2104,true,true
1.7744,true,true
3.6067,true,false
2.4907,true,true
6.2574,true,true
3.2574,true,true
1.2444,true,true
3.1154,true,false
2.7861,true,true
1.5494,true,true
1.1042,true,true
8.0660,true,true
8.0545,true,true
4.0704,true,true
1.8277,true,true
10.7242,true,true
3.7109,true,true
2.6520,true,true
1.0823,true,true
2.0590,true,true
2.7659,true,false
1.2082,true,true
2.8942,true,false
1.4593,true,true
7.1112,true,false
3.0122,true,true
10.4628,true,true
1.4980,true,true
9.7150,true,true
0.8376,true,true
1.4547,true,true
1.2903,true,true
9.3927,true,false
6.4985,true,false
0.5116,true,true
3.1881,true,false
1.7021,true,true
5.1358,true,true
7.3629,true,true
7.8278,true,true
1.4254,true,true
14.2368,true,false
17.3886,true,true
6.9902,true,false
1.6409,true,true
18.7863,true,true
13.0609,true,true
5.5382,true,false
1.0474,true,true
10.9863,true,false
6.7438,true,true
1.5733,true,true
4.8330,true,true
2.7444,true,true
3.3842,true,true
2.4208,true,false
0.8984,true,true
2.4057,true,true
4.2996,true,true
1.0831,true,true
13.6775,true,true
4.4262,true,false
5.6373,true,false
1.8413,true,true
16.0401,true,true
15.7697,true,false
6.2998,true,false
9.4873,true,false
15.9026,true,true
4.8924,true,false
2.5835,true,true
8.1564,true,true
2.5709,true,true
6.5998,true,true
1.0094,true,true
5.4311,true,true
5.2615,true,true
1.0218,true,true
8.3448,true,false
3.2826,true,true
0.7798,true,true
1.5381,true,true
4.8366,true,true
2.3804,true,false
0.8371,true,true
4.1274,true,false
3.0731,true,true
3.7298,true,false
4.5190,true,true
3.9164,true,false
1.1411,true,true
0.9916,true,true
4.6111,true,true
1.5747,true,true
1.2605,true,true
5.0373,true,true
1.5895,true,true
6.0346,true,true
4.2122,true,true
9.6184,true,true
6.5253,true,true
1.0071,true,true
6.0078,true,false
12.7782,true,true
9.6694,true,false
3.0721,true,true
2.8299,true,true
1.4483,true,true
1.2439,true,true
0.9898,true,true
11.2196,true,true
2.2378,true,true
0.8282,true,true
1.3627,true,true
4.3244,true,false
2.1201,true,true
1.7251,true,true
1.3965,true,true
1.2056,true,true
3.7196,true,true
1.2459,true,true
1.0118,true,true
4.4272,true,true
2.2774,true,true
7.9070,true,true
3.4727,true,true
8.1538,true,true
6.9960,true,true
1.2544,true,true
4.5053,true,false
4.9845,true,true
3.8842,true,true
5.3975,true,true
4.3058,true,true
7.6154,true,false
4.2294,true,true
9.5794,true,true
1.4948,true,true
8.7321,true,true
12.7049,true,true
1.2909,true,true
23.1708,true,true
7.7486,true,false
1.0885,true,true
0.6882,true,true
4.4407,true,true
1.4165,true,true
1.0074,true,true
3.5206,true,true
1.5340,true,true
1.7175,true,true
4.3781,true,false
2.4397,true,true
0.8423,true,true
1.4757,true,true
0.9558,true,true
1.5267,true,true
1.2275,true,true
8.2327,true,true
3.0024,true,true
6.8673,true,true
2.0514,true,true
5.6756,true,true
2.4844,true,false
2.0772,true,true
6.4329,true,true
0.9593,true,true
1.7679,true,true
1.4493,true,true
1.3993,true,true
6.4721,true,true
1.7752,true,true
9.9182,true,true
3.7704,true,true
7.3210,true,true
4.9740,true,false
2.7142,true,true
1.2289,true,true
0.9145,true,true
4.4238,true,false
4.1147,true,true
1.1120,true,false
1.1607,true,true
3.3311,true,false
1.6249,true,true
5.4152,true,true
4.8483,true,true
29.8526,true,true
18.6316,true,false
5.5023,true,true
2.4494,true,true
15.5114,true,false
2.1356,true,true
0.7008,true,true
14.3896,true,true
3.2901,true,true
0.7282,true,true
1.4337,true,true
1.6551,true,true
1.5103,true,true
17.9850,true,true
9.1735,true,false
7.6534,true,true
33.3088,true,true
2.1909,true,true
9.6037,true,true
35.6322,true,true
17.2802,true,true
3.0939,true,true
23.1352,true,true
1.8629,true,true
13.8942,true,false
1.4894,true,true
11.0289,true,false
2.3234,true,false
0.8641,true,true
6.1789,true,true
1.7352,true,true
5.0391,true,false
15.7727,true,true
1.3377,true,true
6.4060,true,false
1.1070,true,true
14.8538,true,true
1.1089,true,true
3.8627,true,false
2.0560,true,true
1.1812,true,true
26.2020,true,true
1.9716,true,true
2.0243,true,true
3.2227,true,true
2.4349,true,true
18.2659,true,true
2.4804,true,true
3.8731,true,true
1.8467,true,true
8.6671,true,true
1.1062,true,true
20.9684,true,true
18.0065,true,true
2.0169,true,true
12.1848,true,true
8.7090,true,true
2.0864,true,true
8.3884,true,false
0.9659,true,true
7.4833,true,true
1.0318,true,true
2.0770,true,true
1.3022,true,true
1.1355,true,true
1.1208,true,true
6.4288,true,true
1.6243,true,true
1.2676,true,true
2.6196,true,true
3.0767,true,true
3.0715,true,true
1.7242,true,true
5.3605,true,false
4.2087,true,false
1.9350,true,true
1.9870,true,true
9.4846,true,false
13.1199,true,true
2.6618,true,true
9.0545,true,true
12.2031,true,true
3.6527,true,true
7.2613,true,true
1.0774,true,true
3.7050,true,true
1.7435,true,true
1.3360,true,true
1.9901,true,true
9.7695,true,true
4.8741,true,true
14.6791,true,true
2.5058,true,true
1.1501,true,true
5.9670,true,true
1.5034,true,false
7.9402,true,false
1.9136,true,true
1.7568,true,true
10.2649,true,true
3.7186,true,true
1.1010,true,true
0.7080,true,true
1.2594,true,true
4.5488,true,false
4.0050,true,true
7.8489,true,true
1.9013,true,true
1.6750,true,true
1.4618,true,true
4.9195,true,false
1.5370,true,true
1.8308,true,true
2.9936,true,false
5.1964,true,true
0.7313,true,true
8.3144,true,true
2.2878,true,true
0.7807,true,true
1.4517,true,true
1.0716,true,true
1.1242,true,true
0.6302,true,true
1.4857,true,true
5.0757,true,true
6.2562,true,false
5.4215,true,false
1.9358,true,true
2.1757,true,true
9.6400,true,true
3.6328,true,false
0.9582,true,true
1.6658,true,true
6.9268,true,true
4.3160,true,true
2.8601,true,true
5.7885,true,true
7.9855,true,true
2.2638,true,true
2.4565,true,true
12.0578,true,false
1.6039,true,true
5.9755,true,false
22.9077,true,true
1.3891,true,true
1.2216,true,false
1.5152,true,true
2.0779,true,true
22.8351,true,true
14.9987,true,true
2.9750,true,true
12.9222,true,true
7.3426,true,false
1.1347,true,true
3.0408,true,true
1.6559,true,true
2.7675,true,true
3.7174,true,true
1.8028,true,true
5.7574,true,true
3.4190,true,true
2.1282,true,true
8.5733,true,true
0.8077,true,true
4.0196,true,false
4.8575,true,false
10.8586,true,true
1.5203,true,true
5.4060,true,false
9.0334,true,true
1.1778,true,true
0.7694,true,true
1.6733,true,true
6.9406,true,true
3.8609,true,true
9.2615,true,true
1.6856,true,true
1.2096,true,false
9.1869,true,true
2.8805,true,false
7.2877,true,true
10.4508,true,true
4.2070,true,true
17.8368,true,true
6.7426,true,true
0.7350,true,true
4.7066,true,true
1.3265,true,true
7.1637,true,true
1.5567,true,true
1.2765,true,true
3.6523,true,false
1.2433,true,true
6.1127,true,true
4.3702,true,false
0.8554,true,true
1.7756,true,true
10.3361,true,true
3.1803,true,true
0.6613,true,true
2.8265,true,true
1.3537,true,true
1.0221,true,true
4.3227,true,true
12.0944,true,true
1.4931,true,true
7.2175,true,true
1.0626,true,true
0.5891,true,true
4.3766,true,true
5.5179,true,false
2.4237,true,true
0.8911,true,true
4.2498,true,false
0.8268,true,true
6.3411,true,false
0.5504,true,true
1.0586,true,true
1.5314,true,true
1.3167,true,true
2.7646,true,false
5.6798,true,true
3.8862,true,false
8.5510,true,true
2.6449,true,true
7.2915,true,true
1.2142,true,true
2.5867,true,true
2.0618,true,false
3.1819,true,true
2.1427,true,true
0.7977,true,true
1.3914,true,true
13.2054,true,true
3.8419,true,false
7.3442,true,true
3.4718,true,true
1.2443,true,true
2.2767,true,true
17.3354,true,true
16.6280,true,true
3.1767,true,true
7.2716,true,true
10.7275,true,false
3.9603,true,false
1.0501,true,true
19.1661,true,true
3.3632,true,false
1.5177,true,true
6.2032,true,false
11.0740,true,true
2.1603,true,true
5.4342,true,true
1.1277,true,true
7.9406,true,true
10.6891,true,true
1.5428,true,true
8.3751,true,true
1.4273,true,true
18.1912,true,true
10.7290,true,true
1.1117,true,true
1.4181,true,true
0.9752,true,true
14.1135,true,true
5.6276,true,true
8.7535,true,true
2.5525,true,true
1.0965,true,true
1.4272,true,true
1.7320,true,true
3.6239,true,true
7.6739,true,false
2.4984,true,true
2.7959,true,true
4.7025,true,false
4.7737,true,true
2.0436,true,true
1.6336,true,true
1.2985,true,true
0.9675,true,true
7.6922,true,false
5.0107,true,true
2.3101,true,true
0.7227,true,true
2.0123,true,true
7.6722,true,true
2.2905,true,true
8.6324,true,true
0.9610,true,true
4.8295,true,false
1.8272,true,true
2.1243,true,true
3.6338,true,false
1.6410,true,true
20.2534,true,true
14.3976,true,true
1.9044,true,true
13.4887,true,true
2.7853,true,false
22.6072,true,true
14.6243,true,false
3.7103,true,true
10.0679,true,true
19.6116,true,true
4.4718,true,true
15.2085,true,true
3.8951,true,true
1.2497,true,true
0.9509,true,false
1.6338,true,true
3.5707,true,true
1.0247,true,true
2.3324,true,true
0.9144,true,false
1.5564,true,true
1.2802,true,true
0.9372,true,true
3.3433,true,true
3.2309,true,true
1.8980,true,true
11.8857,true,true
6.4675,true,true
2.9191,true,true
2.0242,true,false
8.5928,true,true
3.3358,true,true
0.7695,true,false
2.7074,true,true
5.9485,true,true
1.7310,true,true
5.3568,true,true
2.4017,true,true
0.9672,true,true
6.7193,true,false
6.5382,true,true
1.7676,true,true
3.5604,true,true
16.1940,true,true
1.8241,true,true
11.2556,true,true
5.1370,true,false
1.7496,true,true
23.4722,true,true
2.2892,true,true
0.8402,true,true
2.1292,true,true
3.7339,true,true
3.5527,true,false
1.5581,true,true
1.1423,true,true
2.9100,true,true
1.6325,true,true
1.2805,true,true
0.9865,true,true
1.5702,true,true
1.2137,true,false
1.4946,true,true
1.2005,true,true
1.3483,true,true
7.0915,true,true
1.0457,true,false
5.0601,true,true
2.5131,true,true
8.8575,true,true
7.2125,true,true
1.4431,true,true
4.6019,true,false
2.6185,true,true
4.3130,true,false
3.5009,true,false
0.8684,true,true
4.2247,true,false
1.5057,true,true
3.8643,true,true
1.2682,true,true
1.6837,true,true
1.9813,true,true
1.6902,true,true
1.5224,true,true
1.1876,true,true
7.9944,true,true
7.9669,true,true
16.3516,true,true
3.9958,true,true
8.2252,true,true
28.9145,true,true
19.5151,true,true
1.5202,true,true
13.9368,true,true
1.7511,true,true
17.4005,true,false
4.9827,true,true
36.3398,true,true
28.1885,true,true
11.3748,true,false
2.1287,true,true
0.9060,true,true
9.7956,true,true
1.4204,true,true
62.1542,true,true
2.8816,true,true
1.4117,true,true
1.0734,true,true
1.3161,true,true
2.6640,true,true
1.1229,true,true
3.6187,true,false
2.0176,true,true
7.1917,true,true
1.7013,true,true
1.2707,true,true
3.6352,true,false
1.4473,true,true
4.2609,true,false
0.8073,true,true
1.6788,true,true
2.1029,true,true
15.9059,true,true
0.8101,true,true
4.1174,true,true
6.6565,true,true
4.0776,true,true
12.3027,true,true
17.4014,true,true
3.2455,true,true
7.6231,true,true
3.4577,true,true
1.1108,true,true
4.4409,true,true
3.4941,true,true
1.2664,true,true
4.5628,true,true
1.0773,true,true
0.6371,true,true
1.7548,true,true
4.2422,true,false
2.4770,true,true
6.0303,true,true
10.7624,true,true
3.6552,true,false
0.9389,true,true
1.5219,true,true
1.6368,true,true
1.8487,true,true
4.2395,true,true
0.7644,true,true
7.3793,true,true
1.6760,true,false
4.5020,true,true
1.1085,true,true
5.8611,true,false
2.4416,true,false
0.8591,true,true
4.4549,true,false
2.0110,true,true
2.5447,true,false
9.9959,true,true
15.2275,true,true
6.7205,true,true
4.3564,true,false
5.0702,true,true
3.6029,true,true
13.5740,true,true
0.6733,true,true
12.6782,true,true
3.1356,true,true
12.3442,true,false
4.6267,true,true
3.2763,true,true
6.7904,true,true
1.7100,true,true
5.7518,true,true
1.4585,true,true
3.3176,true,true
7.9796,true,true
2.5627,true,true
0.9689,true,true
1.5988,true,true
7.1998,true,true
4.1951,true,true
1.4986,true,true
5.5538,true,false
0.9631,true,true
4.4356,true,false
2.6978,true,true
1.1669,true,true
1.2624,true,true
3.1114,true,true
1.7875,true,true
8.4614,true,true
0.7315,true,true
1.3217,true,true
3.1116,true,false
2.1389,true,true
1.8097,true,true
1.4569,true,true
1.1097,true,true
3.5656,true,false
1.6431,true,true
6.6880,true,false
1.1990,true,true
1.5325,true,true
1.3335,true,true
0.9348,true,true
1.5143,true,true
3.2496,true,false
1.0317,true,true
1.7007,true,false
1.9137,true,true
4.4463,true,true
1.6598,true,true
8.0140,true,true
2.5493,true,false
3.7715,true,true
4.7383,true,false
3.2874,true,false
4.4394,true,false
2.3802,true,true
9.7143,true,true
0.8513,true,true
1.5012,true,true
3.3011,true,true
2.0424,true,true
3.4547,true,true
9.8450,true,false
0.9983,true,true
7.2969,true,true
6.8465,true,false
1.3588,true,true
6.2570,true,false
0.4952,true,true
4.2655,true,true
1.2127,true,true
0.7746,true,true
2.0055,true,true
1.6938,true,true
5.6404,true,true
1.1056,true,true
0.6792,true,true
1.8760,true,true
1.3957,true,true
0.8831,true,true
1.4653,true,false
3.0252,true,false
1.4258,true,false
1.0037,true,true
2.8377,true,true
7.7451,true,true
2.0873,true,true
6.4381,true,false
1.1240,true,true
4.8949,true,true
2.1528,true,true
1.3581,true,true
2.3100,true,false
2.4020,true,false
3.5928,true,false
1.0029,true,true
1.8298,true,true
4.9458,true,true
6.8397,true,true
8.6518,true,true
1.0273,true,true
4.2312,true,false
3.3761,true,false
1.2952,true,true
8.9246,true,true
23.8097,true,true
5.4960,true,true
3.0269,true,true
2.2882,true,true
17.7315,true,true
8.7803,true,false
2.0801,true,true
11.6465,true,true
5.8158,true,true
4.7276,true,true
2.2699,true,true
34.2684,true,true
1.6227,true,true
19.4898,true,true
1.2639,true,false
2.7247,true,true
8.3928,true,true
2.3559,true,false
25.0803,true,true
6.3340,true,true
17.2957,true,true
25.0962,true,false
16.5588,true,true
4.1953,true,false
9.1422,true,false
3.4404,true,true
1.2710,true,true
12.4296,true,true
8.2944,true,false
2.2237,true,true
3.3895,true,true
10.6759,true,true
0.9431,true,true
5.0377,true,true
6.1432,true,false
6.1386,true,true
3.7354,true,false
4.1677,true,false
1.7574,true,true
2.8663,true,true
10.0167,true,true
13.2116,true,false
7.6497,true,true
4.6992,true,true
1.5881,true,true
1.2088,true,true
27.7171,true,true
1.7673,true,true
2.9551,true,true
4.6497,true,true
1.2582,true,true
11.4475,true,false
2.3989,true,true
9.0101,true,false
12.1561,true,true
7.3040,true,true
1.4651,true,true
1.1116,true,true
4.1807,true,false
3.1272,true,false
0.6188,true,true
8.0984,true,false
4.3116,true,false
3.0589,true,true
16.5785,true,true
1.4926,true,true
1.3657,true,true
1.2616,true,true
1.1188,true,true
1.1478,true,true
30.2347,true,true
10.1865,true,true
7.9079,true,true
1.6452,true,true
5.0755,true,false
8.9332,true,false
20.1336,true,true
1.4575,true,true
12.1206,true,true
24.7794,true,true
1.5280,true,true
8.3951,true,false
11.5491,true,true
1.5701,true,true
10.3409,true,true
1.3396,true,true
5.6976,true,false
1.2236,true,false
6.3077,true,false
0.5669,true,true
2.7538,true,true
1.2734,true,true
2.4646,true,true
0.9609,true,true
9.8520,true,false
1.2577,true,true
1.6886,true,true
12.0165,true,true
9.0985,true,false
1.7056,true,true
6.4127,true,false
5.0640,true,true
4.4472,true,false
1.6648,true,true
1.3733,true,true
1.0094,true,true
0.7527,true,true
2.8175,true,true
1.6243,true,false
5.1615,true,false
5.1168,true,true
1.6796,true,true
5.2231,true,false
1.9633,true,true
3.9468,true,false
2.4082,true,true
1.2046,true,true
0.8585,true,true
2.8728,true,true
1.9884,true,true
1.5805,true,false
1.1271,true,true
0.7820,true,true
3.0949,true,true
1.7043,true,true
1.1785,true,true
3.4409,true,false
1.3432,true,true
1.0563,true,true
2.2041,true,true
2.4263,true,true
5.6403,true,true
1.6301,true,true
8.0675,true,true
1.6662,true,true
5.2658,true,true
1.2482,true,true
0.9010,true,true
1.6126,true,true
8.5556,true,true
2.0048,true,true
12.6048,true,true
9.7737,true,false
2.0064,true,true
10.0321,true,true
1.2418,true,true
2.5970,true,true
1.1221,true,true
0.6987,true,true
2.9645,true,false
1.4972,true,true
1.0630,true,true
0.5629,true,true
1.1973,true,true
1.3819,true,true
1.2744,true,true
7.8625,true,false
2.1134,true,true
0.6918,true,false
7.0501,true,true
1.4821,true,true
3.6490,true,true
7.1229,true,true
1.0518,true,true
1.7255,true,true
1.3099,true,true
1.0296,true,true
7.5310,true,true
1.8626,true,true
1.5787,true,true
2.0505,true,true
3.1596,true,true
4.9080,true,false
1.5819,true,true
7.3952,true,true
2.4592,true,true
2.4884,true,true
0.9303,true,true
1.4193,true,true
4.7032,true,false
3.5548,true,true
1.4116,true,true
11.1127,true,false
16.7938,true,true
11.3525,true,false
5.2135,true,true
3.0421,true,true
2.1333,true,true
0.6429,true,true
1.2766,true,true
1.2111,true,true
0.8049,true,true
10.4367,true,true
7.8731,true,false
1.3305,true,false
1.0761,true,true
0.6358,true,true
3.6111,true,false
1.5746,true,true
14.8542,true,true
2.6104,true,true
1.1526,true,true
0.9862,true,true
1.5925,true,true
2.9028,true,true
1.3376,true,true
0.8807,true,true
3.4390,true,false
4.9469,true,false
2.2738,true,true
2.0503,true,true
6.5358,true,true
1.1466,true,true
1.5727,true,true
5.0449,true,true
2.9583,true,true
3.7251,true,false
2.7029,true,false
1.2049,true,true
0.7153,true,true
1.9986,true,true
5.4753,true,true
1.2887,true,true
1.6891,true,true
2.2957,true,false
0.7092,true,true
1.3767,true,true
1.1259,true,true
9.5275,true,true
11.6424,true,true
5.3136,true,true
3.3859,true,true
13.7347,true,false
12.0032,true,true
21.4632,true,true
3.3108,true,true
2.1721,true,false
31.8406,true,true
2.7828,true,false
1.8071,true,true
5.9246,true,true
3.2616,true,true
0.6108,true,true
9.8278,true,false
1.4117,true,true
13.0701,true,false
11.7428,true,true
2.9324,true,true
10.4507,true,true
1.5424,true,true
1.2044,true,true
0.9276,true,true
5.1980,true,true
3.2443,true,true
6.0895,true,true
2.2523,true,true
6.2354,true,true
6.2381,true,true
1.7300,true,true
7.0670,true,false
1.2640,true,true
0.8473,true,true
9.0688,true,true
12.2605,true,true
2.9783,true,true
6.3610,true,false
1.1615,true,true
2.3640,true,true
4.2573,true,false
7.8659,true,true
1.6172,true,true
9.1972,true,true
6.5599,true,false
4.1637,true,true
1.0678,true,true
2.2004,true,true
1.0544,true,true
5.4616,true,false
2.2838,true,true
0.6929,true,true
1.3831,true,true
0.8565,true,true
1.9385,true,true
8.2021,true,true
1.6764,true,true
1.3417,true,true
8.2674,true,true
3.6570,true,false
1.6658,true,true
1.2687,true,true
0.7399,true,true
1.3458,true,true
2.7548,true,true
1.1479,true,true
5.1934,true,false
2.1168,true,true
3.1461,true,false
0.5519,true,true
3.5723,true,true
1.3054,true,true
0.9664,true,true
30.1598,true,true
12.2106,true,true
17.0018,true,true
1.5834,true,true
1.3120,true,true
2.9598,true,true
1.3603,true,true
5.2887,true,true
0.9929,true,true
1.7276,true,true
8.2223,true,false
2.0831,true,true
0.6276,true,true
7.6954,true,true
1.0868,true,false
1.0399,true,true
0.5609,true,true
1.0299,true,true
1.7904,true,true
1.5206,true,true
10.8919,true,true
3.0282,true,true
1.5467,true,true
1.7948,true,true
2.0164,true,true
1.5792,true,true
1.0913,true,true
2.7756,true,false
1.2645,true,true
4.4269,true,false
0.9942,true,true
4.8875,true,true
1.7927,true,true
10.0258,true,true
6.9561,true,true
3.8279,true,true
1.2517,true,true
5.3800,true,true
1.6870,true,true
5.2861,true,false
2.2338,true,false
0.8854,true,false
4.3263,true,true
9.4915,true,true
7.4043,true,false
1.0617,true,true
4.4935,true,false
7.6874,true,true
1.6854,true,true
1.4315,true,true
5.6384,true,true
0.9120,true,true
1.6627,true,true
5.1701,true,false
1.6985,true,true
1.2129,true,true
2.5049,true,true
2.5826,true,true
2.2197,true,true
9.6672,true,true
7.4753,true,true
6.2534,true,false
1.3023,true,true
9.4715,true,false
12.1050,true,false
6.0068,true,false
4.5158,true,false
4.6421,true,true
3.9589,true,false
3.4884,true,true
4.4049,true,true
1.7230,true,true
5.2500,true,true
1.1551,true,true
1.3136,true,true
1.3347,true,true
8.6586,true,false
1.0862,true,true
0.7426,true,true
20.0452,true,true
1.1295,true,true
0.8245,true,true
8.8443,true,true
18.8094,true,true
0.9513,true,true
4.3008,true,true
1.6147,true,true
12.1354,true,true
1.2667,true,false
16.9790,true,true
7.1791,true,true
2.5276,true,true
6.1881,true,false
1.6629,true,true
1.4777,true,true
6.6926,true,true
2.3042,true,true
4.8479,true,true
8.5622,true,true
4.3305,true,false
11.9580,true,true
8.2535,true,true
15.3393,true,true
14.5439,true,false
1.9850,true,true
30.6300,true,true
5.9348,true,true
13.7107,true,false
7.9036,true,false
3.0202,true,true
26.4909,true,true
27.2644,true,true
11.6828,true,true
1.1011,true,true
9.9615,true,true
0.8332,true,true
11.5367,true,true
4.2312,true,true
2.3336,true,true
0.9087,true,true
2.9239,true,true
2.0542,true,true
2.0652,true,true
12.0725,true,true
2.6484,true,true
1.1733,true,true
0.7369,true,true
1.6544,true,false
7.9498,true,true
7.3781,true,true
0.9350,true,true
1.6551,true,true
8.0760,true,false
2.1525,true,true
0.8318,true,true
6.3900,true,true
0.7910,true,true
1.4634,true,true
1.1797,true,true
0.7772,true,true
2.1151,true,true
0.6040,true,true
2.7260,true,true
1.2423,true,true
2.1666,true,true
17.6476,true,true
16.1845,true,true
1.4505,true,true
7.0436,true,true
1.2623,true,true
10.9632,true,true
20.1958,true,true
3.5554,true,true
0.9625,true,false
4.1079,true,false
2.3581,true,true
1.5034,true,true
13.6153,true,true
2.5851,true,false
1.0812,true,true
1.8993,true,true
6.2082,true,true
4.0752,true,true
3.3025,true,true
0.7656,true,true
3.2339,true,true
0.7350,true,true
1.4300,true,true
3.1067,true,true
3.2494,true,true
3.8514,true,false
0.7774,true,true
1.5208,true,false
1.8516,true,true
1.4165,true,true
2.4407,true,true
4.0529,true,true
0.9900,true,true
11.8951,true,true
2.6434,true,true
15.9127,true,true
1.7285,true,true
2.5917,true,true
9.6705,true,false
20.8161,true,true
24.6102,true,true
1.5875,true,true
10.2456,true,true
8.0039,true,true
2.2474,true,true
1.7166,true,false
1.1716,true,true
0.8606,true,true
1.5956,true,true
6.6832,true,true
0.9609,true,true
2.0499,true,true
2.0360,true,true
15.5761,true,false
6.2924,true,true
2.5556,true,true
3.0777,true,false
1.7158,true,true
11.6450,true,true
0.7662,true,true
3.0646,true,true
1.5252,true,true
3.8891,true,true
1.8655,true,true
14.1775,true,true
2.0742,true,true
10.1050,true,true
10.1199,true,true
8.6663,true,false
18.4307,true,true
6.2500,true,true
9.9297,true,false
4.2775,true,false
0.8610,true,true
2.9441,true,true
1.8049,true,true
16.3866,true,true
1.3264,true,true
13.9338,true,false
1.5665,true,true
1.2010,true,true
1.3217,true,true
3.7202,true,true
1.5549,true,true
1.2393,true,true
5.1462,true,true
1.7675,true,true
6.2362,true,true
1.7976,true,true
6.8702,true,true
4.1854,true,false
5.8902,true,true
12.2826,true,true
3.2556,true,true
0.8274,true,true
16.8377,true,true
26.6868,true,true
6.4617,true,false
0.8811,true,true
5.9846,true,true
1.2529,true,true
0.8376,true,true
2.7753,true,false
1.2344,true,true
3.6942,true,true
1.1436,true,true
1.0211,true,true
1.7067,true,true
2.0762,true,true
1.6167,true,true
5.7357,true,false
1.0530,true,false
2.4514,true,true
1.0980,true,true
0.8047,true,true
3.1295,true,true
16.0981,true,true
0.6449,true,true
1.2305,true,true
4.5743,true,false
1.4792,true,true
1.0836,true,true
0.4492,true,true
1.0803,true,false
1.7469,true,true
5.0417,true,false
1.4781,true,true
1.0771,true,false
2.3097,true,true
1.4510,true,true
8.9691,true,true
2.6952,true,true
6.9902,true,true
3.1171,true,true
1.5781,true,true
4.4441,true,false
2.2942,true,true
8.3385,true,true
2.3042,true,true
1.2826,true,true
10.8188,true,true
6.2062,true,true
2.2060,true,true
0.7846,true,true
2.9839,true,true
1.5209,true,true
1.0752,true,true
0.5832,true,true
1.1643,true,true
0.9247,true,true
4.3038,true,true
0.9013,true,true
4.6374,true,true
1.7634,true,true
1.5393,true,true
1.0765,true,true
2.9751,true,true
1.8685,true,true
1.8456,true,true
8.5392,true,true
5.1934,true,false
1.3736,true,false
5.4889,true,true
1.3598,true,true
0.9781,true,true
1.5990,true,true
2.6942,true,true
1.4732,true,true
5.4073,true,false
0.7171,true,true
1.7274,true,true
1.4422,true,true
0.9629,true,true
1.4842,true,true
2.5384,true,true
2.1639,true,true
1.5829,true,true
4.7634,true,true
1.2092,true,true
15.4217,true,true
1.3873,true,true
1.0778,true,true
2.5967,true,true
2.3504,true,true
2.1186,true,true
5.7613,true,false
13.2404,true,true
1.2124,true,true
1.0178,true,true
2.9570,true,true
1.7706,true,false
5.6733,true,true
4.4922,true,false
2.1710,true,true
8.4868,true,true
1.1217,true,true
10.5475,true,true
6.9465,true,false
0.9288,true,true
1.6750,true,true
1.5195,true,true
31.8176,true,true
3.7236,true,true
1.8599,true,true
1.4524,true,true
1.2357,true,true
3.0416,true,true
1.4704,true,true
4.0798,true,true
6.4006,true,false
1.0872,true,true
10.6740,true,true
1.6743,true,true
6.7518,true,false
1.3291,true,true
5.6222,true,false
2.7230,true,true
1.1431,true,true
1.2907,true,true
0.9077,true,true
2.5929,true,true
1.1736,true,true
3.0387,true,true
8.8490,true,true
3.7229,true,false
1.4702,true,true
11.1098,true,true
1.8550,true,true
1.8796,true,true
1.9554,true,true
1.6844,true,true
18.7838,true,true
0.6735,true,true
23.2713,true,true
5.8606,true,true
3.3033,true,true
2.3438,true,true
0.8486,true,true
1.7407,true,true
4.9724,true,false
1.3666,true,true
0.9621,true,true
1.4793,true,true
1.1601,true,true
1.2774,true,true
3.0556,true,false
2.1660,true,true
4.5696,true,true
2.5652,true,true
8.5637,true,true
1.5020,true,true
5.7393,true,true
4.3419,true,false
6.5182,true,false
1.2142,true,true
3.9928,true,true
1.0865,true,true
0.6890,true,true
13.8795,true,true
0.9842,true,true
3.2883,true,true
2.2931,true,true
0.9627,true,true
3.2223,true,true
2.1174,true,true
0.6990,true,true
2.0315,true,true
3.4095,true,true
2.4930,true,true
5.4132,true,true
12.7176,true,true
0.8253,true,true
4.0880,true,false
1.6678,true,true
1.3327,true,true
1.0652,true,true
5.8471,true,true
2.9120,true,true
2.8312,true,false
6.5226,true,true
3.7950,true,true
2.0063,true,true
11.9697,true,true
1.4418,true,true
8.2445,true,true
5.2564,true,false
11.9130,true,false
1.1236,true,true
0.7936,true,true
3.3041,true,false
3.8179,true,true
0.9086,true,true
3.2561,true,false
0.7197,true,true
7.0860,true,false
1.4814,true,true
1.0997,true,true
0.7578,true,true
1.7478,true,true
6.8405,true,true
5.5175,true,true
14.0032,true,false
1.6564,true,true
18.5029,true,true
2.0822,true,true
24.2496,true,true
31.0816,true,true
9.8029,true,true
1.1500,true,true
1.9584,true,true
1.6378,true,true
1.9592,true,true
4.0143,true,true
6.8740,true,true
11.4406,true,true
6.1517,true,true
1.6955,true,true
6.9602,true,true
2.4860,true,true
1.5851,true,true
3.2954,true,true
6.8595,true,true
3.0187,true,true
6.3702,true,true
2.5064,true,true
1.1433,true,true
1.4444,true,true
1.2195,true,true
0.8846,true,true
1.5633,true,true
2.2847,true,true
1.1063,true,true
0.7405,true,true
24.0269,true,true
0.9727,true,true
1.6618,true,true
7.9345,true,true
4.0228,true,true
4.9319,true,false
4.5378,true,false
11.6900,true,true
1.4366,true,true
1.4808,true,true
8.0843,true,true
1.5044,true,true
5.3273,true,true
0.7544,true,true
6.6601,true,true
1.0220,true,true
1.5914,true,true
1.6650,true,true
1.4612,true,true
9.2221,true,true
14.0290,true,true
4.3278,true,false
2.4524,true,true
3.2368,true,true
1.9946,true,true
1.5224,true,true
2.2342,true,true
7.1088,true,false
3.8165,true,true
1.8746,true,true
3.3902,true,false
0.9831,true,true
1.5036,true,true
23.7190,true,true
1.9868,true,true
8.2862,true,true
1.9213,true,true
8.2967,true,true
0.8229,true,true
4.8037,true,true
2.4051,true,true
3.4511,true,true
1.5890,true,true
8.3862,true,true
6.6707,true,true
1.1279,true,true
26.5056,true,true
3.2261,true,false
0.5367,true,true
1.3569,true,true
4.9290,true,true
1.3915,true,true
3.4066,true,true
0.7695,true,true
1.3599,true,true
1.2481,true,true
1.0081,true,true
11.4547,true,false
0.6093,true,true
10.8194,true,true
1.0923,true,true
5.2482,true,true
0.5807,true,true
2.9299,true,true
5.5906,true,true
1.6130,true,true
10.6184,true,true
9.3681,true,true
0.7514,true,true
7.2355,true,false
4.4430,true,true
0.9904,true,true
1.5594,true,true
4.0937,true,false
2.2047,true,true
5.6479,true,false
1.0744,true,true
1.8518,true,true
2.5501,true,true
6.0312,true,true
4.5400,true,false
1.8194,true,true
1.4909,true,true
23.6193,true,true
5.7093,true,true
1.0252,true,true
1.7244,true,true
3.1123,true,true
5.4999,true,false
1.0211,true,true
6.2598,true,true
3.6177,true,true
2.1011,true,false
0.8986,true,true
7.7440,true,true
1.3006,true,true
8.4560,true,true
4.9447,true,false
3.8109,true,false
10.9746,true,true
1.7290,true,false
4.9988,true,false
12.0038,true,true
3.4331,true,false
0.8802,true,true
5.1070,true,true
3.1917,true,true
7.2930,true,true
1.8520,true,true
5.1730,true,true
1.7754,true,true
1.5112,true,true
7.9773,true,true
1.8516,true,true
1.9624,true,true
4.4409,true,true
2.3308,true,true
4.4559,true,true
2.8799,true,true
1.5552,true,true
7.9066,true,true
1.8971,true,true
1.5746,true,true
1.2373,true,true
3.8990,true,false
1.3828,true,true
5.3256,true,true
0.5965,true,true
1.8204,true,true
1.3097,true,true
0.8070,true,true
1.3561,true,true
0.8693,true,true
1.4475,true,true
1.1771,true,true
1.2636,true,true
2.4744,true,true
0.9888,true,true
3.4151,true,true
7.3812,true,true
1.1307,true,true
7.4275,true,false
1.9742,true,true
14.9211,true,true
8.7759,true,true
1.5289,true,true
1.1620,true,true
0.9703,true,true
7.2564,true,true
1.6924,true,true
1.5329,true,true
14.7537,true,true
3.3306,true,true
2.9619,true,false
1.4472,true,true
0.9619,true,true
4.7938,true,false
1.6763,true,true
1.5068,true,true
12.3465,true,true
1.4839,true,true
5.0213,true,false
2.2385,true,true
2.4069,true,true
14.9979,true,true
2.6625,true,true
12.3764,true,true
9.4241,true,true
1.1161,true,true
1.2920,true,true
1.3871,true,true
1.1385,true,true
4.9406,true,true
5.4917,true,false
11.1850,true,true
6.8755,true,false
7.2275,true,true
1.5626,true,true
1.9547,true,true
8.8237,true,true
1.3995,true,true
7.2484,true,true
3.9281,true,false
2.5217,true,true
6.8297,true,false
5.8977,true,true
4.3888,true,true
1.5869,true,true
1.8946,true,true
3.9164,true,false
1.3784,true,true
1.0376,true,true
0.6901,true,true
2.2727,true,false
0.8390,true,true
5.2711,true,true
3.4697,true,true
0.6908,true,true
1.3740,true,true
6.1573,true,true
2.0385,true,true
8.2773,true,true
3.4435,true,true
7.0307,true,false
2.5964,true,true
6.1351,true,true
1.4413,true,true
1.1738,true,true
2.4566,true,true
2.4781,true,true
1.5862,true,true
1.2332,true,true
7.0802,true,true
4.4518,true,true
1.4524,true,true
2.6453,true,false
1.1229,true,true
2.1101,true,true
0.8162,true,true
5.6608,true,true
1.0763,true,true
6.1157,true,true
9.2558,true,false
1.6785,true,true
5.4864,true,false
10.8829,true,true
2.6760,true,true
1.3200,true,true
1.1692,true,true
0.7139,true,true
11.0825,true,true
1.3402,true,true
1.6160,true,true
1.2489,true,true
0.8520,true,true
1.4978,true,true
1.1275,true,true
1.4779,true,true
1.1556,true,true
10.3141,true,true
1.5388,true,true
1.5747,true,true
5.2523,true,false
8.9578,true,true
1.2603,true,true
4.2016,true,false
2.4669,true,true
1.7992,true,true
2.7820,true,true
1.8760,true,true
19.7944,true,true
12.8271,true,true
0.9069,true,true
4.1439,true,true
1.7381,true,true
8.2458,true,true
2.4591,true,true
10.1977,true,true
1.3256,true,true
1.2100,true,true
16.8568,true,true
8.0228,true,false
3.6213,true,true
7.6337,true,false
3.9551,true,true
1.4802,true,true
5.3348,true,true
3.9949,true,true
0.8911,true,true
2.1000,true,true
0.5660,true,true
2.8217,true,true
4.6891,true,true
2.2385,true,true
6.1116,true,true
3.3922,true,true
0.8841,true,true
16.8931,true,true
5.9441,true,true
3.2128,true,false
0.7234,true,true
10.0958,true,true
4.9439,true,true
2.1938,true,false
12.0842,true,true
7.4254,true,true
1.4154,true,true
4.1561,true,false
7.8350,true,true
2.6266,true,true
1.4626,true,true
2.8844,true,true
1.6672,true,true
16.2545,true,true
2.9779,true,true
6.3031,true,false
0.8180,true,true
2.1692,true,true
3.6896,true,true
1.9844,true,false
3.3499,true,true
1.4432,true,true
1.0502,true,false
2.1186,true,false
2.0170,true,false
3.3292,true,true
0.8435,true,true
1.4208,true,true
1.0435,true,true
2.2557,true,true
5.4010,true,true
1.1489,true,true
4.5566,true,true
3.4021,true,false
1.5941,true,true
2.3224,true,true
2.4710,true,true
5.1890,true,true
2.8489,true,true
12.0523,true,true
1.5942,true,true
5.5356,true,true
0.8605,true,true
2.8517,true,true
1.4824,true,true
1.1150,true,true
0.7623,true,true
1.2932,true,true
3.3996,true,false
1.5122,true,true
1.2949,true,true
1.4395,true,true
13.9917,true,true
6.8410,true,true
4.0215,true,false
1.2948,true,true
13.9090,true,true
3.9127,true,false
2.1692,true,true
0.7279,true,true
3.2325,true,false
0.8954,true,false
1.6493,true,true
1.4346,true,true
1.0629,true,true
1.3862,true,true
1.1174,true,true
0.7081,true,true
2.5658,true,true
1.1179,true,true
0.7337,true,true
1.4576,true,true
3.6144,true,false
0.9879,true,true
1.8475,true,true
6.6053,true,false
12.8590,true,true
4.2290,true,false
2.0443,true,true
6.4962,true,true
1.7005,true,false
1.8424,true,true
1.4188,true,true
1.1455,true,true
0.9353,true,true
4.2250,true,false
6.5719,true,true
13.0800,true,true
1.0410,true,true
11.2645,true,false
5.3105,true,true
1.9628,true,false
1.6763,true,true
1.2220,true,true
10.2511,true,true
0.9182,true,true
5.0309,true,false
2.0808,true,true
15.3301,true,true
2.5855,true,true
15.0753,true,true
13.2686,true,false
3.9688,true,true
12.2987,true,true
5.9676,true,true
4.2511,true,true
27.4786,true,true
6.2204,true,true
1.9593,true,true
6.6179,true,true
6.2381,true,true
2.0305,true,true
6.0120,true,true
10.7034,true,false
1.3632,true,true
3.0773,true,false
3.0179,true,true
3.2703,true,true
2.2239,true,true
9.1069,true,false
3.1193,true,true
7.0151,true,true
2.8168,true,true
3.0434,true,true
1.5890,true,false
1.1162,true,true
0.8227,true,true
5.0840,true,false
1.4494,true,true
1.3314,true,true
5.1433,true,false
7.0523,true,false
4.1788,true,true
1.6443,true,true
1.4284,true,true
3.3764,true,false
0.8408,true,true
4.5149,true,false
2.9309,true,true
1.8435,true,true
1.6066,true,true
4.9099,true,true
10.7317,true,true
1.6990,true,true
11.6365,true,false
7.1860,true,true
3.0634,true,true
19.0231,true,true
13.5612,true,false
4.3479,true,true
1.3715,true,true
1.0264,true,true
3.0974,true,true
3.2171,true,true
0.6635,true,true
1.2472,true,true
4.0043,true,true
4.7899,true,false
1.8500,true,true
3.1761,true,true
1.0182,true,true
15.8684,true,true
22.7549,true,true
6.3382,true,true
6.8158,true,true
1.6183,true,false
15.8295,true,true
3.7318,true,true
1.2347,true,true
11.8324,true,false
21.2588,true,true
28.6274,true,true
33.7849,true,true
2.7113,true,false
4.8324,true,true
3.3041,true,true
9.6287,true,true
15.8249,true,true
3.5564,true,true
2.6037,true,true
11.1994,true,true
2.2743,true,true
18.0783,true,true
5.1337,true,true
1.7887,true,true
5.8688,true,true
1.2599,true,true
1.2997,true,true
6.2063,true,false
1.9463,true,true
2.7318,true,false
1.2079,true,true
4.4274,true,false
1.1530,true,true
4.6854,true,false
1.6213,true,true
2.4165,true,true
11.2941,true,true
2.7397,true,true
1.2914,true,true
0.9699,true,true
4.8812,true,true
1.8965,true,true
27.2154,true,true
2.2980,true,true
0.6897,true,true
1.3934,true,true
1.0173,true,true
7.5848,true,true
6.3461,true,false
0.8035,true,true
9.1765,true,true
1.7484,true,true
6.1492,true,false
1.6329,true,true
5.2104,true,true
2.3266,true,false
3.2979,true,false
6.1255,true,true
4.9338,true,true
2.0664,true,true
4.5151,true,true
3.9331,true,false
1.4536,true,true
5.1673,true,false
3.1641,true,true
1.8502,true,true
12.3434,true,false
14.0743,true,true
1.6099,true,false
4.4317,true,true
2.1499,true,true
11.6401,true,true
11.3873,true,true
5.4281,true,true
27.3555,true,true
3.4616,true,true
1.6166,true,true
11.5404,true,true
1.2960,true,true
11.9222,true,false
1.0910,true,true
4.3458,true,false
1.5008,true,true
1.9011,true,true
11.6111,true,true
9.7322,true,true
1.2807,true,true
6.7776,true,true
1.3780,true,true
4.4932,true,false
1.3397,true,true
8.2396,true,true
1.9288,true,true
1.5884,true,true
11.3227,true,true
4.4294,true,true
2.1190,true,true
2.0945,true,true
0.5506,true,true
2.8386,true,true
4.8292,true,true
1.3031,true,true
7.1227,true,true
5.0631,true,true
4.2783,true,false
1.7311,true,true
1.4640,true,true
1.1206,true,true
2.3469,true,true
1.4490,true,true
1.0267,true,true
2.2287,true,true
1.8485,true,true
1.5140,true,true
3.5214,true,false
0.9896,true,true
3.4309,true,true
0.9345,true,true
1.6440,true,true
1.2092,true,true
2.6278,true,true
1.7586,true,true
16.7555,true,true
1.4239,true,false
22.6812,true,true
2.7613,true,true
19.8275,true,true
1.7778,true,true
15.3729,true,true
1.5674,true,true
2.7872,true,true
1.4097,true,true
1.1156,true,true
0.7692,true,true
1.4495,true,true
1.0531,true,true
0.6702,true,true
1.2964,true,true
3.1835,true,true
0.7682,true,true
1.4204,true,true
11.2324,true,true
5.8094,true,true
4.2876,true,true
1.0060,true,true
14.2267,true,true
11.1685,true,true
2.8679,true,true
10.4360,true,true
1.8622,true,true
1.5409,true,true
2.8954,true,true
1.4540,true,true
1.1973,true,true
5.4018,true,false
4.8569,true,true
5.5909,true,true
3.6319,true,false
1.0965,true,true
0.8324,true,true
3.1082,true,true
2.0918,true,true
5.5521,true,true
7.7816,true,true
1.6888,true,true
10.0217,true,false
2.6147,true,true
1.2268,true,true
12.5489,true,true
1.2257,true,true
0.9097,true,true
4.0471,true,true
2.6699,true,false
1.2066,true,true
3.6784,true,true
0.8303,true,true
1.4042,true,true
9.0996,true,false
7.4985,true,true
1.6726,true,true
4.9940,true,false
12.3460,true,false
3.8333,true,true
1.7252,true,true
1.9089,true,true
9.8431,true,true
1.7914,true,false
4.0184,true,false
1.4269,true,true
1.1280,true,true
4.3405,true,true
0.9044,true,true
4.3541,true,false
2.5765,true,true
1.0671,true,true
0.6660,true,true
1.2129,true,true
0.8388,true,true
4.7307,true,true
5.0930,true,true
2.5754,true,true
24.8322,true,true
22.2773,true,true
3.7901,true,true
25.7219,true,true
18.5806,true,true
10.5147,true,true
42.0232,true,true
32.2463,true,true
13.2343,true,false
7.0529,true,true
4.3217,true,true
1.5244,true,true
1.3434,true,true
10.7206,true,true
23.7186,true,true
8.4547,true,true
6.8538,true,false
3.9950,true,true
2.0296,true,true
8.7587,true,true
6.1449,true,true
2.2421,true,true
6.4838,true,true
9.6395,true,false
2.2924,true,true
1.3590,true,true
0.9535,true,true
5.8659,true,true
2.8807,true,true
1.5787,true,true
1.8619,true,true
3.7189,true,true
2.9128,true,true
1.6429,true,true
1.3358,true,false
22.4600,true,true
1.1764,true,true
1.2279,true,true
0.9074,true,true
10.3724,true,true
7.7337,true,true
1.1292,true,true
1.5029,true,true
4.4785,true,false
1.4026,true,true
12.6538,true,true
1.0739,true,true
0.5828,true,false
1.0671,true,true
0.7338,true,true
5.3123,true,false
0.7648,true,true
5.3821,true,true
0.8465,true,true
4.5900,true,true
1.5400,true,true
1.0752,true,true
3.6740,true,true
1.0966,true,true
3.4082,true,true
0.6565,true,true
1.9335,true,true
1.8454,true,true
1.6532,true,true
1.5377,true,true
1.0590,true,true
17.1134,true,true
7.9522,true,true
1.2729,true,true
1.9745,true,true
1.5902,true,true
6.7250,true,true
1.7815,true,true
5.7027,true,true
1.2011,true,true
0.9997,true,true
8.2582,true,true
5.2419,true,false
0.8003,true,true
24.8354,true,true
1.5511,true,true
1.2475,true,true
0.7005,true,true
1.3425,true,true
4.8011,true,false
5.7471,true,true
3.4078,true,true
2.3603,true,true
0.8927,true,true
2.3734,true,true
4.1804,true,true
11.1950,true,true
4.6285,true,true
2.9265,true,true
4.0495,true,false
2.8695,true,true
1.3010,true,true
5.0390,true,false
4.5350,true,false
1.7017,true,true
3.7290,true,true
3.9469,true,true
1.3229,true,false
1.6830,true,true
4.4085,true,false
3.6799,true,true
1.0302,true,true
10.5871,true,true
1.0303,true,true
4.9727,true,false
1.4744,true,true
3.0915,true,true
3.6658,true,true
1.1991,true,true
15.1400,true,true
1.1363,true,true
0.8306,true,true
20.7955,true,true
2.9108,true,false
3.7770,true,true
1.3291,true,true
1.1482,true,true
5.5624,true,true
0.8735,true,true
5.4012,true,true
2.6890,true,false
1.0996,true,true
0.5392,true,true
1.0123,true,true
2.9344,true,false
2.9809,true,true
3.2562,true,true
10.4233,true,true
1.6624,true,true
4.9918,true,true
1.3813,true,true
7.0280,true,true
2.8927,true,true
1.6108,true,true
11.6651,true,true
10.8301,true,true
1.2813,true,true
1.3558,true,true
2.1585,true,true
8.8908,true,true
3.5147,true,false
1.0076,true,true
22.0036,true,true
0.7801,true,true
5.0652,true,true
3.6131,true,false
1.0943,true,true
10.5892,true,true
0.9210,true,true
1.6973,true,true
5.4114,true,false
0.7397,true,true
1.4457,true,true
6.7829,true,true
2.7146,true,true
1.1405,true,true
3.9911,true,true
0.9634,true,true
1.7542,true,true
9.3032,true,true
7.1446,true,true
1.4106,true,true
1.1053,true,true
3.2039,true,true
11.5729,true,true
0.8077,true,true
10.3386,true,false
4.3639,true,false
1.1979,true,true
5.8423,true,false
2.0725,true,true
5.4125,true,true
1.4965,true,true
1.0734,true,true
3.4009,true,false
3.3025,true,true
3.5039,true,false
0.9194,true,true
1.4701,true,true
3.7945,true,false
4.9583,true,false
1.8199,true,true
5.4768,true,true
1.4288,true,true
1.7093,true,true
1.3374,true,true
1.5368,true,true
1.1329,true,true
0.7498,true,true
1.2256,true,true
6.6223,true,true
11.3070,true,true
1.9713,true,true
8.9627,true,false
6.4817,true,false
0.9962,true,true
2.3112,true,true
0.8172,true,true
1.4660,true,true
0.9191,true,true
2.5587,true,true
8.8875,true,true
12.5007,true,true
0.7676,true,true
8.5062,true,true
3.3991,true,true
0.8673,true,true
1.3916,true,true
4.2733,true,true
1.1500,true,true
3.5169,true,true
0.7364,true,true
1.9609,true,true
2.4938,true,true
1.0525,true,true
1.5798,true,true
14.5086,true,true
3.1584,true,false
3.4061,true,false
2.2687,true,true
1.4729,true,true
6.5111,true,true
2.8392,true,false
1.9686,true,true
1.4697,true,true
1.1456,true,true
0.7828,true,true
2.3853,true,false
0.9063,true,true
3.8970,true,false
2.7758,true,true
1.3660,true,true
1.2193,true,true
4.7180,true,false
1.1813,true,true
4.7300,true,true
1.3541,true,true
11.1842,true,true
7.0128,true,false
4.2256,true,true
1.3938,true,true
1.0358,true,true
0.6492,true,true
1.4718,true,true
1.3322,true,true
1.6529,true,true
1.8938,true,true
17.6961,true,true
2.0853,true,true
0.6343,true,true
1.2039,true,true
3.3740,true,true
3.7141,true,true
0.9353,true,true
1.5734,true,true
8.3652,true,true
2.1002,true,true
1.0868,true,true
13.7095,true,true
1.5299,true,true
11.3242,true,true
3.7975,true,true
2.8460,true,true
2.1644,true,true
8.4013,true,true
4.2404,true,true
6.8407,true,true
1.2218,true,true
5.3977,true,false
4.6395,true,true
1.7374,true,true
8.8458,true,true
6.6420,true,false
1.3457,true,true
11.8082,true,true
4.4753,true,true
1.5190,true,true
10.9594,true,true
1.2527,true,true
4.4078,true,false
0.9560,true,true
1.5768,true,true
1.2253,true,true
0.8467,true,true
5.0754,true,false
2.6970,true,true
9.9255,true,true
1.9630,true,true
7.0398,true,true
1.5086,true,true
21.2544,true,true
1.1531,true,true
2.6138,true,true
1.1605,true,true
0.7954,true,true
1.5682,true,true
1.9353,true,true
8.2449,true,true
1.5690,true,true
2.7112,true,true
6.2383,true,true
10.1083,true,true
2.7246,true,false
4.3237,true,true
1.2892,true,true
3.0688,true,false
1.4910,true,true
1.1351,true,true
2.3188,true,true
0.9036,true,true
2.7746,true,false
5.9442,true,true
9.8169,true,true
2.0084,true,true
11.3465,true,false
14.6971,true,true
9.6600,true,true
1.4994,true,true
9.7694,true,true
6.7999,true,true
1.3585,true,true
16.2920,true,true
3.0472,true,false
2.1420,true,true
1.0078,true,true
1.2700,true,true
5.3421,true,true
14.9125,true,false
1.6490,true,true
26.8658,true,true
8.0969,true,true
5.0565,true,true
15.2098,true,true
22.3766,true,true
3.7250,true,true
1.2168,true,true
10.0446,true,true
0.9905,true,true
34.4190,true,true
6.1354,true,false
6.5556,true,false
1.6373,true,true
17.3330,true,true
10.4135,true,true
1.7624,true,true
1.5094,true,true
8.0665,true,true
18.1151,true,true
2.8808,true,true
2.1816,true,true
0.9346,true,true
2.0626,true,true
9.3230,true,true
3.4727,true,true
6.2303,true,false
1.6751,true,true
5.1662,true,false
1.6912,true,true
4.4067,true,true
1.0450,true,true
4.9657,true,false
2.4712,true,false
0.9568,true,true
1.6125,true,true
4.0586,true,true
5.1352,true,false
1.6877,true,true
6.5339,true,true
0.7715,true,true
1.3718,true,true
0.9003,true,true
8.0819,true,true
6.4826,true,true
1.4110,true,true
12.2627,true,true
7.4624,true,true
0.9281,true,true
5.8168,true,true
1.6936,true,true
4.2306,true,false
1.3645,true,true
1.3581,true,true
8.6266,true,false
1.4589,true,true
3.8422,true,true
7.4808,true,true
5.4708,true,true
1.1837,true,true
1.3952,true,true
8.9326,true,true
1.7211,true,true
1.4825,true,true
4.5344,true,true
2.8165,true,true
4.5553,true,true
2.7887,true,true
6.7797,true,false
1.1788,true,true
0.8508,true,true
4.8858,true,true
1.4089,true,true
1.1089,true,true
0.7403,true,true
4.5364,true,false
2.3721,true,true
8.6847,true,false
3.6863,true,true
0.9649,true,true
11.4995,true,true
3.5094,true,true
1.3099,true,true
2.9329,true,true
1.6337,true,true
14.2981,true,true
1.9030,true,true
5.1468,true,true
4.7119,true,true
1.7939,true,true
1.3259,true,true
3.3165,true,false
1.1122,true,true
0.8920,true,true
1.5198,true,true
14.3416,true,true
12.2274,true,true
4.6541,true,true
1.9356,true,true
1.5676,true,true
4.3287,true,true
13.5731,true,true
6.4946,true,false
10.9190,true,false
17.3858,true,false
13.2778,true,true
16.9391,true,true
1.3738,true,true
5.5915,true,true
1.9218,true,true
13.5334,true,true
22.0372,true,false
3.3092,true,true
2.0094,true,true
12.4065,true,true
3.5713,true,true
3.2090,true,true
9.8987,true,true
1.3376,true,true
1.6255,true,true
7.9639,true,false
2.2619,true,true
0.7306,true,true
1.2185,true,true
0.8387,true,true
2.9236,true,true
1.4236,true,true
0.9382,true,true
6.1292,true,true
6.7134,true,true
4.1355,true,true
16.4583,true,true
14.0459,true,false
6.1588,true,false
5.3610,true,true
1.0178,true,true
5.9371,true,true
1.6763,true,true
3.0307,true,true
7.9612,true,false
2.5733,true,true
15.1198,true,true
1.6726,true,true
1.2496,true,true
0.9899,true,true
2.1351,true,true
1.5953,true,true
14.3246,true,true
1.6381,true,true
21.7663,true,true
12.0981,true,true
3.1676,true,true
0.5011,true,true
1.9363,true,true
5.5513,true,true
0.8939,true,true
4.4340,true,true
0.7678,true,true
2.0311,true,true
1.6370,true,true
1.6454,true,true
9.4762,true,true
4.3256,true,true
4.0124,true,true
3.4981,true,true
0.8501,true,true
1.3947,true,true
1.1357,true,true
5.1813,true,false
1.5595,true,true
1.1282,true,true
0.6323,true,false
1.1677,true,true
0.7450,true,true
1.4080,true,true
1.0063,true,true
2.3453,true,true
2.2020,true,true
9.1077,true,true
1.5574,true,true
9.4303,true,true
0.6287,true,true
9.3779,true,true
0.5154,true,true
4.0700,true,true
1.2425,true,true
0.8160,true,true
1.4094,true,true
4.6987,true,true
3.2890,true,true
1.2528,true,true
10.8587,true,true
1.1744,true,true
5.6873,true,false
7.3465,true,false
4.5273,true,true
1.4242,true,true
11.0717,true,false
3.6829,true,false
1.1911,true,true
7.8208,true,false
1.2070,true,true
0.8304,true,true
1.9736,true,true
10.6214,true,true
2.2107,true,true
0.9807,true,true
11.7269,true,false
2.8103,true,true
7.6273,true,true
1.3885,true,true
1.0400,true,true
1.5158,true,true
1.7382,true,true
1.3985,true,true
12.8195,true,true
0.7791,true,true
3.8390,true,true
1.2028,true,true
6.8194,true,true
4.0444,true,true
0.9409,true,true
1.4674,true,true
1.2444,true,true
0.8777,true,true
1.4882,true,true
3.7896,true,true
1.3603,true,true
1.1711,true,false
0.7966,true,true
5.1175,true,true
3.5562,true,true
9.8342,true,false
20.5918,true,true
14.0838,true,false
2.7224,true,true
8.9842,true,false
2.1260,true,true
3.0740,true,true
3.6020,true,true
16.9151,true,true
1.9307,true,true
11.9399,true,true
27.2322,true,true
2.2572,true,true
1.3248,true,true
45.3285,true,true
41.5122,true,true
1.6552,true,true
1.9192,true,true
3.2631,true,true
2.7811,true,false
16.2143,true,true
1.1711,true,true
0.9392,true,true
1.5523,true,true
1.1475,true,true
5.2709,true,false
0.7367,true,true
7.1002,true,true
10.7132,true,true
1.3405,true,true
1.0236,true,true
1.7666,true,true
3.0082,true,true
3.2714,true,true
3.2915,true,true
6.6974,true,true
0.8684,true,true
1.6961,true,true
3.6636,true,true
1.1130,true,true
4.2191,true,false
1.4705,true,true
1.1937,true,true
1.2990,true,true
1.4892,true,true
1.6120,true,true
3.0814,true,true
0.6438,true,false
1.4083,true,true
21.2590,true,true
2.7616,true,true
5.8095,true,true
1.4746,true,true
7.5859,true,true
10.7613,true,true
1.3876,true,true
1.0283,true,true
1.7865,true,true
1.5008,true,true
14.8163,true,true
3.3144,true,false
0.7744,true,true
1.8086,true,true
1.6222,true,true
7.2332,true,true
2.1891,true,true
7.4398,true,false
1.2171,true,true
13.1331,true,true
0.8674,true,true
1.5364,true,true
1.5179,true,true
4.9147,true,true
1.3197,true,true
1.0054,true,true
4.7107,true,false
1.2459,true,true
0.7625,true,true
2.7340,true,true
1.3176,true,true
0.9304,true,true
2.9020,true,true
1.5526,true,true
9.2277,true,true
2.9077,true,false
3.0629,true,true
5.3610,true,false
0.9358,true,true
13.7347,true,true
4.8978,true,true
1.8962,true,true
9.2522,true,false
1.6384,true,true
4.9452,true,true
9.6174,true,true
0.7356,true,true
6.8288,true,false
3.4780,true,true
10.6606,true,true
4.8448,true,true
2.7126,true,true
1.7344,true,true
2.4360,true,false
3.3505,true,true
3.6158,true,false
0.9463,true,true
10.8618,true,true
3.0003,true,true
1.9426,true,true
12.1487,true,true
3.5865,true,true
1.3842,true,true
11.6215,true,true
1.4274,true,true
11.7003,true,false
0.8920,true,true
1.6261,true,true
4.5369,true,true
2.0758,true,true
1.9415,true,true
5.3668,true,true
5.7686,true,false
3.9232,true,true
3.1009,true,true
1.9627,true,true
5.2728,true,false
0.6028,true,true
1.2670,true,true
0.8144,true,true
1.5077,true,true
2.4057,true,true
0.9441,true,true
3.0708,true,true
9.5748,true,false
8.5581,true,true
1.6489,true,true
5.1761,true,true
3.3979,true,true
2.0986,true,true
4.0031,true,true
2.9900,true,true
1.5271,true,true
1.1780,true,true
0.6831,true,true
2.7753,true,true
3.0804,true,false
2.4314,true,true
1.1768,true,true
7.4982,true,true
2.4934,true,true
0.9806,true,true
4.6095,true,true
1.1346,true,true
5.5439,true,true
1.0522,true,true
7.8392,true,true
4.7728,true,true
2.5305,true,true
18.4171,true,true
9.9468,true,true
1.0840,true,true
15.3925,true,true
1.7861,true,true
8.4963,true,false
0.7072,true,true
8.2072,true,true
1.4846,true,true
1.1027,true,true
3.8758,true,true
1.8551,true,true
4.0772,true,true
2.4658,true,false
0.9895,true,true
1.6258,true,true
1.3003,true,true
0.9786,true,true
1.6831,true,true
5.4027,true,true
0.7320,true,true
2.2925,true,true
3.0581,true,true
1.7045,true,true
4.8562,true,false
3.1118,true,true
0.8151,true,false
6.6964,true,true
1.4656,true,true
5.6352,true,false
1.0728,true,true
0.5469,true,true
3.3612,true,true
11.9496,true,true
3.3966,true,true
9.2456,true,false
3.8519,true,true
7.4337,true,true
0.8754,true,true
5.8578,true,false
1.8157,true,true
1.4795,true,false
2.3068,true,true
9.0316,true,true
9.4776,true,true
3.9536,true,true
1.0554,true,true
2.3366,true,true
3.1086,true,true
6.7898,true,true
3.1595,true,true
6.8954,true,true
0.7824,true,true
2.0899,true,true
1.6889,true,true
6.7310,true,true
0.9443,true,true
1.6635,true,true
2.0051,true,true
5.5385,true,true
9.0777,true,true
3.3105,true,true
8.2758,true,false
3.9116,true,true
1.4392,true,true
7.7588,true,true
3.9354,true,true
1.2768,true,true
0.9781,true,true
5.7010,true,true
0.9634,true,true
5.8763,true,false
2.4240,true,true
15.0660,true,true
2.7482,true,false
9.7957,true,false
0.9443,true,true
1.6018,true,true
1.4965,true,true
5.9517,true,true
1.7031,true,true
5.8828,true,true
1.2089,true,true
10.0608,true,true
1.1486,true,true
10.2422,true,false
2.9506,true,true
10.5880,true,true
0.8913,true,true
1.7208,true,true
6.2693,true,false
0.7382,true,true
13.8147,true,true
0.9318,true,true
2.8190,true,true
3.1453,true,true
6.7346,true,false
10.0192,true,true
1.8297,true,true
14.8488,true,true
4.6459,true,true
2.9819,true,true
34.4588,true,true
0.8141,true,true
8.3030,true,false
11.5660,true,false
0.7229,true,true
9.0640,true,true
1.2654,true,true
3.8348,true,true
0.9929,true,true
7.2440,true,true
1.5845,true,true
2.6794,true,true
1.7257,true,true
4.8994,true,false
2.8694,true,true
2.6854,true,true
1.1599,true,true
1.5309,true,true
1.3601,true,true
0.9884,true,true
1.7025,true,true
1.3961,true,true
6.5718,true,false
1.9545,true,true
18.0501,true,true
8.7425,true,true
3.2491,true,true
12.7557,true,true
1.1354,true,true
5.4029,true,true
6.2073,true,true
5.1174,true,true
5.5260,true,false
9.6114,true,true
4.8996,true,true
3.6011,true,true
1.0961,true,true
0.6756,true,true
6.6069,true,true
4.9730,true,true
4.5842,true,true
2.0142,true,true
1.7052,true,true
8.8513,true,true
19.8665,true,true
24.9498,true,true
18.7515,true,true
1.1023,true,true
15.0817,true,false
11.5051,true,true
6.5660,true,true
19.4811,true,false
1.0648,true,true
32.7666,true,true
5.7336,true,true
28.2727,true,true
0.7711,true,true
23.4971,true,true
1.8935,true,true
2.4307,true,true
6.1577,true,true
4.5175,true,false
4.9639,true,false
4.1529,true,false
5.4478,true,true
1.2378,true,true
1.7186,true,true
8.6971,true,false
1.1428,true,true
5.4427,true,false
0.8111,true,true
1.9087,true,true
1.8763,true,true
5.8225,true,true
2.7502,true,true
1.3387,true,true
1.6049,true,true
8.6405,true,false
3.0850,true,true
7.8397,true,true
1.5905,true,true
5.0142,true,true
6.0963,true,true
3.9546,true,true
2.0613,true,true
12.4726,true,true
4.2691,true,false
1.6864,true,true
1.2557,true,true
1.0176,true,true
4.3243,true,false
2.0717,true,false
1.1153,true,true
0.8396,true,true
5.3997,true,true
0.8033,true,true
5.0374,true,false
8.6221,true,false
1.2905,true,true
5.1952,true,true
0.5144,true,true
1.8670,true,true
3.3011,true,true
0.9099,true,true
1.7120,true,true
1.3524,true,true
3.0373,true,false
2.8383,true,true
1.3046,true,true
0.9012,true,true
1.4790,true,true
1.0256,true,true
1.6478,true,true
4.7621,true,true
9.2348,true,true
3.0894,true,true
4.0935,true,false
2.1018,true,true
7.1379,true,true
1.7621,true,true
2.6443,true,true
1.1122,true,true
0.8385,true,true
1.5673,true,true
2.7711,true,false
1.3065,true,true
1.9529,true,true
8.2128,true,true
5.1633,true,false
9.2015,true,true
6.3432,true,true
3.7920,true,true
0.7526,true,true
3.2861,true,true
7.1560,true,true
1.0897,true,true
0.7704,true,true
4.3446,true,true
1.5517,true,true
1.2450,true,true
2.5604,true,true
10.6574,true,true
6.3595,true,false
3.2649,true,true
1.0980,true,true
12.2814,true,false
3.1912,true,true
1.2254,true,true
1.5276,true,true
4.6103,true,false
1.7664,true,true
1.9399,true,true
9.3940,true,true
6.3291,true,true
2.8075,true,false
6.8674,true,true
10.4907,true,false
20.2580,true,true
1.7479,true,true
8.2642,true,false
7.3926,true,true
3.2308,true,false
2.7395,true,false
1.2575,true,true
2.0118,true,true
8.8836,true,false
12.6229,true,true
6.8820,true,true
3.7726,true,true
1.5814,true,true
1.3050,true,true
1.0843,true,true
3.4628,true,true
0.9597,true,true
4.1006,true,true
1.5763,true,true
4.5285,true,true
11.3071,true,false
9.6403,true,true
3.6471,true,false
3.0612,true,true
1.6985,true,true
4.8613,true,true
1.8444,true,true
2.1324,true,true
1.3241,true,true
0.9339,true,true
2.7157,true,false
3.3800,true,true
0.8100,true,true
1.4525,true,true
16.1802,true,true
1.0391,true,true
3.0789,true,true
1.5285,true,true
2.6032,true,true
4.1240,true,false
1.1644,true,true
0.8091,true,true
1.3011,true,true
1.3698,true,true
1.5333,true,true
10.1395,true,true
2.7502,true,false
1.1412,true,true
5.5209,true,true
5.8569,true,false
4.3542,true,true
1.4829,true,true
3.9212,true,false
1.1147,true,true
0.7366,true,true
1.3780,true,true
0.8814,true,true
2.9220,true,true
7.8141,true,true
5.0378,true,true
2.8506,true,true
20.4103,true,true
1.7189,true,true
17.4740,true,true
2.8483,true,false
1.3091,true,true
2.6644,true,true
1.0712,true,true
0.6086,true,true
11.2083,true,true
2.5026,true,true
1.7389,true,true
11.6888,true,true
11.6759,true,true
7.3316,true,true
1.1373,true,true
5.5572,true,true
3.9029,true,false
4.2526,true,true
4.3638,true,false
1.9570,true,true
5.8151,true,true
3.5933,true,false
4.5856,true,false
1.4883,true,true
5.8913,true,false
1.6797,true,true
1.6199,true,true
8.2005,true,false
2.2763,true,true
2.1051,true,true
4.2077,true,false
4.4338,true,false
1.4354,true,true
3.7429,true,false
2.5018,true,true
7.0000,true,true
4.3943,true,true
2.8712,true,true
12.6862,true,true
0.7654,true,false
4.9320,true,true
3.2474,true,true
11.6720,true,true
6.4283,true,false
0.8461,true,true
6.7926,true,false
18.5884,true,true
5.4930,true,true
1.1722,true,true
1.3534,true,true
24.3499,true,true
8.9367,true,false
2.6637,true,true
6.3803,true,true
9.5262,true,true
12.7037,true,true
3.3605,true,true
5.5233,true,true
1.1019,true,true
6.7808,true,true
1.1535,true,true
5.8743,true,true
1.7926,true,true
6.6485,true,true
0.8742,true,true
1.4341,true,true
1.0360,true,true
1.5995,true,true
3.8655,true,false
1.3791,true,true
0.9582,true,true
3.8097,true,true
4.3470,true,true
3.4775,true,false
0.7467,true,true
1.3846,true,true
1.1579,true,true
7.5433,true,true
17.6401,true,true
2.5488,true,true
6.4820,true,true
0.8606,true,true
10.5014,true,true
9.4286,true,false
1.8224,true,true
28.7292,true,true
2.5950,true,true
9.8166,true,true
0.8731,true,true
16.0014,true,true
0.8029,true,true
1.4709,true,true
3.7847,true,false
8.3981,true,true
2.1869,true,true
2.0273,true,true
10.6229,true,true
1.6776,true,true
5.4977,true,true
10.6428,true,true
2.1442,true,true
6.3232,true,true
0.6498,true,true
1.3280,true,true
2.6331,true,true
1.1841,true,true
0.8373,true,true
2.0061,true,true
1.6853,true,false
1.9340,true,true
1.8139,true,true
1.6485,true,true
11.5180,true,true
9.2543,true,false
1.5056,true,true
4.1615,true,true
1.1056,true,true
3.6593,true,false
2.9980,true,false
6.0802,true,true
4.0657,true,true
2.1767,true,false
0.5885,true,true
1.2768,true,true
0.9365,true,true
1.9003,true,true
3.0053,true,true
1.4456,true,true
1.0441,true,false
2.5053,true,true
13.0609,true,true
8.5690,true,true
3.2354,true,true
1.2710,true,true
16.2672,true,true
0.9658,true,true
1.5611,true,true
2.4395,true,true
3.8406,true,true
4.2530,true,false
1.3206,true,true
1.0680,true,true
4.4560,true,false
1.4884,true,true
1.0517,true,false
1.6837,true,true
4.8022,true,true
1.6636,true,true
1.7773,true,true
8.9408,true,true
2.5777,true,false
1.2355,true,true
7.6267,true,true
3.2365,true,true
0.6500,true,true
3.6038,true,false
2.4156,true,true
0.8345,true,true
4.7689,true,true
8.3449,true,true
11.6813,true,true
0.9714,true,true
2.8050,true,true
9.9879,true,true
12.2961,true,true
25.8710,true,true
9.4590,true,true
0.9327,true,true
13.6204,true,true
23.0274,true,true
11.5420,true,true
2.3115,true,true
1.0676,true,true
10.6409,true,false
8.0228,true,true
23.8944,true,true
1.7892,true,true
1.3810,true,true
0.9641,true,true
4.5610,true,false
2.3797,true,true
6.4220,true,false
2.9377,true,true
4.0700,true,false
1.5197,true,true
2.6269,true,true
1.2705,true,false
2.2899,true,true
0.9045,true,true
4.4028,true,true
2.5635,true,false
1.7156,true,true
8.4446,true,true
1.2469,true,true
4.7910,true,false
17.7224,true,true
9.2971,true,true
2.4319,true,true
1.3415,true,true
5.5430,true,true
12.4615,true,true
1.6870,true,true
1.3178,true,true
0.9706,true,true
1.5469,true,true
1.2005,true,true
0.8964,true,true
1.6142,true,true
1.3476,true,true
0.9537,true,true
1.8649,true,true
5.6442,true,true
1.1769,true,true
1.3787,true,true
1.0255,true,true
1.6610,true,true
3.2396,true,true
0.7647,true,true
4.2310,true,true
4.5065,true,false
1.2093,true,true
5.1027,true,true
1.7541,true,true
1.4553,true,true
7.7077,true,true
1.8586,true,true
3.9722,true,true
11.1662,true,true
3.7674,true,false
2.8849,true,true
3.1989,true,true
0.6808,true,true
3.6646,true,false
2.6612,true,true
1.7440,true,true
1.4066,true,true
1.0638,true,true
0.5140,true,true
1.6337,true,true
8.9009,true,false
2.8875,true,true
3.0952,true,false
3.9467,true,false
1.9259,true,true
5.4442,true,true
4.7745,true,true
1.8466,true,true
1.6483,true,true
2.0520,true,true
4.5905,true,true
5.2934,true,false
0.7456,true,true
4.6981,true,true
6.5506,true,false
4.4443,true,true
2.8850,true,true
2.9287,true,true
6.1696,true,true
4.8074,true,false
2.0810,true,true
0.4911,true,true
1.0637,true,true
1.9919,true,true
0.6877,true,true
9.6377,true,false
0.7079,true,true
4.7764,true,false
1.8922,true,true
5.5226,true,false
12.4449,true,true
2.1102,true,true
5.3133,true,true
0.5799,true,true
2.3158,true,true
0.6930,true,true
1.7121,true,true
1.3175,true,true
8.4439,true,true
4.1965,true,true
10.0452,true,true
1.5088,true,false
1.8030,true,true
15.5042,true,true
12.9152,true,true
1.0711,true,true
12.4788,true,true
3.2519,true,false
3.6527,true,false
2.0608,true,false
4.9228,true,true
2.6663,true,false
5.6394,true,true
4.2239,true,true
15.3373,true,true
12.3487,true,true
11.5950,true,true
8.9174,true,true
1.7505,true,true
18.7654,true,false
1.1368,true,true
26.1873,true,true
1.8823,true,true
20.9564,true,true
0.9979,true,true
4.2237,true,true
16.8346,true,true
38.7281,true,true
1.9606,true,true
45.1524,true,true
1.7304,true,false
64.6447,true,true
36.2401,true,false
32.5036,true,true
54.4415,true,true
27.8858,true,true
6.4311,true,false
3.6407,true,true
0.7347,true,true
23.2659,true,false
20.7452,true,true
9.1303,true,true
2.0851,true,true
3.5922,true,true
7.0857,true,true
4.1964,true,true
1.5143,true,true
1.0749,true,true
2.5573,true,true
1.7299,true,true
2.7792,true,true
1.2518,true,true
1.0521,true,true
4.5978,true,true
6.8640,true,true
1.7322,true,true
6.8553,true,false
1.3628,true,true
1.5468,true,true
5.7654,true,true
2.6852,true,false
1.1341,true,true
0.7242,true,true
2.9965,true,true
1.5537,true,true
1.1401,true,true
2.1667,true,true
1.1704,true,true
3.2213,true,true
7.8758,true,true
1.6854,true,true
6.4588,true,true
1.3376,true,true
0.8336,true,true
3.9633,true,true
1.4059,true,true
1.1026,true,true
0.6956,true,true
8.4066,true,true
0.7461,true,true
2.0026,true,true
4.0789,true,true
2.5706,true,true
1.1232,true,true
2.4360,true,true
0.8922,true,true
1.3730,true,true
6.9914,true,true
2.8976,true,true
14.7127,true,true
0.9681,true,true
6.0123,true,true
1.4776,true,true
16.6320,true,true
1.2403,true,true
0.8604,true,true
1.6426,true,true
5.6634,true,true
4.9154,true,true
9.3924,true,true
3.2235,true,true
0.5569,true,true
1.1994,true,false
0.8952,true,true
1.5306,true,true
1.0424,true,true
3.0607,true,true
3.0527,true,true
3.5990,true,false
1.1622,true,true
5.0103,true,true
3.1277,true,true
0.6930,true,true
1.7694,true,true
1.3352,true,true
1.1082,true,true
4.4758,true,false
1.6898,true,true
1.9606,true,true
1.6402,true,false
6.2971,true,true
3.7479,true,false
3.3638,true,false
0.7913,true,true
2.1314,true,true
6.3725,true,false
0.9257,true,true
1.6916,true,true
1.3585,true,true
0.9275,true,true
3.1484,true,true
1.8143,true,true
1.3986,true,true
1.1272,true,true
6.4517,true,true
1.9672,true,true
5.2514,true,true
1.6345,true,true
1.3873,true,true
3.8130,true,true
1.0946,true,true
1.7755,true,true
5.1097,true,true
1.8037,true,true
5.2808,true,true
3.2459,true,true
0.7988,true,true
3.1253,true,false
0.7213,true,true
1.5148,true,true
20.6722,true,true
17.6111,true,true
5.2578,true,false
3.5853,true,false
0.6809,true,true
2.6649,true,true
3.2949,true,false
0.6927,true,true
1.8555,true,true
1.6095,true,true
1.2975,true,true
7.6790,true,true
1.3216,true,true
4.9651,true,true
6.0779,true,false
2.7108,true,true
3.4531,true,true
12.7817,true,true
1.2903,true,true
4.9165,true,true
4.6660,true,false
6.3347,true,true
12.1414,true,true
2.4064,true,true
6.8562,true,true
15.9974,true,true
9.1333,true,false
6.6358,true,true
1.0141,true,true
4.1738,true,true
24.7968,true,true
2.9850,true,true
3.1790,true,true
3.0872,true,true
7.0789,true,true
1.6315,true,true
1.3307,true,true
0.9396,true,true
1.4444,true,true
0.9659,true,true
1.7235,true,true
7.1820,true,true
8.0313,true,true
1.9120,true,true
18.3512,true,true
6.5468,true,false
2.0963,true,true
2.1301,true,true
1.0892,true,true
1.8012,true,true
1.5102,true,true
10.6760,true,true
5.6409,true,true
8.7722,true,true
1.2426,true,true
6.9553,true,true
0.9837,true,true
1.6708,true,true
1.9873,true,true
3.6076,true,false
4.3205,true,true
7.6129,true,true
3.0362,true,false
1.5397,true,true
4.1328,true,false
1.2653,true,true
3.4884,true,false
1.4417,true,true
0.9958,true,true
3.9191,true,false
2.3562,true,false
0.9518,true,true
10.3322,true,true
1.5975,true,true
1.4991,true,true
1.7508,true,true
4.9941,true,false
20.2505,true,true
4.9651,true,true
1.9836,true,true
14.5368,true,true
8.9004,true,true
1.1604,true,true
0.7122,true,true
1.4177,true,true
1.6215,true,true
1.2556,true,true
4.6372,true,false
1.2182,true,true
6.7310,true,true
0.8226,true,true
5.0904,true,true
4.3266,true,true
21.0322,true,true
4.3248,true,true
1.2623,true,true
10.9352,true,false
2.8697,true,false
22.9979,true,true
7.6670,true,true
1.2048,true,true
34.4990,true,true
6.7099,true,true
0.8714,true,true
1.4737,true,true
2.1360,true,false
0.7036,true,false
1.4496,true,false
1.0560,true,true
2.7033,true,true
10.3442,true,false
15.0577,true,true
2.6118,true,true
5.7896,true,true
2.0857,true,true
5.7482,true,true
18.7890,true,true
0.7492,true,true
4.0983,true,false
1.5362,true,true
1.1570,true,true
2.1533,true,true
4.2521,true,true
1.5002,true,true
2.9247,true,true
6.5015,true,false
1.3444,true,true
1.6630,true,true
8.1883,true,true
4.4160,true,true
3.4484,true,true
12.4752,true,true
1.1115,true,true
7.9820,true,true
6.0224,true,false
1.5057,true,true
1.3011,true,true
5.6717,true,true
3.7049,true,true
1.6669,true,true
1.4573,true,true
5.8780,true,true
1.3241,true,true
1.5368,true,true
3.4790,true,true
1.9698,true,true
3.4041,true,true
0.6917,true,true
3.7451,true,true
2.5673,true,false
1.1238,true,true
3.1114,true,false
11.2725,true,true
2.4883,true,true
6.8541,true,true
1.0932,true,true
0.7702,true,true
3.1081,true,true
0.7981,true,true
1.3837,true,false
8.2822,true,true
1.6917,true,true
2.2969,true,true
0.9287,true,true
7.5024,true,true
2.4812,true,true
0.9679,true,true
4.5708,true,false
2.0643,true,false
1.6070,true,true
1.2008,true,true
0.7618,true,true
3.9084,true,false
2.9365,true,false
1.4174,true,true
2.2350,true,true
1.9116,true,true
1.5085,true,true
5.5009,true,true
2.4754,true,true
1.0800,true,true
11.4732,true,true
0.4927,true,true
2.1457,true,false
3.0907,true,true
1.6189,true,true
1.1538,true,true
0.7827,true,false
1.3561,true,true
0.9399,true,true
1.5863,true,true
5.5010,true,true
2.9296,true,true
11.7893,true,false
1.5509,true,true
2.2990,true,true
18.3950,true,true
22.0390,true,false
13.2260,true,false
0.8039,true,false
2.2449,true,true
6.9797,true,false
18.0852,true,false
29.2414,true,true
4.4315,true,true
1.5369,true,true
3.3833,true,false
3.8008,true,true
0.8667,true,true
3.7934,true,true
1.1876,true,true
3.6472,true,true
1.2568,true,true
0.9430,true,true
2.4412,true,true
11.1544,true,false
16.1623,true,true
5.0474,true,true
16.7725,true,true
2.1711,true,true
3.4266,true,false
1.4618,true,true
14.0698,true,true
20.5456,true,true
12.6443,true,true
0.6867,true,true
6.2045,true,true
2.7228,true,true
7.8717,true,true
1.6714,true,true
11.0967,true,true
2.8440,true,true
1.6207,true,true
6.1030,true,true
2.4496,true,true
6.3052,true,true
7.7087,true,true
2.8041,true,true
1.3549,true,true
8.1035,true,true
1.6966,true,true
3.4619,true,true
1.3390,true,true
10.8497,true,true
10.7470,true,true
17.3314,true,true
22.2962,true,true
15.2186,true,true
6.4678,true,true
16.6650,true,true
4.6409,true,true
1.5617,true,true
1.1988,true,true
0.9857,true,true
24.4365,true,true
2.8120,true,true
1.4682,true,true
1.0616,true,true
32.3764,true,true
6.2146,true,false
9.4670,true,true
18.4615,true,true
3.9151,true,true
1.4863,true,false
12.9350,true,true
10.2419,true,true
2.1444,true,true
0.8233,true,true
7.1067,true,false
1.6718,true,true
6.1589,true,true
3.1867,true,true
2.7097,true,false
1.1561,true,true
4.2135,true,true
1.0819,true,true
0.7905,true,true
7.3998,true,true
0.9543,true,true
2.2888,true,true
3.4218,true,true
0.8262,true,true
1.5236,true,true
1.6067,true,true
1.2962,true,true
5.7812,true,true
1.6406,true,true
1.3539,true,true
3.3835,true,true
0.7920,true,false
3.6534,true,true
2.3319,true,true
5.2224,true,false
2.8331,true,true
2.0812,true,true
3.0641,true,true
7.9504,true,false
6.5160,true,true
4.1103,true,true
1.0452,true,true
1.7084,true,true
1.5336,true,true
1.7078,true,true
1.2678,true,true
10.8941,true,true
2.4510,true,true
2.4852,true,true
3.8329,true,true
6.8776,true,true
6.0595,true,true
4.8159,true,true
3.6828,true,true
1.5654,true,true
11.2941,true,true
8.9672,true,true
22.7047,true,true
2.6530,true,true
16.4100,true,false
14.8456,true,false
12.0087,true,false
22.4618,true,true
1.2500,true,false
4.5590,true,true
8.6307,true,true
1.5343,true,true
6.3778,true,true
1.1509,true,true
12.2765,true,true
1.5960,true,true
5.1784,true,true
3.3131,true,true
2.3195,true,true
6.1178,true,true
3.7881,true,true
2.1079,true,true
4.7848,true,true
1.2648,true,true
7.7041,true,true
2.6162,true,true
1.6429,true,true
4.7704,true,false
3.4321,true,false
2.9531,true,false
4.2951,true,false
1.7417,true,false
5.4788,true,true
10.0150,true,false
13.4860,true,true
2.4594,true,true
0.9395,true,true
3.1442,true,true
1.7334,true,true
4.9890,true,true
2.4788,true,false
0.8920,true,true
2.1326,true,true
1.9334,true,true
7.3447,true,true
0.8228,true,true
4.3441,true,false
2.1522,true,true
0.6772,true,true
1.4068,true,true
1.3266,true,true
2.5965,true,false
10.5111,true,true
4.7639,true,false
1.6878,true,true
1.4129,true,true
2.9666,true,false
4.3663,true,false
0.9640,true,true
6.7756,true,false
1.7554,true,true
6.6910,true,true
1.3045,true,true
4.3354,true,false
2.7545,true,true
1.3270,true,true
0.8761,true,true
1.5828,true,true
1.3331,true,true
1.1526,true,true
1.4956,true,true
4.4605,true,true
1.8810,true,true
1.5783,true,true
3.1151,true,true
2.8391,true,true
1.4219,true,true
1.6858,true,true
9.8045,true,true
1.1701,true,true
4.7694,true,false
1.3191,true,true
2.7267,true,true
6.9405,true,true
1.2179,true,true
1.2956,true,true
6.1533,true,true
1.8877,true,true
4.0828,true,false
2.1829,true,true
0.7487,true,true
3.3080,true,true
1.1631,true,true
0.7679,true,true
6.0131,true,true
3.6287,true,true
1.3417,true,true
15.1039,true,true
3.9096,true,false
1.2049,true,true
2.3316,true,true
0.9225,true,true
2.0994,true,true
1.0749,true,true
5.1182,true,false
8.9099,true,true
2.3019,true,true
2.8787,true,false
9.6904,true,false
13.3158,true,true
0.9522,true,true
3.4251,true,false
1.8748,true,true
2.2611,true,true
13.4508,true,true
1.4982,true,true
13.6274,true,true
0.9619,true,true
6.6673,true,true
1.6179,true,true
1.1277,true,true
2.4978,true,true
0.9717,true,true
1.7454,true,true
2.5034,true,true
13.6391,true,true
6.1629,true,true
3.4872,true,true
1.6610,true,true
1.4884,true,true
1.1116,true,true
0.6177,true,true
4.0116,true,true
3.8408,true,true
1.3805,true,true
2.5483,true,false
6.0200,true,true
3.4397,true,false
3.7163,true,false
1.0584,true,true
0.8576,true,true
12.5348,true,true
2.5688,true,true
12.3766,true,true
6.8720,true,true
19.4107,true,true
12.8510,true,true
1.0741,true,true
4.3753,true,false
7.9260,true,true
1.9062,true,true
5.8075,true,false
3.4354,true,true
2.1085,true,true
1.3486,true,true
0.8361,true,true
1.6058,true,true
7.5418,true,true
3.8099,true,true
0.8747,true,true
4.7938,true,true
7.9391,true,true
2.5964,true,true
1.2239,true,false
3.2648,true,false
6.6241,true,true
2.3886,true,false
3.0670,true,false
2.7599,true,true
1.5268,true,true
1.4428,true,true
18.7598,true,true
1.5675,true,true
14.3662,true,true
2.4587,true,true
18.9270,true,true
13.5525,true,true
5.5007,true,true
21.7513,true,true
3.0630,true,true
2.0487,true,true
17.7032,true,true
15.2862,true,true
1.2534,true,true
11.7664,true,true
1.4421,true,true
3.5924,true,false
9.7537,true,true
3.7662,true,true
13.6277,true,false
4.0892,true,true
1.7438,true,true
25.2755,true,true
0.8694,true,true
11.1215,true,true
2.3009,true,true
6.3559,true,true
1.0533,true,true
7.1328,true,true
1.6317,true,true
2.1813,true,true
5.9149,true,false
1.3502,true,true
0.9982,true,true
1.9153,true,true
7.2343,true,false
1.4382,true,true
0.9225,true,true
3.5336,true,true
1.0871,true,false
1.8235,true,true
5.1183,true,false
1.6086,true,true
3.9830,true,true
7.9687,true,true
2.2995,true,true
7.0231,true,true
1.3664,true,true
4.9855,true,true
1.4621,true,true
1.1306,true,true
4.9330,true,true
11.0870,true,true
1.7348,true,true
1.1954,true,true
0.7983,true,false
1.4595,true,true
0.9625,true,false
1.6333,true,true
1.0716,true,true
1.7451,true,true
1.3892,true,true
1.0519,true,true
0.8552,true,true
7.0455,true,false
14.0699,true,true
31.1422,true,true
4.5198,true,true
2.4457,true,true
1.1761,true,true
4.3315,true,false
0.8634,true,true
16.7343,true,true
1.1534,true,true
1.0358,true,true
7.9924,true,true
5.2410,true,false
34.1859,true,true
2.0980,true,true
0.8326,true,true
1.4371,true,true
9.8836,true,true
1.0521,true,true
4.1440,true,true
1.6289,true,true
9.4213,true,true
2.6443,true,true
15.4602,true,false
14.8583,true,true
2.9273,true,true
13.5941,true,false
8.0952,true,true
2.2561,true,true
1.6004,true,true
1.6501,true,true
1.4937,true,true
2.5137,true,true
1.2244,true,true
25.4939,true,true
0.9131,true,true
18.7650,true,true
0.5124,true,true
5.4521,true,true
2.4467,true,true
1.1711,true,true
10.6764,true,true
0.9169,true,true
2.2531,true,true
0.7878,true,false
1.5865,true,true
5.3612,true,true
0.9226,true,true
4.2393,true,false
0.6792,true,true
1.8283,true,true
2.2211,true,true
7.3875,true,true
3.7398,true,true
3.6276,true,true
1.3149,true,true
1.8403,true,true
6.6940,true,true
1.2768,true,true
1.0773,true,true
9.1002,true,true
1.6334,true,true
27.6481,true,true
1.5033,true,false
7.0562,true,true
2.6544,true,true
3.9479,true,false
1.3832,true,true
0.9395,true,true
1.7913,true,true
1.9381,true,true
4.1825,true,true
7.7287,true,true
1.7221,true,true
1.8233,true,true
21.4050,true,true
8.1783,true,true
2.4403,true,true
6.4073,true,false
0.8566,true,true
1.4958,true,true
1.3412,true,true
2.1304,true,false
2.1870,true,true
5.9719,true,true
2.7643,true,true
2.6259,true,true
1.7213,true,true
2.6557,true,true
3.9302,true,true
4.4475,true,false
1.4154,true,true
3.4135,true,true
0.9108,true,true
10.7283,true,true
1.5260,true,true
1.5397,true,true
5.1987,true,true
2.2364,true,true
2.3103,true,true
1.8489,true,false
1.4664,true,true
6.4137,true,true
0.7631,true,true
1.4929,true,true
7.7810,true,false
1.4761,true,true
5.2699,true,false
0.5613,true,true
1.2547,true,true
5.2396,true,false
2.8262,true,true
1.3765,true,true
1.6521,true,true
1.2732,true,true
0.8038,true,true
2.7383,true,true
1.3747,true,true
4.1433,true,false
1.0377,true,true
1.6742,true,true
3.7435,true,true
1.1906,true,true
7.6232,true,true
0.8783,true,true
8.3652,true,true
2.8459,true,true
7.9792,true,true
4.2996,true,false
4.6639,true,true
1.5211,true,true
1.6154,true,true
2.0075,true,true
9.4571,true,false
2.5027,true,true
18.2566,true,true
1.2553,true,false
5.3744,true,false
0.7401,true,true
1.3191,true,true
1.2533,true,true
5.7316,true,false
5.7932,true,true
5.0604,true,true
5.6432,true,false
1.5185,true,true
1.2301,true,true
8.2791,true,false
20.8959,true,true
3.3193,true,true
2.3870,true,true
3.8345,true,false
1.0666,true,true
0.7069,true,true
3.4380,true,true
1.1598,true,true
1.6118,true,true
1.3489,true,true
3.9738,true,true
1.7724,true,true
6.2518,true,true
0.6269,true,true
1.2872,true,true
1.7290,true,true
1.3161,true,true
0.9466,true,true
2.1537,true,true
0.7151,true,true
1.2901,true,true
6.5676,true,false
3.3706,true,true
2.7064,true,true
9.3387,true,true
0.8570,true,true
6.0126,true,true
9.3142,true,true
1.5794,true,true
1.2979,true,true
1.4920,true,true
1.1125,true,true
0.7879,true,true
3.6183,true,true
16.2542,true,false
10.2319,true,true
2.4301,true,true
2.2858,true,true
0.9111,true,true
14.8675,true,true
0.9320,true,true
1.6144,true,true
3.9024,true,true
3.7987,true,true
1.2172,true,true
7.7099,true,true
5.0550,true,true
4.7703,true,true
1.7282,true,true
1.4031,true,true
1.1075,true,true
6.9804,true,true
0.7824,true,true
6.4867,true,true
3.5285,true,true
1.3245,true,true
10.7579,true,true
1.5528,true,true
7.4253,true,false
2.8726,true,false
18.5684,true,true
10.4800,true,false
7.5537,true,false
1.6544,true,true
1.3797,true,true
6.3839,true,true
2.0442,true,true
8.4994,true,true
6.3284,true,true
0.9856,true,true
15.2382,true,true
4.4874,true,true
1.4818,true,true
2.4015,true,true
3.5314,true,true
12.5282,true,false
4.4447,true,true
11.2281,true,false
18.0048,true,true
3.3601,true,false
4.2052,true,false
0.7368,true,true
5.0362,true,true
3.3509,true,true
1.0578,true,true
1.2773,true,true
1.1795,true,true
0.8439,true,true
1.4848,true,true
5.7432,true,true
1.6912,true,true
11.4295,true,true
8.2200,true,true
6.4891,true,false
5.9242,true,true
3.2034,true,false
0.6024,true,true
1.4309,true,true
7.1794,true,true
2.6901,true,true
1.3212,true,true
6.2764,true,false
1.9712,true,true
3.0811,true,true
6.3678,true,true
6.3421,true,true
1.2606,true,true
11.2140,true,true
4.1687,true,false
7.2969,true,false
2.3495,true,true
2.6850,true,true
10.3225,true,true
4.0777,true,false
1.5584,true,true
9.0709,true,true
1.3327,true,true
1.8360,true,true
5.1809,true,false
4.7877,true,false
1.9494,true,true
11.3973,true,true
2.1696,true,true
9.6215,true,true
12.8830,true,false
0.6904,true,true
9.8775,true,true
9.2488,true,false
13.9764,true,true
10.9508,true,true
5.4103,true,false
21.2097,true,true
10.5392,true,false
1.2827,true,true
2.5583,true,true
1.3117,true,true
29.1652,true,true
16.2602,true,true
6.1825,true,false
1.8877,true,true
1.4833,true,true
7.8567,true,true
1.2726,true,true
8.4606,true,false
2.4485,true,true
5.5990,true,true
13.0154,true,true
16.5366,true,true
2.9471,true,true
2.2323,true,true
0.6808,true,true
1.8313,true,true
1.5579,true,true
1.3684,true,true
3.5143,true,true
3.9172,true,true
7.1048,true,false
1.1950,true,true
0.9202,true,true
1.6103,true,true
1.3549,true,true
0.8527,true,true
2.0070,true,true
1.8467,true,true
7.0645,true,true
1.3997,true,true
1.1516,true,true
5.6295,true,false
2.6585,true,true
1.5901,true,true
10.0240,true,false
17.1300,true,true
1.5401,true,true
8.9497,true,true
2.9236,true,true
7.8420,true,false
1.8039,true,true
1.7066,true,true
5.1068,true,true
2.1854,true,true
6.4896,true,true
2.6924,true,true
6.1666,true,true
1.8802,true,true
1.7019,true,true
1.3220,true,true
0.8652,true,true
4.4272,true,true
1.4504,true,true
4.0671,true,true
1.1528,true,true
0.8067,true,true
2.1455,true,true
4.1500,true,false
1.1651,true,true
2.2641,true,false
0.7922,true,true
1.3350,true,true
1.5358,true,true
8.7800,true,true
1.7728,true,true
5.7336,true,false
8.9744,true,false
1.3180,true,true
18.0495,true,true
0.8838,true,true
2.7532,true,true
2.7214,true,false
1.2478,true,true
7.5928,true,true
1.5217,true,true
9.6911,true,true
2.7713,true,false
1.7541,true,true
13.4474,true,true
2.2716,true,true
7.3046,true,true
11.6603,true,true
0.9750,true,true
8.1254,true,true
1.6038,true,true
5.1138,true,false
1.7172,true,true
6.1780,true,false
1.4626,true,true
1.6975,true,true
2.1655,true,true
1.7630,true,true
1.5089,true,true
12.7252,true,true
0.8333,true,true
4.0683,true,true
1.4474,true,true
3.4210,true,false
0.7752,true,true
1.3774,true,true
1.0521,true,true
0.7085,true,true
2.6611,true,true
1.7465,true,false
7.7673,true,true
3.2215,true,false
8.2191,true,true
3.8399,true,false
1.3968,true,true
1.3835,true,true
5.4277,true,false
6.4295,true,true
3.3370,true,true
9.9304,true,false
13.9690,true,false
1.5482,true,true
33.1791,true,true
20.7399,true,true
3.7393,true,false
3.7514,true,true
2.4310,true,true
5.6522,true,true
1.3750,true,true
5.1820,true,false
1.6851,true,true
2.5262,true,true
1.3008,true,true
26.4208,true,true
1.7224,true,true
8.2220,true,true
1.8750,true,true
12.4046,true,true
9.5671,true,true
0.8928,true,true
5.8807,true,true
1.1555,true,true
1.9374,true,true
4.0862,true,false
1.5097,true,true
1.0473,true,false
3.1670,true,true
1.0606,true,true
2.1116,true,true
1.7087,true,false
2.7119,true,true
4.2785,true,true
12.0598,true,true
1.5275,true,true
5.1414,true,true
2.6757,true,false
3.3631,true,false
0.8155,true,true
1.4106,true,true
1.2796,true,true
5.4042,true,false
0.7287,true,true
3.7985,true,true
3.5023,true,true
0.9791,true,true
10.3636,true,false
1.4581,true,true
1.6101,true,true
1.8854,true,true
3.0634,true,false
1.4745,true,true
1.1542,true,true
0.8988,true,true
6.4443,true,true
2.0248,true,true
2.1785,true,true
1.4486,true,true
1.1652,true,true
10.6331,true,true
0.8883,true,true
1.6718,true,true
5.6790,true,true
1.5454,true,true
1.7403,true,true
1.3898,true,true
4.0981,true,true
7.3285,true,true
4.6665,true,true
1.8539,true,true
2.0589,true,true
1.9043,true,true
7.2127,true,true
1.4820,true,true
0.9751,true,true
2.2078,true,true
1.2771,true,true
6.6860,true,true
1.4714,true,true
1.2376,true,true
7.5641,true,false
1.1184,true,true
16.1753,true,true
2.3104,true,true
0.8508,true,true
1.5163,true,true
1.1727,true,true
0.9016,true,true
1.5974,true,true
2.3822,true,true
15.2318,true,true
6.2652,true,true
0.6765,true,true
14.2462,true,true
6.8619,true,false
1.9084,true,true
2.0747,true,true
9.1645,true,false
4.6954,true,false
6.9101,true,false
5.1812,true,false
0.8214,true,true
7.4778,true,false
1.6107,true,true
1.8230,true,true
1.8903,true,true
12.9613,true,true
12.8140,true,true
3.5576,true,true
2.2508,true,false
1.3503,true,true
2.5243,true,true
2.5587,true,true
1.6551,true,true
1.9222,true,true
5.3802,true,false
6.9853,true,true
1.6406,true,true
1.9124,true,true
18.7160,true,true
2.3626,true,true
11.7713,true,false
6.5447,true,false
1.2746,true,true
29.8004,true,true
8.1477,true,true
2.2253,true,true
11.6199,true,true
16.8502,true,true
30.0202,true,true
2.7329,true,true
1.8702,true,true
15.1936,true,false
1.3476,true,true
36.8291,true,true
2.2651,true,true
1.2603,true,true
7.6092,true,false
22.5679,true,true
1.1426,true,true
0.8101,true,true
1.3896,true,true
3.8469,true,true
5.8279,true,true
3.4859,true,false
0.8865,true,true
3.7834,true,false
8.1960,true,true
8.1649,true,true
4.2928,true,true
11.1906,true,true
9.5555,true,true
3.3738,true,true
0.9145,true,true
1.5828,true,true
5.2712,true,false
3.5327,true,true
1.0106,true,true
2.1528,true,true
0.5913,true,true
1.3296,true,true
0.8932,true,true
1.7278,true,true
6.9785,true,false
1.2862,true,true
9.2044,true,true
2.4245,true,true
9.9526,true,false
7.2951,true,true
2.1237,true,true
1.2912,true,true
5.5901,true,false
1.0236,true,true
5.7519,true,false
9.8147,true,true
7.2987,true,true
0.6933,true,true
8.9864,true,true
16.4319,true,true
18.0456,true,true
3.6830,true,true
10.2200,true,true
8.1916,true,false
2.7684,true,true
1.8572,true,true
2.9646,true,true
5.0171,true,false
3.5155,true,true
4.2363,true,false
1.1937,true,true
2.3231,true,true
1.4908,true,true
1.1810,true,true
3.5184,true,false
0.7953,true,true
1.4073,true,true
3.6120,true,true
2.2172,true,true
2.3226,true,true
5.5348,true,false
1.1468,true,true
0.8366,true,true
1.5827,true,true
2.8651,true,true
1.4205,true,true
2.7731,true,true
1.2471,true,true
1.4927,true,true
3.6552,true,true
0.9790,true,true
1.4895,true,true
2.4482,true,false
4.0924,true,true
2.3569,true,true
3.0926,true,true
9.3443,true,false
2.1765,true,true
1.3472,true,true
6.5822,true,true
1.0990,true,true
5.1227,true,false
4.2337,true,true
4.9448,true,false
9.1284,true,false
13.9631,true,true
8.2628,true,true
2.0143,true,true
5.6703,true,true
14.7479,true,true
2.3815,true,false
2.6111,true,true
2.0171,true,false
2.8307,true,true
3.0197,true,true
8.7679,true,false
4.8542,true,false
1.3847,true,true
10.8458,true,true
6.3700,true,true
0.5555,true,true
2.9490,true,false
1.4546,true,true
0.9193,true,true
3.2792,true,true
2.2341,true,true
2.3138,true,true
3.0990,true,true
8.5238,true,true
3.5787,true,true
7.0421,true,true
13.3283,true,true
3.8379,true,true
8.1947,true,true
2.5892,true,true
2.4975,true,false
0.9649,true,true
1.4772,true,true
1.6478,true,true
2.8103,true,true
1.3957,true,true
2.3988,true,false
0.8509,true,true
5.7070,true,true
10.1686,true,true
3.7466,true,true
7.2197,true,true
2.3325,true,true
6.6145,true,true
4.1971,true,false
1.0895,true,true
2.7523,true,true
9.1137,true,true
5.5892,true,true
12.0692,true,false
1.5260,true,true
8.0748,true,false
8.4588,true,false
1.0823,true,false
7.6040,true,true
2.8475,true,false
1.3994,true,false
0.9729,true,true
6.8190,true,true
20.9787,true,true
17.9303,true,true
6.8273,true,true
0.9654,true,true
10.4067,true,true
6.8219,true,true
2.8494,true,true
18.6967,true,false
5.0956,true,false
1.7180,true,true
9.0771,true,true
3.5746,true,true
1.0580,true,true
2.4521,true,true
6.1523,true,true
1.9025,true,true
1.7214,true,true
2.2624,true,true
11.7143,true,true
0.8261,true,true
3.9172,true,true
1.1903,true,true
3.6536,true,true
0.8975,true,true
1.5758,true,true
1.1615,true,false
0.7677,true,true
1.4402,true,true
1.7642,true,true
4.4067,true,false
3.0404,true,true
4.2693,true,true
10.5925,true,true
1.6854,true,true
3.4979,true,true
1.0453,true,true
7.3330,true,true
5.0145,true,true
4.4724,true,true
1.7970,true,true
13.6590,true,false
1.3023,true,false
0.8245,true,false
2.1699,true,true
0.6714,true,true
1.1589,true,true
0.9616,true,true
4.2864,true,true
0.6997,true,true
1.3598,true,true
2.2629,true,true
1.3133,true,true
1.0340,true,true
1.9843,true,false
8.9075,true,true
2.8939,true,true
1.5020,true,true
2.2940,true,false
1.3128,true,true
3.2197,true,true
0.6837,true,true
1.4320,true,false
1.2917,true,true
5.8823,true,true
1.2442,true,true
3.5029,true,true
6.7167,true,false
1.0693,true,true
0.5970,true,true
1.2606,true,true
1.4998,true,true
1.7693,true,true
2.1782,true,true
0.5573,true,true
1.1995,true,true
0.8180,true,true
1.3371,true,true
2.4842,true,true
2.2803,true,true
0.8056,true,true
2.0505,true,true
1.9650,true,true
6.2948,true,true
8.5461,true,true
2.4356,true,true
12.0490,true,true
6.3376,true,true
3.5782,true,false
1.1974,true,true
5.0520,true,false
1.4547,true,true
1.4574,true,true
5.2810,true,true
1.3830,true,true
1.0345,true,true
1.5988,true,true
3.2565,true,true
1.2929,true,true
18.2252,true,true
6.8524,true,false
13.2009,true,true
20.1834,true,true
4.0537,true,true
1.1637,true,true
8.4086,true,true
0.7027,true,true
4.3969,true,true
8.0587,true,false
5.6641,true,true
8.8186,true,false
1.3531,true,true
3.6501,true,true
13.1219,true,true
19.6769,true,true
7.1302,true,false
13.6846,true,false
1.8003,true,true
5.0075,true,true
2.1844,true,true
1.3151,true,true
12.5228,true,true
10.5234,true,false
3.1319,true,true
8.8395,true,true
2.6306,true,true
6.1432,true,true
9.1957,true,true
6.4507,true,true
1.2332,true,true
4.5030,true,true
29.9274,true,true
11.9944,true,true
5.8228,true,false
3.4767,true,true
0.9482,true,true
7.8025,true,true
1.3234,true,true
1.1109,true,true
1.9979,true,true
4.5283,true,true
1.7339,true,true
3.1824,true,false
0.9990,true,true
5.8153,true,true
3.4497,true,true
1.1240,true,true
0.9842,true,true
3.3239,true,true
0.8946,true,true
1.6621,true,true
3.0176,true,false
1.8924,true,true
7.0226,true,true
2.0321,true,false
0.8011,true,true
1.6513,true,true
15.1411,true,false
14.7385,true,false
2.7977,true,true
3.9305,true,true
1.4107,true,true
1.0810,true,true
0.6650,true,true
1.7876,true,true
1.3641,true,true
1.7911,true,true
5.9384,true,true
3.8797,true,true
10.1082,true,true
12.8708,true,true
3.9253,true,true
1.6398,true,true
11.5729,true,false
2.4914,true,true
6.7465,true,false
1.2380,true,true
1.4249,true,true
25.2741,true,true
3.5068,true,true
1.5242,true,true
5.8937,true,false
1.2298,true,true
4.7601,true,false
3.0755,true,true
2.4922,true,true
1.0171,true,true
1.5151,true,true
3.3094,true,false
3.0446,true,false
5.3690,true,false
4.5970,true,true
8.4745,true,true
2.2828,true,true
2.8336,true,true
12.2651,true,true
7.9300,true,true
4.6195,true,true
4.7994,true,true
13.6055,true,true
8.2019,true,true
3.0539,true,false
1.8669,true,true
1.5690,true,true
13.5455,true,true
1.1858,true,true
0.8361,true,true
4.4006,true,false
0.8896,true,true
1.4995,true,true
1.3337,true,true
1.0304,true,true
4.0324,true,false
2.1999,true,true
3.9747,true,false
5.1236,true,false
19.6282,true,true
4.4813,true,true
1.3278,true,true
13.5410,true,true
1.0464,true,false
1.6884,true,true
11.3845,true,true
1.6760,true,true
1.4836,true,true
1.2067,true,true
0.8553,true,true
10.4845,true,true
1.6343,true,true
3.9128,true,false
1.2435,true,true
5.1706,true,true
1.6498,true,true
1.4325,true,true
9.4392,true,true
1.6960,true,true
5.3178,true,true
9.3865,true,true
1.9662,true,true
6.2299,true,false
4.0110,true,true
10.8382,true,true
4.2618,true,true
1.1687,true,true
15.5332,true,true
5.6435,true,true
2.7490,true,true
2.7050,true,true
4.8237,true,true
1.3926,true,true
6.1652,true,true
1.7529,true,true
3.8567,true,true
7.5140,true,true
1.3356,true,true
0.9734,true,true
1.7222,true,true
1.4362,true,true
3.2071,true,false
1.8272,true,true
5.8639,true,true
2.9804,true,true
1.4963,true,true
1.7884,true,true
1.4447,true,true
3.7877,true,true
4.5211,true,true
1.4147,true,true
2.5014,true,true
2.5461,true,true
8.9458,true,true
6.8069,true,true
1.2777,true,false
13.5565,true,true
1.2722,true,true
1.0228,true,true
17.0003,true,true
8.2087,true,false
7.0472,true,true
22.7650,true,true
2.3354,true,true
1.4882,true,true
8.0533,true,false
13.0105,true,false
30.3676,true,true
1.2320,true,true
15.0603,true,false
3.2952,true,true
0.7888,true,true
13.6460,true,true
9.1694,true,false
3.0744,true,true
4.1189,true,false
4.0188,true,true
2.2292,true,true
0.7605,true,true
3.4412,true,true
0.8426,true,true
6.0904,true,true
8.8245,true,true
3.5602,true,true
2.5340,true,true
10.6033,true,true
1.7605,true,true
17.7532,true,true
0.8873,true,true
6.5949,true,true
1.1237,true,true
5.5794,true,true
3.5966,true,true
7.1690,true,true
1.5428,true,true
11.7098,true,true
1.1152,true,true
10.9216,true,true
2.8663,true,false
1.3214,true,false
0.8729,true,true
1.3230,true,true
0.8405,true,true
6.6369,true,false
3.8810,true,true
10.1334,true,true
7.1140,true,true
1.7512,true,true
1.3867,true,true
2.6410,true,true
1.4846,true,true
2.3209,true,true
17.3798,true,false
3.0450,true,true
2.5705,true,true
12.0139,true,true
21.7161,true,true
9.6161,true,true
2.2082,true,true
0.8151,true,true
1.5060,true,true
1.1591,true,true
10.6976,true,true
1.4022,true,true
0.9022,true,true
1.5019,true,true
1.1886,true,true
0.8696,true,true
2.8980,true,true
1.4946,true,true
2.3039,true,true
1.5932,true,true
1.1732,true,true
1.5506,true,true
7.8233,true,true
1.7920,true,true
8.0803,true,true
3.2630,true,true
0.6458,true,true
11.4389,true,true
0.5217,true,true
1.2123,true,true
0.6772,true,true
1.5895,true,true
5.0297,true,false
1.3871,true,true
1.0278,true,true
3.8957,true,true
3.0505,true,true
9.5558,true,true
0.8271,true,true
3.9531,true,false
4.9547,true,false
3.4692,true,false
1.9485,true,false
1.6709,true,true
1.1570,true,true
10.3177,true,false
1.5469,true,true
22.1019,true,true
19.4460,true,false
1.3917,true,true
7.8154,true,true
17.4961,true,true
6.3418,true,true
19.4027,true,true
1.1578,true,true
7.0372,true,true
1.7638,true,true
6.6972,true,true
3.1305,true,true
8.0702,true,true
1.9332,true,true
4.0427,true,false
21.3250,true,true
4.0737,true,true
18.6827,true,true
3.1449,true,true
1.0961,true,false
0.8622,true,false
5.1004,true,false
18.9644,true,true
0.7588,true,true
1.3970,true,true
1.6968,true,true
3.9801,true,false
1.6168,true,true
5.6436,true,true
3.1335,true,false
0.6056,true,true
1.3864,true,true
8.1085,true,true
6.9066,true,true
3.8725,true,true
1.4529,true,true
1.4388,true,true
1.1982,true,true
14.1582,true,true
1.7038,true,true
15.7925,true,true
1.0718,true,true
1.0680,true,true
1.0958,true,true
0.9906,true,true
17.6555,true,true
3.2768,true,true
1.8645,true,true
6.4519,true,false
0.7689,true,true
1.4158,true,true
2.5776,true,true
1.1736,true,true
0.7689,true,true
5.8286,true,true
11.0263,true,true
5.5376,true,true
4.1221,true,true
1.2363,true,true
7.9368,true,true
2.1101,true,true
1.2922,true,true
5.9699,true,true
6.5794,true,true
3.7286,true,true
0.9824,true,true
13.0745,true,true
2.3808,true,true
9.4080,true,true
0.7153,true,true
16.7488,true,false
5.5163,true,true
0.9094,true,true
17.0446,true,true
1.1982,true,false
2.4243,true,false
0.9433,true,true
1.6976,true,true
6.4766,true,true
0.8893,true,true
3.3178,true,true
0.7043,true,true
1.7462,true,true
5.0881,true,true
1.5561,true,true
1.8892,true,true
6.5762,true,true
1.0211,true,true
4.9471,true,true
5.3295,true,false
1.1536,true,true
6.7918,true,true
4.3586,true,true
2.3959,true,true
0.9724,true,true
4.8026,true,true
1.6088,true,true
1.7394,true,true
9.7985,true,true
4.8681,true,true
1.9030,true,true
12.7161,true,true
9.8379,true,false
1.4396,true,true
1.0890,true,true
3.5761,true,true
1.2178,true,true
1.0569,true,true
4.4486,true,true
0.9652,true,true
3.8012,true,true
1.2807,true,true
0.9090,true,true
2.2537,true,false
2.2316,true,true
0.7927,true,true
1.5022,true,true
1.3131,true,true
6.3982,true,false
1.0930,true,true
0.7312,true,false
7.8611,true,true
5.8935,true,true
3.9532,true,true
3.6988,true,true
3.8293,true,true
3.0627,true,false
3.1488,true,true
1.2186,true,true
2.1380,true,true
0.8938,true,true
4.9091,true,true
3.8301,true,true
1.2866,true,true
2.2317,true,true
0.7325,true,true
2.7833,true,true
1.3040,true,true
3.8820,true,false
2.3902,true,true
0.9342,true,true
1.6422,true,true
6.2136,true,true
0.9118,true,true
5.7389,true,false
1.1698,true,true
0.8825,true,true
4.5481,true,true
1.6097,true,true
2.8889,true,true
14.8203,true,true
1.0227,true,true
7.3566,true,true
5.0657,true,true
1.4601,true,true
4.3335,true,false
4.0122,true,true
0.9232,true,true
1.5026,true,true
1.2334,true,true
1.4099,true,true
6.3137,true,true
4.3161,true,false
2.5474,true,true
5.8231,true,true
1.2806,true,true
4.5830,true,true
2.0671,true,false
3.1199,true,true
1.7409,true,false
1.3470,true,true
1.7613,true,true
2.1945,true,true
3.1793,true,false
0.6302,true,false
2.6891,true,true
19.7292,true,true
1.5328,true,true
11.2805,true,false
1.9733,true,true
0.7238,true,true
11.1743,true,true
14.3249,true,true
5.0893,true,true
6.5685,true,false
8.3285,true,true
1.0553,true,true
6.9818,true,true
10.8547,true,true
2.1617,true,false
2.2066,true,true
2.2646,true,true
1.1794,true,true
6.1936,true,true
9.9299,true,false
1.2167,true,true
14.8539,true,true
0.9405,true,true
1.9597,true,true
5.4455,true,true
1.4164,true,true
3.3241,true,true
0.8741,true,true
1.6360,true,true
1.2846,true,false
0.9706,true,true
1.8340,true,true
1.3392,true,true
3.2523,true,true
1.1653,true,true
6.2255,true,true
2.0226,true,true
5.8596,true,true
5.1422,true,true
4.1304,true,true
3.5622,true,true
2.1379,true,true
1.3081,true,true
1.7679,true,true
13.6168,true,true
1.8393,true,true
1.8935,true,true
12.4819,true,true
2.0808,true,true
13.2732,true,true
0.8219,true,true
3.1629,true,true
1.8757,true,true
4.4491,true,true
1.5231,true,true
1.1725,true,true
3.0295,true,false
1.6169,true,true
1.4646,true,true
5.5690,true,false
1.8935,true,true
6.5417,true,true
1.3896,true,true
1.1533,true,true
3.8499,true,true
0.7293,true,true
1.2376,true,true
0.7271,true,true
3.6291,true,false
1.1914,true,true
0.8694,true,true
8.2007,true,false
1.6749,true,true
8.8501,true,false
1.3828,true,true
4.5114,true,true
10.7659,true,true
8.6400,true,true
1.5646,true,true
1.3888,true,true
1.3025,true,true
27.4818,true,true
6.8828,true,true
6.8893,true,false
1.8970,true,true
5.6180,true,true
1.7034,true,true
13.1306,true,false
1.1823,true,true
0.9340,true,true
5.6086,true,false
3.2550,true,true
0.6716,true,true
1.2237,true,true
0.8104,true,true
3.7529,true,true
1.8663,true,true
1.7296,true,true
6.6966,true,true
3.0113,true,true
2.1732,true,true
0.9483,true,true
5.9744,true,true
2.9324,true,true
1.3813,true,true
0.8636,true,true
5.1444,true,false
3.8680,true,true
3.6028,true,true
1.0279,true,true
2.3619,true,true
1.3227,true,true
1.2554,true,true
4.8273,true,true
4.6894,true,true
1.6919,true,true
7.1090,true,true
1.4861,true,true
3.0948,true,false
1.7732,true,true
6.6361,true,true
1.2328,true,true
6.9293,true,true
4.5563,true,true
1.9193,true,true
3.9031,true,false
1.9364,true,true
1.6857,true,true
1.6590,true,true
3.5019,true,true
2.0343,true,true
8.7927,true,false
19.2279,true,true
4.2298,true,false
1.7608,true,true
2.0991,true,true
0.6528,true,true
4.2411,true,true
6.6339,true,true
1.7176,true,true
16.7910,true,true
1.3130,true,false
8.1387,true,true
14.6836,true,true
0.7785,true,true
1.4873,true,true
4.3394,true,false
4.5158,true,false
1.6169,true,true
1.3571,true,false
1.9913,true,false
1.6080,true,true
1.1115,true,true
0.5098,true,true
1.7906,true,true
7.0898,true,true
1.2894,true,true
0.9273,true,true
4.1662,true,false
2.6577,true,true
2.8624,true,true
2.9358,true,true
1.5079,true,true
4.5487,true,false
1.8514,true,true
23.1124,true,true
1.5721,true,true
2.7045,true,true
1.1789,true,true
0.7149,true,true
3.1660,true,true
1.3603,true,true
1.0960,true,true
2.4323,true,false
0.8603,true,true
1.3624,true,true
0.9877,true,true
1.4715,true,true
2.6893,true,true
2.8137,true,false
1.3387,true,true
2.7311,true,true
3.9137,true,true
1.7597,true,true
1.6586,true,true
1.7457,true,true
8.1354,true,true
6.8912,true,false
1.3793,true,true
22.9689,true,true
4.1148,true,true
1.6765,true,true
5.4869,true,false
2.8263,true,true
11.8338,true,true
1.3784,true,true
1.0254,true,true
21.2947,true,true
9.6593,true,false
1.0122,true,true
17.1963,true,false
1.7841,true,true
3.6236,true,true
3.7131,true,true
10.6636,true,false
1.8170,true,true
8.8139,true,false
1.7691,true,true
8.6741,true,true
6.9254,true,true
35.1047,true,true
3.8976,true,true
1.9799,true,true
9.1633,true,false
13.7049,true,true
3.0463,true,true
8.6355,true,false
33.5811,true,true
14.9323,true,true
2.7944,true,true
6.1075,true,true
37.8623,true,true
1.5782,true,true
17.2271,true,true
5.1664,true,true
11.1597,true,true
1.7878,true,true
1.9736,true,true
3.4321,true,false
1.0952,true,true
0.8641,true,true
1.9882,true,true
11.5013,true,true
0.7658,true,true
6.3891,true,true
0.6058,true,true
1.4190,true,true
5.6997,true,false
2.7096,true,true
1.2258,true,true
1.7897,true,true
2.1862,true,true
10.1518,true,true
0.8141,true,true
1.4305,true,false
1.2032,true,true
0.9237,true,true
1.7985,true,true
1.8384,true,true
6.8708,true,true
2.4486,true,false
5.5678,true,true
1.4321,true,false
1.7082,true,true
17.3982,true,true
2.7750,true,true
12.7951,true,true
10.5807,true,true
5.5532,true,true
1.3900,true,false
3.6434,true,true
10.0928,true,true
2.7381,true,true
3.4654,true,true
1.1182,true,true
5.0818,true,true
1.5087,true,true
1.1462,true,false
0.8057,true,true
2.9125,true,true
2.3971,true,true
9.5507,true,true
0.7109,true,true
4.1727,true,false
2.6594,true,true
5.1226,true,true
2.0830,true,true
9.1545,true,true
8.8501,true,true
1.2823,true,true
6.7523,true,true
2.5769,true,true
13.0642,true,true
1.7037,true,true
11.4074,true,false
6.0399,true,false
3.8627,true,true
1.3113,true,true
3.6563,true,true
0.9702,true,true
10.5945,true,true
2.1754,true,true
1.4448,true,true
1.1018,true,true
0.7067,true,false
1.8143,true,true
7.9456,true,true
1.3912,true,true
13.4884,true,true
4.5059,true,true
